[Licensing::Module] Trying to connect to existing licensing client channel...
Built from '6000.6/staging' branch; Version is '6000.6.4f1 (12bfff696524) revision 1228799'; Using compiler version '194234433'; Build Type 'Release'
[Licensing::IpcConnector] Successfully connected to: "LicenseClient-aj200" at "2026-10-01T15:24:49.7124323Z"
OS: 'Windows 10  (10.0.19045) 64bit Professional' Language: 'en' Physical Memory: 65465 MB
BatchMode: 1, IsHumanControllingUs: 0, StartBugReporterOnCrash: 0, Is64bit: 1
System  architecture: x64
Process architecture: x64
Date: 2026-10-01T15:24:49Z

COMMAND LINE ARGUMENTS:
C:\Program Files\Unity\Hub\Editor\6000.6.4f1\Editor\Unity.exe
-adb2
-batchMode
-noUpm
-name
AssetImportWorkerHW0
-projectPath
C:/Users/aj200/Documents/GitHub/My-Projects/Completed Projects/Heart Simulations Main
-logFile
Logs/AssetImportWorkerHW0.log
-srvPort
47495
-parentPid
25328
-analyticsCloudUserId
anonymous
-analyticsLocalProjectId
2c1a523004b0d974cb565fd8101e18e7
-editorAnalyticsEnabled
1
-cbmEditorLicense
f72f81f568c075364d42279bc730eaa7a73215a8
-cbmMachineId
YWz3ZyaX2jLTofhQi0Q7eLW2Y1Y=
-licensingIpc
LicenseClient-aj200
-noDiagnosticSwitchPersistentStore
-job-worker-count
3
-background-job-worker-count
8
-asset-garbage-collectors
1
-force-d3d12
-name
AssetImport
Successfully changed project path to: C:/Users/aj200/Documents/GitHub/My-Projects/Completed Projects/Heart Simulations Main
C:/Users/aj200/Documents/GitHub/My-Projects/Completed Projects/Heart Simulations Main
[UnityMemory] Configuration Parameters - Can be set up in boot.config
    "memorysetup-temp-allocator-size-gi-baking-worker=262144"
    "memorysetup-temp-allocator-size-gi-baking-worker=262144"
    "memorysetup-temp-allocator-size-gi-baking-worker=262144"
    "memorysetup-temp-allocator-size-gi-baking-worker=262144"
    "memorysetup-temp-allocator-size-gi-baking-worker=262144"
    "memorysetup-temp-allocator-size-nav-mesh-worker=65536"
    "memorysetup-temp-allocator-size-audio-worker=65536"
    "memorysetup-temp-allocator-size-cloud-worker=32768"
    "memorysetup-temp-allocator-size-gfx=262144"
    "memorysetup-remapper-allocator-initial-capacity=32768"
    "memorysetup-temp-allocator-size-preload-manager=33554432"
    "memorysetup-allocator-temp-initial-block-size-main=262144"
    "memorysetup-allocator-temp-initial-block-size-worker=262144"
    "memorysetup-temp-allocator-size-job-worker=262144"
    "memorysetup-temp-allocator-size-background-worker=32768"
    "memorysetup-bucket-allocator-granularity=16"
    "memorysetup-bucket-allocator-bucket-count=8"
    "memorysetup-bucket-allocator-block-size=33554432"
    "memorysetup-bucket-allocator-block-count=8"
    "memorysetup-main-allocator-block-size=16777216"
    "memorysetup-thread-allocator-block-size=16777216"
    "memorysetup-main-allocator-mimalloc-enabled=1"
    "memorysetup-gfx-main-allocator-block-size=16777216"
    "memorysetup-gfx-thread-allocator-block-size=16777216"
    "memorysetup-cache-allocator-block-size=4194304"
    "memorysetup-typetree-allocator-block-size=2097152"
    "memorysetup-profiler-bucket-allocator-granularity=16"
    "memorysetup-profiler-bucket-allocator-bucket-count=8"
    "memorysetup-profiler-bucket-allocator-block-size=33554432"
    "memorysetup-profiler-bucket-allocator-block-count=8"
    "memorysetup-profiler-allocator-block-size=16777216"
    "memorysetup-profiler-editor-allocator-block-size=1048576"
    "memorysetup-temp-allocator-size-main=16777216"
    "memorysetup-job-temp-allocator-block-size=2097152"
    "memorysetup-job-temp-allocator-block-size-background=1048576"
    "memorysetup-job-temp-allocator-reduction-small-platforms=262144"
Player connection [37272]  Target information:

Player connection [37272]  * "[IP] 192.168.1.10 [Port] 0 [Flags] 2 [Guid] 245484164 [EditorId] 245484164 [Version] 1048832 [Id] WindowsEditor(7,ANDREY-PC) [Debug] 1 [PackageName] WindowsEditor [ProjectName] Editor" 

Player connection [37272]  * "[IP] 25.3.118.3 [Port] 0 [Flags] 2 [Guid] 245484164 [EditorId] 245484164 [Version] 1048832 [Id] WindowsEditor(7,ANDREY-PC) [Debug] 1 [PackageName] WindowsEditor [ProjectName] Editor" 

Player connection [37272]  * "[IP] 169.254.151.28 [Port] 0 [Flags] 2 [Guid] 245484164 [EditorId] 245484164 [Version] 1048832 [Id] WindowsEditor(7,ANDREY-PC) [Debug] 1 [PackageName] WindowsEditor [ProjectName] Editor" 

Player connection [37272]  * "[IP] 192.168.208.1 [Port] 0 [Flags] 2 [Guid] 245484164 [EditorId] 245484164 [Version] 1048832 [Id] WindowsEditor(7,ANDREY-PC) [Debug] 1 [PackageName] WindowsEditor [ProjectName] Editor" 

Player connection [37272]  * "[IP] 169.254.83.107 [Port] 0 [Flags] 2 [Guid] 245484164 [EditorId] 245484164 [Version] 1048832 [Id] WindowsEditor(7,ANDREY-PC) [Debug] 1 [PackageName] WindowsEditor [ProjectName] Editor" 

Player connection [37272] Host joined multi-casting on [225.0.0.222:54997]...
Player connection [37272] Host joined alternative multi-casting on [225.0.0.222:34997]...
JobSystem: Creating JobQueue using job-worker-count value 3
Input System module state changed to: Initialized.
[Physics::Module] Initialized fallback backend.
[Physics::Module] Id: 0xdecafbad
Library Redirect Path: Library/
Initialising UDS system complete:
  - System type: Client
  - Resource namespace: 2a654650c90e2b237d929828e1a64be9
  - Shared memory size: 1073741824
  - Command buffer id: 1052576
  - Command buffer size: 8192
  - Hashmap size: 4194304
  - Service connected: true
  - Service working directory: Library/DataStore/
Refreshing native plugins compatible for Editor in 8.24 ms, found 3 plugins.
[Physics::Module] Selected backend (deferred post-plugins).
[Physics::Module] Name: PhysX
[Physics::Module] Id: 0xf2b8ea05
[Physics::Module] SDK Version: 4.1.2
[Physics::Module] Integration Version: 1.0.0
[Physics::Module] Threading Mode: Multi-Threaded
Initialize engine version: 6000.6.4f1 (12bfff696524)
[EntityIdStore] init: VM path (explicit commit), pageSize=4096, blockCount=1048576, entitiesPerBlock=256, slots reserved=4294967296 bytes
[Subsystems] Discovering subsystems at path C:/Program Files/Unity/Hub/Editor/6000.6.4f1/Editor/Data/Resources/UnitySubsystems
[Subsystems] Discovering subsystems at path C:/Users/aj200/Documents/GitHub/My-Projects/Completed Projects/Heart Simulations Main/Assets
Forcing GfxDevice: Direct3D 12
GfxDevice: creating device client; kGfxThreadingModeNonThreaded
d3d12: failed to query info queue interface (0x80004002).
Direct3D:
    Version:         Direct3D 12 [level 12.2]
    Renderer:        NVIDIA GeForce RTX 3080 (ID=0x2216)
    Vendor:          NVIDIA
    VRAM:            10053 MB
    App VRAM Budget: 9285 MB
    Driver:          32.0.16.1714
Cannot attach thread to NULL scripting domain.
Initialize mono
Mono path[0] = 'C:/Program Files/Unity/Hub/Editor/6000.6.4f1/Editor/Data/Managed'
Mono path[1] = 'C:/Program Files/Unity/Hub/Editor/6000.6.4f1/Editor/Data/BCLExtensions/runtime/netstandard2.1'
Mono path[2] = 'C:/Program Files/Unity/Hub/Editor/6000.6.4f1/Editor/Data/MonoBleedingEdge/lib/mono/unityjit-win32'
Mono config path = 'C:/Program Files/Unity/Hub/Editor/6000.6.4f1/Editor/Data/MonoBleedingEdge/etc'
Using monoOptions --debugger-agent=transport=dt_socket,embedding=1,server=y,suspend=n,address=127.0.0.1:56448
CodeReloadManager initialized
Begin MonoManager ReloadAssembly
Registering precompiled unity dll's ...
Register platform support module: C:/Program Files/Unity/Hub/Editor/6000.6.4f1/Editor/Data/PlaybackEngines/WindowsStandaloneSupport/UnityEditor.WindowsStandalone.Extensions.dll
Registered in 0.016610 seconds.
[Licensing::Client] Error: HandshakeResponse reported an error:
	ResponseCode: 505
	ResponseStatus: Unsupported protocol version '1.18.3'.
[Licensing::Module] Error: Failed to handshake to channel: "LicenseClient-aj200"
[Licensing::IpcConnector] LicenseClient-aj200 channel disconnected successfully.
[Licensing::IpcConnector] Successfully connected to: "LicenseClient-aj200-6000.6.4" at "2026-10-01T15:24:56.4101292Z"
[Licensing::Client] Code 10 while verifying Licensing Client signature (process Id: 32744, path: "C:/Program Files/Unity/Hub/Editor/6000.6.4f1/Editor/Data/Resources/Licensing/Client/Unity.Licensing.Client.exe")
[Licensing::Module] LicensingClient has failed validation; ignoring
[Licensing::Client] Handshaking with LicensingClient:
  Version:                 1.18.3+d7ffd15
  Session Id:              852ddb4ad71a47b1a76fc0df94aea1a1
  Correlation Id:          ef5f12bbf7e4fe0188f30e453f575f3a
  External correlation Id: 2583656809408082826
  Machine Id:              YWz3ZyaX2jLTofhQi0Q7eLW2Y1Y=
[Licensing::Module] Successfully connected to LicensingClient on channel: "LicenseClient-aj200-6000.6.4" (connect: 0.00s, validation: 0.04s, handshake: 0.01s)
[Licensing::IpcConnector] Successfully connected to: "LicenseClient-aj200-6000.6.4-notifications" at "2026-10-01T15:24:56.459216Z"
[Licensing::Module] Licensing Background thread has ended after 6.75s
Native extension for WindowsStandalone target not found
Package Manager log level set to [2]
[Package Manager] Failed to launch server process. Reason: Unity was launched with the -noUpm command-line argument
[Package Manager] Unable to send message (not connected to server process).
[Package Manager] Cannot connect to Unity Package Manager local server
ScheduleIndexationOnStartup MainProcess:False IndexOnStartup:False
Scripting: successfully reloaded assembly
- Finished resetting the current domain, in  2.801 seconds
Domain Reload Profiling: 8914ms
	BeginReloadAssembly (1678ms)
	RebuildCommonClasses (30ms)
	RebuildNativeTypeToScriptingClass (75ms)
	initialDomainReloadingComplete (569ms)
	LoadAllAssembliesAndSetupDomain (3744ms)
		LoadAssemblies (1673ms)
		TypeCache.Refresh (3352ms)
			TypeCache.ScanAssembly (3295ms)
		AnalyzeDomain (1ms)
	FinalizeReload (2817ms)
		SetupLoadedEditorAssemblies (0ms)
			LogAssemblyErrors (51ms)
			BeforeProcessingInitializeOnLoad (480ms)
			ProcessInitializeOnLoadAttributes (248ms)
			ProcessInitializeOnLoadMethodAttributes (1727ms)
Initializing Unity extensions:
[Licensing::Client] Successfully resolved entitlement details
[Licensing::Module] License group:
  Id: 4520222-UnityPersXXXX
  Product: Unity Personal
  Type: Assigned
  Expiration: Unlimited
========================================================================
Worker process is ready to serve import requests
Import Worker Mode flag is 0x00
Begin MonoManager ReloadAssembly
Refreshing native plugins compatible for Editor in 3.19 ms, found 3 plugins.
Native extension for WindowsStandalone target not found
[Package Manager] Failed to launch server process. Reason: Unity was launched with the -noUpm command-line argument
[Package Manager] Unable to send message (not connected to server process).
[Package Manager] Cannot connect to Unity Package Manager local server
Refreshing native plugins compatible for Editor in 4.52 ms, found 3 plugins.
[Package Manager] Failed to launch server process. Reason: Unity was launched with the -noUpm command-line argument
[Package Manager] Unable to send message (not connected to server process).
[Package Manager] Cannot connect to Unity Package Manager local server
ScheduleIndexationOnStartup MainProcess:False IndexOnStartup:False
Scripting: successfully reloaded assembly
- Finished resetting the current domain, in  1.000 seconds
Domain Reload Profiling: 2559ms
	BeginReloadAssembly (646ms)
		DisableScriptedObjects (83ms)
		CreateAndSetChildDomain (72ms)
	RebuildCommonClasses (39ms)
	RebuildNativeTypeToScriptingClass (28ms)
	initialDomainReloadingComplete (140ms)
	LoadAllAssembliesAndSetupDomain (705ms)
		LoadAssemblies (683ms)
		TypeCache.Refresh (149ms)
			TypeCache.ScanAssembly (127ms)
		AnalyzeDomain (51ms)
			BuildScriptInfoCaches (48ms)
	FinalizeReload (1001ms)
		SetupLoadedEditorAssemblies (0ms)
			BeforeProcessingInitializeOnLoad (206ms)
			ProcessInitializeOnLoadAttributes (412ms)
			ProcessInitializeOnLoadMethodAttributes (64ms)
			AfterProcessingInitializeOnLoad (15ms)
		AwakeInstancesAfterBackupRestoration (18ms)
AcceleratorClientConnectionCallback - disconnected - :0
Launched and connected shader compiler UnityShaderCompiler.exe after 0.02 seconds
Unloading 2 Unused Serialized files (Serialized files now loaded: 0)
Unloading 2224 unused Assets / (441.9 KB). Loaded Objects now: 2906.
Memory consumption went from 223.3 MB to 222.9 MB.
Total: 6.498100 ms (FindLiveObjects: 0.551000 ms CreateObjectMapping: 0.293200 ms MarkObjects: 4.909800 ms  DeleteObjects: 0.542800 ms)

========================================================================
Received Import Request.
  Time of request: 2026-10-01T15:25:31.8177653Z
  Time since last request: 705555.01066609995905 seconds.
  importAddress: GUID: d7093db72592417cb57b7bd64a17ecff - Path: Packages/com.unity.collab-proxy/Editor/Execute.cs - Importer: ScriptedImporter/UnityEditor.QuickSearchModule:UnityEditor.Search:ASIAI0B
Importing 'GUID: d7093db72592417cb57b7bd64a17ecff - Path: Packages/com.unity.collab-proxy/Editor/Execute.cs - Importer: ScriptedImporter/UnityEditor.QuickSearchModule:UnityEditor.Search:ASIAI0B' with importer (ScriptedImporter : UnityEditor.QuickSearchModule:UnityEditor.Search:ASIAI0B)
Imported 'GUID: d7093db72592417cb57b7bd64a17ecff' -> (Import Result ID: 'e1142a7922d5b5ff5ec03ddb1867b724') in 0.111 seconds [static and dynamic dependencies]. Details - ImportResultOutputID=5fa24044ef57dc35e4629c781fe8670f DependenciesID=e2ef8af80e50440c2b57db61d132bbc5 StaticDependenciesID=ac2533e2014828b46a17b3e549bc491a 
Number of updated asset objects reloaded before import = 0
Number of asset objects unloaded after import = 0
========================================================================
Received Import Request.
  Time of request: 2026-10-01T15:25:31.9309987Z
  Time since last request: 0.0002216 seconds.
  importAddress: GUID: 7b85d37b2f076804f8b93f821d6ff88e - Path: Packages/com.unity.collab-proxy/Editor/SwitchUVCSPlugin.cs - Importer: ScriptedImporter/UnityEditor.QuickSearchModule:UnityEditor.Search:ASIAI0B
Importing 'GUID: 7b85d37b2f076804f8b93f821d6ff88e - Path: Packages/com.unity.collab-proxy/Editor/SwitchUVCSPlugin.cs - Importer: ScriptedImporter/UnityEditor.QuickSearchModule:UnityEditor.Search:ASIAI0B' with importer (ScriptedImporter : UnityEditor.QuickSearchModule:UnityEditor.Search:ASIAI0B)
Imported 'GUID: 7b85d37b2f076804f8b93f821d6ff88e' -> (Import Result ID: '7f2418d62ca50b0bf1d36280504a21df') in 0.008 seconds [static and dynamic dependencies]. Details - ImportResultOutputID=12bd912818be102c2a8372055040c28f DependenciesID=8f54d8e571df98f4cd0d1d2ff030f985 StaticDependenciesID=4115c647906fc61ec2c848251911e1ec 
Number of updated asset objects reloaded before import = 0
Number of asset objects unloaded after import = 0
========================================================================
Received Import Request.
  Time of request: 2026-10-01T15:25:31.945425Z
  Time since last request: 0.0005942 seconds.
  importAddress: GUID: b797ab877d324fafbfb2f81daee694ea - Path: Packages/com.unity.collab-proxy/Editor/StackTraceChecker.cs - Importer: ScriptedImporter/UnityEditor.QuickSearchModule:UnityEditor.Search:ASIAI0B
Importing 'GUID: b797ab877d324fafbfb2f81daee694ea - Path: Packages/com.unity.collab-proxy/Editor/StackTraceChecker.cs - Importer: ScriptedImporter/UnityEditor.QuickSearchModule:UnityEditor.Search:ASIAI0B' with importer (ScriptedImporter : UnityEditor.QuickSearchModule:UnityEditor.Search:ASIAI0B)
Imported 'GUID: b797ab877d324fafbfb2f81daee694ea' -> (Import Result ID: '8070d9a882cae91de916c16f38e887bb') in 0.004 seconds [static and dynamic dependencies]. Details - ImportResultOutputID=91f7c043bf8e6c2bbaaf2ffad2ca9ef6 DependenciesID=6bb09b5a91a55afdb06288d531d90f02 StaticDependenciesID=f21359460aceb3353534f55e0c870508 
Number of updated asset objects reloaded before import = 0
Number of asset objects unloaded after import = 0
========================================================================
Received Import Request.
  Time of request: 2026-10-01T15:25:31.949807Z
  Time since last request: 0.0002754 seconds.
  importAddress: GUID: cd17bd02643083b43bac72747b7641ff - Path: Packages/com.unity.collab-proxy/Editor/IncomingChanges.cs - Importer: ScriptedImporter/UnityEditor.QuickSearchModule:UnityEditor.Search:ASIAI0B
Importing 'GUID: cd17bd02643083b43bac72747b7641ff - Path: Packages/com.unity.collab-proxy/Editor/IncomingChanges.cs - Importer: ScriptedImporter/UnityEditor.QuickSearchModule:UnityEditor.Search:ASIAI0B' with importer (ScriptedImporter : UnityEditor.QuickSearchModule:UnityEditor.Search:ASIAI0B)
Imported 'GUID: cd17bd02643083b43bac72747b7641ff' -> (Import Result ID: 'e1dccc3b3d8cdbcdef46e270a4f9aa31') in 0.006 seconds [static and dynamic dependencies]. Details - ImportResultOutputID=3e45dd9aa805e87bcab8967d2c4a8122 DependenciesID=52e73e9faa9254027f06904fb4e4f9ec StaticDependenciesID=fabcd410094a15197c5e6d134ac4255d 
Number of updated asset objects reloaded before import = 0
Number of asset objects unloaded after import = 0
========================================================================
Received Import Request.
  Time of request: 2026-10-01T15:25:31.9615507Z
  Time since last request: 0.0054614 seconds.
  importAddress: GUID: 9992dc81c20fee24ebb8bebf7151dc87 - Path: Assets/Scripts/MovementController.cs - Importer: ScriptedImporter/UnityEditor.QuickSearchModule:UnityEditor.Search:ASIAI0B
Importing 'GUID: 9992dc81c20fee24ebb8bebf7151dc87 - Path: Assets/Scripts/MovementController.cs - Importer: ScriptedImporter/UnityEditor.QuickSearchModule:UnityEditor.Search:ASIAI0B' with importer (ScriptedImporter : UnityEditor.QuickSearchModule:UnityEditor.Search:ASIAI0B)
Imported 'GUID: 9992dc81c20fee24ebb8bebf7151dc87' -> (Import Result ID: '841200701b752187fd01d905d5367f44') in 0.004 seconds [static and dynamic dependencies]. Details - ImportResultOutputID=55ad3e49291a6fc1b6112ab8aef94630 DependenciesID=d1191b905beb4a6f9c91da9233f658cf StaticDependenciesID=c37424e0c476f5bfb6a79f0971b76ac6 
Number of updated asset objects reloaded before import = 0
Number of asset objects unloaded after import = 0
========================================================================
Received Import Request.
  Time of request: 2026-10-01T15:25:31.9663889Z
  Time since last request: 0.0005537 seconds.
  importAddress: GUID: f818f7f561ed8cb4ab77a992a62bf752 - Path: Assets/Object Files/middle_rotator.obj - Importer: ScriptedImporter/UnityEditor.QuickSearchModule:UnityEditor.Search:ASIAI0B
Importing 'GUID: f818f7f561ed8cb4ab77a992a62bf752 - Path: Assets/Object Files/middle_rotator.obj - Importer: ScriptedImporter/UnityEditor.QuickSearchModule:UnityEditor.Search:ASIAI0B' with importer (ScriptedImporter : UnityEditor.QuickSearchModule:UnityEditor.Search:ASIAI0B)
Imported 'GUID: f818f7f561ed8cb4ab77a992a62bf752' -> (Import Result ID: 'e5c706555d0113bb8da0f1bc1a2cb6c1') in 0.072 seconds [static and dynamic dependencies]. Details - ImportResultOutputID=4d749434570f66e0d91e914a733142ab DependenciesID=3dfd7c5fcfe867f377acd7e0f7a82ad6 StaticDependenciesID=4064bcb70b313ca7acdefe0e64d67bf5 
Number of updated asset objects reloaded before import = 0
Number of asset objects unloaded after import = 10
========================================================================
Received Import Request.
  Time of request: 2026-10-01T15:25:32.0400473Z
  Time since last request: 0.0000252 seconds.
  importAddress: GUID: 9fc0d4010bbf28b4594072e72b8655ab - Path: Assets/Scenes/SampleScene.unity - Importer: ScriptedImporter/UnityEditor.QuickSearchModule:UnityEditor.Search:ASIAI0B
Importing 'GUID: 9fc0d4010bbf28b4594072e72b8655ab - Path: Assets/Scenes/SampleScene.unity - Importer: ScriptedImporter/UnityEditor.QuickSearchModule:UnityEditor.Search:ASIAI0B' with importer (ScriptedImporter : UnityEditor.QuickSearchModule:UnityEditor.Search:ASIAI0B)
Imported 'GUID: 9fc0d4010bbf28b4594072e72b8655ab' -> (Import Result ID: '62ebf468046e3db528dd5c600d0371ce') in 0.009 seconds [static and dynamic dependencies]. Details - ImportResultOutputID=484336bda038e448b35e446d2b400dce DependenciesID=4122c8b170efd9ee1592763f3587b2ca StaticDependenciesID=e2fcf434c652bbe2e440bfec70a07b53 
Number of updated asset objects reloaded before import = 0
Number of asset objects unloaded after import = 1
========================================================================
Received Import Request.
  Time of request: 2026-10-01T15:25:32.0572353Z
  Time since last request: 0.0075229 seconds.
  importAddress: GUID: b3cc7c6cc64c9da4aa7777221a2fdb04 - Path: Assets/Scripts/FluidFlowControlMark1.cs - Importer: ScriptedImporter/UnityEditor.QuickSearchModule:UnityEditor.Search:ASIAI0B
Importing 'GUID: b3cc7c6cc64c9da4aa7777221a2fdb04 - Path: Assets/Scripts/FluidFlowControlMark1.cs - Importer: ScriptedImporter/UnityEditor.QuickSearchModule:UnityEditor.Search:ASIAI0B' with importer (ScriptedImporter : UnityEditor.QuickSearchModule:UnityEditor.Search:ASIAI0B)
Imported 'GUID: b3cc7c6cc64c9da4aa7777221a2fdb04' -> (Import Result ID: 'c005f64c8f70cf57c12a75a981274d8f') in 0.005 seconds [static and dynamic dependencies]. Details - ImportResultOutputID=be088e1977d9325a638c77b9fb79f885 DependenciesID=1f1c52a813e75dd2640af14b1ea7dfd1 StaticDependenciesID=edea62447e765b4683be0a2282fb1f26 
Number of updated asset objects reloaded before import = 0
Number of asset objects unloaded after import = 0
========================================================================
Received Import Request.
  Time of request: 2026-10-01T15:25:32.0643757Z
  Time since last request: 0.0020102 seconds.
  importAddress: GUID: 339ab94297b6ceb4da9223a1504a917d - Path: Packages/com.unity.collab-proxy/Editor/ProjectPackages.cs - Importer: ScriptedImporter/UnityEditor.QuickSearchModule:UnityEditor.Search:ASIAI0B
Importing 'GUID: 339ab94297b6ceb4da9223a1504a917d - Path: Packages/com.unity.collab-proxy/Editor/ProjectPackages.cs - Importer: ScriptedImporter/UnityEditor.QuickSearchModule:UnityEditor.Search:ASIAI0B' with importer (ScriptedImporter : UnityEditor.QuickSearchModule:UnityEditor.Search:ASIAI0B)
Imported 'GUID: 339ab94297b6ceb4da9223a1504a917d' -> (Import Result ID: '8fea5dba00f525d42322c8dd3295241e') in 0.006 seconds [static and dynamic dependencies]. Details - ImportResultOutputID=f8e52c76014a3c87e161d346362ea4c5 DependenciesID=5ff4491e95e5c8811c49beaeb433fa27 StaticDependenciesID=a589abd4fc465b763a1319e4d15e2b9d 
Number of updated asset objects reloaded before import = 0
Number of asset objects unloaded after import = 0
========================================================================
Received Import Request.
  Time of request: 2026-10-01T15:25:32.0708429Z
  Time since last request: 0.0002569 seconds.
  importAddress: GUID: 4af85446b06bf694a966f280918beb31 - Path: Packages/com.unity.collab-proxy/Editor/GetRelativePath.cs - Importer: ScriptedImporter/UnityEditor.QuickSearchModule:UnityEditor.Search:ASIAI0B
Importing 'GUID: 4af85446b06bf694a966f280918beb31 - Path: Packages/com.unity.collab-proxy/Editor/GetRelativePath.cs - Importer: ScriptedImporter/UnityEditor.QuickSearchModule:UnityEditor.Search:ASIAI0B' with importer (ScriptedImporter : UnityEditor.QuickSearchModule:UnityEditor.Search:ASIAI0B)
Imported 'GUID: 4af85446b06bf694a966f280918beb31' -> (Import Result ID: 'd80b2ea6c36e01fb7a3e26e2b1593121') in 0.003 seconds [static and dynamic dependencies]. Details - ImportResultOutputID=a7ba363f08fd58e84b26c86fdae2045d DependenciesID=c5406bef81268a6aa8e50abe172c4ce4 StaticDependenciesID=b6aee5d23b014244edd502d4cb8beeb4 
Number of updated asset objects reloaded before import = 0
Number of asset objects unloaded after import = 0
========================================================================
Received Import Request.
  Time of request: 2026-10-01T15:25:32.074538Z
  Time since last request: 0.0003125 seconds.
  importAddress: GUID: e7dc580933b555942b2f89a14ca659f1 - Path: Packages/com.unity.collab-proxy/Editor/IntSetting.cs - Importer: ScriptedImporter/UnityEditor.QuickSearchModule:UnityEditor.Search:ASIAI0B
Importing 'GUID: e7dc580933b555942b2f89a14ca659f1 - Path: Packages/com.unity.collab-proxy/Editor/IntSetting.cs - Importer: ScriptedImporter/UnityEditor.QuickSearchModule:UnityEditor.Search:ASIAI0B' with importer (ScriptedImporter : UnityEditor.QuickSearchModule:UnityEditor.Search:ASIAI0B)
Imported 'GUID: e7dc580933b555942b2f89a14ca659f1' -> (Import Result ID: '10cb236b09385d529c2848c7600294e8') in 0.003 seconds [static and dynamic dependencies]. Details - ImportResultOutputID=04ee4e114f61527edac40b52156c74a8 DependenciesID=177e9e96e8d0a1fe4359874499671a91 StaticDependenciesID=cc2793115e44bd5d8945e310820f469a 
Number of updated asset objects reloaded before import = 0
Number of asset objects unloaded after import = 0
========================================================================
Received Import Request.
  Time of request: 2026-10-01T15:25:32.0786014Z
  Time since last request: 0.000696 seconds.
  importAddress: GUID: fd38ef4911274f9987bb1282281fa3df - Path: Packages/com.unity.collab-proxy/Editor/LaunchPackageManager.cs - Importer: ScriptedImporter/UnityEditor.QuickSearchModule:UnityEditor.Search:ASIAI0B
Importing 'GUID: fd38ef4911274f9987bb1282281fa3df - Path: Packages/com.unity.collab-proxy/Editor/LaunchPackageManager.cs - Importer: ScriptedImporter/UnityEditor.QuickSearchModule:UnityEditor.Search:ASIAI0B' with importer (ScriptedImporter : UnityEditor.QuickSearchModule:UnityEditor.Search:ASIAI0B)
Imported 'GUID: fd38ef4911274f9987bb1282281fa3df' -> (Import Result ID: '6ea8d841511e77f3fd64a256bb2ebde1') in 0.002 seconds [static and dynamic dependencies]. Details - ImportResultOutputID=2e2a63517e5f2f017f70ba8f6a49e1dc DependenciesID=001649f7be0899c38451e28c49ff2c86 StaticDependenciesID=6df6f480885e1f2c1fa80714315258c2 
Number of updated asset objects reloaded before import = 0
Number of asset objects unloaded after import = 0
========================================================================
Received Import Request.
  Time of request: 2026-10-01T15:25:32.0815197Z
  Time since last request: 0.0004519 seconds.
  importAddress: GUID: 193169bf9ce845319ec19a5beb1f3afb - Path: Packages/com.unity.collab-proxy/Editor/RecommendToEnableManualCheckout.cs - Importer: ScriptedImporter/UnityEditor.QuickSearchModule:UnityEditor.Search:ASIAI0B
Importing 'GUID: 193169bf9ce845319ec19a5beb1f3afb - Path: Packages/com.unity.collab-proxy/Editor/RecommendToEnableManualCheckout.cs - Importer: ScriptedImporter/UnityEditor.QuickSearchModule:UnityEditor.Search:ASIAI0B' with importer (ScriptedImporter : UnityEditor.QuickSearchModule:UnityEditor.Search:ASIAI0B)
Imported 'GUID: 193169bf9ce845319ec19a5beb1f3afb' -> (Import Result ID: 'e163e2d4f077e4ba832474b57141838e') in 0.003 seconds [static and dynamic dependencies]. Details - ImportResultOutputID=82fe58436be6c1a86aec398ad840ff22 DependenciesID=cb8e6064220648b8b6e9037af1ddaf0c StaticDependenciesID=b18d39a65b3281ae356bdc4ee7a81cda 
Number of updated asset objects reloaded before import = 0
Number of asset objects unloaded after import = 0
========================================================================
Received Import Request.
  Time of request: 2026-10-01T15:25:32.0846209Z
  Time since last request: 0.000279 seconds.
  importAddress: GUID: 52a2c019761d4f74ea3dbdaa0d889673 - Path: Packages/com.unity.collab-proxy/LICENSE.md - Importer: ScriptedImporter/UnityEditor.QuickSearchModule:UnityEditor.Search:ASIAI0B
Importing 'GUID: 52a2c019761d4f74ea3dbdaa0d889673 - Path: Packages/com.unity.collab-proxy/LICENSE.md - Importer: ScriptedImporter/UnityEditor.QuickSearchModule:UnityEditor.Search:ASIAI0B' with importer (ScriptedImporter : UnityEditor.QuickSearchModule:UnityEditor.Search:ASIAI0B)
Imported 'GUID: 52a2c019761d4f74ea3dbdaa0d889673' -> (Import Result ID: 'cf024d46b0e375bd3fa566d1929125eb') in 0.004 seconds [static and dynamic dependencies]. Details - ImportResultOutputID=6304806c2fec21bfafe82578052b21d0 DependenciesID=78a0b72f607b63d4eb9cd9cfdb910808 StaticDependenciesID=e22d78d1ceba337b4f70d71dc85c5412 
Number of updated asset objects reloaded before import = 0
Number of asset objects unloaded after import = 1
========================================================================
Received Import Request.
  Time of request: 2026-10-01T15:25:32.0891722Z
  Time since last request: 0.0004014 seconds.
  importAddress: GUID: c6e45a18db8ba0c4bac4302519563160 - Path: Assets/Object Files/inner_prop.obj - Importer: ScriptedImporter/UnityEditor.QuickSearchModule:UnityEditor.Search:ASIAI0B
Importing 'GUID: c6e45a18db8ba0c4bac4302519563160 - Path: Assets/Object Files/inner_prop.obj - Importer: ScriptedImporter/UnityEditor.QuickSearchModule:UnityEditor.Search:ASIAI0B' with importer (ScriptedImporter : UnityEditor.QuickSearchModule:UnityEditor.Search:ASIAI0B)
Imported 'GUID: c6e45a18db8ba0c4bac4302519563160' -> (Import Result ID: '1c4468e613a24ea99af6231ca912914b') in 0.012 seconds [static and dynamic dependencies]. Details - ImportResultOutputID=912d5f3fb375c6a9fc5922e064adedf9 DependenciesID=baa48fb61b3a6934e6c8be30cb242886 StaticDependenciesID=e04fa81b4855ca667d897e07efc41b78 
Number of updated asset objects reloaded before import = 0
Number of asset objects unloaded after import = 10
========================================================================
Received Import Request.
  Time of request: 2026-10-01T15:25:32.1022005Z
  Time since last request: 0.0003425 seconds.
  importAddress: GUID: 992a191c265ec3f4e8fa985779ab2f76 - Path: Assets/Materials/Static 1.mat - Importer: ScriptedImporter/UnityEditor.QuickSearchModule:UnityEditor.Search:ASIAI0B
Importing 'GUID: 992a191c265ec3f4e8fa985779ab2f76 - Path: Assets/Materials/Static 1.mat - Importer: ScriptedImporter/UnityEditor.QuickSearchModule:UnityEditor.Search:ASIAI0B' with importer (ScriptedImporter : UnityEditor.QuickSearchModule:UnityEditor.Search:ASIAI0B)
Imported 'GUID: 992a191c265ec3f4e8fa985779ab2f76' -> (Import Result ID: '97b968e54d8d6986bab06face6d83259') in 0.003 seconds [static and dynamic dependencies]. Details - ImportResultOutputID=bf54c6ebda3e2b42f795979a63651034 DependenciesID=cb6be7f4b6e59e9c5fbc7b5b128152ee StaticDependenciesID=8dac267bd64e4ccf39810283cb10b510 
Number of updated asset objects reloaded before import = 0
Number of asset objects unloaded after import = 1
========================================================================
Received Import Request.
  Time of request: 2026-10-01T15:25:32.1063617Z
  Time since last request: 0.0003759 seconds.
  importAddress: GUID: 3977627601eb80f448d6271dad4d1a65 - Path: Assets/Scripts/FluidFlowControlMark2.cs - Importer: ScriptedImporter/UnityEditor.QuickSearchModule:UnityEditor.Search:ASIAI0B
Importing 'GUID: 3977627601eb80f448d6271dad4d1a65 - Path: Assets/Scripts/FluidFlowControlMark2.cs - Importer: ScriptedImporter/UnityEditor.QuickSearchModule:UnityEditor.Search:ASIAI0B' with importer (ScriptedImporter : UnityEditor.QuickSearchModule:UnityEditor.Search:ASIAI0B)
Imported 'GUID: 3977627601eb80f448d6271dad4d1a65' -> (Import Result ID: '5e42d41a036bdd003fd04782e3d4b6ea') in 0.003 seconds [static and dynamic dependencies]. Details - ImportResultOutputID=60a3b3c65fda40f19d74bc03cc2e4f6c DependenciesID=fe91551fcc7f802fc29780d725f4e900 StaticDependenciesID=f3ebdd9166d6e61a245eed655ac1e712 
Number of updated asset objects reloaded before import = 0
Number of asset objects unloaded after import = 0
========================================================================
Received Import Request.
  Time of request: 2026-10-01T15:25:32.1095215Z
  Time since last request: 0.0001996 seconds.
  importAddress: GUID: d840e39b62104a49b973d5503477c555 - Path: Packages/com.unity.collab-proxy/Editor/OrganizationsInformation.cs - Importer: ScriptedImporter/UnityEditor.QuickSearchModule:UnityEditor.Search:ASIAI0B
Importing 'GUID: d840e39b62104a49b973d5503477c555 - Path: Packages/com.unity.collab-proxy/Editor/OrganizationsInformation.cs - Importer: ScriptedImporter/UnityEditor.QuickSearchModule:UnityEditor.Search:ASIAI0B' with importer (ScriptedImporter : UnityEditor.QuickSearchModule:UnityEditor.Search:ASIAI0B)
Imported 'GUID: d840e39b62104a49b973d5503477c555' -> (Import Result ID: 'a7da81f5046f38d089c6a4cfe1968b3a') in 0.003 seconds [static and dynamic dependencies]. Details - ImportResultOutputID=9a74f9f9f37788a1216655c4803c168e DependenciesID=7f24b600576372274455310d82c26914 StaticDependenciesID=b98e340bbd2f48dfd831fb0185a6767d 
Number of updated asset objects reloaded before import = 0
Number of asset objects unloaded after import = 0
========================================================================
Received Import Request.
  Time of request: 2026-10-01T15:25:32.1128606Z
  Time since last request: 0.0002269 seconds.
  importAddress: GUID: 8a3376d1fd65e3c4f994c7b3ac83b7d4 - Path: Assets/Object Files/curvedarrow.mtl - Importer: ScriptedImporter/UnityEditor.QuickSearchModule:UnityEditor.Search:ASIAI0B
Importing 'GUID: 8a3376d1fd65e3c4f994c7b3ac83b7d4 - Path: Assets/Object Files/curvedarrow.mtl - Importer: ScriptedImporter/UnityEditor.QuickSearchModule:UnityEditor.Search:ASIAI0B' with importer (ScriptedImporter : UnityEditor.QuickSearchModule:UnityEditor.Search:ASIAI0B)
Imported 'GUID: 8a3376d1fd65e3c4f994c7b3ac83b7d4' -> (Import Result ID: 'f5d9ffd993e5ce7145a6571f0aeb9fd0') in 0.003 seconds [static and dynamic dependencies]. Details - ImportResultOutputID=2ea1d144fb978a4a5c735f72a4c9d791 DependenciesID=e6333a38ba7c31b471b22f24aa4fcfbb StaticDependenciesID=5901917d6154bfd17a339db792cc26c7 
Number of updated asset objects reloaded before import = 0
Number of asset objects unloaded after import = 1
========================================================================
Received Import Request.
  Time of request: 2026-10-01T15:25:32.1160531Z
  Time since last request: 0.0004788 seconds.
  importAddress: GUID: 5be77ef41db4cc24a82cd1eca7456b5a - Path: Packages/com.unity.collab-proxy/Editor/BoolSetting.cs - Importer: ScriptedImporter/UnityEditor.QuickSearchModule:UnityEditor.Search:ASIAI0B
Importing 'GUID: 5be77ef41db4cc24a82cd1eca7456b5a - Path: Packages/com.unity.collab-proxy/Editor/BoolSetting.cs - Importer: ScriptedImporter/UnityEditor.QuickSearchModule:UnityEditor.Search:ASIAI0B' with importer (ScriptedImporter : UnityEditor.QuickSearchModule:UnityEditor.Search:ASIAI0B)
Imported 'GUID: 5be77ef41db4cc24a82cd1eca7456b5a' -> (Import Result ID: 'ae4a2076cbc071c4c8b707055a5e9d1c') in 0.002 seconds [static and dynamic dependencies]. Details - ImportResultOutputID=1d051a6564d3fff1d826ada9045f3eee DependenciesID=00f6bad2e50ed47533a447a09b45221c StaticDependenciesID=36d937cff633956353f8a27cb07144b0 
Number of updated asset objects reloaded before import = 0
Number of asset objects unloaded after import = 0
========================================================================
Received Import Request.
  Time of request: 2026-10-01T15:25:32.1185586Z
  Time since last request: 0.0002478 seconds.
  importAddress: GUID: f204d8bec93966a4fb716fe7bc4ae621 - Path: Assets/Materials/Disappearing.mat - Importer: ScriptedImporter/UnityEditor.QuickSearchModule:UnityEditor.Search:ASIAI0B
Importing 'GUID: f204d8bec93966a4fb716fe7bc4ae621 - Path: Assets/Materials/Disappearing.mat - Importer: ScriptedImporter/UnityEditor.QuickSearchModule:UnityEditor.Search:ASIAI0B' with importer (ScriptedImporter : UnityEditor.QuickSearchModule:UnityEditor.Search:ASIAI0B)
Imported 'GUID: f204d8bec93966a4fb716fe7bc4ae621' -> (Import Result ID: '4325635ea2d85c6bd0a37dcbc623b385') in 0.030 seconds [static and dynamic dependencies]. Details - ImportResultOutputID=3aae6d91a7e99fb660076c8b13f930f3 DependenciesID=31f9fe7d71700453f1e63a98872c4612 StaticDependenciesID=bc2087f8216acbde7ff01aee6cf9b231 
Number of updated asset objects reloaded before import = 0
Number of asset objects unloaded after import = 1
========================================================================
Received Import Request.
  Time of request: 2026-10-01T15:25:32.1487914Z
  Time since last request: 0.0002834 seconds.
  importAddress: GUID: 1e089ef91cc04ecda860ed0dda02a46f - Path: Packages/com.unity.collab-proxy/Editor/QueryVisualElementsExtensions.cs - Importer: ScriptedImporter/UnityEditor.QuickSearchModule:UnityEditor.Search:ASIAI0B
Importing 'GUID: 1e089ef91cc04ecda860ed0dda02a46f - Path: Packages/com.unity.collab-proxy/Editor/QueryVisualElementsExtensions.cs - Importer: ScriptedImporter/UnityEditor.QuickSearchModule:UnityEditor.Search:ASIAI0B' with importer (ScriptedImporter : UnityEditor.QuickSearchModule:UnityEditor.Search:ASIAI0B)
Imported 'GUID: 1e089ef91cc04ecda860ed0dda02a46f' -> (Import Result ID: 'e3e2f445fd161a98d276c4b63392af3d') in 0.002 seconds [static and dynamic dependencies]. Details - ImportResultOutputID=b34f68bf72fd1a56c4cda47e42c17759 DependenciesID=bf838d595fbbdbdae721dd87308be973 StaticDependenciesID=cea9f67f5b50001ebc988eabdb2c84f4 
Number of updated asset objects reloaded before import = 0
Number of asset objects unloaded after import = 0
========================================================================
Received Import Request.
  Time of request: 2026-10-01T15:25:32.1510626Z
  Time since last request: 0.0002926 seconds.
  importAddress: GUID: 62f3dfc0e6c35b5468690a2caadabd67 - Path: Assets/Object Files/inner_prop_2.obj - Importer: ScriptedImporter/UnityEditor.QuickSearchModule:UnityEditor.Search:ASIAI0B
Importing 'GUID: 62f3dfc0e6c35b5468690a2caadabd67 - Path: Assets/Object Files/inner_prop_2.obj - Importer: ScriptedImporter/UnityEditor.QuickSearchModule:UnityEditor.Search:ASIAI0B' with importer (ScriptedImporter : UnityEditor.QuickSearchModule:UnityEditor.Search:ASIAI0B)
Imported 'GUID: 62f3dfc0e6c35b5468690a2caadabd67' -> (Import Result ID: '14c289096f4ff7def717eedd89fb03d2') in 0.006 seconds [static and dynamic dependencies]. Details - ImportResultOutputID=b4616bd63889b4d247d9a1eb3b959654 DependenciesID=9ab5813eae633da820f6d2bfeff416d7 StaticDependenciesID=809bbeab0cbc8d12b9219311cc42c542 
Number of updated asset objects reloaded before import = 0
Number of asset objects unloaded after import = 10
========================================================================
Received Import Request.
  Time of request: 2026-10-01T15:25:32.157939Z
  Time since last request: 0.0001975 seconds.
  importAddress: GUID: c8dffd89292ea0f418f81e3b1745d2f2 - Path: Assets/Object Files/outershell.obj - Importer: ScriptedImporter/UnityEditor.QuickSearchModule:UnityEditor.Search:ASIAI0B
Importing 'GUID: c8dffd89292ea0f418f81e3b1745d2f2 - Path: Assets/Object Files/outershell.obj - Importer: ScriptedImporter/UnityEditor.QuickSearchModule:UnityEditor.Search:ASIAI0B' with importer (ScriptedImporter : UnityEditor.QuickSearchModule:UnityEditor.Search:ASIAI0B)
Imported 'GUID: c8dffd89292ea0f418f81e3b1745d2f2' -> (Import Result ID: '8a552745f5ad7f1af09a53aa3671f92d') in 0.008 seconds [static and dynamic dependencies]. Details - ImportResultOutputID=8b52499da03de43c0ac9b6283f5e29f7 DependenciesID=f32e4e966d8c6f8021ddfbb6df7fe017 StaticDependenciesID=d5dcfd1f9ce2e7394e314f0f02308343 
Number of updated asset objects reloaded before import = 0
Number of asset objects unloaded after import = 10
========================================================================
Received Import Request.
  Time of request: 2026-10-01T15:25:32.1659258Z
  Time since last request: 0.0001937 seconds.
  importAddress: GUID: 90dbb4fc650a813418f092bcd7ec5335 - Path: Assets/Object Files/inner_rotor_gate_actuator_2.obj - Importer: ScriptedImporter/UnityEditor.QuickSearchModule:UnityEditor.Search:ASIAI0B
Importing 'GUID: 90dbb4fc650a813418f092bcd7ec5335 - Path: Assets/Object Files/inner_rotor_gate_actuator_2.obj - Importer: ScriptedImporter/UnityEditor.QuickSearchModule:UnityEditor.Search:ASIAI0B' with importer (ScriptedImporter : UnityEditor.QuickSearchModule:UnityEditor.Search:ASIAI0B)
Imported 'GUID: 90dbb4fc650a813418f092bcd7ec5335' -> (Import Result ID: '34b86c315664dc7bf3d7fc0900969b7c') in 0.007 seconds [static and dynamic dependencies]. Details - ImportResultOutputID=93f264931d27f5b1833b64929da33bad DependenciesID=eff6fa381c9e7814fba9ef6ee4fef4fc StaticDependenciesID=7a0ea27f123c51ae3cf133a6399a7ce8 
Number of updated asset objects reloaded before import = 0
Number of asset objects unloaded after import = 10
========================================================================
Received Import Request.
  Time of request: 2026-10-01T15:25:32.1734718Z
  Time since last request: 0.0002573 seconds.
  importAddress: GUID: d34814c3809c4b6a9d1514a2ec97f38b - Path: Packages/com.unity.collab-proxy/Editor/AppDomainHandler.cs - Importer: ScriptedImporter/UnityEditor.QuickSearchModule:UnityEditor.Search:ASIAI0B
Importing 'GUID: d34814c3809c4b6a9d1514a2ec97f38b - Path: Packages/com.unity.collab-proxy/Editor/AppDomainHandler.cs - Importer: ScriptedImporter/UnityEditor.QuickSearchModule:UnityEditor.Search:ASIAI0B' with importer (ScriptedImporter : UnityEditor.QuickSearchModule:UnityEditor.Search:ASIAI0B)
Imported 'GUID: d34814c3809c4b6a9d1514a2ec97f38b' -> (Import Result ID: '38802ed28fb1ec2659505be7dbeb8938') in 0.002 seconds [static and dynamic dependencies]. Details - ImportResultOutputID=9da4c5a2bb0086ff43bbd9973d29354a DependenciesID=bfb1dfb27e6757b2878523ae1095a5b5 StaticDependenciesID=e41d6859d24a2cd9a90bb765aa5891e3 
Number of updated asset objects reloaded before import = 0
Number of asset objects unloaded after import = 0
========================================================================
Received Import Request.
  Time of request: 2026-10-01T15:25:32.1758108Z
  Time since last request: 0.0003262 seconds.
  importAddress: GUID: 699b33b09648b5641b12384ac691546d - Path: Packages/com.unity.collab-proxy/Editor/FindWorkspace.cs - Importer: ScriptedImporter/UnityEditor.QuickSearchModule:UnityEditor.Search:ASIAI0B
Importing 'GUID: 699b33b09648b5641b12384ac691546d - Path: Packages/com.unity.collab-proxy/Editor/FindWorkspace.cs - Importer: ScriptedImporter/UnityEditor.QuickSearchModule:UnityEditor.Search:ASIAI0B' with importer (ScriptedImporter : UnityEditor.QuickSearchModule:UnityEditor.Search:ASIAI0B)
Imported 'GUID: 699b33b09648b5641b12384ac691546d' -> (Import Result ID: 'bd3f5eb6dcceaa8039121823c651bac3') in 0.002 seconds [static and dynamic dependencies]. Details - ImportResultOutputID=55b3f2284abb763f48be1443626df67e DependenciesID=52591f14e24395741eb1f9f4a76d9334 StaticDependenciesID=8ec5aa7beda592695783d0936d047162 
Number of updated asset objects reloaded before import = 0
Number of asset objects unloaded after import = 0
========================================================================
Received Import Request.
  Time of request: 2026-10-01T15:25:32.178176Z
  Time since last request: 0.0002529 seconds.
  importAddress: GUID: c10740cd62ccaf54c8880da0a3f4d10f - Path: Packages/com.unity.collab-proxy/README.md - Importer: ScriptedImporter/UnityEditor.QuickSearchModule:UnityEditor.Search:ASIAI0B
Importing 'GUID: c10740cd62ccaf54c8880da0a3f4d10f - Path: Packages/com.unity.collab-proxy/README.md - Importer: ScriptedImporter/UnityEditor.QuickSearchModule:UnityEditor.Search:ASIAI0B' with importer (ScriptedImporter : UnityEditor.QuickSearchModule:UnityEditor.Search:ASIAI0B)
Imported 'GUID: c10740cd62ccaf54c8880da0a3f4d10f' -> (Import Result ID: '9fc36ab0c5d6d6a01f3368664a9a4097') in 0.002 seconds [static and dynamic dependencies]. Details - ImportResultOutputID=f73269b48ce9562f9a04f0a37991ba89 DependenciesID=152f4b058e010b8ea41b927066c6f3d6 StaticDependenciesID=e1ce094be7b37b161556fed976706221 
Number of updated asset objects reloaded before import = 0
Number of asset objects unloaded after import = 1
========================================================================
Received Import Request.
  Time of request: 2026-10-01T15:25:32.180312Z
  Time since last request: 0.0002347 seconds.
  importAddress: GUID: d50ac3212a7ff5a4795bf609a2a20350 - Path: Packages/com.unity.collab-proxy/Editor/AssemblyInfo.cs - Importer: ScriptedImporter/UnityEditor.QuickSearchModule:UnityEditor.Search:ASIAI0B
Importing 'GUID: d50ac3212a7ff5a4795bf609a2a20350 - Path: Packages/com.unity.collab-proxy/Editor/AssemblyInfo.cs - Importer: ScriptedImporter/UnityEditor.QuickSearchModule:UnityEditor.Search:ASIAI0B' with importer (ScriptedImporter : UnityEditor.QuickSearchModule:UnityEditor.Search:ASIAI0B)
Imported 'GUID: d50ac3212a7ff5a4795bf609a2a20350' -> (Import Result ID: '89b8eb2837346c253ea857352b8ba7a8') in 0.002 seconds [static and dynamic dependencies]. Details - ImportResultOutputID=c051f2319271b111e35ef77f64b4378b DependenciesID=595e9b9b3b95723d4eac2624593cf494 StaticDependenciesID=0db0e0f488d20a223ae86da057a86ac2 
Number of updated asset objects reloaded before import = 0
Number of asset objects unloaded after import = 0
========================================================================
Received Import Request.
  Time of request: 2026-10-01T15:25:32.1824221Z
  Time since last request: 0.0002406 seconds.
  importAddress: GUID: f9e2075b3f1c9944ba6b54ed3ce57725 - Path: Assets/Object Files/pressure_gate.obj - Importer: ScriptedImporter/UnityEditor.QuickSearchModule:UnityEditor.Search:ASIAI0B
Importing 'GUID: f9e2075b3f1c9944ba6b54ed3ce57725 - Path: Assets/Object Files/pressure_gate.obj - Importer: ScriptedImporter/UnityEditor.QuickSearchModule:UnityEditor.Search:ASIAI0B' with importer (ScriptedImporter : UnityEditor.QuickSearchModule:UnityEditor.Search:ASIAI0B)
Imported 'GUID: f9e2075b3f1c9944ba6b54ed3ce57725' -> (Import Result ID: 'd50ce78c6dd2edbbe05e5d5db5900a8b') in 0.007 seconds [static and dynamic dependencies]. Details - ImportResultOutputID=98a6a43388d8a63b2f62b3b82ecbfeea DependenciesID=fc1763d6bc9c59b6a89f17ed96280d13 StaticDependenciesID=55c5d577e8f0a652a45e898d6a2b7d1e 
Number of updated asset objects reloaded before import = 0
Number of asset objects unloaded after import = 10
========================================================================
Received Import Request.
  Time of request: 2026-10-01T15:25:32.189737Z
  Time since last request: 0.0001946 seconds.
  importAddress: GUID: f6aa8eca9e9e84840b73620eb177ea9e - Path: Packages/com.unity.collab-proxy/Editor/CheckWorkspaceTreeNodeStatus.cs - Importer: ScriptedImporter/UnityEditor.QuickSearchModule:UnityEditor.Search:ASIAI0B
Importing 'GUID: f6aa8eca9e9e84840b73620eb177ea9e - Path: Packages/com.unity.collab-proxy/Editor/CheckWorkspaceTreeNodeStatus.cs - Importer: ScriptedImporter/UnityEditor.QuickSearchModule:UnityEditor.Search:ASIAI0B' with importer (ScriptedImporter : UnityEditor.QuickSearchModule:UnityEditor.Search:ASIAI0B)
Imported 'GUID: f6aa8eca9e9e84840b73620eb177ea9e' -> (Import Result ID: 'e357ce4778cd359e0ef6a0719e597f43') in 0.002 seconds [static and dynamic dependencies]. Details - ImportResultOutputID=d7e6537398d406da170d5f243434b51d DependenciesID=3f864aace84ce80b559123e2033d6a34 StaticDependenciesID=f61d0a3ac927425591b3fb6561b17927 
Number of updated asset objects reloaded before import = 0
Number of asset objects unloaded after import = 0
========================================================================
Received Import Request.
  Time of request: 2026-10-01T15:25:32.192051Z
  Time since last request: 0.000285 seconds.
  importAddress: GUID: 47777d81697d65f45befb6ccd55b2324 - Path: Packages/com.unity.collab-proxy/CHANGELOG.md - Importer: ScriptedImporter/UnityEditor.QuickSearchModule:UnityEditor.Search:ASIAI0B
Importing 'GUID: 47777d81697d65f45befb6ccd55b2324 - Path: Packages/com.unity.collab-proxy/CHANGELOG.md - Importer: ScriptedImporter/UnityEditor.QuickSearchModule:UnityEditor.Search:ASIAI0B' with importer (ScriptedImporter : UnityEditor.QuickSearchModule:UnityEditor.Search:ASIAI0B)
Imported 'GUID: 47777d81697d65f45befb6ccd55b2324' -> (Import Result ID: 'ea619687401d87bb9accd3dab2a14f46') in 0.003 seconds [static and dynamic dependencies]. Details - ImportResultOutputID=897129cb2bf1f6c83d634c12a3fa257b DependenciesID=20ea0436d62b1fa8c9f9c2af0ce0b859 StaticDependenciesID=60858b75364c12205d38aefa12901a29 
Number of updated asset objects reloaded before import = 0
Number of asset objects unloaded after import = 1
========================================================================
Received Import Request.
  Time of request: 2026-10-01T15:25:32.1951531Z
  Time since last request: 0.0002508 seconds.
  importAddress: GUID: b43c91410e1046b58c07a72471ccfd85 - Path: Packages/com.unity.collab-proxy/Editor/HierarchyExtensions.cs - Importer: ScriptedImporter/UnityEditor.QuickSearchModule:UnityEditor.Search:ASIAI0B
Importing 'GUID: b43c91410e1046b58c07a72471ccfd85 - Path: Packages/com.unity.collab-proxy/Editor/HierarchyExtensions.cs - Importer: ScriptedImporter/UnityEditor.QuickSearchModule:UnityEditor.Search:ASIAI0B' with importer (ScriptedImporter : UnityEditor.QuickSearchModule:UnityEditor.Search:ASIAI0B)
Imported 'GUID: b43c91410e1046b58c07a72471ccfd85' -> (Import Result ID: 'ac3089edc0747bfce9a37da13653e74e') in 0.002 seconds [static and dynamic dependencies]. Details - ImportResultOutputID=18e8ddd87681243db712be5e83543ab9 DependenciesID=311954b057522286c5aae9ece93ba0cd StaticDependenciesID=11570b95ab5137bff0852bc387c7d790 
Number of updated asset objects reloaded before import = 0
Number of asset objects unloaded after import = 0
========================================================================
Received Import Request.
  Time of request: 2026-10-01T15:25:32.1974945Z
  Time since last request: 0.0002851 seconds.
  importAddress: GUID: e9f330bda50102f42b158cce26acf088 - Path: Assets/Scripts/TimedStaticGateController.cs - Importer: ScriptedImporter/UnityEditor.QuickSearchModule:UnityEditor.Search:ASIAI0B
Importing 'GUID: e9f330bda50102f42b158cce26acf088 - Path: Assets/Scripts/TimedStaticGateController.cs - Importer: ScriptedImporter/UnityEditor.QuickSearchModule:UnityEditor.Search:ASIAI0B' with importer (ScriptedImporter : UnityEditor.QuickSearchModule:UnityEditor.Search:ASIAI0B)
Imported 'GUID: e9f330bda50102f42b158cce26acf088' -> (Import Result ID: '9a7022d2c6834047eb6a714b42d3ddf3') in 0.003 seconds [static and dynamic dependencies]. Details - ImportResultOutputID=52578c87f24fd32147c6b0e884a8a4e2 DependenciesID=fd67265ab2b7c18a941b07859f96eb3d StaticDependenciesID=d94213dc122519e6dd82c3aaff6d485f 
Number of updated asset objects reloaded before import = 0
Number of asset objects unloaded after import = 0
========================================================================
Received Import Request.
  Time of request: 2026-10-01T15:25:32.2010642Z
  Time since last request: 0.0002729 seconds.
  importAddress: GUID: addeb37e40c540f7be592c1e8198b190 - Path: Packages/com.unity.collab-proxy/Editor/SideBarTreeView.cs - Importer: ScriptedImporter/UnityEditor.QuickSearchModule:UnityEditor.Search:ASIAI0B
Importing 'GUID: addeb37e40c540f7be592c1e8198b190 - Path: Packages/com.unity.collab-proxy/Editor/SideBarTreeView.cs - Importer: ScriptedImporter/UnityEditor.QuickSearchModule:UnityEditor.Search:ASIAI0B' with importer (ScriptedImporter : UnityEditor.QuickSearchModule:UnityEditor.Search:ASIAI0B)
Imported 'GUID: addeb37e40c540f7be592c1e8198b190' -> (Import Result ID: 'a02f559ceed6180b7036bdf59d079ebc') in 0.002 seconds [static and dynamic dependencies]. Details - ImportResultOutputID=e976449ef443b0bdabc8a7b9f38d1c44 DependenciesID=a0d486743bb6d199e3f452bf08928ff9 StaticDependenciesID=9becd61408a452ccff4ff2510918bd72 
Number of updated asset objects reloaded before import = 0
Number of asset objects unloaded after import = 0
========================================================================
Received Import Request.
  Time of request: 2026-10-01T15:25:32.2036501Z
  Time since last request: 0.0003513 seconds.
  importAddress: GUID: 7546f4c75e0ff9c4ca523022a5ef9f2c - Path: Assets/Materials/Rubber.mat - Importer: ScriptedImporter/UnityEditor.QuickSearchModule:UnityEditor.Search:ASIAI0B
Importing 'GUID: 7546f4c75e0ff9c4ca523022a5ef9f2c - Path: Assets/Materials/Rubber.mat - Importer: ScriptedImporter/UnityEditor.QuickSearchModule:UnityEditor.Search:ASIAI0B' with importer (ScriptedImporter : UnityEditor.QuickSearchModule:UnityEditor.Search:ASIAI0B)
Imported 'GUID: 7546f4c75e0ff9c4ca523022a5ef9f2c' -> (Import Result ID: '6be189bc4a44f642a1e32f31bf2fdd49') in 0.003 seconds [static and dynamic dependencies]. Details - ImportResultOutputID=d09801ca3402d3c92d2b16079712f98f DependenciesID=a4bb83cd3288b4855f7b1457ace19c56 StaticDependenciesID=2c57a5a7ec90794971055073578b0b56 
Number of updated asset objects reloaded before import = 0
Number of asset objects unloaded after import = 1
========================================================================
Received Import Request.
  Time of request: 2026-10-01T15:25:32.2068022Z
  Time since last request: 0.0003087 seconds.
  importAddress: GUID: 8e956137d866cfc4797b1830930ed57e - Path: Packages/com.unity.collab-proxy/Editor/ExternalLink.cs - Importer: ScriptedImporter/UnityEditor.QuickSearchModule:UnityEditor.Search:ASIAI0B
Importing 'GUID: 8e956137d866cfc4797b1830930ed57e - Path: Packages/com.unity.collab-proxy/Editor/ExternalLink.cs - Importer: ScriptedImporter/UnityEditor.QuickSearchModule:UnityEditor.Search:ASIAI0B' with importer (ScriptedImporter : UnityEditor.QuickSearchModule:UnityEditor.Search:ASIAI0B)
Imported 'GUID: 8e956137d866cfc4797b1830930ed57e' -> (Import Result ID: '8e86b3a2204e607020265ed4d771fe11') in 0.002 seconds [static and dynamic dependencies]. Details - ImportResultOutputID=e853d06ebbaa51eb7fffd097c7cdd4ec DependenciesID=cd84cd431048054fe39014b46921a9ba StaticDependenciesID=a4ad28f5017e4ef5441548d236500a93 
Number of updated asset objects reloaded before import = 0
Number of asset objects unloaded after import = 0
========================================================================
Received Import Request.
  Time of request: 2026-10-01T15:25:32.209897Z
  Time since last request: 0.0002317 seconds.
  importAddress: GUID: 50503d5b64dbddc48a0bcba68901b3d6 - Path: Packages/com.unity.collab-proxy/Editor/ApplicationDataPath.cs - Importer: ScriptedImporter/UnityEditor.QuickSearchModule:UnityEditor.Search:ASIAI0B
Importing 'GUID: 50503d5b64dbddc48a0bcba68901b3d6 - Path: Packages/com.unity.collab-proxy/Editor/ApplicationDataPath.cs - Importer: ScriptedImporter/UnityEditor.QuickSearchModule:UnityEditor.Search:ASIAI0B' with importer (ScriptedImporter : UnityEditor.QuickSearchModule:UnityEditor.Search:ASIAI0B)
Imported 'GUID: 50503d5b64dbddc48a0bcba68901b3d6' -> (Import Result ID: 'e25ba0f44dec7e3a4110c521b5b0c9f5') in 0.002 seconds [static and dynamic dependencies]. Details - ImportResultOutputID=db04035cd3b61e4a28934a7e6723184d DependenciesID=440e96121bc6de0c50b9b06106da3b7c StaticDependenciesID=06c19be6f847f76e6300e622fda6423c 
Number of updated asset objects reloaded before import = 0
Number of asset objects unloaded after import = 0
========================================================================
Received Import Request.
  Time of request: 2026-10-01T15:25:32.2121736Z
  Time since last request: 0.000254 seconds.
  importAddress: GUID: e78446e55e042e548977432a40b22061 - Path: Assets/Object Files/inner_prop_3.obj - Importer: ScriptedImporter/UnityEditor.QuickSearchModule:UnityEditor.Search:ASIAI0B
Importing 'GUID: e78446e55e042e548977432a40b22061 - Path: Assets/Object Files/inner_prop_3.obj - Importer: ScriptedImporter/UnityEditor.QuickSearchModule:UnityEditor.Search:ASIAI0B' with importer (ScriptedImporter : UnityEditor.QuickSearchModule:UnityEditor.Search:ASIAI0B)
Imported 'GUID: e78446e55e042e548977432a40b22061' -> (Import Result ID: 'aac5700b37c61710124d0e0502ad5f49') in 0.007 seconds [static and dynamic dependencies]. Details - ImportResultOutputID=92cb03eedea5af6ca7450c668e775f43 DependenciesID=af494254ce24df5dbc0307b1f3631d03 StaticDependenciesID=a692c02388683f07c7c01d227ac5c1ee 
Number of updated asset objects reloaded before import = 0
Number of asset objects unloaded after import = 10
========================================================================
Received Import Request.
  Time of request: 2026-10-01T15:25:32.2196901Z
  Time since last request: 0.0001825 seconds.
  importAddress: GUID: f032fd1e0068a2642abd4fe8e1fd4241 - Path: Packages/com.unity.collab-proxy/Editor/EnumExtensions.cs - Importer: ScriptedImporter/UnityEditor.QuickSearchModule:UnityEditor.Search:ASIAI0B
Importing 'GUID: f032fd1e0068a2642abd4fe8e1fd4241 - Path: Packages/com.unity.collab-proxy/Editor/EnumExtensions.cs - Importer: ScriptedImporter/UnityEditor.QuickSearchModule:UnityEditor.Search:ASIAI0B' with importer (ScriptedImporter : UnityEditor.QuickSearchModule:UnityEditor.Search:ASIAI0B)
Imported 'GUID: f032fd1e0068a2642abd4fe8e1fd4241' -> (Import Result ID: '5d3f650951a90ef7423abfb57299edd4') in 0.002 seconds [static and dynamic dependencies]. Details - ImportResultOutputID=75207f807cb77da86aaebd7fe786bf3e DependenciesID=866cec354e5dc31db31a026cbbd29c34 StaticDependenciesID=0a5a6ffa7df650d84fff626efc0a2dae 
Number of updated asset objects reloaded before import = 0
Number of asset objects unloaded after import = 0
========================================================================
Received Import Request.
  Time of request: 2026-10-01T15:25:32.2226211Z
  Time since last request: 0.0002704 seconds.
  importAddress: GUID: bdf09b5d19f85d94fa59ae59cc055361 - Path: Assets/Scripts/DynamicGateController.cs - Importer: ScriptedImporter/UnityEditor.QuickSearchModule:UnityEditor.Search:ASIAI0B
Importing 'GUID: bdf09b5d19f85d94fa59ae59cc055361 - Path: Assets/Scripts/DynamicGateController.cs - Importer: ScriptedImporter/UnityEditor.QuickSearchModule:UnityEditor.Search:ASIAI0B' with importer (ScriptedImporter : UnityEditor.QuickSearchModule:UnityEditor.Search:ASIAI0B)
Imported 'GUID: bdf09b5d19f85d94fa59ae59cc055361' -> (Import Result ID: '482e375cc46c54c94441a0bef0d87c71') in 0.002 seconds [static and dynamic dependencies]. Details - ImportResultOutputID=8e006b4a4a1757d5a80f3af7a81afc6e DependenciesID=9f71d6e46c2b8d83640c6b40c4ed6308 StaticDependenciesID=f5b12ee9db27218361cd04f81f0a3f94 
Number of updated asset objects reloaded before import = 0
Number of asset objects unloaded after import = 0
========================================================================
Received Import Request.
  Time of request: 2026-10-01T15:25:32.2251804Z
  Time since last request: 0.0002677 seconds.
  importAddress: GUID: 8c0d4be4ea44a684d957cde781ecb6cc - Path: Packages/com.unity.collab-proxy/Editor/MetaPath.cs - Importer: ScriptedImporter/UnityEditor.QuickSearchModule:UnityEditor.Search:ASIAI0B
Importing 'GUID: 8c0d4be4ea44a684d957cde781ecb6cc - Path: Packages/com.unity.collab-proxy/Editor/MetaPath.cs - Importer: ScriptedImporter/UnityEditor.QuickSearchModule:UnityEditor.Search:ASIAI0B' with importer (ScriptedImporter : UnityEditor.QuickSearchModule:UnityEditor.Search:ASIAI0B)
Imported 'GUID: 8c0d4be4ea44a684d957cde781ecb6cc' -> (Import Result ID: '3697eed4d381a105712c5fd93cab5830') in 0.002 seconds [static and dynamic dependencies]. Details - ImportResultOutputID=621ca0606bc1b25043b53021dd3f45a1 DependenciesID=8de30e7e24d632f0133215a4a3e96285 StaticDependenciesID=22bda3630dabfba2820850754dfbfb62 
Number of updated asset objects reloaded before import = 0
Number of asset objects unloaded after import = 0
========================================================================
Received Import Request.
  Time of request: 2026-10-01T15:25:32.2280659Z
  Time since last request: 0.0002667 seconds.
  importAddress: GUID: 4d013c2d5d94b6a4ab3c29d536b4494b - Path: Assets/Materials/Moving.mat - Importer: ScriptedImporter/UnityEditor.QuickSearchModule:UnityEditor.Search:ASIAI0B
Importing 'GUID: 4d013c2d5d94b6a4ab3c29d536b4494b - Path: Assets/Materials/Moving.mat - Importer: ScriptedImporter/UnityEditor.QuickSearchModule:UnityEditor.Search:ASIAI0B' with importer (ScriptedImporter : UnityEditor.QuickSearchModule:UnityEditor.Search:ASIAI0B)
Imported 'GUID: 4d013c2d5d94b6a4ab3c29d536b4494b' -> (Import Result ID: 'd7f9bb92f730466d4debd96840a2dab9') in 0.003 seconds [static and dynamic dependencies]. Details - ImportResultOutputID=2d4e6bb9e7703edb92c2d65824b189b2 DependenciesID=900af26db0d0345125b3db6562e4f90b StaticDependenciesID=cbd7719dcc5bb95ae7efa7c007f70666 
Number of updated asset objects reloaded before import = 0
Number of asset objects unloaded after import = 1
========================================================================
Received Import Request.
  Time of request: 2026-10-01T15:25:32.2313961Z
  Time since last request: 0.0003624 seconds.
  importAddress: GUID: e3bfff3d5d6e69a48923d33d67a1f29b - Path: Assets/Scripts/Rotate.cs - Importer: ScriptedImporter/UnityEditor.QuickSearchModule:UnityEditor.Search:ASIAI0B
Importing 'GUID: e3bfff3d5d6e69a48923d33d67a1f29b - Path: Assets/Scripts/Rotate.cs - Importer: ScriptedImporter/UnityEditor.QuickSearchModule:UnityEditor.Search:ASIAI0B' with importer (ScriptedImporter : UnityEditor.QuickSearchModule:UnityEditor.Search:ASIAI0B)
Imported 'GUID: e3bfff3d5d6e69a48923d33d67a1f29b' -> (Import Result ID: 'ec511a08b8e402da4cb7ca03792e122d') in 0.002 seconds [static and dynamic dependencies]. Details - ImportResultOutputID=dc4147f1ce7662d9aa7d3e984af012c7 DependenciesID=64c8697e677e4c392f88926dd7bb4c2b StaticDependenciesID=1bb2a2fb19574503aff48d96b2622051 
Number of updated asset objects reloaded before import = 0
Number of asset objects unloaded after import = 0
========================================================================
Received Import Request.
  Time of request: 2026-10-01T15:25:32.2335549Z
  Time since last request: 0.0002501 seconds.
  importAddress: GUID: 14c7ad7d838cc1d4691f5d9ca504f0ac - Path: Packages/com.unity.collab-proxy/Editor/DrawGuiModeSwitcher.cs - Importer: ScriptedImporter/UnityEditor.QuickSearchModule:UnityEditor.Search:ASIAI0B
Importing 'GUID: 14c7ad7d838cc1d4691f5d9ca504f0ac - Path: Packages/com.unity.collab-proxy/Editor/DrawGuiModeSwitcher.cs - Importer: ScriptedImporter/UnityEditor.QuickSearchModule:UnityEditor.Search:ASIAI0B' with importer (ScriptedImporter : UnityEditor.QuickSearchModule:UnityEditor.Search:ASIAI0B)
Imported 'GUID: 14c7ad7d838cc1d4691f5d9ca504f0ac' -> (Import Result ID: '84b5f4e94624a40c83f303c7a6761a42') in 0.002 seconds [static and dynamic dependencies]. Details - ImportResultOutputID=07e8e584840f7c7480409b08f4d6b17f DependenciesID=24590e0db514155127402d15f03d3137 StaticDependenciesID=650e655c8d0d4535701d48ee2378e68b 
Number of updated asset objects reloaded before import = 0
Number of asset objects unloaded after import = 0
========================================================================
Received Import Request.
  Time of request: 2026-10-01T15:25:32.235773Z
  Time since last request: 0.0002546 seconds.
  importAddress: GUID: a840d4787ba856c4dbaf61207189b00c - Path: Packages/com.unity.collab-proxy/Editor/AutoRefresh.cs - Importer: ScriptedImporter/UnityEditor.QuickSearchModule:UnityEditor.Search:ASIAI0B
Importing 'GUID: a840d4787ba856c4dbaf61207189b00c - Path: Packages/com.unity.collab-proxy/Editor/AutoRefresh.cs - Importer: ScriptedImporter/UnityEditor.QuickSearchModule:UnityEditor.Search:ASIAI0B' with importer (ScriptedImporter : UnityEditor.QuickSearchModule:UnityEditor.Search:ASIAI0B)
Imported 'GUID: a840d4787ba856c4dbaf61207189b00c' -> (Import Result ID: '9050d0d761f3e02d19c32ab1ed75f264') in 0.002 seconds [static and dynamic dependencies]. Details - ImportResultOutputID=c1ded62b814ff54cf2058d7a4ff5fe73 DependenciesID=74935ea3108d44f1e337799012ee3d73 StaticDependenciesID=d157d4a404317a2d2b4e2bc452e35e5a 
Number of updated asset objects reloaded before import = 0
Number of asset objects unloaded after import = 0
========================================================================
Received Import Request.
  Time of request: 2026-10-01T15:25:32.2379703Z
  Time since last request: 0.0002473 seconds.
  importAddress: GUID: 4d56de0c1ce671a4bb95fe9b9abe4fa5 - Path: Packages/com.unity.collab-proxy/Editor/PackageEntryPoint.cs - Importer: ScriptedImporter/UnityEditor.QuickSearchModule:UnityEditor.Search:ASIAI0B
Importing 'GUID: 4d56de0c1ce671a4bb95fe9b9abe4fa5 - Path: Packages/com.unity.collab-proxy/Editor/PackageEntryPoint.cs - Importer: ScriptedImporter/UnityEditor.QuickSearchModule:UnityEditor.Search:ASIAI0B' with importer (ScriptedImporter : UnityEditor.QuickSearchModule:UnityEditor.Search:ASIAI0B)
Imported 'GUID: 4d56de0c1ce671a4bb95fe9b9abe4fa5' -> (Import Result ID: '46d001c84f8a04cca36f90a983c2c677') in 0.002 seconds [static and dynamic dependencies]. Details - ImportResultOutputID=2cb8667ee4c912211b020dae413f3a36 DependenciesID=f66318af53eedeabc2dc7d4d9e9b7ab8 StaticDependenciesID=cd11c4007a4e4c56975ad3732dba4a8d 
Number of updated asset objects reloaded before import = 0
Number of asset objects unloaded after import = 0
========================================================================
Received Import Request.
  Time of request: 2026-10-01T15:25:32.2401274Z
  Time since last request: 0.0002531 seconds.
  importAddress: GUID: 3c31e5ca582e9934d8de877e83cc82d1 - Path: Assets/Object Files/outershell2.obj - Importer: ScriptedImporter/UnityEditor.QuickSearchModule:UnityEditor.Search:ASIAI0B
Importing 'GUID: 3c31e5ca582e9934d8de877e83cc82d1 - Path: Assets/Object Files/outershell2.obj - Importer: ScriptedImporter/UnityEditor.QuickSearchModule:UnityEditor.Search:ASIAI0B' with importer (ScriptedImporter : UnityEditor.QuickSearchModule:UnityEditor.Search:ASIAI0B)
Imported 'GUID: 3c31e5ca582e9934d8de877e83cc82d1' -> (Import Result ID: '913da888316a984ef0f0883b8270bbb3') in 0.008 seconds [static and dynamic dependencies]. Details - ImportResultOutputID=c5126bd5597c3e3fafa5c84abdb179ef DependenciesID=1fd3e119af3dcc62857eac37b6e57ff2 StaticDependenciesID=1c89ccc0e7ebcf541f48e47c7bc420bb 
Number of updated asset objects reloaded before import = 0
Number of asset objects unloaded after import = 10
========================================================================
Received Import Request.
  Time of request: 2026-10-01T15:25:32.2486421Z
  Time since last request: 0.0001807 seconds.
  importAddress: GUID: dfbb9a55dd116a349a3ffb33ec0e8bc1 - Path: Assets/Import STLs.py - Importer: ScriptedImporter/UnityEditor.QuickSearchModule:UnityEditor.Search:ASIAI0B
Importing 'GUID: dfbb9a55dd116a349a3ffb33ec0e8bc1 - Path: Assets/Import STLs.py - Importer: ScriptedImporter/UnityEditor.QuickSearchModule:UnityEditor.Search:ASIAI0B' with importer (ScriptedImporter : UnityEditor.QuickSearchModule:UnityEditor.Search:ASIAI0B)
Imported 'GUID: dfbb9a55dd116a349a3ffb33ec0e8bc1' -> (Import Result ID: 'da6fb79bd5a112b3738bd6c2d1e361e3') in 0.002 seconds [static and dynamic dependencies]. Details - ImportResultOutputID=cb1689dbe511f745af33fd292741f22c DependenciesID=db20ab3ac612eb3544cc6b9644fc6029 StaticDependenciesID=b36610904aa5bd93a8c4c6d745a56f01 
Number of updated asset objects reloaded before import = 0
Number of asset objects unloaded after import = 1
========================================================================
Received Import Request.
  Time of request: 2026-10-01T15:25:32.2507899Z
  Time since last request: 0.0002485 seconds.
  importAddress: GUID: cf7c1a153f50c6548bfff5dfd2ef5dff - Path: Packages/com.unity.collab-proxy/Editor/SwitchModeConfirmationDialog.cs - Importer: ScriptedImporter/UnityEditor.QuickSearchModule:UnityEditor.Search:ASIAI0B
Importing 'GUID: cf7c1a153f50c6548bfff5dfd2ef5dff - Path: Packages/com.unity.collab-proxy/Editor/SwitchModeConfirmationDialog.cs - Importer: ScriptedImporter/UnityEditor.QuickSearchModule:UnityEditor.Search:ASIAI0B' with importer (ScriptedImporter : UnityEditor.QuickSearchModule:UnityEditor.Search:ASIAI0B)
Imported 'GUID: cf7c1a153f50c6548bfff5dfd2ef5dff' -> (Import Result ID: 'f28c8fe62897c99f21d1a91600af5c2f') in 0.002 seconds [static and dynamic dependencies]. Details - ImportResultOutputID=4ea31decd64ae7a1e4921c6cae94a427 DependenciesID=0746a5d1516fade2516288090738296f StaticDependenciesID=aeb985a823538d10d510acab25f1c54d 
Number of updated asset objects reloaded before import = 0
Number of asset objects unloaded after import = 0
========================================================================
Received Import Request.
  Time of request: 2026-10-01T15:25:32.2531172Z
  Time since last request: 0.0002728 seconds.
  importAddress: GUID: fe12b28ac0e678845a95108d2a9d73ad - Path: Assets/Object Files/arrow.obj - Importer: ScriptedImporter/UnityEditor.QuickSearchModule:UnityEditor.Search:ASIAI0B
Importing 'GUID: fe12b28ac0e678845a95108d2a9d73ad - Path: Assets/Object Files/arrow.obj - Importer: ScriptedImporter/UnityEditor.QuickSearchModule:UnityEditor.Search:ASIAI0B' with importer (ScriptedImporter : UnityEditor.QuickSearchModule:UnityEditor.Search:ASIAI0B)
Imported 'GUID: fe12b28ac0e678845a95108d2a9d73ad' -> (Import Result ID: 'b388eb8337a906b837b564ee2c31c771') in 0.006 seconds [static and dynamic dependencies]. Details - ImportResultOutputID=15bd770270d712e3891a8869782004ab DependenciesID=89b43cdbd0f5a2994e63180e12636ac5 StaticDependenciesID=7a938627897a92940ff57e3728acddcf 
Number of updated asset objects reloaded before import = 0
Number of asset objects unloaded after import = 10
========================================================================
Received Import Request.
  Time of request: 2026-10-01T15:25:32.2595008Z
  Time since last request: 0.0002604 seconds.
  importAddress: GUID: e8b13064517f28443ac41883eb559c8f - Path: Packages/com.unity.collab-proxy/Editor/BuildGetEventExtraInfoFunction.cs - Importer: ScriptedImporter/UnityEditor.QuickSearchModule:UnityEditor.Search:ASIAI0B
Importing 'GUID: e8b13064517f28443ac41883eb559c8f - Path: Packages/com.unity.collab-proxy/Editor/BuildGetEventExtraInfoFunction.cs - Importer: ScriptedImporter/UnityEditor.QuickSearchModule:UnityEditor.Search:ASIAI0B' with importer (ScriptedImporter : UnityEditor.QuickSearchModule:UnityEditor.Search:ASIAI0B)
Imported 'GUID: e8b13064517f28443ac41883eb559c8f' -> (Import Result ID: '1c1d92aa25fa72532944bbb4face13fa') in 0.002 seconds [static and dynamic dependencies]. Details - ImportResultOutputID=b4dac527b75bd9b521bee7b774e71db9 DependenciesID=8b4f3b575510f470a77f1c1a87c062c2 StaticDependenciesID=25a977d823f2a5999ca57fd867ff818c 
Number of updated asset objects reloaded before import = 0
Number of asset objects unloaded after import = 0
========================================================================
Received Import Request.
  Time of request: 2026-10-01T15:25:32.262813Z
  Time since last request: 0.0008808 seconds.
  importAddress: GUID: 608f66b5adac272459273ddaf3e4db5d - Path: Packages/com.unity.collab-proxy/Editor/PlasticApp.cs - Importer: ScriptedImporter/UnityEditor.QuickSearchModule:UnityEditor.Search:ASIAI0B
Importing 'GUID: 608f66b5adac272459273ddaf3e4db5d - Path: Packages/com.unity.collab-proxy/Editor/PlasticApp.cs - Importer: ScriptedImporter/UnityEditor.QuickSearchModule:UnityEditor.Search:ASIAI0B' with importer (ScriptedImporter : UnityEditor.QuickSearchModule:UnityEditor.Search:ASIAI0B)
Imported 'GUID: 608f66b5adac272459273ddaf3e4db5d' -> (Import Result ID: '1535b314ff1eb6cd6c10a8e395de5a52') in 0.002 seconds [static and dynamic dependencies]. Details - ImportResultOutputID=bf2895535ce50961907ccb9f02fdcecf DependenciesID=e9031b2506ad54e39c49929488242250 StaticDependenciesID=64b963301a5f48e6012f21b3baf06c08 
Number of updated asset objects reloaded before import = 0
Number of asset objects unloaded after import = 0
========================================================================
Received Import Request.
  Time of request: 2026-10-01T15:25:32.2653378Z
  Time since last request: 0.0002361 seconds.
  importAddress: GUID: 40b02fbc78a116c40aba0c0e5ba99f28 - Path: Assets/Object Files/inner_rotor_gate_actuator.obj - Importer: ScriptedImporter/UnityEditor.QuickSearchModule:UnityEditor.Search:ASIAI0B
Importing 'GUID: 40b02fbc78a116c40aba0c0e5ba99f28 - Path: Assets/Object Files/inner_rotor_gate_actuator.obj - Importer: ScriptedImporter/UnityEditor.QuickSearchModule:UnityEditor.Search:ASIAI0B' with importer (ScriptedImporter : UnityEditor.QuickSearchModule:UnityEditor.Search:ASIAI0B)
Imported 'GUID: 40b02fbc78a116c40aba0c0e5ba99f28' -> (Import Result ID: '0a5234259724fbe8b76cf10257653793') in 0.006 seconds [static and dynamic dependencies]. Details - ImportResultOutputID=f88bb60cc34e168359fdf4863799d31b DependenciesID=dff82a61dc795a83c693cdcb0b362d06 StaticDependenciesID=be741e558bdf7792d50b35e5e61012bc 
Number of updated asset objects reloaded before import = 0
Number of asset objects unloaded after import = 10
========================================================================
Received Import Request.
  Time of request: 2026-10-01T15:25:32.2717196Z
  Time since last request: 0.0002165 seconds.
  importAddress: GUID: 3c8f589085c4790418b7096f72a84e28 - Path: Assets/Materials/TransparentMoving.mat - Importer: ScriptedImporter/UnityEditor.QuickSearchModule:UnityEditor.Search:ASIAI0B
Importing 'GUID: 3c8f589085c4790418b7096f72a84e28 - Path: Assets/Materials/TransparentMoving.mat - Importer: ScriptedImporter/UnityEditor.QuickSearchModule:UnityEditor.Search:ASIAI0B' with importer (ScriptedImporter : UnityEditor.QuickSearchModule:UnityEditor.Search:ASIAI0B)
Imported 'GUID: 3c8f589085c4790418b7096f72a84e28' -> (Import Result ID: '7b45cd238d1c6972309a62390cb73de2') in 0.003 seconds [static and dynamic dependencies]. Details - ImportResultOutputID=b98d2e959d8814e0ed9d9554e26dcdd4 DependenciesID=c11bdebe5212e32d23df2a4391602e86 StaticDependenciesID=6523340a546850801650b25d3c530c44 
Number of updated asset objects reloaded before import = 0
Number of asset objects unloaded after import = 1
========================================================================
Received Import Request.
  Time of request: 2026-10-01T15:25:32.2748319Z
  Time since last request: 0.0002257 seconds.
  importAddress: GUID: 9bff32140d1498a4a9f6f18b09e8959c - Path: Packages/com.unity.collab-proxy/Third Party Notices.md - Importer: ScriptedImporter/UnityEditor.QuickSearchModule:UnityEditor.Search:ASIAI0B
Importing 'GUID: 9bff32140d1498a4a9f6f18b09e8959c - Path: Packages/com.unity.collab-proxy/Third Party Notices.md - Importer: ScriptedImporter/UnityEditor.QuickSearchModule:UnityEditor.Search:ASIAI0B' with importer (ScriptedImporter : UnityEditor.QuickSearchModule:UnityEditor.Search:ASIAI0B)
Imported 'GUID: 9bff32140d1498a4a9f6f18b09e8959c' -> (Import Result ID: 'eeffa80dff256927ced1f6c1f3ad611b') in 0.002 seconds [static and dynamic dependencies]. Details - ImportResultOutputID=e2c2931da335a61e279ff7f52fdb8791 DependenciesID=921d967005f8f424cc99eea6d588972e StaticDependenciesID=bae1730c876c2908e64ffa8946d1e25d 
Number of updated asset objects reloaded before import = 0
Number of asset objects unloaded after import = 1
========================================================================
Received Import Request.
  Time of request: 2026-10-01T15:25:32.277326Z
  Time since last request: 0.0003215 seconds.
  importAddress: GUID: bd39562f217cb3241bb918041fca97ca - Path: Assets/Materials/Fluid Flow Arrow.mat - Importer: ScriptedImporter/UnityEditor.QuickSearchModule:UnityEditor.Search:ASIAI0B
Importing 'GUID: bd39562f217cb3241bb918041fca97ca - Path: Assets/Materials/Fluid Flow Arrow.mat - Importer: ScriptedImporter/UnityEditor.QuickSearchModule:UnityEditor.Search:ASIAI0B' with importer (ScriptedImporter : UnityEditor.QuickSearchModule:UnityEditor.Search:ASIAI0B)
Imported 'GUID: bd39562f217cb3241bb918041fca97ca' -> (Import Result ID: '8b40bb1a81a82edba951f0bf33a4f786') in 0.003 seconds [static and dynamic dependencies]. Details - ImportResultOutputID=1d076c07dec7f1d87193228013e1c6dd DependenciesID=29c6ffcd7d74970ff2758e35f8240240 StaticDependenciesID=c09f25e15d4490c0dc945886f7771ff7 
Number of updated asset objects reloaded before import = 0
Number of asset objects unloaded after import = 1
========================================================================
Received Import Request.
  Time of request: 2026-10-01T15:25:32.2806949Z
  Time since last request: 0.0002458 seconds.
  importAddress: GUID: 743fda8c4b219c8429fb5a77ede1c879 - Path: Packages/com.unity.collab-proxy/package.json - Importer: ScriptedImporter/UnityEditor.QuickSearchModule:UnityEditor.Search:ASIAI0B
Importing 'GUID: 743fda8c4b219c8429fb5a77ede1c879 - Path: Packages/com.unity.collab-proxy/package.json - Importer: ScriptedImporter/UnityEditor.QuickSearchModule:UnityEditor.Search:ASIAI0B' with importer (ScriptedImporter : UnityEditor.QuickSearchModule:UnityEditor.Search:ASIAI0B)
Imported 'GUID: 743fda8c4b219c8429fb5a77ede1c879' -> (Import Result ID: '914c8aa368d39287ce19803fa635606f') in 0.002 seconds [static and dynamic dependencies]. Details - ImportResultOutputID=b299261a42fe9747885779ea161f4ac2 DependenciesID=96074be679bda928ce0c0a64e6e49d12 StaticDependenciesID=4439f4fce8b241967fd9e715a9c47b9c 
Number of updated asset objects reloaded before import = 0
Number of asset objects unloaded after import = 1
========================================================================
Received Import Request.
  Time of request: 2026-10-01T15:25:32.2828188Z
  Time since last request: 0.000211 seconds.
  importAddress: GUID: cb3c9f5ba9ced5e4b99de1b3dbd68d09 - Path: Packages/com.unity.collab-proxy/ValidationConfig.json - Importer: ScriptedImporter/UnityEditor.QuickSearchModule:UnityEditor.Search:ASIAI0B
Importing 'GUID: cb3c9f5ba9ced5e4b99de1b3dbd68d09 - Path: Packages/com.unity.collab-proxy/ValidationConfig.json - Importer: ScriptedImporter/UnityEditor.QuickSearchModule:UnityEditor.Search:ASIAI0B' with importer (ScriptedImporter : UnityEditor.QuickSearchModule:UnityEditor.Search:ASIAI0B)
Imported 'GUID: cb3c9f5ba9ced5e4b99de1b3dbd68d09' -> (Import Result ID: 'f9dfece7bd7a8c6cc6e0792ee2c269be') in 0.002 seconds [static and dynamic dependencies]. Details - ImportResultOutputID=c16a40db1e7c92ac836516753b6aed68 DependenciesID=d33687633e4d6703b2a08acdc309ccca StaticDependenciesID=48a1e9c52554a24f3f15128aade7f918 
Number of updated asset objects reloaded before import = 0
Number of asset objects unloaded after import = 1
========================================================================
Received Import Request.
  Time of request: 2026-10-01T15:25:32.2847296Z
  Time since last request: 0.0002086 seconds.
  importAddress: GUID: 40771e457c113c441b7ec6c975584675 - Path: Packages/com.unity.collab-proxy/Editor/PackageInfo.cs - Importer: ScriptedImporter/UnityEditor.QuickSearchModule:UnityEditor.Search:ASIAI0B
Importing 'GUID: 40771e457c113c441b7ec6c975584675 - Path: Packages/com.unity.collab-proxy/Editor/PackageInfo.cs - Importer: ScriptedImporter/UnityEditor.QuickSearchModule:UnityEditor.Search:ASIAI0B' with importer (ScriptedImporter : UnityEditor.QuickSearchModule:UnityEditor.Search:ASIAI0B)
Imported 'GUID: 40771e457c113c441b7ec6c975584675' -> (Import Result ID: 'fc0f6295108d5a141354f19dd6d34f4f') in 0.003 seconds [static and dynamic dependencies]. Details - ImportResultOutputID=f631d2ebc0d2ce1071250c812f981b63 DependenciesID=90559e6c0504b766523da2c697b137fa StaticDependenciesID=bb38d98f598c6e0924bab5bfa9471e3c 
Number of updated asset objects reloaded before import = 0
Number of asset objects unloaded after import = 0
========================================================================
Received Import Request.
  Time of request: 2026-10-01T15:25:32.287786Z
  Time since last request: 0.000224 seconds.
  importAddress: GUID: 67faf1dbc537b5c45af0decc418cc96c - Path: Assets/Object Files/curvedarrow.obj - Importer: ScriptedImporter/UnityEditor.QuickSearchModule:UnityEditor.Search:ASIAI0B
Importing 'GUID: 67faf1dbc537b5c45af0decc418cc96c - Path: Assets/Object Files/curvedarrow.obj - Importer: ScriptedImporter/UnityEditor.QuickSearchModule:UnityEditor.Search:ASIAI0B' with importer (ScriptedImporter : UnityEditor.QuickSearchModule:UnityEditor.Search:ASIAI0B)
Imported 'GUID: 67faf1dbc537b5c45af0decc418cc96c' -> (Import Result ID: '042a399a2be4a92792520fe7d81e84d9') in 0.006 seconds [static and dynamic dependencies]. Details - ImportResultOutputID=560779a505716f85dee1eb6a2e85c8e8 DependenciesID=7b0bd63d35412f965c235d032aece01d StaticDependenciesID=70c1295164935d64bec83fcad7460a6f 
Number of updated asset objects reloaded before import = 0
Number of asset objects unloaded after import = 10
========================================================================
Received Import Request.
  Time of request: 2026-10-01T15:25:32.2946554Z
  Time since last request: 0.0001744 seconds.
  importAddress: GUID: d7ab4771a00b0cc4ab99301fc356de49 - Path: Packages/com.unity.collab-proxy/Editor/ProjectLoadedCounter.cs - Importer: ScriptedImporter/UnityEditor.QuickSearchModule:UnityEditor.Search:ASIAI0B
Importing 'GUID: d7ab4771a00b0cc4ab99301fc356de49 - Path: Packages/com.unity.collab-proxy/Editor/ProjectLoadedCounter.cs - Importer: ScriptedImporter/UnityEditor.QuickSearchModule:UnityEditor.Search:ASIAI0B' with importer (ScriptedImporter : UnityEditor.QuickSearchModule:UnityEditor.Search:ASIAI0B)
Imported 'GUID: d7ab4771a00b0cc4ab99301fc356de49' -> (Import Result ID: '70ada7d7e569348b40fce75975ec8e20') in 0.002 seconds [static and dynamic dependencies]. Details - ImportResultOutputID=b50ecda0bce13a504db6e4acbbbf5e08 DependenciesID=288ee121367e0c575ff8cea3d67c0217 StaticDependenciesID=af32458d06905e2452fb962cd619eb99 
Number of updated asset objects reloaded before import = 0
Number of asset objects unloaded after import = 0
========================================================================
Received Import Request.
  Time of request: 2026-10-01T15:25:32.2968022Z
  Time since last request: 0.0002512 seconds.
  importAddress: GUID: 149e37d5faf2b2a4099fb209bbd38113 - Path: Packages/com.unity.collab-proxy/Editor/ParentWindow.cs - Importer: ScriptedImporter/UnityEditor.QuickSearchModule:UnityEditor.Search:ASIAI0B
Importing 'GUID: 149e37d5faf2b2a4099fb209bbd38113 - Path: Packages/com.unity.collab-proxy/Editor/ParentWindow.cs - Importer: ScriptedImporter/UnityEditor.QuickSearchModule:UnityEditor.Search:ASIAI0B' with importer (ScriptedImporter : UnityEditor.QuickSearchModule:UnityEditor.Search:ASIAI0B)
Imported 'GUID: 149e37d5faf2b2a4099fb209bbd38113' -> (Import Result ID: '055ccf8256756a49f460d84092498b8d') in 0.002 seconds [static and dynamic dependencies]. Details - ImportResultOutputID=4bd9be3a84a6a118885954b70bfdd8f6 DependenciesID=5d9077ccc5e4015f728b4414262892f7 StaticDependenciesID=d5ff639d308e031ff14a2310a9632105 
Number of updated asset objects reloaded before import = 0
Number of asset objects unloaded after import = 0
========================================================================
Received Import Request.
  Time of request: 2026-10-01T15:25:32.2989928Z
  Time since last request: 0.0002571 seconds.
  importAddress: GUID: 8ec5f72da9ad13643add3dfe7558299e - Path: Assets/Materials/Static 2.mat - Importer: ScriptedImporter/UnityEditor.QuickSearchModule:UnityEditor.Search:ASIAI0B
Importing 'GUID: 8ec5f72da9ad13643add3dfe7558299e - Path: Assets/Materials/Static 2.mat - Importer: ScriptedImporter/UnityEditor.QuickSearchModule:UnityEditor.Search:ASIAI0B' with importer (ScriptedImporter : UnityEditor.QuickSearchModule:UnityEditor.Search:ASIAI0B)
Imported 'GUID: 8ec5f72da9ad13643add3dfe7558299e' -> (Import Result ID: 'b03d18c0f5192b5545df71329f197199') in 0.003 seconds [static and dynamic dependencies]. Details - ImportResultOutputID=127912fb8e43ebaa79bf804d4829a3c8 DependenciesID=4a3caea973fa14ccd56d1f39a4b7eb82 StaticDependenciesID=6d73e2da37fbc7a4a309aaeb6f043949 
Number of updated asset objects reloaded before import = 0
Number of asset objects unloaded after import = 1
========================================================================
Received Import Request.
  Time of request: 2026-10-01T15:25:32.3179135Z
  Time since last request: 0.0154966 seconds.
  importAddress: GUID: 9874d2fcd73d40b6940619e9cd482ad4 - Path: Packages/com.unity.collab-proxy/Editor/AssetMenu/ProjectViewCloudDriveAssetMenu.cs - Importer: ScriptedImporter/UnityEditor.QuickSearchModule:UnityEditor.Search:ASIAI0B
Importing 'GUID: 9874d2fcd73d40b6940619e9cd482ad4 - Path: Packages/com.unity.collab-proxy/Editor/AssetMenu/ProjectViewCloudDriveAssetMenu.cs - Importer: ScriptedImporter/UnityEditor.QuickSearchModule:UnityEditor.Search:ASIAI0B' with importer (ScriptedImporter : UnityEditor.QuickSearchModule:UnityEditor.Search:ASIAI0B)
Imported 'GUID: 9874d2fcd73d40b6940619e9cd482ad4' -> (Import Result ID: '8dc5afadf368409fe6db415dabe5a3e4') in 0.002 seconds [static and dynamic dependencies]. Details - ImportResultOutputID=61280cd502a4976bf3d1bdecbc931822 DependenciesID=1ccc7794a18fa8444953624168668a74 StaticDependenciesID=20f92651ed6be08c66d63824ecc43f4c 
Number of updated asset objects reloaded before import = 0
Number of asset objects unloaded after import = 0
========================================================================
Received Import Request.
  Time of request: 2026-10-01T15:25:32.3203054Z
  Time since last request: 0.0003246 seconds.
  importAddress: GUID: 628bc1ed591aa164ab9124ac22e02d9a - Path: Packages/com.unity.collab-proxy/Editor/Configuration/ChannelCertificateUiImpl.cs - Importer: ScriptedImporter/UnityEditor.QuickSearchModule:UnityEditor.Search:ASIAI0B
Importing 'GUID: 628bc1ed591aa164ab9124ac22e02d9a - Path: Packages/com.unity.collab-proxy/Editor/Configuration/ChannelCertificateUiImpl.cs - Importer: ScriptedImporter/UnityEditor.QuickSearchModule:UnityEditor.Search:ASIAI0B' with importer (ScriptedImporter : UnityEditor.QuickSearchModule:UnityEditor.Search:ASIAI0B)
Imported 'GUID: 628bc1ed591aa164ab9124ac22e02d9a' -> (Import Result ID: '14a556ab808f7e9ad067a8bd700b58bb') in 0.002 seconds [static and dynamic dependencies]. Details - ImportResultOutputID=c6d5947854522dca25c31b63f737d29d DependenciesID=985ee3a4802f48a258bf955609794a5e StaticDependenciesID=da755526acdc59419ac7988229a4130d 
Number of updated asset objects reloaded before import = 0
Number of asset objects unloaded after import = 0
========================================================================
Received Import Request.
  Time of request: 2026-10-01T15:25:32.3226386Z
  Time since last request: 0.0003026 seconds.
  importAddress: GUID: 30e9a0b4c58f24512803e160e0216686 - Path: Packages/com.unity.collab-proxy/Editor/WorkspaceWindow.cs - Importer: ScriptedImporter/UnityEditor.QuickSearchModule:UnityEditor.Search:ASIAI0B
Importing 'GUID: 30e9a0b4c58f24512803e160e0216686 - Path: Packages/com.unity.collab-proxy/Editor/WorkspaceWindow.cs - Importer: ScriptedImporter/UnityEditor.QuickSearchModule:UnityEditor.Search:ASIAI0B' with importer (ScriptedImporter : UnityEditor.QuickSearchModule:UnityEditor.Search:ASIAI0B)
Imported 'GUID: 30e9a0b4c58f24512803e160e0216686' -> (Import Result ID: '4ae48079f4be5ca524d5f115a4da39b8') in 0.002 seconds [static and dynamic dependencies]. Details - ImportResultOutputID=2461bb94ead2ca4cea12484f3323ac0b DependenciesID=dafaceb3f608954c1d8caded5e4d469f StaticDependenciesID=d71d9ab5a211a0a49c8ea5083f121d24 
Number of updated asset objects reloaded before import = 0
Number of asset objects unloaded after import = 0
========================================================================
Received Import Request.
  Time of request: 2026-10-01T15:25:32.3258407Z
  Time since last request: 0.0006824 seconds.
  importAddress: GUID: 0871efd99e5c46ed90fdb02d5e69df2d - Path: Packages/com.unity.collab-proxy/Editor/UnityObjectInstance.cs - Importer: ScriptedImporter/UnityEditor.QuickSearchModule:UnityEditor.Search:ASIAI0B
Importing 'GUID: 0871efd99e5c46ed90fdb02d5e69df2d - Path: Packages/com.unity.collab-proxy/Editor/UnityObjectInstance.cs - Importer: ScriptedImporter/UnityEditor.QuickSearchModule:UnityEditor.Search:ASIAI0B' with importer (ScriptedImporter : UnityEditor.QuickSearchModule:UnityEditor.Search:ASIAI0B)
Imported 'GUID: 0871efd99e5c46ed90fdb02d5e69df2d' -> (Import Result ID: 'f9f63bf171dbc85e9dab5879bdebf0cd') in 0.002 seconds [static and dynamic dependencies]. Details - ImportResultOutputID=b55a6f758accd6ef123939d5b19a6685 DependenciesID=bf7f96c51a67e035d080257a8f4250b1 StaticDependenciesID=a994089fe9becc73307961b3cc0b33ec 
Number of updated asset objects reloaded before import = 0
Number of asset objects unloaded after import = 0
========================================================================
Received Import Request.
  Time of request: 2026-10-01T15:25:32.3283172Z
  Time since last request: 0.0002438 seconds.
  importAddress: GUID: c50ac3c60fd045b38f5449bb43db257d - Path: Packages/com.unity.collab-proxy/Editor/AssetMenu/HierarchyViewAssetMenu.cs - Importer: ScriptedImporter/UnityEditor.QuickSearchModule:UnityEditor.Search:ASIAI0B
Importing 'GUID: c50ac3c60fd045b38f5449bb43db257d - Path: Packages/com.unity.collab-proxy/Editor/AssetMenu/HierarchyViewAssetMenu.cs - Importer: ScriptedImporter/UnityEditor.QuickSearchModule:UnityEditor.Search:ASIAI0B' with importer (ScriptedImporter : UnityEditor.QuickSearchModule:UnityEditor.Search:ASIAI0B)
Imported 'GUID: c50ac3c60fd045b38f5449bb43db257d' -> (Import Result ID: 'e658baadba55976eeede7dd0b524af70') in 0.002 seconds [static and dynamic dependencies]. Details - ImportResultOutputID=a3c1a0c73343e6a1cfc9757f9cec28b3 DependenciesID=eaaebac5649674f4a785b6aa5633f5f6 StaticDependenciesID=72249f8fdbda60f281295b317408941c 
Number of updated asset objects reloaded before import = 0
Number of asset objects unloaded after import = 0
========================================================================
Received Import Request.
  Time of request: 2026-10-01T15:25:32.3305626Z
  Time since last request: 0.0002146 seconds.
  importAddress: GUID: f7ff74c84c0f48718770726c160f6689 - Path: Packages/com.unity.collab-proxy/Editor/XxHash128HashingAlgorithm.cs - Importer: ScriptedImporter/UnityEditor.QuickSearchModule:UnityEditor.Search:ASIAI0B
Importing 'GUID: f7ff74c84c0f48718770726c160f6689 - Path: Packages/com.unity.collab-proxy/Editor/XxHash128HashingAlgorithm.cs - Importer: ScriptedImporter/UnityEditor.QuickSearchModule:UnityEditor.Search:ASIAI0B' with importer (ScriptedImporter : UnityEditor.QuickSearchModule:UnityEditor.Search:ASIAI0B)
Imported 'GUID: f7ff74c84c0f48718770726c160f6689' -> (Import Result ID: '2de81c64605a7c0719fd5c4384c17d15') in 0.002 seconds [static and dynamic dependencies]. Details - ImportResultOutputID=95df26755fe822abffc50c73aa8c1b2b DependenciesID=b7d15bf15608c72c8fb67c4365b2d207 StaticDependenciesID=1080fe52a5d893d07ec2fcc9337bfe6a 
Number of updated asset objects reloaded before import = 0
Number of asset objects unloaded after import = 0
========================================================================
Received Import Request.
  Time of request: 2026-10-01T15:25:32.3327734Z
  Time since last request: 0.0002897 seconds.
  importAddress: GUID: bdab12da216948e2a24b90b910e519c0 - Path: Packages/com.unity.collab-proxy/Editor/CloudDrive/WindowStatusBar.cs - Importer: ScriptedImporter/UnityEditor.QuickSearchModule:UnityEditor.Search:ASIAI0B
Importing 'GUID: bdab12da216948e2a24b90b910e519c0 - Path: Packages/com.unity.collab-proxy/Editor/CloudDrive/WindowStatusBar.cs - Importer: ScriptedImporter/UnityEditor.QuickSearchModule:UnityEditor.Search:ASIAI0B' with importer (ScriptedImporter : UnityEditor.QuickSearchModule:UnityEditor.Search:ASIAI0B)
Imported 'GUID: bdab12da216948e2a24b90b910e519c0' -> (Import Result ID: '3a5b81c84767a3e0f12c8999206d8410') in 0.002 seconds [static and dynamic dependencies]. Details - ImportResultOutputID=f20276d78ed9a4042c714a68076494bc DependenciesID=c34026240e3a400a48b2e2b4ed80538b StaticDependenciesID=75850950e9ca8f224cd61781e30808b7 
Number of updated asset objects reloaded before import = 0
Number of asset objects unloaded after import = 0
========================================================================
Received Import Request.
  Time of request: 2026-10-01T15:25:32.3351548Z
  Time since last request: 0.0002684 seconds.
  importAddress: GUID: 12c73b1c758dc2d43adb107dadd988da - Path: Packages/com.unity.collab-proxy/Editor/UVCSPluginIsEnabledPreference.cs - Importer: ScriptedImporter/UnityEditor.QuickSearchModule:UnityEditor.Search:ASIAI0B
Importing 'GUID: 12c73b1c758dc2d43adb107dadd988da - Path: Packages/com.unity.collab-proxy/Editor/UVCSPluginIsEnabledPreference.cs - Importer: ScriptedImporter/UnityEditor.QuickSearchModule:UnityEditor.Search:ASIAI0B' with importer (ScriptedImporter : UnityEditor.QuickSearchModule:UnityEditor.Search:ASIAI0B)
Imported 'GUID: 12c73b1c758dc2d43adb107dadd988da' -> (Import Result ID: '932a9e2966240a0cd9c245e7815d346f') in 0.002 seconds [static and dynamic dependencies]. Details - ImportResultOutputID=6569487b981f24b99c3b8958dbca7a07 DependenciesID=66b6a278d7abdefeb52fc5ca416ccaa7 StaticDependenciesID=c197cecbc3d79277a9544bffc2ce444a 
Number of updated asset objects reloaded before import = 0
Number of asset objects unloaded after import = 0
========================================================================
Received Import Request.
  Time of request: 2026-10-01T15:25:32.3376912Z
  Time since last request: 0.0002685 seconds.
  importAddress: GUID: b8a49294ba135a2408fd1b26bcda6f97 - Path: Packages/com.unity.collab-proxy/Editor/AssetMenu/ProjectViewAssetSelection.cs - Importer: ScriptedImporter/UnityEditor.QuickSearchModule:UnityEditor.Search:ASIAI0B
Importing 'GUID: b8a49294ba135a2408fd1b26bcda6f97 - Path: Packages/com.unity.collab-proxy/Editor/AssetMenu/ProjectViewAssetSelection.cs - Importer: ScriptedImporter/UnityEditor.QuickSearchModule:UnityEditor.Search:ASIAI0B' with importer (ScriptedImporter : UnityEditor.QuickSearchModule:UnityEditor.Search:ASIAI0B)
Imported 'GUID: b8a49294ba135a2408fd1b26bcda6f97' -> (Import Result ID: 'eab73974822ab5573408187e35b3f295') in 0.003 seconds [static and dynamic dependencies]. Details - ImportResultOutputID=440c6064de1750af35f97ba7ef707588 DependenciesID=a31b876342f650adfebade556e209a3e StaticDependenciesID=1ab7899043d34baeeb9f7d6b43c8ccf4 
Number of updated asset objects reloaded before import = 0
Number of asset objects unloaded after import = 0
========================================================================
Received Import Request.
  Time of request: 2026-10-01T15:25:32.3408663Z
  Time since last request: 0.0003357 seconds.
  importAddress: GUID: ca17c170df6db5042b70adc65fbe770c - Path: Packages/com.unity.collab-proxy/Editor/UVCSMenuItem.cs - Importer: ScriptedImporter/UnityEditor.QuickSearchModule:UnityEditor.Search:ASIAI0B
Importing 'GUID: ca17c170df6db5042b70adc65fbe770c - Path: Packages/com.unity.collab-proxy/Editor/UVCSMenuItem.cs - Importer: ScriptedImporter/UnityEditor.QuickSearchModule:UnityEditor.Search:ASIAI0B' with importer (ScriptedImporter : UnityEditor.QuickSearchModule:UnityEditor.Search:ASIAI0B)
Imported 'GUID: ca17c170df6db5042b70adc65fbe770c' -> (Import Result ID: '5390023f7643b4ed06d2033e4e2d6ec9') in 0.003 seconds [static and dynamic dependencies]. Details - ImportResultOutputID=f099edc7fe551c97e8211c1253924375 DependenciesID=a987c873921d12e20bc1e7191260a799 StaticDependenciesID=ab71a3d7e988b28788fbbb86fe6dace5 
Number of updated asset objects reloaded before import = 0
Number of asset objects unloaded after import = 0
========================================================================
Received Import Request.
  Time of request: 2026-10-01T15:25:32.3438434Z
  Time since last request: 0.0002713 seconds.
  importAddress: GUID: 86522126cf0ce4a37aeac702343411cc - Path: Packages/com.unity.collab-proxy/Editor/CodeEditor/TextEditorOptions.cs - Importer: ScriptedImporter/UnityEditor.QuickSearchModule:UnityEditor.Search:ASIAI0B
Importing 'GUID: 86522126cf0ce4a37aeac702343411cc - Path: Packages/com.unity.collab-proxy/Editor/CodeEditor/TextEditorOptions.cs - Importer: ScriptedImporter/UnityEditor.QuickSearchModule:UnityEditor.Search:ASIAI0B' with importer (ScriptedImporter : UnityEditor.QuickSearchModule:UnityEditor.Search:ASIAI0B)
Imported 'GUID: 86522126cf0ce4a37aeac702343411cc' -> (Import Result ID: 'ec72259e81e5f21e1aae70be2995d152') in 0.002 seconds [static and dynamic dependencies]. Details - ImportResultOutputID=aa526d86fab7728264adcaec3e463b99 DependenciesID=01f95f590fe5d870a5c49939ff0e3167 StaticDependenciesID=89e481a486c0e557010ab78f36a19e1a 
Number of updated asset objects reloaded before import = 0
Number of asset objects unloaded after import = 0
========================================================================
Received Import Request.
  Time of request: 2026-10-01T15:25:32.3459006Z
  Time since last request: 0.0003166 seconds.
  importAddress: GUID: 61e6de2fad294475faa26356ebfb7a4d - Path: Packages/com.unity.collab-proxy/Editor/CodeEditor/TextEditorColors.cs - Importer: ScriptedImporter/UnityEditor.QuickSearchModule:UnityEditor.Search:ASIAI0B
Importing 'GUID: 61e6de2fad294475faa26356ebfb7a4d - Path: Packages/com.unity.collab-proxy/Editor/CodeEditor/TextEditorColors.cs - Importer: ScriptedImporter/UnityEditor.QuickSearchModule:UnityEditor.Search:ASIAI0B' with importer (ScriptedImporter : UnityEditor.QuickSearchModule:UnityEditor.Search:ASIAI0B)
Imported 'GUID: 61e6de2fad294475faa26356ebfb7a4d' -> (Import Result ID: '1250ca8b8b7ca87bb18de6878ce02518') in 0.002 seconds [static and dynamic dependencies]. Details - ImportResultOutputID=e27137e4a500b8f538246438244ec13a DependenciesID=5749e970dd4321a0f9ddadca69b86401 StaticDependenciesID=31793ae8d23b1a3e16052a851d74b4df 
Number of updated asset objects reloaded before import = 0
Number of asset objects unloaded after import = 0
========================================================================
Received Import Request.
  Time of request: 2026-10-01T15:25:32.3480397Z
  Time since last request: 0.0002466 seconds.
  importAddress: GUID: 68f2f2587930106408dd3b00fb4974ff - Path: Packages/com.unity.collab-proxy/Editor/AssetOverlays/DrawHierarchyOverlay.cs - Importer: ScriptedImporter/UnityEditor.QuickSearchModule:UnityEditor.Search:ASIAI0B
Importing 'GUID: 68f2f2587930106408dd3b00fb4974ff - Path: Packages/com.unity.collab-proxy/Editor/AssetOverlays/DrawHierarchyOverlay.cs - Importer: ScriptedImporter/UnityEditor.QuickSearchModule:UnityEditor.Search:ASIAI0B' with importer (ScriptedImporter : UnityEditor.QuickSearchModule:UnityEditor.Search:ASIAI0B)
Imported 'GUID: 68f2f2587930106408dd3b00fb4974ff' -> (Import Result ID: 'adf7fb3f99546929d71b2ae72fb993fb') in 0.002 seconds [static and dynamic dependencies]. Details - ImportResultOutputID=283bb9935899ce56aa3ad0d5af438baf DependenciesID=3f275d31572f5c43bf0a6c213cbd1283 StaticDependenciesID=359e73d6cd8781912e48eb550280392c 
Number of updated asset objects reloaded before import = 0
Number of asset objects unloaded after import = 0
========================================================================
Received Import Request.
  Time of request: 2026-10-01T15:25:32.3500628Z
  Time since last request: 0.0001792 seconds.
  importAddress: GUID: e0ca5f7f9ce171a44a14d09d62ee6c8e - Path: Packages/com.unity.collab-proxy/Editor/CloudDrive/CloudDriveMenuItem.cs - Importer: ScriptedImporter/UnityEditor.QuickSearchModule:UnityEditor.Search:ASIAI0B
Importing 'GUID: e0ca5f7f9ce171a44a14d09d62ee6c8e - Path: Packages/com.unity.collab-proxy/Editor/CloudDrive/CloudDriveMenuItem.cs - Importer: ScriptedImporter/UnityEditor.QuickSearchModule:UnityEditor.Search:ASIAI0B' with importer (ScriptedImporter : UnityEditor.QuickSearchModule:UnityEditor.Search:ASIAI0B)
Imported 'GUID: e0ca5f7f9ce171a44a14d09d62ee6c8e' -> (Import Result ID: '594b256ea01c35827416167033a2bf6b') in 0.003 seconds [static and dynamic dependencies]. Details - ImportResultOutputID=1dc2ff9edfa75278c05853f782ffc956 DependenciesID=73bd02f78fada6695f6494f1f949b74f StaticDependenciesID=ebc74884d1260a63aae31858ddaf9918 
Number of updated asset objects reloaded before import = 0
Number of asset objects unloaded after import = 0
========================================================================
Received Import Request.
  Time of request: 2026-10-01T15:25:32.3530585Z
  Time since last request: 0.0002311 seconds.
  importAddress: GUID: 1686ac2e1d109ed43bf2dec74fed784f - Path: Packages/com.unity.collab-proxy/Editor/AssetMenu/AssetsSelection.cs - Importer: ScriptedImporter/UnityEditor.QuickSearchModule:UnityEditor.Search:ASIAI0B
Importing 'GUID: 1686ac2e1d109ed43bf2dec74fed784f - Path: Packages/com.unity.collab-proxy/Editor/AssetMenu/AssetsSelection.cs - Importer: ScriptedImporter/UnityEditor.QuickSearchModule:UnityEditor.Search:ASIAI0B' with importer (ScriptedImporter : UnityEditor.QuickSearchModule:UnityEditor.Search:ASIAI0B)
Imported 'GUID: 1686ac2e1d109ed43bf2dec74fed784f' -> (Import Result ID: 'b826d3a8298368723a0cec2e7891dd60') in 0.002 seconds [static and dynamic dependencies]. Details - ImportResultOutputID=f58e6b23e27b3312f36f0ca282a03657 DependenciesID=674e9c9bfb8c03947493ba0681588b43 StaticDependenciesID=7b2705d4bfbec6df9fb44f467e4f8fb7 
Number of updated asset objects reloaded before import = 0
Number of asset objects unloaded after import = 0
========================================================================
Received Import Request.
  Time of request: 2026-10-01T15:25:32.3550983Z
  Time since last request: 0.000287 seconds.
  importAddress: GUID: 7d9221bc32738c5498b01916d61a39b9 - Path: Packages/com.unity.collab-proxy/Editor/CodeEditor/Keyboard.cs - Importer: ScriptedImporter/UnityEditor.QuickSearchModule:UnityEditor.Search:ASIAI0B
Importing 'GUID: 7d9221bc32738c5498b01916d61a39b9 - Path: Packages/com.unity.collab-proxy/Editor/CodeEditor/Keyboard.cs - Importer: ScriptedImporter/UnityEditor.QuickSearchModule:UnityEditor.Search:ASIAI0B' with importer (ScriptedImporter : UnityEditor.QuickSearchModule:UnityEditor.Search:ASIAI0B)
Imported 'GUID: 7d9221bc32738c5498b01916d61a39b9' -> (Import Result ID: 'ca06f29ff99a668782716041b7ec5939') in 0.002 seconds [static and dynamic dependencies]. Details - ImportResultOutputID=22a954132ff87648208dae187b717249 DependenciesID=7b905c5425cf484f22c27d28f5e5a30e StaticDependenciesID=2343c03aa17e50de45502009b37f7cdb 
Number of updated asset objects reloaded before import = 0
Number of asset objects unloaded after import = 0
========================================================================
Received Import Request.
  Time of request: 2026-10-01T15:25:32.3574475Z
  Time since last request: 0.0002233 seconds.
  importAddress: GUID: 6629f1bb292b749a18b5fff7994c8b19 - Path: Packages/com.unity.collab-proxy/Editor/UVCSWindow.cs - Importer: ScriptedImporter/UnityEditor.QuickSearchModule:UnityEditor.Search:ASIAI0B
Importing 'GUID: 6629f1bb292b749a18b5fff7994c8b19 - Path: Packages/com.unity.collab-proxy/Editor/UVCSWindow.cs - Importer: ScriptedImporter/UnityEditor.QuickSearchModule:UnityEditor.Search:ASIAI0B' with importer (ScriptedImporter : UnityEditor.QuickSearchModule:UnityEditor.Search:ASIAI0B)
Imported 'GUID: 6629f1bb292b749a18b5fff7994c8b19' -> (Import Result ID: '0207a31861300a44a20f2a22f24dcf3e') in 0.002 seconds [static and dynamic dependencies]. Details - ImportResultOutputID=c9dee236d499453698a007fa1f7a56cd DependenciesID=071b1c2725a87f6034738f667592b50b StaticDependenciesID=b11fff5f955ac0c5441ff72110112bc5 
Number of updated asset objects reloaded before import = 0
Number of asset objects unloaded after import = 0
========================================================================
Received Import Request.
  Time of request: 2026-10-01T15:25:32.3603191Z
  Time since last request: 0.0002421 seconds.
  importAddress: GUID: 83e93885de2840b5818ef68a76f7ebfc - Path: Packages/com.unity.collab-proxy/Editor/Api/UnityVersionControlApi.cs - Importer: ScriptedImporter/UnityEditor.QuickSearchModule:UnityEditor.Search:ASIAI0B
Importing 'GUID: 83e93885de2840b5818ef68a76f7ebfc - Path: Packages/com.unity.collab-proxy/Editor/Api/UnityVersionControlApi.cs - Importer: ScriptedImporter/UnityEditor.QuickSearchModule:UnityEditor.Search:ASIAI0B' with importer (ScriptedImporter : UnityEditor.QuickSearchModule:UnityEditor.Search:ASIAI0B)
Imported 'GUID: 83e93885de2840b5818ef68a76f7ebfc' -> (Import Result ID: '7c37f25c129e37bcff5cce55b0de1660') in 0.003 seconds [static and dynamic dependencies]. Details - ImportResultOutputID=4d2e6ef04750b8cc49510d15f8e1983f DependenciesID=c500282cc607f7059aac0cc7b8aa1ee9 StaticDependenciesID=71aa2792af09badbb12c2fb1bfeed86c 
Number of updated asset objects reloaded before import = 0
Number of asset objects unloaded after import = 0
========================================================================
Received Import Request.
  Time of request: 2026-10-01T15:25:32.363572Z
  Time since last request: 0.000308 seconds.
  importAddress: GUID: 19397b4b199145c5bd9ee8c1c7d5938d - Path: Packages/com.unity.collab-proxy/Editor/AssetMenu/HierarchyViewAssetSelection.cs - Importer: ScriptedImporter/UnityEditor.QuickSearchModule:UnityEditor.Search:ASIAI0B
Importing 'GUID: 19397b4b199145c5bd9ee8c1c7d5938d - Path: Packages/com.unity.collab-proxy/Editor/AssetMenu/HierarchyViewAssetSelection.cs - Importer: ScriptedImporter/UnityEditor.QuickSearchModule:UnityEditor.Search:ASIAI0B' with importer (ScriptedImporter : UnityEditor.QuickSearchModule:UnityEditor.Search:ASIAI0B)
Imported 'GUID: 19397b4b199145c5bd9ee8c1c7d5938d' -> (Import Result ID: '857914726f7140ae8ca5b4b6af8e42fc') in 0.002 seconds [static and dynamic dependencies]. Details - ImportResultOutputID=c401788602420174ee8b95f767e3a03b DependenciesID=e01ab96b5cf478341a13b1cbbbacb240 StaticDependenciesID=a8d1f16d0f2eeda3bf82bc7760001878 
Number of updated asset objects reloaded before import = 0
Number of asset objects unloaded after import = 0
========================================================================
Received Import Request.
  Time of request: 2026-10-01T15:25:32.3657295Z
  Time since last request: 0.000219 seconds.
  importAddress: GUID: 3358a79a3123eed4baff54da855492e6 - Path: Packages/com.unity.collab-proxy/Editor/CloudDrive/GetProposedOrganizationProject.cs - Importer: ScriptedImporter/UnityEditor.QuickSearchModule:UnityEditor.Search:ASIAI0B
Importing 'GUID: 3358a79a3123eed4baff54da855492e6 - Path: Packages/com.unity.collab-proxy/Editor/CloudDrive/GetProposedOrganizationProject.cs - Importer: ScriptedImporter/UnityEditor.QuickSearchModule:UnityEditor.Search:ASIAI0B' with importer (ScriptedImporter : UnityEditor.QuickSearchModule:UnityEditor.Search:ASIAI0B)
Imported 'GUID: 3358a79a3123eed4baff54da855492e6' -> (Import Result ID: 'f33801cf80891f0ccb8eca09265f7479') in 0.002 seconds [static and dynamic dependencies]. Details - ImportResultOutputID=6314127ddd1ae5e44f1dc5f1dd23a4d4 DependenciesID=bf222090b209e112feb5f1c5eb4ef972 StaticDependenciesID=c7453b8acaead45bc9f7fd9ec3ce7a08 
Number of updated asset objects reloaded before import = 0
Number of asset objects unloaded after import = 0
========================================================================
Received Import Request.
  Time of request: 2026-10-01T15:25:32.3677701Z
  Time since last request: 0.0002344 seconds.
  importAddress: GUID: 7f1a149716724cc38b048572976de769 - Path: Packages/com.unity.collab-proxy/Editor/CodeEditor/ICodeEditorSettingsChangeListener.cs - Importer: ScriptedImporter/UnityEditor.QuickSearchModule:UnityEditor.Search:ASIAI0B
Importing 'GUID: 7f1a149716724cc38b048572976de769 - Path: Packages/com.unity.collab-proxy/Editor/CodeEditor/ICodeEditorSettingsChangeListener.cs - Importer: ScriptedImporter/UnityEditor.QuickSearchModule:UnityEditor.Search:ASIAI0B' with importer (ScriptedImporter : UnityEditor.QuickSearchModule:UnityEditor.Search:ASIAI0B)
Imported 'GUID: 7f1a149716724cc38b048572976de769' -> (Import Result ID: '4c2cdc32f1ba762e7304438e1f2aa48b') in 0.002 seconds [static and dynamic dependencies]. Details - ImportResultOutputID=19c3aa0d0b2fdeac5b7a5e8b066adff9 DependenciesID=fb8e8e9240c34d9e11129970377817d6 StaticDependenciesID=2c57eda47e579e64052fbcdc4e7f2238 
Number of updated asset objects reloaded before import = 0
Number of asset objects unloaded after import = 0
========================================================================
Received Import Request.
  Time of request: 2026-10-01T15:25:32.3697749Z
  Time since last request: 0.0002272 seconds.
  importAddress: GUID: 9019d1f6d4a14cb49a269dbffb6ea011 - Path: Packages/com.unity.collab-proxy/Editor/UVCSConnectionMonitor.cs - Importer: ScriptedImporter/UnityEditor.QuickSearchModule:UnityEditor.Search:ASIAI0B
Importing 'GUID: 9019d1f6d4a14cb49a269dbffb6ea011 - Path: Packages/com.unity.collab-proxy/Editor/UVCSConnectionMonitor.cs - Importer: ScriptedImporter/UnityEditor.QuickSearchModule:UnityEditor.Search:ASIAI0B' with importer (ScriptedImporter : UnityEditor.QuickSearchModule:UnityEditor.Search:ASIAI0B)
Imported 'GUID: 9019d1f6d4a14cb49a269dbffb6ea011' -> (Import Result ID: '64d2600852ffc2fd16cc21eb74fdd534') in 0.002 seconds [static and dynamic dependencies]. Details - ImportResultOutputID=00428d6e2cb52ed85ee031fce33f0c31 DependenciesID=6e71ccf45602cefb21161319dc8bd104 StaticDependenciesID=f8992b649cfa636054f3a697ddc60247 
Number of updated asset objects reloaded before import = 0
Number of asset objects unloaded after import = 0
========================================================================
Received Import Request.
  Time of request: 2026-10-01T15:25:32.3722885Z
  Time since last request: 0.0001486 seconds.
  importAddress: GUID: 91f74d588534bef42ac4b919a2ece84a - Path: Packages/com.unity.collab-proxy/Editor/AssetsUtils/LoadAsset.cs - Importer: ScriptedImporter/UnityEditor.QuickSearchModule:UnityEditor.Search:ASIAI0B
Importing 'GUID: 91f74d588534bef42ac4b919a2ece84a - Path: Packages/com.unity.collab-proxy/Editor/AssetsUtils/LoadAsset.cs - Importer: ScriptedImporter/UnityEditor.QuickSearchModule:UnityEditor.Search:ASIAI0B' with importer (ScriptedImporter : UnityEditor.QuickSearchModule:UnityEditor.Search:ASIAI0B)
Imported 'GUID: 91f74d588534bef42ac4b919a2ece84a' -> (Import Result ID: 'ef115ee7e3cacf9d79f0bf70d6abad0b') in 0.002 seconds [static and dynamic dependencies]. Details - ImportResultOutputID=129ecc1413a7cc62260d1da7199c8a1d DependenciesID=2a439970690ebe8d8c80881f5bc77437 StaticDependenciesID=b26b79b8b471ba6e46065f943fa92752 
Number of updated asset objects reloaded before import = 0
Number of asset objects unloaded after import = 0
========================================================================
Received Import Request.
  Time of request: 2026-10-01T15:25:32.3745037Z
  Time since last request: 0.0002286 seconds.
  importAddress: GUID: 2c8b452bcd72d8248a3297ff656f0a7a - Path: Packages/com.unity.collab-proxy/Editor/AssetMenu/AssetUVCSOperations.cs - Importer: ScriptedImporter/UnityEditor.QuickSearchModule:UnityEditor.Search:ASIAI0B
Importing 'GUID: 2c8b452bcd72d8248a3297ff656f0a7a - Path: Packages/com.unity.collab-proxy/Editor/AssetMenu/AssetUVCSOperations.cs - Importer: ScriptedImporter/UnityEditor.QuickSearchModule:UnityEditor.Search:ASIAI0B' with importer (ScriptedImporter : UnityEditor.QuickSearchModule:UnityEditor.Search:ASIAI0B)
Imported 'GUID: 2c8b452bcd72d8248a3297ff656f0a7a' -> (Import Result ID: '75a4483faca2a11ea5207885c131d191') in 0.002 seconds [static and dynamic dependencies]. Details - ImportResultOutputID=3e7aa747ca2a7b89c665d7b8273fdaa5 DependenciesID=a89653fe2b5e1990b9c239184e80186f StaticDependenciesID=fbc6fd56952ea7906f171879ecfc3ad3 
Number of updated asset objects reloaded before import = 0
Number of asset objects unloaded after import = 0
========================================================================
Received Import Request.
  Time of request: 2026-10-01T15:25:32.3771203Z
  Time since last request: 0.0002753 seconds.
  importAddress: GUID: e34298b6d08a46c4191e87726f21c0e5 - Path: Packages/com.unity.collab-proxy/Editor/CloudDrive/CloudDrivePlugin.cs - Importer: ScriptedImporter/UnityEditor.QuickSearchModule:UnityEditor.Search:ASIAI0B
Importing 'GUID: e34298b6d08a46c4191e87726f21c0e5 - Path: Packages/com.unity.collab-proxy/Editor/CloudDrive/CloudDrivePlugin.cs - Importer: ScriptedImporter/UnityEditor.QuickSearchModule:UnityEditor.Search:ASIAI0B' with importer (ScriptedImporter : UnityEditor.QuickSearchModule:UnityEditor.Search:ASIAI0B)
Imported 'GUID: e34298b6d08a46c4191e87726f21c0e5' -> (Import Result ID: '1bdaa7c4c6d8ecc705521b728cc5a7ea') in 0.002 seconds [static and dynamic dependencies]. Details - ImportResultOutputID=a03b4a3ddad10e1393dd360d207507c3 DependenciesID=543ca220553ef0a72311719eeba8360f StaticDependenciesID=6ab0fd28d1fc1e8ba853f7ec45bddc83 
Number of updated asset objects reloaded before import = 0
Number of asset objects unloaded after import = 0
========================================================================
Received Import Request.
  Time of request: 2026-10-01T15:25:32.3792773Z
  Time since last request: 0.0002664 seconds.
  importAddress: GUID: 062535eac3e5dd1409b6a50b0d043e2c - Path: Packages/com.unity.collab-proxy/Editor/AssetOverlays/AssetStatus.cs - Importer: ScriptedImporter/UnityEditor.QuickSearchModule:UnityEditor.Search:ASIAI0B
Importing 'GUID: 062535eac3e5dd1409b6a50b0d043e2c - Path: Packages/com.unity.collab-proxy/Editor/AssetOverlays/AssetStatus.cs - Importer: ScriptedImporter/UnityEditor.QuickSearchModule:UnityEditor.Search:ASIAI0B' with importer (ScriptedImporter : UnityEditor.QuickSearchModule:UnityEditor.Search:ASIAI0B)
Imported 'GUID: 062535eac3e5dd1409b6a50b0d043e2c' -> (Import Result ID: '90514e97f4d4503a82c269b227d2d2f1') in 0.002 seconds [static and dynamic dependencies]. Details - ImportResultOutputID=eced44384daae160a3d9d983793c4050 DependenciesID=aba3b7d604bbf94511cdb3c049d99811 StaticDependenciesID=fb1e25773d89f5763cbedae09ff2c413 
Number of updated asset objects reloaded before import = 0
Number of asset objects unloaded after import = 0
========================================================================
Received Import Request.
  Time of request: 2026-10-01T15:25:32.3814235Z
  Time since last request: 0.0002736 seconds.
  importAddress: GUID: 6cad902920d2d0e448b4a307b199d8fd - Path: Packages/com.unity.collab-proxy/Editor/AssetsUtils/ProjectPath.cs - Importer: ScriptedImporter/UnityEditor.QuickSearchModule:UnityEditor.Search:ASIAI0B
Importing 'GUID: 6cad902920d2d0e448b4a307b199d8fd - Path: Packages/com.unity.collab-proxy/Editor/AssetsUtils/ProjectPath.cs - Importer: ScriptedImporter/UnityEditor.QuickSearchModule:UnityEditor.Search:ASIAI0B' with importer (ScriptedImporter : UnityEditor.QuickSearchModule:UnityEditor.Search:ASIAI0B)
Imported 'GUID: 6cad902920d2d0e448b4a307b199d8fd' -> (Import Result ID: 'dc7b34ed7a7df71343d802615f717dd6') in 0.002 seconds [static and dynamic dependencies]. Details - ImportResultOutputID=8832a4b2dfec61b68e2b54e79d8b767c DependenciesID=040672d2c8eaa29a8484201298e2d731 StaticDependenciesID=6ad7033e8e1ea4b604c8144c7a065fb0 
Number of updated asset objects reloaded before import = 0
Number of asset objects unloaded after import = 0
========================================================================
Received Import Request.
  Time of request: 2026-10-01T15:25:32.3836453Z
  Time since last request: 0.0002865 seconds.
  importAddress: GUID: 0314dccd274f6d14b9aed2d661164330 - Path: Packages/com.unity.collab-proxy/Editor/TestingPreference.cs - Importer: ScriptedImporter/UnityEditor.QuickSearchModule:UnityEditor.Search:ASIAI0B
Importing 'GUID: 0314dccd274f6d14b9aed2d661164330 - Path: Packages/com.unity.collab-proxy/Editor/TestingPreference.cs - Importer: ScriptedImporter/UnityEditor.QuickSearchModule:UnityEditor.Search:ASIAI0B' with importer (ScriptedImporter : UnityEditor.QuickSearchModule:UnityEditor.Search:ASIAI0B)
Imported 'GUID: 0314dccd274f6d14b9aed2d661164330' -> (Import Result ID: '7ee9cef5e9225dc4a8789a6e0b0a7c28') in 0.002 seconds [static and dynamic dependencies]. Details - ImportResultOutputID=78422872980582217aa7fcc4a3b9bad5 DependenciesID=bb119c3a35ce066ce29e11a3e196e72a StaticDependenciesID=12b0a7cd8ccab332673d57c901b80e7d 
Number of updated asset objects reloaded before import = 0
Number of asset objects unloaded after import = 0
========================================================================
Received Import Request.
  Time of request: 2026-10-01T15:25:32.3860635Z
  Time since last request: 0.000433 seconds.
  importAddress: GUID: 4064021de8c73d44f9d4a0f99d80d5b0 - Path: Packages/com.unity.collab-proxy/Editor/CloudDrive/CloudDriveWindow.cs - Importer: ScriptedImporter/UnityEditor.QuickSearchModule:UnityEditor.Search:ASIAI0B
Importing 'GUID: 4064021de8c73d44f9d4a0f99d80d5b0 - Path: Packages/com.unity.collab-proxy/Editor/CloudDrive/CloudDriveWindow.cs - Importer: ScriptedImporter/UnityEditor.QuickSearchModule:UnityEditor.Search:ASIAI0B' with importer (ScriptedImporter : UnityEditor.QuickSearchModule:UnityEditor.Search:ASIAI0B)
Imported 'GUID: 4064021de8c73d44f9d4a0f99d80d5b0' -> (Import Result ID: '933bb10ea594e180186369017c7f3f41') in 0.002 seconds [static and dynamic dependencies]. Details - ImportResultOutputID=3eea49d0a435d8d859fa62fdfc277eb9 DependenciesID=52128599c4c4f93ff01c436f15a48853 StaticDependenciesID=c1caea4f55b6183433e633298df9fd33 
Number of updated asset objects reloaded before import = 0
Number of asset objects unloaded after import = 0
========================================================================
Received Import Request.
  Time of request: 2026-10-01T15:25:32.3886039Z
  Time since last request: 0.0002366 seconds.
  importAddress: GUID: 7aad121cec1867b4493b3b31bc5c8a26 - Path: Packages/com.unity.collab-proxy/Editor/VCSBuiltInPlugin.cs - Importer: ScriptedImporter/UnityEditor.QuickSearchModule:UnityEditor.Search:ASIAI0B
Importing 'GUID: 7aad121cec1867b4493b3b31bc5c8a26 - Path: Packages/com.unity.collab-proxy/Editor/VCSBuiltInPlugin.cs - Importer: ScriptedImporter/UnityEditor.QuickSearchModule:UnityEditor.Search:ASIAI0B' with importer (ScriptedImporter : UnityEditor.QuickSearchModule:UnityEditor.Search:ASIAI0B)
Imported 'GUID: 7aad121cec1867b4493b3b31bc5c8a26' -> (Import Result ID: '1a6fe4b4312c194c1ed2ba5078c73e3b') in 0.002 seconds [static and dynamic dependencies]. Details - ImportResultOutputID=304e8238109de93512a01a2615ff0aca DependenciesID=0991d892a36fa738acb1ca25d1de30bd StaticDependenciesID=fbce1b5fb9444776b0139647b61aac32 
Number of updated asset objects reloaded before import = 0
Number of asset objects unloaded after import = 0
========================================================================
Received Import Request.
  Time of request: 2026-10-01T15:25:32.3908764Z
  Time since last request: 0.000102 seconds.
  importAddress: GUID: 896223e567b01c747b4726ef429e31ea - Path: Packages/com.unity.collab-proxy/Editor/ViewSwitcher.cs - Importer: ScriptedImporter/UnityEditor.QuickSearchModule:UnityEditor.Search:ASIAI0B
Importing 'GUID: 896223e567b01c747b4726ef429e31ea - Path: Packages/com.unity.collab-proxy/Editor/ViewSwitcher.cs - Importer: ScriptedImporter/UnityEditor.QuickSearchModule:UnityEditor.Search:ASIAI0B' with importer (ScriptedImporter : UnityEditor.QuickSearchModule:UnityEditor.Search:ASIAI0B)
Imported 'GUID: 896223e567b01c747b4726ef429e31ea' -> (Import Result ID: '84d05791b9b850e6a3c3b5a51aaaf213') in 0.003 seconds [static and dynamic dependencies]. Details - ImportResultOutputID=a7ccb6ee57d091f82647a99fea1c9288 DependenciesID=97547713160b891355197b8edc1d0fd1 StaticDependenciesID=96311109118e892571d83f6f2a257f94 
Number of updated asset objects reloaded before import = 0
Number of asset objects unloaded after import = 0
========================================================================
Received Import Request.
  Time of request: 2026-10-01T15:25:32.3940189Z
  Time since last request: 0.0002537 seconds.
  importAddress: GUID: 2d63e236b259c9b4c8c5175cb624721f - Path: Packages/com.unity.collab-proxy/Editor/WaitForPendingOperations.cs - Importer: ScriptedImporter/UnityEditor.QuickSearchModule:UnityEditor.Search:ASIAI0B
Importing 'GUID: 2d63e236b259c9b4c8c5175cb624721f - Path: Packages/com.unity.collab-proxy/Editor/WaitForPendingOperations.cs - Importer: ScriptedImporter/UnityEditor.QuickSearchModule:UnityEditor.Search:ASIAI0B' with importer (ScriptedImporter : UnityEditor.QuickSearchModule:UnityEditor.Search:ASIAI0B)
Imported 'GUID: 2d63e236b259c9b4c8c5175cb624721f' -> (Import Result ID: '00008fbad66ee3f13e94e2365a6c407b') in 0.002 seconds [static and dynamic dependencies]. Details - ImportResultOutputID=6ad82bad286d9914a44119e49dd5f39b DependenciesID=796f6153e77bdb70a0ad1635e3a3ae3a StaticDependenciesID=51dd58aa0e9f4df1d1a1161486adccdb 
Number of updated asset objects reloaded before import = 0
Number of asset objects unloaded after import = 0
========================================================================
Received Import Request.
  Time of request: 2026-10-01T15:25:32.3963617Z
  Time since last request: 0.0001916 seconds.
  importAddress: GUID: 861c52e49f0f474caaeb9f2254cecea3 - Path: Packages/com.unity.collab-proxy/Editor/UnityPlasticDllVersion.cs - Importer: ScriptedImporter/UnityEditor.QuickSearchModule:UnityEditor.Search:ASIAI0B
Importing 'GUID: 861c52e49f0f474caaeb9f2254cecea3 - Path: Packages/com.unity.collab-proxy/Editor/UnityPlasticDllVersion.cs - Importer: ScriptedImporter/UnityEditor.QuickSearchModule:UnityEditor.Search:ASIAI0B' with importer (ScriptedImporter : UnityEditor.QuickSearchModule:UnityEditor.Search:ASIAI0B)
Imported 'GUID: 861c52e49f0f474caaeb9f2254cecea3' -> (Import Result ID: 'e06b7b9691a4648a55c92e15cfc0ca83') in 0.002 seconds [static and dynamic dependencies]. Details - ImportResultOutputID=9445df21514890b6bbfae8efe590b751 DependenciesID=ae08fd4fff98c1591141338905b0ab3a StaticDependenciesID=fc474dda61272f65a9666db0efe7db3b 
Number of updated asset objects reloaded before import = 0
Number of asset objects unloaded after import = 0
========================================================================
Received Import Request.
  Time of request: 2026-10-01T15:25:32.3983921Z
  Time since last request: 0.0002282 seconds.
  importAddress: GUID: 4b84427fd7ace4b4cb623ef8a46124ed - Path: Packages/com.unity.collab-proxy/Editor/Unity.PlasticSCM.Editor.asmdef - Importer: ScriptedImporter/UnityEditor.QuickSearchModule:UnityEditor.Search:ASIAI0B
Importing 'GUID: 4b84427fd7ace4b4cb623ef8a46124ed - Path: Packages/com.unity.collab-proxy/Editor/Unity.PlasticSCM.Editor.asmdef - Importer: ScriptedImporter/UnityEditor.QuickSearchModule:UnityEditor.Search:ASIAI0B' with importer (ScriptedImporter : UnityEditor.QuickSearchModule:UnityEditor.Search:ASIAI0B)
Imported 'GUID: 4b84427fd7ace4b4cb623ef8a46124ed' -> (Import Result ID: 'd2ae683f5f75d7ee9dae81fe57877c83') in 0.002 seconds [static and dynamic dependencies]. Details - ImportResultOutputID=4b0c152ee75d881e4b8d124f39b294e2 DependenciesID=770e18c6fca481b8262fef7ef5db3389 StaticDependenciesID=a0b2d0b11ee7355d783312dff17b9448 
Number of updated asset objects reloaded before import = 0
Number of asset objects unloaded after import = 1
========================================================================
Received Import Request.
  Time of request: 2026-10-01T15:25:32.4008718Z
  Time since last request: 0.0001196 seconds.
  importAddress: GUID: c456fa791a741a045a8a99ee73af2ae6 - Path: Packages/com.unity.collab-proxy/Editor/AssetMenu/AssetMenuOperations.cs - Importer: ScriptedImporter/UnityEditor.QuickSearchModule:UnityEditor.Search:ASIAI0B
Importing 'GUID: c456fa791a741a045a8a99ee73af2ae6 - Path: Packages/com.unity.collab-proxy/Editor/AssetMenu/AssetMenuOperations.cs - Importer: ScriptedImporter/UnityEditor.QuickSearchModule:UnityEditor.Search:ASIAI0B' with importer (ScriptedImporter : UnityEditor.QuickSearchModule:UnityEditor.Search:ASIAI0B)
Imported 'GUID: c456fa791a741a045a8a99ee73af2ae6' -> (Import Result ID: 'f1424f507bd959cf3cca30b568680dfd') in 0.002 seconds [static and dynamic dependencies]. Details - ImportResultOutputID=c87ac86a67d354daebb692175200ffe7 DependenciesID=14f63fdac0e04f5b70391dab25a2cfe3 StaticDependenciesID=5e45ea22fd3917e35fff5031338bf828 
Number of updated asset objects reloaded before import = 0
Number of asset objects unloaded after import = 0
========================================================================
Received Import Request.
  Time of request: 2026-10-01T15:25:32.40345Z
  Time since last request: 0.0002325 seconds.
  importAddress: GUID: 1dc96db8ece508c4696f7e89c2cd11e3 - Path: Packages/com.unity.collab-proxy/Editor/UnityConfigurationChecker.cs - Importer: ScriptedImporter/UnityEditor.QuickSearchModule:UnityEditor.Search:ASIAI0B
Importing 'GUID: 1dc96db8ece508c4696f7e89c2cd11e3 - Path: Packages/com.unity.collab-proxy/Editor/UnityConfigurationChecker.cs - Importer: ScriptedImporter/UnityEditor.QuickSearchModule:UnityEditor.Search:ASIAI0B' with importer (ScriptedImporter : UnityEditor.QuickSearchModule:UnityEditor.Search:ASIAI0B)
Imported 'GUID: 1dc96db8ece508c4696f7e89c2cd11e3' -> (Import Result ID: 'cb50e4f1e0caadf985fcc195de2154d1') in 0.002 seconds [static and dynamic dependencies]. Details - ImportResultOutputID=db52eef49324b92c1efd422e01af8321 DependenciesID=d77c00fe7bb47d86a9c2433f955c0a4d StaticDependenciesID=99497fbfaaa6ebeaf7462ad9e9b83d4f 
Number of updated asset objects reloaded before import = 0
Number of asset objects unloaded after import = 0
========================================================================
Received Import Request.
  Time of request: 2026-10-01T15:25:32.4056186Z
  Time since last request: 0.0002654 seconds.
  importAddress: GUID: 1a494b476833467f9df3a23e8804595b - Path: Packages/com.unity.collab-proxy/Editor/Assistant/Unity.PlasticSCM.Editor.Assistant.asmdef - Importer: ScriptedImporter/UnityEditor.QuickSearchModule:UnityEditor.Search:ASIAI0B
Importing 'GUID: 1a494b476833467f9df3a23e8804595b - Path: Packages/com.unity.collab-proxy/Editor/Assistant/Unity.PlasticSCM.Editor.Assistant.asmdef - Importer: ScriptedImporter/UnityEditor.QuickSearchModule:UnityEditor.Search:ASIAI0B' with importer (ScriptedImporter : UnityEditor.QuickSearchModule:UnityEditor.Search:ASIAI0B)
Imported 'GUID: 1a494b476833467f9df3a23e8804595b' -> (Import Result ID: '0063b57206981c01cdbc4eee653b28af') in 0.003 seconds [static and dynamic dependencies]. Details - ImportResultOutputID=1c0385c6c4176eb484aa3e5db0556435 DependenciesID=cc89e457e85c986c3c2422a2cdbf3337 StaticDependenciesID=b7ed80ef50f89bb4ca7f8a617f4db875 
Number of updated asset objects reloaded before import = 0
Number of asset objects unloaded after import = 1
========================================================================
Received Import Request.
  Time of request: 2026-10-01T15:25:32.4094512Z
  Time since last request: 0.000304 seconds.
  importAddress: GUID: 802adf99bdbb1a3439a0a09ae5664192 - Path: Packages/com.unity.collab-proxy/Editor/AssetsUtils/SaveAssets.cs - Importer: ScriptedImporter/UnityEditor.QuickSearchModule:UnityEditor.Search:ASIAI0B
Importing 'GUID: 802adf99bdbb1a3439a0a09ae5664192 - Path: Packages/com.unity.collab-proxy/Editor/AssetsUtils/SaveAssets.cs - Importer: ScriptedImporter/UnityEditor.QuickSearchModule:UnityEditor.Search:ASIAI0B' with importer (ScriptedImporter : UnityEditor.QuickSearchModule:UnityEditor.Search:ASIAI0B)
Imported 'GUID: 802adf99bdbb1a3439a0a09ae5664192' -> (Import Result ID: '704dadf37debdd868d3257fd07ca0aa0') in 0.002 seconds [static and dynamic dependencies]. Details - ImportResultOutputID=96886db70c1f94fa21344ba9e74f80a9 DependenciesID=e92d26e7e6627742bf668f305a04b534 StaticDependenciesID=f04a1b2ed2194535db6f85a6fa42c03d 
Number of updated asset objects reloaded before import = 0
Number of asset objects unloaded after import = 0
========================================================================
Received Import Request.
  Time of request: 2026-10-01T15:25:32.4122223Z
  Time since last request: 0.0002629 seconds.
  importAddress: GUID: a92f7c4434405984a811b4e7c316594e - Path: Packages/com.unity.collab-proxy/Editor/AssetOverlays/DrawAssetOverlayIcon.cs - Importer: ScriptedImporter/UnityEditor.QuickSearchModule:UnityEditor.Search:ASIAI0B
Importing 'GUID: a92f7c4434405984a811b4e7c316594e - Path: Packages/com.unity.collab-proxy/Editor/AssetOverlays/DrawAssetOverlayIcon.cs - Importer: ScriptedImporter/UnityEditor.QuickSearchModule:UnityEditor.Search:ASIAI0B' with importer (ScriptedImporter : UnityEditor.QuickSearchModule:UnityEditor.Search:ASIAI0B)
Imported 'GUID: a92f7c4434405984a811b4e7c316594e' -> (Import Result ID: '763be40eaf3a38145c3dc3547a4d8f8c') in 0.002 seconds [static and dynamic dependencies]. Details - ImportResultOutputID=5f62be29e99fe6edcda8df1f8a7b47f7 DependenciesID=a19410188187654622cecbd4bddb588f StaticDependenciesID=30819f6f56ff2106c7e1d2a79d2e7e09 
Number of updated asset objects reloaded before import = 0
Number of asset objects unloaded after import = 0
========================================================================
Received Import Request.
  Time of request: 2026-10-01T15:25:32.4146484Z
  Time since last request: 0.000252 seconds.
  importAddress: GUID: 408f89d90a01494cbef838c7d21449a9 - Path: Packages/com.unity.collab-proxy/Editor/AssetOverlays/AssetOverlay.cs - Importer: ScriptedImporter/UnityEditor.QuickSearchModule:UnityEditor.Search:ASIAI0B
Importing 'GUID: 408f89d90a01494cbef838c7d21449a9 - Path: Packages/com.unity.collab-proxy/Editor/AssetOverlays/AssetOverlay.cs - Importer: ScriptedImporter/UnityEditor.QuickSearchModule:UnityEditor.Search:ASIAI0B' with importer (ScriptedImporter : UnityEditor.QuickSearchModule:UnityEditor.Search:ASIAI0B)
Imported 'GUID: 408f89d90a01494cbef838c7d21449a9' -> (Import Result ID: 'dbcb3117b66fa39199932076303d1b70') in 0.002 seconds [static and dynamic dependencies]. Details - ImportResultOutputID=6027cf10012718a1679ff42e9b3640a2 DependenciesID=28c464f109e836443cf2b481f56648e8 StaticDependenciesID=0eb5e21e0a2ee05f6c7844d38463edd6 
Number of updated asset objects reloaded before import = 0
Number of asset objects unloaded after import = 0
========================================================================
Received Import Request.
  Time of request: 2026-10-01T15:25:32.422929Z
  Time since last request: 0.0059774 seconds.
  importAddress: GUID: 10217cf897d5d554f959f089ba9d38d2 - Path: Packages/com.unity.collab-proxy/Editor/CodeEditor/TextEditorComponent.cs - Importer: ScriptedImporter/UnityEditor.QuickSearchModule:UnityEditor.Search:ASIAI0B
Importing 'GUID: 10217cf897d5d554f959f089ba9d38d2 - Path: Packages/com.unity.collab-proxy/Editor/CodeEditor/TextEditorComponent.cs - Importer: ScriptedImporter/UnityEditor.QuickSearchModule:UnityEditor.Search:ASIAI0B' with importer (ScriptedImporter : UnityEditor.QuickSearchModule:UnityEditor.Search:ASIAI0B)
Imported 'GUID: 10217cf897d5d554f959f089ba9d38d2' -> (Import Result ID: '562e784c3332918b90c96232e17d651f') in 0.003 seconds [static and dynamic dependencies]. Details - ImportResultOutputID=3cce78e6ca2f2e999329e379ac95661f DependenciesID=49ac4c878b8e5ad0a3c66af78fd31a41 StaticDependenciesID=8ca2ac007b2afc6ab3e4655776f415ce 
Number of updated asset objects reloaded before import = 0
Number of asset objects unloaded after import = 0
========================================================================
Received Import Request.
  Time of request: 2026-10-01T15:25:32.4272373Z
  Time since last request: 0.0006003 seconds.
  importAddress: GUID: 1acfe7cc6c5909f4a954500ea46f9123 - Path: Packages/com.unity.collab-proxy/Editor/CodeEditor/TextViewPosition.cs - Importer: ScriptedImporter/UnityEditor.QuickSearchModule:UnityEditor.Search:ASIAI0B
Importing 'GUID: 1acfe7cc6c5909f4a954500ea46f9123 - Path: Packages/com.unity.collab-proxy/Editor/CodeEditor/TextViewPosition.cs - Importer: ScriptedImporter/UnityEditor.QuickSearchModule:UnityEditor.Search:ASIAI0B' with importer (ScriptedImporter : UnityEditor.QuickSearchModule:UnityEditor.Search:ASIAI0B)
Imported 'GUID: 1acfe7cc6c5909f4a954500ea46f9123' -> (Import Result ID: '5fd015800f923137d1c47483fcd1fe7d') in 0.004 seconds [static and dynamic dependencies]. Details - ImportResultOutputID=82b108ec3aa148042a20dc321f354977 DependenciesID=6426717c54017fa801bbf8bfd6e9db49 StaticDependenciesID=5297ff0ba19af9eb488fb0801f964459 
Number of updated asset objects reloaded before import = 0
Number of asset objects unloaded after import = 0
========================================================================
Received Import Request.
  Time of request: 2026-10-01T15:25:32.4314477Z
  Time since last request: 0.0002189 seconds.
  importAddress: GUID: c46424c57c6462945b14ac0c95281406 - Path: Packages/com.unity.collab-proxy/Editor/Configuration/CredentialsDialog.cs - Importer: ScriptedImporter/UnityEditor.QuickSearchModule:UnityEditor.Search:ASIAI0B
Importing 'GUID: c46424c57c6462945b14ac0c95281406 - Path: Packages/com.unity.collab-proxy/Editor/Configuration/CredentialsDialog.cs - Importer: ScriptedImporter/UnityEditor.QuickSearchModule:UnityEditor.Search:ASIAI0B' with importer (ScriptedImporter : UnityEditor.QuickSearchModule:UnityEditor.Search:ASIAI0B)
Imported 'GUID: c46424c57c6462945b14ac0c95281406' -> (Import Result ID: '63690b0d493556d50e5e52e1d489c227') in 0.002 seconds [static and dynamic dependencies]. Details - ImportResultOutputID=76efc3bda4c50736d1ea9ef932df680f DependenciesID=ac9b247bca91c068167115b09e6e0556 StaticDependenciesID=b714336ac4059dff2cb18b6df3808e09 
Number of updated asset objects reloaded before import = 0
Number of asset objects unloaded after import = 0
========================================================================
Received Import Request.
  Time of request: 2026-10-01T15:25:32.4341267Z
  Time since last request: 0.0003346 seconds.
  importAddress: GUID: 3ca37c23169aa469dbf15a7acb988d05 - Path: Packages/com.unity.collab-proxy/Editor/Assistant/AssemblyInfo.cs - Importer: ScriptedImporter/UnityEditor.QuickSearchModule:UnityEditor.Search:ASIAI0B
Importing 'GUID: 3ca37c23169aa469dbf15a7acb988d05 - Path: Packages/com.unity.collab-proxy/Editor/Assistant/AssemblyInfo.cs - Importer: ScriptedImporter/UnityEditor.QuickSearchModule:UnityEditor.Search:ASIAI0B' with importer (ScriptedImporter : UnityEditor.QuickSearchModule:UnityEditor.Search:ASIAI0B)
Imported 'GUID: 3ca37c23169aa469dbf15a7acb988d05' -> (Import Result ID: '5493ecaec6700eea6e67afec25224665') in 0.002 seconds [static and dynamic dependencies]. Details - ImportResultOutputID=f749e17af2d4e6b86b4b737fc885371f DependenciesID=18cf6327d3fabb79c3bed02ce264dfb4 StaticDependenciesID=40903611a504acdee10b592904351b56 
Number of updated asset objects reloaded before import = 0
Number of asset objects unloaded after import = 0
========================================================================
Received Import Request.
  Time of request: 2026-10-01T15:25:32.4364518Z
  Time since last request: 0.0002743 seconds.
  importAddress: GUID: f32f865aa8b3e3341be18107db54b5cb - Path: Packages/com.unity.collab-proxy/Editor/UVCSToolbarButtonIsShownPreference.cs - Importer: ScriptedImporter/UnityEditor.QuickSearchModule:UnityEditor.Search:ASIAI0B
Importing 'GUID: f32f865aa8b3e3341be18107db54b5cb - Path: Packages/com.unity.collab-proxy/Editor/UVCSToolbarButtonIsShownPreference.cs - Importer: ScriptedImporter/UnityEditor.QuickSearchModule:UnityEditor.Search:ASIAI0B' with importer (ScriptedImporter : UnityEditor.QuickSearchModule:UnityEditor.Search:ASIAI0B)
Imported 'GUID: f32f865aa8b3e3341be18107db54b5cb' -> (Import Result ID: '8d4ad92242028cc5192ca634f0af2fa8') in 0.002 seconds [static and dynamic dependencies]. Details - ImportResultOutputID=aa44b22fbcea6d7c9c4048f62dbdd183 DependenciesID=f51d3b06bcf048b0112c80589420a0b9 StaticDependenciesID=bbb1c386e3612dd1336ed0be1cb6d14a 
Number of updated asset objects reloaded before import = 0
Number of asset objects unloaded after import = 0
========================================================================
Received Import Request.
  Time of request: 2026-10-01T15:25:32.4393077Z
  Time since last request: 0.0003375 seconds.
  importAddress: GUID: 06527df79395b4dcc9e013234ed80bad - Path: Packages/com.unity.collab-proxy/Editor/Api/UnityVersionControlUiApi.cs - Importer: ScriptedImporter/UnityEditor.QuickSearchModule:UnityEditor.Search:ASIAI0B
Importing 'GUID: 06527df79395b4dcc9e013234ed80bad - Path: Packages/com.unity.collab-proxy/Editor/Api/UnityVersionControlUiApi.cs - Importer: ScriptedImporter/UnityEditor.QuickSearchModule:UnityEditor.Search:ASIAI0B' with importer (ScriptedImporter : UnityEditor.QuickSearchModule:UnityEditor.Search:ASIAI0B)
Imported 'GUID: 06527df79395b4dcc9e013234ed80bad' -> (Import Result ID: 'c9c28cb1ffd77deca9e99fb959e385b8') in 0.002 seconds [static and dynamic dependencies]. Details - ImportResultOutputID=d07020f24cef10ddf0d920d9ec5aca94 DependenciesID=ae25b7a7317e9051fba0474ca8125bfa StaticDependenciesID=1b9c830655c63a7fc481d2e2738d6f17 
Number of updated asset objects reloaded before import = 0
Number of asset objects unloaded after import = 0
========================================================================
Received Import Request.
  Time of request: 2026-10-01T15:25:32.4418076Z
  Time since last request: 0.0002214 seconds.
  importAddress: GUID: b4eb3fe08d1dc86419dee5ddcc40baae - Path: Packages/com.unity.collab-proxy/Editor/AssetMenu/AssetFilesFilterPatternsMenuBuilder.cs - Importer: ScriptedImporter/UnityEditor.QuickSearchModule:UnityEditor.Search:ASIAI0B
Importing 'GUID: b4eb3fe08d1dc86419dee5ddcc40baae - Path: Packages/com.unity.collab-proxy/Editor/AssetMenu/AssetFilesFilterPatternsMenuBuilder.cs - Importer: ScriptedImporter/UnityEditor.QuickSearchModule:UnityEditor.Search:ASIAI0B' with importer (ScriptedImporter : UnityEditor.QuickSearchModule:UnityEditor.Search:ASIAI0B)
Imported 'GUID: b4eb3fe08d1dc86419dee5ddcc40baae' -> (Import Result ID: '97f7a6eccd47076a9d7d5bad62fd38c6') in 0.006 seconds [static and dynamic dependencies]. Details - ImportResultOutputID=11e86b01284ced8f38ecfb2bf4f635c8 DependenciesID=10dfa0fa16002f310f63430da3d783af StaticDependenciesID=52690164834faf853c2b4db6601f9a11 
Number of updated asset objects reloaded before import = 0
Number of asset objects unloaded after import = 0
========================================================================
Received Import Request.
  Time of request: 2026-10-01T15:25:32.4482089Z
  Time since last request: 0.000514 seconds.
  importAddress: GUID: 4a1d41c16a2a049f389fd9cb47230775 - Path: Packages/com.unity.collab-proxy/Editor/CodeEditor/TextEditor.cs - Importer: ScriptedImporter/UnityEditor.QuickSearchModule:UnityEditor.Search:ASIAI0B
Importing 'GUID: 4a1d41c16a2a049f389fd9cb47230775 - Path: Packages/com.unity.collab-proxy/Editor/CodeEditor/TextEditor.cs - Importer: ScriptedImporter/UnityEditor.QuickSearchModule:UnityEditor.Search:ASIAI0B' with importer (ScriptedImporter : UnityEditor.QuickSearchModule:UnityEditor.Search:ASIAI0B)
Imported 'GUID: 4a1d41c16a2a049f389fd9cb47230775' -> (Import Result ID: '7f762b1c1c5c3ba3be5d76eb0921310c') in 0.004 seconds [static and dynamic dependencies]. Details - ImportResultOutputID=acc04861427679b4a2001dcb2d5f3156 DependenciesID=6562c84e207c46fa49b86e32cc2993f3 StaticDependenciesID=8137095e05b90f310bea5fccb04b1a4b 
Number of updated asset objects reloaded before import = 0
Number of asset objects unloaded after import = 0
========================================================================
Received Import Request.
  Time of request: 2026-10-01T15:25:32.4525286Z
  Time since last request: 0.000337 seconds.
  importAddress: GUID: 7c21251ff4b7d844292a388e81e47e59 - Path: Packages/com.unity.collab-proxy/Editor/Configuration/AutoConfig.cs - Importer: ScriptedImporter/UnityEditor.QuickSearchModule:UnityEditor.Search:ASIAI0B
Importing 'GUID: 7c21251ff4b7d844292a388e81e47e59 - Path: Packages/com.unity.collab-proxy/Editor/Configuration/AutoConfig.cs - Importer: ScriptedImporter/UnityEditor.QuickSearchModule:UnityEditor.Search:ASIAI0B' with importer (ScriptedImporter : UnityEditor.QuickSearchModule:UnityEditor.Search:ASIAI0B)
Imported 'GUID: 7c21251ff4b7d844292a388e81e47e59' -> (Import Result ID: 'aa69cd1dd5af77e2294013b82f098cc5') in 0.003 seconds [static and dynamic dependencies]. Details - ImportResultOutputID=718e668dd0031f10f38b08ee8a0903b9 DependenciesID=e0f03c3a9de569b3be9be77f216e317a StaticDependenciesID=8f467e28554f1b2716c31e7abfe7cfe9 
Number of updated asset objects reloaded before import = 0
Number of asset objects unloaded after import = 0
========================================================================
Received Import Request.
  Time of request: 2026-10-01T15:25:32.4557119Z
  Time since last request: 0.0003092 seconds.
  importAddress: GUID: d2a9f8ad3405465db8e62d36f2686b68 - Path: Packages/com.unity.collab-proxy/Editor/AssetMenu/AssetCopyPathOperation.cs - Importer: ScriptedImporter/UnityEditor.QuickSearchModule:UnityEditor.Search:ASIAI0B
Importing 'GUID: d2a9f8ad3405465db8e62d36f2686b68 - Path: Packages/com.unity.collab-proxy/Editor/AssetMenu/AssetCopyPathOperation.cs - Importer: ScriptedImporter/UnityEditor.QuickSearchModule:UnityEditor.Search:ASIAI0B' with importer (ScriptedImporter : UnityEditor.QuickSearchModule:UnityEditor.Search:ASIAI0B)
Imported 'GUID: d2a9f8ad3405465db8e62d36f2686b68' -> (Import Result ID: '24f249274b9a8b0a3cfe81fdf18b87e2') in 0.002 seconds [static and dynamic dependencies]. Details - ImportResultOutputID=83d653a9875c96b8136c7483d444e3c4 DependenciesID=e29689af023f0fb4c65e4acfb4c9e39f StaticDependenciesID=685008d9fe990d1a503ffa4a759cc7c7 
Number of updated asset objects reloaded before import = 0
Number of asset objects unloaded after import = 0
========================================================================
Received Import Request.
  Time of request: 2026-10-01T15:25:32.4584074Z
  Time since last request: 0.0002615 seconds.
  importAddress: GUID: d30dfeb72257204458e1e8e1576b84ba - Path: Packages/com.unity.collab-proxy/Editor/AssetOverlays/DrawProjectOverlay.cs - Importer: ScriptedImporter/UnityEditor.QuickSearchModule:UnityEditor.Search:ASIAI0B
Importing 'GUID: d30dfeb72257204458e1e8e1576b84ba - Path: Packages/com.unity.collab-proxy/Editor/AssetOverlays/DrawProjectOverlay.cs - Importer: ScriptedImporter/UnityEditor.QuickSearchModule:UnityEditor.Search:ASIAI0B' with importer (ScriptedImporter : UnityEditor.QuickSearchModule:UnityEditor.Search:ASIAI0B)
Imported 'GUID: d30dfeb72257204458e1e8e1576b84ba' -> (Import Result ID: '620badc15f0c26377bfa5975a569ffb3') in 0.002 seconds [static and dynamic dependencies]. Details - ImportResultOutputID=4896674d2a7fedb6249f6ab094d5a768 DependenciesID=14827fdcab7524ad7b28106cdd3c9e69 StaticDependenciesID=8cf6aec0a1e772948bf576163fcd37b0 
Number of updated asset objects reloaded before import = 0
Number of asset objects unloaded after import = 0
========================================================================
Received Import Request.
  Time of request: 2026-10-01T15:25:32.4617181Z
  Time since last request: 0.00087 seconds.
  importAddress: GUID: e9e00039daba468c8a0dbcffa3506c1d - Path: Packages/com.unity.collab-proxy/Editor/VisualElementExtensions.cs - Importer: ScriptedImporter/UnityEditor.QuickSearchModule:UnityEditor.Search:ASIAI0B
Importing 'GUID: e9e00039daba468c8a0dbcffa3506c1d - Path: Packages/com.unity.collab-proxy/Editor/VisualElementExtensions.cs - Importer: ScriptedImporter/UnityEditor.QuickSearchModule:UnityEditor.Search:ASIAI0B' with importer (ScriptedImporter : UnityEditor.QuickSearchModule:UnityEditor.Search:ASIAI0B)
Imported 'GUID: e9e00039daba468c8a0dbcffa3506c1d' -> (Import Result ID: 'd99988ce8d64bbd2de5ac6343323cf0a') in 0.004 seconds [static and dynamic dependencies]. Details - ImportResultOutputID=cac336f84a12e3c6781cc18d7a9a0160 DependenciesID=0bbee12e42779ef6b7fc6eaf66442fa8 StaticDependenciesID=92947a111b8d62acc3cdc22a600571d6 
Number of updated asset objects reloaded before import = 0
Number of asset objects unloaded after import = 0
========================================================================
Received Import Request.
  Time of request: 2026-10-01T15:25:32.4661509Z
  Time since last request: 0.0005565 seconds.
  importAddress: GUID: a077a49d9db9de74f827f0568f6e65c2 - Path: Packages/com.unity.collab-proxy/Editor/AssetsUtils/AssetsPath.cs - Importer: ScriptedImporter/UnityEditor.QuickSearchModule:UnityEditor.Search:ASIAI0B
Importing 'GUID: a077a49d9db9de74f827f0568f6e65c2 - Path: Packages/com.unity.collab-proxy/Editor/AssetsUtils/AssetsPath.cs - Importer: ScriptedImporter/UnityEditor.QuickSearchModule:UnityEditor.Search:ASIAI0B' with importer (ScriptedImporter : UnityEditor.QuickSearchModule:UnityEditor.Search:ASIAI0B)
Imported 'GUID: a077a49d9db9de74f827f0568f6e65c2' -> (Import Result ID: '637c1190d7bf2a274b0f43b9cf0d2eb1') in 0.002 seconds [static and dynamic dependencies]. Details - ImportResultOutputID=4fe97544a42d0a4460266e4b53e3658d DependenciesID=51ba04a673587ec5a3cd3241bd8fe228 StaticDependenciesID=af180f59308becf0e1f4023a3569b616 
Number of updated asset objects reloaded before import = 0
Number of asset objects unloaded after import = 0
========================================================================
Received Import Request.
  Time of request: 2026-10-01T15:25:32.4686862Z
  Time since last request: 0.0002757 seconds.
  importAddress: GUID: 2b3223ee740687445a7e4bc793fa2aae - Path: Packages/com.unity.collab-proxy/Editor/Configuration/ConfigurePartialWorkspace.cs - Importer: ScriptedImporter/UnityEditor.QuickSearchModule:UnityEditor.Search:ASIAI0B
Importing 'GUID: 2b3223ee740687445a7e4bc793fa2aae - Path: Packages/com.unity.collab-proxy/Editor/Configuration/ConfigurePartialWorkspace.cs - Importer: ScriptedImporter/UnityEditor.QuickSearchModule:UnityEditor.Search:ASIAI0B' with importer (ScriptedImporter : UnityEditor.QuickSearchModule:UnityEditor.Search:ASIAI0B)
Imported 'GUID: 2b3223ee740687445a7e4bc793fa2aae' -> (Import Result ID: 'd2d82eecbbc49822e7d75e32c257633c') in 0.002 seconds [static and dynamic dependencies]. Details - ImportResultOutputID=36101b9d38b5080816903d6c5cb4b2cd DependenciesID=c30ff61f44ce68fbe772fb7de12943f1 StaticDependenciesID=78f9f8bbbd974e5acd7466cce2eff38d 
Number of updated asset objects reloaded before import = 0
Number of asset objects unloaded after import = 0
========================================================================
Received Import Request.
  Time of request: 2026-10-01T15:25:32.471334Z
  Time since last request: 0.0002733 seconds.
  importAddress: GUID: d9369fa547ca81b4fafa42a3e74c1b7a - Path: Packages/com.unity.collab-proxy/Editor/AssetsUtils/GetSelectedPaths.cs - Importer: ScriptedImporter/UnityEditor.QuickSearchModule:UnityEditor.Search:ASIAI0B
Importing 'GUID: d9369fa547ca81b4fafa42a3e74c1b7a - Path: Packages/com.unity.collab-proxy/Editor/AssetsUtils/GetSelectedPaths.cs - Importer: ScriptedImporter/UnityEditor.QuickSearchModule:UnityEditor.Search:ASIAI0B' with importer (ScriptedImporter : UnityEditor.QuickSearchModule:UnityEditor.Search:ASIAI0B)
Imported 'GUID: d9369fa547ca81b4fafa42a3e74c1b7a' -> (Import Result ID: '6a435fe157d9fb187e1dbf54dd4004cd') in 0.002 seconds [static and dynamic dependencies]. Details - ImportResultOutputID=97cf5a9b6cc9bb210e39df3da0b2d1a8 DependenciesID=b189f46219eaa061d6eff2574dcdec02 StaticDependenciesID=d2261b0005739018fde7200790e2e705 
Number of updated asset objects reloaded before import = 0
Number of asset objects unloaded after import = 0
========================================================================
Received Import Request.
  Time of request: 2026-10-01T15:25:32.4739604Z
  Time since last request: 0.0003655 seconds.
  importAddress: GUID: edf8d7a4bab748b4a77c198d33394e58 - Path: Packages/com.unity.collab-proxy/Editor/Configuration/ClientConfiguration.cs - Importer: ScriptedImporter/UnityEditor.QuickSearchModule:UnityEditor.Search:ASIAI0B
Importing 'GUID: edf8d7a4bab748b4a77c198d33394e58 - Path: Packages/com.unity.collab-proxy/Editor/Configuration/ClientConfiguration.cs - Importer: ScriptedImporter/UnityEditor.QuickSearchModule:UnityEditor.Search:ASIAI0B' with importer (ScriptedImporter : UnityEditor.QuickSearchModule:UnityEditor.Search:ASIAI0B)
Imported 'GUID: edf8d7a4bab748b4a77c198d33394e58' -> (Import Result ID: 'e3bc9135a36edfc499063c62b1008acb') in 0.003 seconds [static and dynamic dependencies]. Details - ImportResultOutputID=0ba18a73f64c23c7061c3692fe5d8eaa DependenciesID=96ca0af86f6672219b37f8cbd336dfed StaticDependenciesID=dfaccf79e62088bf03e8943bf4ef466c 
Number of updated asset objects reloaded before import = 0
Number of asset objects unloaded after import = 0
========================================================================
Received Import Request.
  Time of request: 2026-10-01T15:25:32.4769331Z
  Time since last request: 0.0002904 seconds.
  importAddress: GUID: 7c8a8e3e4456f9149905cf2c80aa41a9 - Path: Packages/com.unity.collab-proxy/Editor/AssetMenu/ProjectViewUVCSAssetMenu.cs - Importer: ScriptedImporter/UnityEditor.QuickSearchModule:UnityEditor.Search:ASIAI0B
Importing 'GUID: 7c8a8e3e4456f9149905cf2c80aa41a9 - Path: Packages/com.unity.collab-proxy/Editor/AssetMenu/ProjectViewUVCSAssetMenu.cs - Importer: ScriptedImporter/UnityEditor.QuickSearchModule:UnityEditor.Search:ASIAI0B' with importer (ScriptedImporter : UnityEditor.QuickSearchModule:UnityEditor.Search:ASIAI0B)
Imported 'GUID: 7c8a8e3e4456f9149905cf2c80aa41a9' -> (Import Result ID: '2b1c29decf4a576c42f28e9f617f001b') in 0.002 seconds [static and dynamic dependencies]. Details - ImportResultOutputID=b84599bd3874bab99957bd651f1f2f24 DependenciesID=cbb3a3ef1569b13abd36929475e520d2 StaticDependenciesID=08854a75bc7baf2f2754410f3d99ce17 
Number of updated asset objects reloaded before import = 0
Number of asset objects unloaded after import = 0
========================================================================
Received Import Request.
  Time of request: 2026-10-01T15:25:32.4797172Z
  Time since last request: 0.0002733 seconds.
  importAddress: GUID: aebdb56b44622b2468b014e27e5e28e5 - Path: Packages/com.unity.collab-proxy/Editor/UVCSPlugin.cs - Importer: ScriptedImporter/UnityEditor.QuickSearchModule:UnityEditor.Search:ASIAI0B
Importing 'GUID: aebdb56b44622b2468b014e27e5e28e5 - Path: Packages/com.unity.collab-proxy/Editor/UVCSPlugin.cs - Importer: ScriptedImporter/UnityEditor.QuickSearchModule:UnityEditor.Search:ASIAI0B' with importer (ScriptedImporter : UnityEditor.QuickSearchModule:UnityEditor.Search:ASIAI0B)
Imported 'GUID: aebdb56b44622b2468b014e27e5e28e5' -> (Import Result ID: '17b3cc95065d174fd0dd5167cebc13ec') in 0.003 seconds [static and dynamic dependencies]. Details - ImportResultOutputID=5dd9d6fc4f550e963d65fb33d450c8af DependenciesID=428480b5a358cef6940782f33380c9a8 StaticDependenciesID=203c850adcd83f7ec448072f207d1403 
Number of updated asset objects reloaded before import = 0
Number of asset objects unloaded after import = 0
========================================================================
Received Import Request.
  Time of request: 2026-10-01T15:25:32.4828628Z
  Time since last request: 0.0002811 seconds.
  importAddress: GUID: 7495e44f1cb132745a310485807e68f6 - Path: Packages/com.unity.collab-proxy/Editor/AssetsUtils/RefreshAsset.cs - Importer: ScriptedImporter/UnityEditor.QuickSearchModule:UnityEditor.Search:ASIAI0B
Importing 'GUID: 7495e44f1cb132745a310485807e68f6 - Path: Packages/com.unity.collab-proxy/Editor/AssetsUtils/RefreshAsset.cs - Importer: ScriptedImporter/UnityEditor.QuickSearchModule:UnityEditor.Search:ASIAI0B' with importer (ScriptedImporter : UnityEditor.QuickSearchModule:UnityEditor.Search:ASIAI0B)
Imported 'GUID: 7495e44f1cb132745a310485807e68f6' -> (Import Result ID: 'e90ba6ae7fca71d9b567a085cb5cd741') in 0.003 seconds [static and dynamic dependencies]. Details - ImportResultOutputID=625cc600c7cb6198e8345347ff033194 DependenciesID=78938686552f57c072b9ed2e8d971415 StaticDependenciesID=49b6628d2b6dbc08d81fbce71d2b22e1 
Number of updated asset objects reloaded before import = 0
Number of asset objects unloaded after import = 0
========================================================================
Received Import Request.
  Time of request: 2026-10-01T15:25:32.486056Z
  Time since last request: 0.0002753 seconds.
  importAddress: GUID: 14df2a8f74d04d89a24fbbad8cf2037b - Path: Packages/com.unity.collab-proxy/Editor/CloudDrive/RefreshAsset.cs - Importer: ScriptedImporter/UnityEditor.QuickSearchModule:UnityEditor.Search:ASIAI0B
Importing 'GUID: 14df2a8f74d04d89a24fbbad8cf2037b - Path: Packages/com.unity.collab-proxy/Editor/CloudDrive/RefreshAsset.cs - Importer: ScriptedImporter/UnityEditor.QuickSearchModule:UnityEditor.Search:ASIAI0B' with importer (ScriptedImporter : UnityEditor.QuickSearchModule:UnityEditor.Search:ASIAI0B)
Imported 'GUID: 14df2a8f74d04d89a24fbbad8cf2037b' -> (Import Result ID: 'a9ac3d1762b90aa02242570a357de7d9') in 0.002 seconds [static and dynamic dependencies]. Details - ImportResultOutputID=6e7667619a2e2ee8be016335a91c30ca DependenciesID=173cddf2929a11401d17fc23bd072faa StaticDependenciesID=3ce689962b8b68443987703eee52fdf0 
Number of updated asset objects reloaded before import = 0
Number of asset objects unloaded after import = 0
========================================================================
Received Import Request.
  Time of request: 2026-10-01T15:25:32.4884546Z
  Time since last request: 0.0002387 seconds.
  importAddress: GUID: 9203e3f44c0ecfd42953709384a56c4d - Path: Packages/com.unity.collab-proxy/Editor/AssetsUtils/RepaintEditor.cs - Importer: ScriptedImporter/UnityEditor.QuickSearchModule:UnityEditor.Search:ASIAI0B
Importing 'GUID: 9203e3f44c0ecfd42953709384a56c4d - Path: Packages/com.unity.collab-proxy/Editor/AssetsUtils/RepaintEditor.cs - Importer: ScriptedImporter/UnityEditor.QuickSearchModule:UnityEditor.Search:ASIAI0B' with importer (ScriptedImporter : UnityEditor.QuickSearchModule:UnityEditor.Search:ASIAI0B)
Imported 'GUID: 9203e3f44c0ecfd42953709384a56c4d' -> (Import Result ID: '3d476195783a9aabb04212053e3198c3') in 0.002 seconds [static and dynamic dependencies]. Details - ImportResultOutputID=81eeec6238c0bc7ad33fb1e6f89373b4 DependenciesID=8464ea0c11c1af53a8ada681d780d2a9 StaticDependenciesID=fde5cf71e5c7e79e6be63a05e6444d16 
Number of updated asset objects reloaded before import = 0
Number of asset objects unloaded after import = 0
========================================================================
Received Import Request.
  Time of request: 2026-10-01T15:25:32.4907679Z
  Time since last request: 0.0003055 seconds.
  importAddress: GUID: ea0c99d9630e5ca40ba541545beec9b8 - Path: Packages/com.unity.collab-proxy/Editor/UVCSNotification.cs - Importer: ScriptedImporter/UnityEditor.QuickSearchModule:UnityEditor.Search:ASIAI0B
Importing 'GUID: ea0c99d9630e5ca40ba541545beec9b8 - Path: Packages/com.unity.collab-proxy/Editor/UVCSNotification.cs - Importer: ScriptedImporter/UnityEditor.QuickSearchModule:UnityEditor.Search:ASIAI0B' with importer (ScriptedImporter : UnityEditor.QuickSearchModule:UnityEditor.Search:ASIAI0B)
Imported 'GUID: ea0c99d9630e5ca40ba541545beec9b8' -> (Import Result ID: 'eec46987f1d1bae05a0da07d27b6b6c7') in 0.002 seconds [static and dynamic dependencies]. Details - ImportResultOutputID=53cb64cb5dba2b9650d0dab624bc5150 DependenciesID=e190a734e53f9c6c38f18d0982c99fe3 StaticDependenciesID=9edfa26995ae5bbbe0c93c2c1ffd1b97 
Number of updated asset objects reloaded before import = 0
Number of asset objects unloaded after import = 0
========================================================================
Received Import Request.
  Time of request: 2026-10-01T15:25:32.4935063Z
  Time since last request: 0.0002491 seconds.
  importAddress: GUID: 69c93fadaeb340eca663fdeb3ba79614 - Path: Packages/com.unity.collab-proxy/Editor/CodeEditor/ScrollBarVisibility.cs - Importer: ScriptedImporter/UnityEditor.QuickSearchModule:UnityEditor.Search:ASIAI0B
Importing 'GUID: 69c93fadaeb340eca663fdeb3ba79614 - Path: Packages/com.unity.collab-proxy/Editor/CodeEditor/ScrollBarVisibility.cs - Importer: ScriptedImporter/UnityEditor.QuickSearchModule:UnityEditor.Search:ASIAI0B' with importer (ScriptedImporter : UnityEditor.QuickSearchModule:UnityEditor.Search:ASIAI0B)
Imported 'GUID: 69c93fadaeb340eca663fdeb3ba79614' -> (Import Result ID: '0715bfe83875c3ca0f71e4d4197bd475') in 0.002 seconds [static and dynamic dependencies]. Details - ImportResultOutputID=6c4ab175418ba41a8598b69c4d72be09 DependenciesID=04ca4882591b9179eec892125f41b171 StaticDependenciesID=7f119ee463ff351b3f86a211a406f0ca 
Number of updated asset objects reloaded before import = 0
Number of asset objects unloaded after import = 0
========================================================================
Received Import Request.
  Time of request: 2026-10-01T15:25:32.4964153Z
  Time since last request: 0.0002971 seconds.
  importAddress: GUID: ad736c857532f410a8814a8d5dd96a84 - Path: Packages/com.unity.collab-proxy/Editor/CodeEditor/SearchPanelLocalization.cs - Importer: ScriptedImporter/UnityEditor.QuickSearchModule:UnityEditor.Search:ASIAI0B
Importing 'GUID: ad736c857532f410a8814a8d5dd96a84 - Path: Packages/com.unity.collab-proxy/Editor/CodeEditor/SearchPanelLocalization.cs - Importer: ScriptedImporter/UnityEditor.QuickSearchModule:UnityEditor.Search:ASIAI0B' with importer (ScriptedImporter : UnityEditor.QuickSearchModule:UnityEditor.Search:ASIAI0B)
Imported 'GUID: ad736c857532f410a8814a8d5dd96a84' -> (Import Result ID: 'c19171ce8088da61fff2389ed237f3e8') in 0.002 seconds [static and dynamic dependencies]. Details - ImportResultOutputID=b2277f2ce70d718a869df18f5923e433 DependenciesID=7b0acaf8efa7f1b87c7ed5bf37509c84 StaticDependenciesID=b2043dd3b304ff8ccb4e1c8d4336d09a 
Number of updated asset objects reloaded before import = 0
Number of asset objects unloaded after import = 0
========================================================================
Received Import Request.
  Time of request: 2026-10-01T15:25:32.5171175Z
  Time since last request: 0.0179733 seconds.
  importAddress: GUID: 68d5bb402c52edc48b494a59b8971758 - Path: Packages/com.unity.collab-proxy/Editor/Configuration/EncryptionConfigurationDialog.cs - Importer: ScriptedImporter/UnityEditor.QuickSearchModule:UnityEditor.Search:ASIAI0B
Importing 'GUID: 68d5bb402c52edc48b494a59b8971758 - Path: Packages/com.unity.collab-proxy/Editor/Configuration/EncryptionConfigurationDialog.cs - Importer: ScriptedImporter/UnityEditor.QuickSearchModule:UnityEditor.Search:ASIAI0B' with importer (ScriptedImporter : UnityEditor.QuickSearchModule:UnityEditor.Search:ASIAI0B)
Imported 'GUID: 68d5bb402c52edc48b494a59b8971758' -> (Import Result ID: 'd9a1a4bf643b4349dbddf37d40c8444a') in 0.002 seconds [static and dynamic dependencies]. Details - ImportResultOutputID=bb9e77012c1523f9487b6f62eff57f95 DependenciesID=5d78299d106b46318e5e0c4bc482e1f2 StaticDependenciesID=047100fb8894b48e1625deabf3c74c39 
Number of updated asset objects reloaded before import = 0
Number of asset objects unloaded after import = 0
========================================================================
Received Import Request.
  Time of request: 2026-10-01T15:25:32.5195808Z
  Time since last request: 0.0003794 seconds.
  importAddress: GUID: a863d083557069b458628045916c1724 - Path: Packages/com.unity.collab-proxy/Editor/Headless/HeadlessGluonViewHost.cs - Importer: ScriptedImporter/UnityEditor.QuickSearchModule:UnityEditor.Search:ASIAI0B
Importing 'GUID: a863d083557069b458628045916c1724 - Path: Packages/com.unity.collab-proxy/Editor/Headless/HeadlessGluonViewHost.cs - Importer: ScriptedImporter/UnityEditor.QuickSearchModule:UnityEditor.Search:ASIAI0B' with importer (ScriptedImporter : UnityEditor.QuickSearchModule:UnityEditor.Search:ASIAI0B)
Imported 'GUID: a863d083557069b458628045916c1724' -> (Import Result ID: '38c2689766b72023d0eb6949d0f12586') in 0.003 seconds [static and dynamic dependencies]. Details - ImportResultOutputID=54def95a92e77f7798767a5334529685 DependenciesID=d65b5d6a1330487b62309bd0a15be009 StaticDependenciesID=658d08722b4ace57230ba1af6ea40c62 
Number of updated asset objects reloaded before import = 0
Number of asset objects unloaded after import = 0
========================================================================
Received Import Request.
  Time of request: 2026-10-01T15:25:32.5230056Z
  Time since last request: 0.0007371 seconds.
  importAddress: GUID: 3d2304fd911974785b2dd0bcde004980 - Path: Packages/com.unity.collab-proxy/Editor/Diff/RefreshAssetsPanel.cs - Importer: ScriptedImporter/UnityEditor.QuickSearchModule:UnityEditor.Search:ASIAI0B
Importing 'GUID: 3d2304fd911974785b2dd0bcde004980 - Path: Packages/com.unity.collab-proxy/Editor/Diff/RefreshAssetsPanel.cs - Importer: ScriptedImporter/UnityEditor.QuickSearchModule:UnityEditor.Search:ASIAI0B' with importer (ScriptedImporter : UnityEditor.QuickSearchModule:UnityEditor.Search:ASIAI0B)
Imported 'GUID: 3d2304fd911974785b2dd0bcde004980' -> (Import Result ID: 'ae222b4b63e573c237cac03d4ef3ed5e') in 0.004 seconds [static and dynamic dependencies]. Details - ImportResultOutputID=390ba0f4f351b18e9137ba5985412b38 DependenciesID=5fe2ae4502d6a0dc8860a87b063b8c5d StaticDependenciesID=ee0171094cb07bd0a12bb125965568b4 
Number of updated asset objects reloaded before import = 0
Number of asset objects unloaded after import = 0
========================================================================
Received Import Request.
  Time of request: 2026-10-01T15:25:32.5278312Z
  Time since last request: 0.0002707 seconds.
  importAddress: GUID: d8da5f578b092c047880b2897f1adf08 - Path: Packages/com.unity.collab-proxy/Editor/Headless/HeadlessGluonUpdateReport.cs - Importer: ScriptedImporter/UnityEditor.QuickSearchModule:UnityEditor.Search:ASIAI0B
Importing 'GUID: d8da5f578b092c047880b2897f1adf08 - Path: Packages/com.unity.collab-proxy/Editor/Headless/HeadlessGluonUpdateReport.cs - Importer: ScriptedImporter/UnityEditor.QuickSearchModule:UnityEditor.Search:ASIAI0B' with importer (ScriptedImporter : UnityEditor.QuickSearchModule:UnityEditor.Search:ASIAI0B)
Imported 'GUID: d8da5f578b092c047880b2897f1adf08' -> (Import Result ID: '732a6f285475d079f16266ec9723b917') in 0.002 seconds [static and dynamic dependencies]. Details - ImportResultOutputID=0899cb124b1d06704c1e06314872ccdf DependenciesID=8b66a48af86cf09efcd5102c9bc25265 StaticDependenciesID=235154d2960bcf192e6aad4391e14f28 
Number of updated asset objects reloaded before import = 0
Number of asset objects unloaded after import = 0
========================================================================
Received Import Request.
  Time of request: 2026-10-01T15:25:32.5304472Z
  Time since last request: 0.0002943 seconds.
  importAddress: GUID: 537d6b35c9cc8bd42a656dfc8cb64948 - Path: Packages/com.unity.collab-proxy/Editor/Tool/AuthToken.cs - Importer: ScriptedImporter/UnityEditor.QuickSearchModule:UnityEditor.Search:ASIAI0B
Importing 'GUID: 537d6b35c9cc8bd42a656dfc8cb64948 - Path: Packages/com.unity.collab-proxy/Editor/Tool/AuthToken.cs - Importer: ScriptedImporter/UnityEditor.QuickSearchModule:UnityEditor.Search:ASIAI0B' with importer (ScriptedImporter : UnityEditor.QuickSearchModule:UnityEditor.Search:ASIAI0B)
Imported 'GUID: 537d6b35c9cc8bd42a656dfc8cb64948' -> (Import Result ID: 'c303c6b3cfa393a2264f6b63a9c17164') in 0.005 seconds [static and dynamic dependencies]. Details - ImportResultOutputID=9c8f467c15cb46e9b6e6f7047897ba81 DependenciesID=441caee20832754259b49a6e45dd8f0b StaticDependenciesID=3dd58b62e01e39e7e3be99fd08698439 
Number of updated asset objects reloaded before import = 0
Number of asset objects unloaded after import = 0
========================================================================
Received Import Request.
  Time of request: 2026-10-01T15:25:32.5365251Z
  Time since last request: 0.0010978 seconds.
  importAddress: GUID: f957d659be9dee74fb0f993b67b2d044 - Path: Packages/com.unity.collab-proxy/Editor/Headless/HeadlessProgressControls.cs - Importer: ScriptedImporter/UnityEditor.QuickSearchModule:UnityEditor.Search:ASIAI0B
Importing 'GUID: f957d659be9dee74fb0f993b67b2d044 - Path: Packages/com.unity.collab-proxy/Editor/Headless/HeadlessProgressControls.cs - Importer: ScriptedImporter/UnityEditor.QuickSearchModule:UnityEditor.Search:ASIAI0B' with importer (ScriptedImporter : UnityEditor.QuickSearchModule:UnityEditor.Search:ASIAI0B)
Imported 'GUID: f957d659be9dee74fb0f993b67b2d044' -> (Import Result ID: '56fecf1ca306bb841927ff243693e6e3') in 0.003 seconds [static and dynamic dependencies]. Details - ImportResultOutputID=a6738399d39aacd717c75375ec3be0cf DependenciesID=573e28df3bc2465531abc2adc84e4d0c StaticDependenciesID=a2bbc23e4d9c5812867d6d1c50732149 
Number of updated asset objects reloaded before import = 0
Number of asset objects unloaded after import = 0
========================================================================
Received Import Request.
  Time of request: 2026-10-01T15:25:32.5398214Z
  Time since last request: 0.0002714 seconds.
  importAddress: GUID: ea76fa5a629244fa9ae3a8d3224aef02 - Path: Packages/com.unity.collab-proxy/Editor/Gluon/ShelvedChangesNotification.cs - Importer: ScriptedImporter/UnityEditor.QuickSearchModule:UnityEditor.Search:ASIAI0B
Importing 'GUID: ea76fa5a629244fa9ae3a8d3224aef02 - Path: Packages/com.unity.collab-proxy/Editor/Gluon/ShelvedChangesNotification.cs - Importer: ScriptedImporter/UnityEditor.QuickSearchModule:UnityEditor.Search:ASIAI0B' with importer (ScriptedImporter : UnityEditor.QuickSearchModule:UnityEditor.Search:ASIAI0B)
Imported 'GUID: ea76fa5a629244fa9ae3a8d3224aef02' -> (Import Result ID: '846679d51c12c935055205d04d6e6608') in 0.005 seconds [static and dynamic dependencies]. Details - ImportResultOutputID=4c9c1aac7bec3283f823a65507b75c1a DependenciesID=d6a8d427f0981600ba1680c7799c217c StaticDependenciesID=3d5143e780b7433eda846a482c130b58 
Number of updated asset objects reloaded before import = 0
Number of asset objects unloaded after import = 0
========================================================================
Received Import Request.
  Time of request: 2026-10-01T15:25:32.5460371Z
  Time since last request: 0.0004779 seconds.
  importAddress: GUID: ce652d891ad5ed540b0d6e474d00130c - Path: Packages/com.unity.collab-proxy/Editor/Developer/UpdateProgress.cs - Importer: ScriptedImporter/UnityEditor.QuickSearchModule:UnityEditor.Search:ASIAI0B
Importing 'GUID: ce652d891ad5ed540b0d6e474d00130c - Path: Packages/com.unity.collab-proxy/Editor/Developer/UpdateProgress.cs - Importer: ScriptedImporter/UnityEditor.QuickSearchModule:UnityEditor.Search:ASIAI0B' with importer (ScriptedImporter : UnityEditor.QuickSearchModule:UnityEditor.Search:ASIAI0B)
Imported 'GUID: ce652d891ad5ed540b0d6e474d00130c' -> (Import Result ID: '0a33fb67682b0841b627c0b33701f4d2') in 0.004 seconds [static and dynamic dependencies]. Details - ImportResultOutputID=33c27cca4fc4a9cffe088e28c84cd66d DependenciesID=7acdcdaa8809a5701a2b94f07e530916 StaticDependenciesID=ba1a9c2948ba2679a11c219d1a199c6f 
Number of updated asset objects reloaded before import = 0
Number of asset objects unloaded after import = 0
========================================================================
Received Import Request.
  Time of request: 2026-10-01T15:25:32.5513292Z
  Time since last request: 0.001271 seconds.
  importAddress: GUID: c24d342672367b243aff1910ea83a56d - Path: Packages/com.unity.collab-proxy/Editor/Entities/Unity.PlasticSCM.Editor.Entities.asmdef - Importer: ScriptedImporter/UnityEditor.QuickSearchModule:UnityEditor.Search:ASIAI0B
Importing 'GUID: c24d342672367b243aff1910ea83a56d - Path: Packages/com.unity.collab-proxy/Editor/Entities/Unity.PlasticSCM.Editor.Entities.asmdef - Importer: ScriptedImporter/UnityEditor.QuickSearchModule:UnityEditor.Search:ASIAI0B' with importer (ScriptedImporter : UnityEditor.QuickSearchModule:UnityEditor.Search:ASIAI0B)
Imported 'GUID: c24d342672367b243aff1910ea83a56d' -> (Import Result ID: '0c6df203d913744b9ca71b9b90443302') in 0.003 seconds [static and dynamic dependencies]. Details - ImportResultOutputID=c693f3cdd183de2dd071929dfe53826b DependenciesID=065c121a19c5260a41ff7382e98ed692 StaticDependenciesID=06b9df6f5026b11d404a0e7fafa61fae 
Number of updated asset objects reloaded before import = 0
Number of asset objects unloaded after import = 1
========================================================================
Received Import Request.
  Time of request: 2026-10-01T15:25:32.5557322Z
  Time since last request: 0.0000669 seconds.
  importAddress: GUID: e5854d1a1c573e040afdbb54103decf3 - Path: Packages/com.unity.collab-proxy/Editor/Headless/HeadlessViewSwitcher.cs - Importer: ScriptedImporter/UnityEditor.QuickSearchModule:UnityEditor.Search:ASIAI0B
Importing 'GUID: e5854d1a1c573e040afdbb54103decf3 - Path: Packages/com.unity.collab-proxy/Editor/Headless/HeadlessViewSwitcher.cs - Importer: ScriptedImporter/UnityEditor.QuickSearchModule:UnityEditor.Search:ASIAI0B' with importer (ScriptedImporter : UnityEditor.QuickSearchModule:UnityEditor.Search:ASIAI0B)
Imported 'GUID: e5854d1a1c573e040afdbb54103decf3' -> (Import Result ID: '6d13cddb040ad732e5715bcb1f1e2eac') in 0.003 seconds [static and dynamic dependencies]. Details - ImportResultOutputID=2f6bac52f8e40dc4acb1baae744516ad DependenciesID=d270c4bcd1c315067a114dc16af9b66d StaticDependenciesID=c371bc4ff4fb96a4894b0ee0b05fd4bd 
Number of updated asset objects reloaded before import = 0
Number of asset objects unloaded after import = 0
========================================================================
Received Import Request.
  Time of request: 2026-10-01T15:25:32.5593134Z
  Time since last request: 0.0005003 seconds.
  importAddress: GUID: d7826644a043a9b4cb6b1f06c937cad7 - Path: Packages/com.unity.collab-proxy/Editor/Headless/HeadlessUpdateProgress.cs - Importer: ScriptedImporter/UnityEditor.QuickSearchModule:UnityEditor.Search:ASIAI0B
Importing 'GUID: d7826644a043a9b4cb6b1f06c937cad7 - Path: Packages/com.unity.collab-proxy/Editor/Headless/HeadlessUpdateProgress.cs - Importer: ScriptedImporter/UnityEditor.QuickSearchModule:UnityEditor.Search:ASIAI0B' with importer (ScriptedImporter : UnityEditor.QuickSearchModule:UnityEditor.Search:ASIAI0B)
Imported 'GUID: d7826644a043a9b4cb6b1f06c937cad7' -> (Import Result ID: '68c31bf4cdcb4380c738f0a2fa3be4cc') in 0.002 seconds [static and dynamic dependencies]. Details - ImportResultOutputID=c46c48b5c01ac68e236c4d875606feea DependenciesID=df13e05a7364126e9ab66b3adac9044b StaticDependenciesID=e0eff49c634a42894bb67651515290ff 
Number of updated asset objects reloaded before import = 0
Number of asset objects unloaded after import = 0
========================================================================
Received Import Request.
  Time of request: 2026-10-01T15:25:32.5625444Z
  Time since last request: 0.0002714 seconds.
  importAddress: GUID: c64851962d9c48068897eb736be4bed1 - Path: Packages/com.unity.collab-proxy/Editor/Settings/ShelveAndSwitchOptionsFoldout.cs - Importer: ScriptedImporter/UnityEditor.QuickSearchModule:UnityEditor.Search:ASIAI0B
Importing 'GUID: c64851962d9c48068897eb736be4bed1 - Path: Packages/com.unity.collab-proxy/Editor/Settings/ShelveAndSwitchOptionsFoldout.cs - Importer: ScriptedImporter/UnityEditor.QuickSearchModule:UnityEditor.Search:ASIAI0B' with importer (ScriptedImporter : UnityEditor.QuickSearchModule:UnityEditor.Search:ASIAI0B)
Imported 'GUID: c64851962d9c48068897eb736be4bed1' -> (Import Result ID: 'a99cace30d6df59a868fbbc9ba64145d') in 0.003 seconds [static and dynamic dependencies]. Details - ImportResultOutputID=c20aa0632f1790d7121a144bdf4a0119 DependenciesID=b8d25f444a77e878b632953c8fdd1515 StaticDependenciesID=3cbb30e0b32cf07e92dd42088f212673 
Number of updated asset objects reloaded before import = 0
Number of asset objects unloaded after import = 0
========================================================================
Received Import Request.
  Time of request: 2026-10-01T15:25:32.5656214Z
  Time since last request: 0.0003216 seconds.
  importAddress: GUID: cc9b578c680471e41965738c85cbabbf - Path: Packages/com.unity.collab-proxy/Editor/Developer/IncomingChangesNotification.cs - Importer: ScriptedImporter/UnityEditor.QuickSearchModule:UnityEditor.Search:ASIAI0B
Importing 'GUID: cc9b578c680471e41965738c85cbabbf - Path: Packages/com.unity.collab-proxy/Editor/Developer/IncomingChangesNotification.cs - Importer: ScriptedImporter/UnityEditor.QuickSearchModule:UnityEditor.Search:ASIAI0B' with importer (ScriptedImporter : UnityEditor.QuickSearchModule:UnityEditor.Search:ASIAI0B)
Imported 'GUID: cc9b578c680471e41965738c85cbabbf' -> (Import Result ID: 'aa32a0ee0bbc1e0e427468f108a87069') in 0.002 seconds [static and dynamic dependencies]. Details - ImportResultOutputID=5fda5e50441b5cbd43c1d845146d90f6 DependenciesID=a4283320d400f0515247c869df063578 StaticDependenciesID=7f81bd0e9cca1e6886a15f4947c033b9 
Number of updated asset objects reloaded before import = 0
Number of asset objects unloaded after import = 0
========================================================================
Received Import Request.
  Time of request: 2026-10-01T15:25:32.568272Z
  Time since last request: 0.0003011 seconds.
  importAddress: GUID: 50d82b3e371b7cc42abc2999039b19cb - Path: Packages/com.unity.collab-proxy/Editor/Configuration/CredentialsUIImpl.cs - Importer: ScriptedImporter/UnityEditor.QuickSearchModule:UnityEditor.Search:ASIAI0B
Importing 'GUID: 50d82b3e371b7cc42abc2999039b19cb - Path: Packages/com.unity.collab-proxy/Editor/Configuration/CredentialsUIImpl.cs - Importer: ScriptedImporter/UnityEditor.QuickSearchModule:UnityEditor.Search:ASIAI0B' with importer (ScriptedImporter : UnityEditor.QuickSearchModule:UnityEditor.Search:ASIAI0B)
Imported 'GUID: 50d82b3e371b7cc42abc2999039b19cb' -> (Import Result ID: 'aa5a7eb2cdf0677b63fa2ff5ce00febf') in 0.002 seconds [static and dynamic dependencies]. Details - ImportResultOutputID=5dc70c5ee313b56fda088ac2340f56e9 DependenciesID=b2e22f4dfaa1e312d0a95f1d4dcb9440 StaticDependenciesID=6d9c91b5920ec9b0d1115a7f837a44cb 
Number of updated asset objects reloaded before import = 0
Number of asset objects unloaded after import = 0
========================================================================
Received Import Request.
  Time of request: 2026-10-01T15:25:32.571122Z
  Time since last request: 0.0002622 seconds.
  importAddress: GUID: 4f6e4f3809c687045b21461609e2f78b - Path: Packages/com.unity.collab-proxy/Editor/Configuration/MissingEncryptionPasswordPromptHandler.cs - Importer: ScriptedImporter/UnityEditor.QuickSearchModule:UnityEditor.Search:ASIAI0B
Importing 'GUID: 4f6e4f3809c687045b21461609e2f78b - Path: Packages/com.unity.collab-proxy/Editor/Configuration/MissingEncryptionPasswordPromptHandler.cs - Importer: ScriptedImporter/UnityEditor.QuickSearchModule:UnityEditor.Search:ASIAI0B' with importer (ScriptedImporter : UnityEditor.QuickSearchModule:UnityEditor.Search:ASIAI0B)
Imported 'GUID: 4f6e4f3809c687045b21461609e2f78b' -> (Import Result ID: 'f136158d33da300c42690b2f1077e071') in 0.002 seconds [static and dynamic dependencies]. Details - ImportResultOutputID=192ac9b9f974441fcc85e5035fac4bbb DependenciesID=f140d031aa5017ec9c09ce689d122164 StaticDependenciesID=2d74c0793c0917faf7e5b4c7420f9efc 
Number of updated asset objects reloaded before import = 0
Number of asset objects unloaded after import = 0
========================================================================
Received Import Request.
  Time of request: 2026-10-01T15:25:32.5738551Z
  Time since last request: 0.0002624 seconds.
  importAddress: GUID: f1b80531a496e644abedd795c21274cb - Path: Packages/com.unity.collab-proxy/Editor/Developer/ProgressOperationHandler.cs - Importer: ScriptedImporter/UnityEditor.QuickSearchModule:UnityEditor.Search:ASIAI0B
Importing 'GUID: f1b80531a496e644abedd795c21274cb - Path: Packages/com.unity.collab-proxy/Editor/Developer/ProgressOperationHandler.cs - Importer: ScriptedImporter/UnityEditor.QuickSearchModule:UnityEditor.Search:ASIAI0B' with importer (ScriptedImporter : UnityEditor.QuickSearchModule:UnityEditor.Search:ASIAI0B)
Imported 'GUID: f1b80531a496e644abedd795c21274cb' -> (Import Result ID: 'a62b4df311abdd8b68ac7af2d10c576d') in 0.003 seconds [static and dynamic dependencies]. Details - ImportResultOutputID=6438c46e06e88a804ce1884983fc407b DependenciesID=1857d7fbe46d9df2b8a511978d54bd0b StaticDependenciesID=0b34ceb7e5195b70fec73f82bdf3139c 
Number of updated asset objects reloaded before import = 0
Number of asset objects unloaded after import = 0
========================================================================
Received Import Request.
  Time of request: 2026-10-01T15:25:32.5770707Z
  Time since last request: 0.0002664 seconds.
  importAddress: GUID: a7785ffd4a2444038c73d694d2bf3a80 - Path: Packages/com.unity.collab-proxy/Editor/Entities/GetSubScenePathFromInstance.cs - Importer: ScriptedImporter/UnityEditor.QuickSearchModule:UnityEditor.Search:ASIAI0B
Importing 'GUID: a7785ffd4a2444038c73d694d2bf3a80 - Path: Packages/com.unity.collab-proxy/Editor/Entities/GetSubScenePathFromInstance.cs - Importer: ScriptedImporter/UnityEditor.QuickSearchModule:UnityEditor.Search:ASIAI0B' with importer (ScriptedImporter : UnityEditor.QuickSearchModule:UnityEditor.Search:ASIAI0B)
Imported 'GUID: a7785ffd4a2444038c73d694d2bf3a80' -> (Import Result ID: 'db57764ed626f3a641a8f7da20b71019') in 0.002 seconds [static and dynamic dependencies]. Details - ImportResultOutputID=41ae79ed36f4ffa86488345b4ebb2d5f DependenciesID=05ca030cea2c84c418c71db352c85fd8 StaticDependenciesID=21af12eab8ced504ccba37a00846c774 
Number of updated asset objects reloaded before import = 0
Number of asset objects unloaded after import = 0
========================================================================
Received Import Request.
  Time of request: 2026-10-01T15:25:32.5794243Z
  Time since last request: 0.0002548 seconds.
  importAddress: GUID: 7a0528634c1324f47b7e2e59266dfa4c - Path: Packages/com.unity.collab-proxy/Editor/Developer/CheckinProgress.cs - Importer: ScriptedImporter/UnityEditor.QuickSearchModule:UnityEditor.Search:ASIAI0B
Importing 'GUID: 7a0528634c1324f47b7e2e59266dfa4c - Path: Packages/com.unity.collab-proxy/Editor/Developer/CheckinProgress.cs - Importer: ScriptedImporter/UnityEditor.QuickSearchModule:UnityEditor.Search:ASIAI0B' with importer (ScriptedImporter : UnityEditor.QuickSearchModule:UnityEditor.Search:ASIAI0B)
Imported 'GUID: 7a0528634c1324f47b7e2e59266dfa4c' -> (Import Result ID: '403858533bac2a2d1b843d231ff5c8fb') in 0.002 seconds [static and dynamic dependencies]. Details - ImportResultOutputID=f9415c47cfe27d5e244db27a409eabfe DependenciesID=4a1c2557ab8725f07c8d8e20034ce681 StaticDependenciesID=61db9532dc3d2fc51349263d34d60536 
Number of updated asset objects reloaded before import = 0
Number of asset objects unloaded after import = 0
========================================================================
Received Import Request.
  Time of request: 2026-10-01T15:25:32.5822407Z
  Time since last request: 0.0003082 seconds.
  importAddress: GUID: d1c8ba8f08844ab3ad8c0ef45536941e - Path: Packages/com.unity.collab-proxy/Editor/Hashing/NonCryptographicHashAlgorithm.cs - Importer: ScriptedImporter/UnityEditor.QuickSearchModule:UnityEditor.Search:ASIAI0B
Importing 'GUID: d1c8ba8f08844ab3ad8c0ef45536941e - Path: Packages/com.unity.collab-proxy/Editor/Hashing/NonCryptographicHashAlgorithm.cs - Importer: ScriptedImporter/UnityEditor.QuickSearchModule:UnityEditor.Search:ASIAI0B' with importer (ScriptedImporter : UnityEditor.QuickSearchModule:UnityEditor.Search:ASIAI0B)
Imported 'GUID: d1c8ba8f08844ab3ad8c0ef45536941e' -> (Import Result ID: '2d6a0aef516cbdfda8e429b7b726f87d') in 0.002 seconds [static and dynamic dependencies]. Details - ImportResultOutputID=b435007fd96768480b9ba89b613865a7 DependenciesID=0b62f9a5cf1f635d60d3f51ab65e7249 StaticDependenciesID=f499d3dd9c80faa25e19d60dd2a6359b 
Number of updated asset objects reloaded before import = 0
Number of asset objects unloaded after import = 0
========================================================================
Received Import Request.
  Time of request: 2026-10-01T15:25:32.585377Z
  Time since last request: 0.00049 seconds.
  importAddress: GUID: 2dae17e8419667e46a2a476dd2cd18e0 - Path: Packages/com.unity.collab-proxy/Editor/StatusBar/WindowStatusBar.cs - Importer: ScriptedImporter/UnityEditor.QuickSearchModule:UnityEditor.Search:ASIAI0B
Importing 'GUID: 2dae17e8419667e46a2a476dd2cd18e0 - Path: Packages/com.unity.collab-proxy/Editor/StatusBar/WindowStatusBar.cs - Importer: ScriptedImporter/UnityEditor.QuickSearchModule:UnityEditor.Search:ASIAI0B' with importer (ScriptedImporter : UnityEditor.QuickSearchModule:UnityEditor.Search:ASIAI0B)
Imported 'GUID: 2dae17e8419667e46a2a476dd2cd18e0' -> (Import Result ID: '921c892cb109cdcd3255e92f55c4aa72') in 0.004 seconds [static and dynamic dependencies]. Details - ImportResultOutputID=5998e07fea813688d7c28b455b24f50c DependenciesID=13bbadaed07476bad25344df9bcf777b StaticDependenciesID=fd6936f080254dc7e08a857ae61ca06b 
Number of updated asset objects reloaded before import = 0
Number of asset objects unloaded after import = 0
========================================================================
Received Import Request.
  Time of request: 2026-10-01T15:25:32.5899099Z
  Time since last request: 0.0003024 seconds.
  importAddress: GUID: 05c0641719e74f058e7530b150336e82 - Path: Packages/com.unity.collab-proxy/Editor/Settings/OtherOptionsFoldout.cs - Importer: ScriptedImporter/UnityEditor.QuickSearchModule:UnityEditor.Search:ASIAI0B
Importing 'GUID: 05c0641719e74f058e7530b150336e82 - Path: Packages/com.unity.collab-proxy/Editor/Settings/OtherOptionsFoldout.cs - Importer: ScriptedImporter/UnityEditor.QuickSearchModule:UnityEditor.Search:ASIAI0B' with importer (ScriptedImporter : UnityEditor.QuickSearchModule:UnityEditor.Search:ASIAI0B)
Imported 'GUID: 05c0641719e74f058e7530b150336e82' -> (Import Result ID: '9b8c212475b2b2483b95724b8b7672f1') in 0.003 seconds [static and dynamic dependencies]. Details - ImportResultOutputID=8b0f226ec66900d3243ce2affef8ca78 DependenciesID=d27e7484f3b348f3392967bdc527c702 StaticDependenciesID=bff3855fb8a974a24c7e23bafc717a94 
Number of updated asset objects reloaded before import = 0
Number of asset objects unloaded after import = 0
========================================================================
Received Import Request.
  Time of request: 2026-10-01T15:25:32.5938603Z
  Time since last request: 0.0005736 seconds.
  importAddress: GUID: f25df29da91c45449ada5f3da8cf20ea - Path: Packages/com.unity.collab-proxy/Editor/Tool/IsExeAvailable.cs - Importer: ScriptedImporter/UnityEditor.QuickSearchModule:UnityEditor.Search:ASIAI0B
Importing 'GUID: f25df29da91c45449ada5f3da8cf20ea - Path: Packages/com.unity.collab-proxy/Editor/Tool/IsExeAvailable.cs - Importer: ScriptedImporter/UnityEditor.QuickSearchModule:UnityEditor.Search:ASIAI0B' with importer (ScriptedImporter : UnityEditor.QuickSearchModule:UnityEditor.Search:ASIAI0B)
Imported 'GUID: f25df29da91c45449ada5f3da8cf20ea' -> (Import Result ID: '807b7bcb3f68a36873771660df31fd4b') in 0.002 seconds [static and dynamic dependencies]. Details - ImportResultOutputID=d15c0503107d8b05268d69c8e97dffc2 DependenciesID=3ea97d9774633399aeb1c5eacb610a80 StaticDependenciesID=84138502873b6ba46ceb6300b2ca38ca 
Number of updated asset objects reloaded before import = 0
Number of asset objects unloaded after import = 0
========================================================================
Received Import Request.
  Time of request: 2026-10-01T15:25:32.5968437Z
  Time since last request: 0.0003353 seconds.
  importAddress: GUID: 3c1571ec0b185dc428a1df774086a310 - Path: Packages/com.unity.collab-proxy/Editor/Headless/HeadlessUpdateReport.cs - Importer: ScriptedImporter/UnityEditor.QuickSearchModule:UnityEditor.Search:ASIAI0B
Importing 'GUID: 3c1571ec0b185dc428a1df774086a310 - Path: Packages/com.unity.collab-proxy/Editor/Headless/HeadlessUpdateReport.cs - Importer: ScriptedImporter/UnityEditor.QuickSearchModule:UnityEditor.Search:ASIAI0B' with importer (ScriptedImporter : UnityEditor.QuickSearchModule:UnityEditor.Search:ASIAI0B)
Imported 'GUID: 3c1571ec0b185dc428a1df774086a310' -> (Import Result ID: '6276f82aa945f216802c14336b7d6a87') in 0.002 seconds [static and dynamic dependencies]. Details - ImportResultOutputID=fd54a32907c87376dc21a0bed90df4af DependenciesID=ca671d21009cb7341f4eec596be03dc0 StaticDependenciesID=1b30e7b29efa7f891ca6728da67494d4 
Number of updated asset objects reloaded before import = 0
Number of asset objects unloaded after import = 0
========================================================================
Received Import Request.
  Time of request: 2026-10-01T15:25:32.5997689Z
  Time since last request: 0.000302 seconds.
  importAddress: GUID: 1b0473213bc885840bb309ebce32b6fb - Path: Packages/com.unity.collab-proxy/Editor/Headless/HeadlessMergeViewLauncher.cs - Importer: ScriptedImporter/UnityEditor.QuickSearchModule:UnityEditor.Search:ASIAI0B
Importing 'GUID: 1b0473213bc885840bb309ebce32b6fb - Path: Packages/com.unity.collab-proxy/Editor/Headless/HeadlessMergeViewLauncher.cs - Importer: ScriptedImporter/UnityEditor.QuickSearchModule:UnityEditor.Search:ASIAI0B' with importer (ScriptedImporter : UnityEditor.QuickSearchModule:UnityEditor.Search:ASIAI0B)
Imported 'GUID: 1b0473213bc885840bb309ebce32b6fb' -> (Import Result ID: '333b583651ff1348bcaff811f83d73ec') in 0.002 seconds [static and dynamic dependencies]. Details - ImportResultOutputID=e878d50f29b3b5c3204fcf1521a01a33 DependenciesID=eb5746bb91fc74bf67c394b9af00494d StaticDependenciesID=fed2a69b08cbabda71738e2450308f52 
Number of updated asset objects reloaded before import = 0
Number of asset objects unloaded after import = 0
========================================================================
Received Import Request.
  Time of request: 2026-10-01T15:25:32.6023358Z
  Time since last request: 0.0003835 seconds.
  importAddress: GUID: 0a4d51d508394143b7023452d44f5a6a - Path: Packages/com.unity.collab-proxy/Editor/Headless/HeadlessRefreshView.cs - Importer: ScriptedImporter/UnityEditor.QuickSearchModule:UnityEditor.Search:ASIAI0B
Importing 'GUID: 0a4d51d508394143b7023452d44f5a6a - Path: Packages/com.unity.collab-proxy/Editor/Headless/HeadlessRefreshView.cs - Importer: ScriptedImporter/UnityEditor.QuickSearchModule:UnityEditor.Search:ASIAI0B' with importer (ScriptedImporter : UnityEditor.QuickSearchModule:UnityEditor.Search:ASIAI0B)
Imported 'GUID: 0a4d51d508394143b7023452d44f5a6a' -> (Import Result ID: 'f0e956aea6a46925416b7aa63095630e') in 0.003 seconds [static and dynamic dependencies]. Details - ImportResultOutputID=6d78b4fb666601d0c5bd9ce7545ede76 DependenciesID=112de5970fc6b2a86a2b15b9fb8d135a StaticDependenciesID=f292ec7ee373c21f06d6ee2ef0479e86 
Number of updated asset objects reloaded before import = 0
Number of asset objects unloaded after import = 0
========================================================================
Received Import Request.
  Time of request: 2026-10-01T15:25:32.6055744Z
  Time since last request: 0.0002526 seconds.
  importAddress: GUID: 9731678ff16392a4d822454ca1052818 - Path: Packages/com.unity.collab-proxy/Editor/Settings/OpenUVCSProjectSettings.cs - Importer: ScriptedImporter/UnityEditor.QuickSearchModule:UnityEditor.Search:ASIAI0B
Importing 'GUID: 9731678ff16392a4d822454ca1052818 - Path: Packages/com.unity.collab-proxy/Editor/Settings/OpenUVCSProjectSettings.cs - Importer: ScriptedImporter/UnityEditor.QuickSearchModule:UnityEditor.Search:ASIAI0B' with importer (ScriptedImporter : UnityEditor.QuickSearchModule:UnityEditor.Search:ASIAI0B)
Imported 'GUID: 9731678ff16392a4d822454ca1052818' -> (Import Result ID: '3f801894ffc5516115a5f1cf868bf57c') in 0.002 seconds [static and dynamic dependencies]. Details - ImportResultOutputID=5154e5af2fa2865ae9335889958f1b4a DependenciesID=42af267256be66e51f5b0e9fb73d11a3 StaticDependenciesID=67c0e30cc1efcc23ddbcc57718183497 
Number of updated asset objects reloaded before import = 0
Number of asset objects unloaded after import = 0
========================================================================
Received Import Request.
  Time of request: 2026-10-01T15:25:32.6077667Z
  Time since last request: 0.0002259 seconds.
  importAddress: GUID: 94a5d27698bed3d42beabebcedbf1f23 - Path: Packages/com.unity.collab-proxy/Editor/Hub/ProcessHubCommand.cs - Importer: ScriptedImporter/UnityEditor.QuickSearchModule:UnityEditor.Search:ASIAI0B
Importing 'GUID: 94a5d27698bed3d42beabebcedbf1f23 - Path: Packages/com.unity.collab-proxy/Editor/Hub/ProcessHubCommand.cs - Importer: ScriptedImporter/UnityEditor.QuickSearchModule:UnityEditor.Search:ASIAI0B' with importer (ScriptedImporter : UnityEditor.QuickSearchModule:UnityEditor.Search:ASIAI0B)
Imported 'GUID: 94a5d27698bed3d42beabebcedbf1f23' -> (Import Result ID: 'e15df1daa8e8aff9673075662b80e346') in 0.002 seconds [static and dynamic dependencies]. Details - ImportResultOutputID=920845ade7b6e9352364a9b3c32be7bd DependenciesID=51fa397ef9bc51863399b89477425084 StaticDependenciesID=f47ca5ac283f5dff59cd6aaeb4e88a61 
Number of updated asset objects reloaded before import = 0
Number of asset objects unloaded after import = 0
========================================================================
Received Import Request.
  Time of request: 2026-10-01T15:25:32.6105922Z
  Time since last request: 0.000489 seconds.
  importAddress: GUID: 28ce2dedf734c7c4e8ad114c00173d65 - Path: Packages/com.unity.collab-proxy/Editor/Inspector/DrawInspectorOperations.cs - Importer: ScriptedImporter/UnityEditor.QuickSearchModule:UnityEditor.Search:ASIAI0B
Importing 'GUID: 28ce2dedf734c7c4e8ad114c00173d65 - Path: Packages/com.unity.collab-proxy/Editor/Inspector/DrawInspectorOperations.cs - Importer: ScriptedImporter/UnityEditor.QuickSearchModule:UnityEditor.Search:ASIAI0B' with importer (ScriptedImporter : UnityEditor.QuickSearchModule:UnityEditor.Search:ASIAI0B)
Imported 'GUID: 28ce2dedf734c7c4e8ad114c00173d65' -> (Import Result ID: '7a6f3273ad763072167f7d8740ce88ae') in 0.002 seconds [static and dynamic dependencies]. Details - ImportResultOutputID=42ad22c370faf1a337e45de99cade677 DependenciesID=11ee1ba5a2841d0e84cff3cf0520a34c StaticDependenciesID=8cc022802fa58aa6292594e085485c98 
Number of updated asset objects reloaded before import = 0
Number of asset objects unloaded after import = 0
========================================================================
Received Import Request.
  Time of request: 2026-10-01T15:25:32.6136899Z
  Time since last request: 0.0001544 seconds.
  importAddress: GUID: c00693f5365e54a4eb5f9ac96da13749 - Path: Packages/com.unity.collab-proxy/Editor/Headless/HeadlessWorkspaceStatusChangeListener.cs - Importer: ScriptedImporter/UnityEditor.QuickSearchModule:UnityEditor.Search:ASIAI0B
Importing 'GUID: c00693f5365e54a4eb5f9ac96da13749 - Path: Packages/com.unity.collab-proxy/Editor/Headless/HeadlessWorkspaceStatusChangeListener.cs - Importer: ScriptedImporter/UnityEditor.QuickSearchModule:UnityEditor.Search:ASIAI0B' with importer (ScriptedImporter : UnityEditor.QuickSearchModule:UnityEditor.Search:ASIAI0B)
Imported 'GUID: c00693f5365e54a4eb5f9ac96da13749' -> (Import Result ID: '0c88faea302419a4d1691040563ec0ad') in 0.002 seconds [static and dynamic dependencies]. Details - ImportResultOutputID=bd8076cdf8690ba364abb7ac6b5dc04d DependenciesID=94bf86794f1ea680f0da76e10afb609d StaticDependenciesID=7f0e18c59c8e3402aeea4e09f6e4cc21 
Number of updated asset objects reloaded before import = 0
Number of asset objects unloaded after import = 0
========================================================================
Received Import Request.
  Time of request: 2026-10-01T15:25:32.6162854Z
  Time since last request: 0.0002355 seconds.
  importAddress: GUID: 332442c8f4f7b1943bb9e12fc97356e4 - Path: Packages/com.unity.collab-proxy/Editor/Configuration/WriteLogConfiguration.cs - Importer: ScriptedImporter/UnityEditor.QuickSearchModule:UnityEditor.Search:ASIAI0B
Importing 'GUID: 332442c8f4f7b1943bb9e12fc97356e4 - Path: Packages/com.unity.collab-proxy/Editor/Configuration/WriteLogConfiguration.cs - Importer: ScriptedImporter/UnityEditor.QuickSearchModule:UnityEditor.Search:ASIAI0B' with importer (ScriptedImporter : UnityEditor.QuickSearchModule:UnityEditor.Search:ASIAI0B)
Imported 'GUID: 332442c8f4f7b1943bb9e12fc97356e4' -> (Import Result ID: '42ce68fccb31149659cc6d37faf4c65d') in 0.004 seconds [static and dynamic dependencies]. Details - ImportResultOutputID=c82c9ed5cd186407a33809290aac4296 DependenciesID=4227d9cee139c09bbe93012a514e19e5 StaticDependenciesID=7fd66759e366603b7d1e6ea28be90189 
Number of updated asset objects reloaded before import = 0
Number of asset objects unloaded after import = 0
========================================================================
Received Import Request.
  Time of request: 2026-10-01T15:25:32.6253265Z
  Time since last request: 0.004543 seconds.
  importAddress: GUID: dc0cbec450c3bd54eb12276dcfdc27d3 - Path: Packages/com.unity.collab-proxy/Editor/Developer/GenericProgress.cs - Importer: ScriptedImporter/UnityEditor.QuickSearchModule:UnityEditor.Search:ASIAI0B
Importing 'GUID: dc0cbec450c3bd54eb12276dcfdc27d3 - Path: Packages/com.unity.collab-proxy/Editor/Developer/GenericProgress.cs - Importer: ScriptedImporter/UnityEditor.QuickSearchModule:UnityEditor.Search:ASIAI0B' with importer (ScriptedImporter : UnityEditor.QuickSearchModule:UnityEditor.Search:ASIAI0B)
Imported 'GUID: dc0cbec450c3bd54eb12276dcfdc27d3' -> (Import Result ID: 'c414e7a46172b2630a11215478dc4595') in 0.013 seconds [static and dynamic dependencies]. Details - ImportResultOutputID=2a687ef555855db8eb5e578dca1592d6 DependenciesID=c61498bd45989ae7a9cc6bf37b04ca43 StaticDependenciesID=aa197429c30b2e43fc6b147d4d0f8688 
Number of updated asset objects reloaded before import = 0
Number of asset objects unloaded after import = 0
========================================================================
Received Import Request.
  Time of request: 2026-10-01T15:25:32.6392553Z
  Time since last request: 0.0004187 seconds.
  importAddress: GUID: db6cbe7586694d6fb3c944d67973d313 - Path: Packages/com.unity.collab-proxy/Editor/Developer/ShelvedChangesNotification.cs - Importer: ScriptedImporter/UnityEditor.QuickSearchModule:UnityEditor.Search:ASIAI0B
Importing 'GUID: db6cbe7586694d6fb3c944d67973d313 - Path: Packages/com.unity.collab-proxy/Editor/Developer/ShelvedChangesNotification.cs - Importer: ScriptedImporter/UnityEditor.QuickSearchModule:UnityEditor.Search:ASIAI0B' with importer (ScriptedImporter : UnityEditor.QuickSearchModule:UnityEditor.Search:ASIAI0B)
Imported 'GUID: db6cbe7586694d6fb3c944d67973d313' -> (Import Result ID: '1381e0800232068675c8efbdfee651e5') in 0.002 seconds [static and dynamic dependencies]. Details - ImportResultOutputID=81ebc0514c6ecda1001ccfcb4d270f0e DependenciesID=6b2ef6c0474388acf392f325231423fa StaticDependenciesID=b41c8a89ee1b19af8fd6603c79f6ab05 
Number of updated asset objects reloaded before import = 0
Number of asset objects unloaded after import = 0
========================================================================
Received Import Request.
  Time of request: 2026-10-01T15:25:32.6417941Z
  Time since last request: 0.0003136 seconds.
  importAddress: GUID: fd582245e61fe1f4dba625a9ba7ec139 - Path: Packages/com.unity.collab-proxy/Editor/Headless/HeadlessWorkspaceWindow.cs - Importer: ScriptedImporter/UnityEditor.QuickSearchModule:UnityEditor.Search:ASIAI0B
Importing 'GUID: fd582245e61fe1f4dba625a9ba7ec139 - Path: Packages/com.unity.collab-proxy/Editor/Headless/HeadlessWorkspaceWindow.cs - Importer: ScriptedImporter/UnityEditor.QuickSearchModule:UnityEditor.Search:ASIAI0B' with importer (ScriptedImporter : UnityEditor.QuickSearchModule:UnityEditor.Search:ASIAI0B)
Imported 'GUID: fd582245e61fe1f4dba625a9ba7ec139' -> (Import Result ID: '0eac97ad34a83b7122051ee65f0c6e9f') in 0.004 seconds [static and dynamic dependencies]. Details - ImportResultOutputID=8a1e270108bfb974e04d47bfcc064b2d DependenciesID=da669ed04b2b7db0d7f262b0c9359526 StaticDependenciesID=06c64692e41b45a8f6c0354bf551f8b2 
Number of updated asset objects reloaded before import = 0
Number of asset objects unloaded after import = 0
========================================================================
Received Import Request.
  Time of request: 2026-10-01T15:25:32.6459776Z
  Time since last request: 0.0004007 seconds.
  importAddress: GUID: bc5c1fa3d4519114cb21f3fedfe6039d - Path: Packages/com.unity.collab-proxy/Editor/Tool/BringWindowToFront.cs - Importer: ScriptedImporter/UnityEditor.QuickSearchModule:UnityEditor.Search:ASIAI0B
Importing 'GUID: bc5c1fa3d4519114cb21f3fedfe6039d - Path: Packages/com.unity.collab-proxy/Editor/Tool/BringWindowToFront.cs - Importer: ScriptedImporter/UnityEditor.QuickSearchModule:UnityEditor.Search:ASIAI0B' with importer (ScriptedImporter : UnityEditor.QuickSearchModule:UnityEditor.Search:ASIAI0B)
Imported 'GUID: bc5c1fa3d4519114cb21f3fedfe6039d' -> (Import Result ID: 'c50e2ce1235c33a6bcae950cd3e18db3') in 0.002 seconds [static and dynamic dependencies]. Details - ImportResultOutputID=6513e9170a4ccdfa1848b6c5eb9e509f DependenciesID=7117ebee44cfc845a27530a56692c028 StaticDependenciesID=81ef61a5ac5a517d998348c742fbbfea 
Number of updated asset objects reloaded before import = 0
Number of asset objects unloaded after import = 0
========================================================================
Received Import Request.
  Time of request: 2026-10-01T15:25:32.6482667Z
  Time since last request: 0.0002588 seconds.
  importAddress: GUID: 201d30422af8ea34193a59b4254b8663 - Path: Packages/com.unity.collab-proxy/Editor/Gluon/CheckinProgress.cs - Importer: ScriptedImporter/UnityEditor.QuickSearchModule:UnityEditor.Search:ASIAI0B
Importing 'GUID: 201d30422af8ea34193a59b4254b8663 - Path: Packages/com.unity.collab-proxy/Editor/Gluon/CheckinProgress.cs - Importer: ScriptedImporter/UnityEditor.QuickSearchModule:UnityEditor.Search:ASIAI0B' with importer (ScriptedImporter : UnityEditor.QuickSearchModule:UnityEditor.Search:ASIAI0B)
Imported 'GUID: 201d30422af8ea34193a59b4254b8663' -> (Import Result ID: '0368a4b4fe7043a635cf7306b576a70c') in 0.003 seconds [static and dynamic dependencies]. Details - ImportResultOutputID=4eb9c7a64109979f11ab199f3dae995b DependenciesID=5d47aff1893831f4a3c017c4dcf8d5bf StaticDependenciesID=26a3c1b2437aad2fc6e7638050a7e829 
Number of updated asset objects reloaded before import = 0
Number of asset objects unloaded after import = 0
========================================================================
Received Import Request.
  Time of request: 2026-10-01T15:25:32.6514043Z
  Time since last request: 0.0002956 seconds.
  importAddress: GUID: ee776820547bd654980004e8471df8e3 - Path: Packages/com.unity.collab-proxy/Editor/Configuration/ToolConfig.cs - Importer: ScriptedImporter/UnityEditor.QuickSearchModule:UnityEditor.Search:ASIAI0B
Importing 'GUID: ee776820547bd654980004e8471df8e3 - Path: Packages/com.unity.collab-proxy/Editor/Configuration/ToolConfig.cs - Importer: ScriptedImporter/UnityEditor.QuickSearchModule:UnityEditor.Search:ASIAI0B' with importer (ScriptedImporter : UnityEditor.QuickSearchModule:UnityEditor.Search:ASIAI0B)
Imported 'GUID: ee776820547bd654980004e8471df8e3' -> (Import Result ID: 'b41430c349205b0f25ef4ffd15f7f049') in 0.002 seconds [static and dynamic dependencies]. Details - ImportResultOutputID=b0cf46ced7edfe08d6bd2a6d5b56860f DependenciesID=c634cd3f604f756a95e8e0c15efdfc39 StaticDependenciesID=717d54e74adfd9f5ed7ba32b5ef7b7bc 
Number of updated asset objects reloaded before import = 0
Number of asset objects unloaded after import = 0
========================================================================
Received Import Request.
  Time of request: 2026-10-01T15:25:32.6542365Z
  Time since last request: 0.0002463 seconds.
  importAddress: GUID: 9bef80072d106be4ea36de88adc0e985 - Path: Packages/com.unity.collab-proxy/Editor/Inspector/InspectorAssetSelection.cs - Importer: ScriptedImporter/UnityEditor.QuickSearchModule:UnityEditor.Search:ASIAI0B
Importing 'GUID: 9bef80072d106be4ea36de88adc0e985 - Path: Packages/com.unity.collab-proxy/Editor/Inspector/InspectorAssetSelection.cs - Importer: ScriptedImporter/UnityEditor.QuickSearchModule:UnityEditor.Search:ASIAI0B' with importer (ScriptedImporter : UnityEditor.QuickSearchModule:UnityEditor.Search:ASIAI0B)
Imported 'GUID: 9bef80072d106be4ea36de88adc0e985' -> (Import Result ID: 'bebec75acfbed97e90fb53b0716e3f6c') in 0.002 seconds [static and dynamic dependencies]. Details - ImportResultOutputID=401c8059fef1ed4793eb1d019661aae1 DependenciesID=0f0c3c8585751831605b0c8aae59e3c5 StaticDependenciesID=784b233ef3f6dd6287201a226a1491aa 
Number of updated asset objects reloaded before import = 0
Number of asset objects unloaded after import = 0
========================================================================
Received Import Request.
  Time of request: 2026-10-01T15:25:32.6563256Z
  Time since last request: 0.0002365 seconds.
  importAddress: GUID: 8642afe1b2639478e91ff46ccf3145d3 - Path: Packages/com.unity.collab-proxy/Editor/Hashing/XxHashShared.cs - Importer: ScriptedImporter/UnityEditor.QuickSearchModule:UnityEditor.Search:ASIAI0B
Importing 'GUID: 8642afe1b2639478e91ff46ccf3145d3 - Path: Packages/com.unity.collab-proxy/Editor/Hashing/XxHashShared.cs - Importer: ScriptedImporter/UnityEditor.QuickSearchModule:UnityEditor.Search:ASIAI0B' with importer (ScriptedImporter : UnityEditor.QuickSearchModule:UnityEditor.Search:ASIAI0B)
Imported 'GUID: 8642afe1b2639478e91ff46ccf3145d3' -> (Import Result ID: 'ae13d99cc238026fd3cce521c57aa6fb') in 0.006 seconds [static and dynamic dependencies]. Details - ImportResultOutputID=b6130845fb50897c40b9f5f8cab1cc46 DependenciesID=a1365d23532de06628277558750f173b StaticDependenciesID=b23b4b670786f5c368bfea7194377462 
Number of updated asset objects reloaded before import = 0
Number of asset objects unloaded after import = 0
========================================================================
Received Import Request.
  Time of request: 2026-10-01T15:25:32.6630686Z
  Time since last request: 0.0003744 seconds.
  importAddress: GUID: 1c9b352f456640c9925a381f736ecb5d - Path: Packages/com.unity.collab-proxy/Editor/Settings/DiffAndMergeOptionsFoldout.cs - Importer: ScriptedImporter/UnityEditor.QuickSearchModule:UnityEditor.Search:ASIAI0B
Importing 'GUID: 1c9b352f456640c9925a381f736ecb5d - Path: Packages/com.unity.collab-proxy/Editor/Settings/DiffAndMergeOptionsFoldout.cs - Importer: ScriptedImporter/UnityEditor.QuickSearchModule:UnityEditor.Search:ASIAI0B' with importer (ScriptedImporter : UnityEditor.QuickSearchModule:UnityEditor.Search:ASIAI0B)
Imported 'GUID: 1c9b352f456640c9925a381f736ecb5d' -> (Import Result ID: 'fa7c8b1d409d6a3f0de4d301099e395f') in 0.002 seconds [static and dynamic dependencies]. Details - ImportResultOutputID=8bb6236b17037becca62ae97c7bac114 DependenciesID=8e2099b610a281ab572de72efa474bae StaticDependenciesID=a59348c867c785ed0316c9ef46a16c64 
Number of updated asset objects reloaded before import = 0
Number of asset objects unloaded after import = 0
========================================================================
Received Import Request.
  Time of request: 2026-10-01T15:25:32.6656748Z
  Time since last request: 0.0003281 seconds.
  importAddress: GUID: 4646098fa06b7764b843d936862b4d71 - Path: Packages/com.unity.collab-proxy/Editor/Settings/PendingChangesOptionsFoldout.cs - Importer: ScriptedImporter/UnityEditor.QuickSearchModule:UnityEditor.Search:ASIAI0B
Importing 'GUID: 4646098fa06b7764b843d936862b4d71 - Path: Packages/com.unity.collab-proxy/Editor/Settings/PendingChangesOptionsFoldout.cs - Importer: ScriptedImporter/UnityEditor.QuickSearchModule:UnityEditor.Search:ASIAI0B' with importer (ScriptedImporter : UnityEditor.QuickSearchModule:UnityEditor.Search:ASIAI0B)
Imported 'GUID: 4646098fa06b7764b843d936862b4d71' -> (Import Result ID: '15a832c3bf7806ffa25941315d06ca2f') in 0.002 seconds [static and dynamic dependencies]. Details - ImportResultOutputID=6a1e48457395f8025528ee4bca15489b DependenciesID=771ac17e0c4a67a1a84f9fee9333baf4 StaticDependenciesID=4e731b23d0aef121552d0491d9fa5b5f 
Number of updated asset objects reloaded before import = 0
Number of asset objects unloaded after import = 0
========================================================================
Received Import Request.
  Time of request: 2026-10-01T15:25:32.668272Z
  Time since last request: 0.00023 seconds.
  importAddress: GUID: e6c29999aff44b79938d04786d7b9373 - Path: Packages/com.unity.collab-proxy/Editor/Diff/AssetType.cs - Importer: ScriptedImporter/UnityEditor.QuickSearchModule:UnityEditor.Search:ASIAI0B
Importing 'GUID: e6c29999aff44b79938d04786d7b9373 - Path: Packages/com.unity.collab-proxy/Editor/Diff/AssetType.cs - Importer: ScriptedImporter/UnityEditor.QuickSearchModule:UnityEditor.Search:ASIAI0B' with importer (ScriptedImporter : UnityEditor.QuickSearchModule:UnityEditor.Search:ASIAI0B)
Imported 'GUID: e6c29999aff44b79938d04786d7b9373' -> (Import Result ID: 'dd4c3c168d0b362311c6d228adc34efd') in 0.002 seconds [static and dynamic dependencies]. Details - ImportResultOutputID=3ec365d636a468b852f6f1834fa0380e DependenciesID=94ccc21d837840df787b9cbdc1378466 StaticDependenciesID=93fd91ad0892d98becde1217730093c9 
Number of updated asset objects reloaded before import = 0
Number of asset objects unloaded after import = 0
========================================================================
Received Import Request.
  Time of request: 2026-10-01T15:25:32.6709093Z
  Time since last request: 0.0002465 seconds.
  importAddress: GUID: c13239fbea1666a42b26691afcd91e63 - Path: Packages/com.unity.collab-proxy/Editor/Gluon/UpdateProgress.cs - Importer: ScriptedImporter/UnityEditor.QuickSearchModule:UnityEditor.Search:ASIAI0B
Importing 'GUID: c13239fbea1666a42b26691afcd91e63 - Path: Packages/com.unity.collab-proxy/Editor/Gluon/UpdateProgress.cs - Importer: ScriptedImporter/UnityEditor.QuickSearchModule:UnityEditor.Search:ASIAI0B' with importer (ScriptedImporter : UnityEditor.QuickSearchModule:UnityEditor.Search:ASIAI0B)
Imported 'GUID: c13239fbea1666a42b26691afcd91e63' -> (Import Result ID: '5b6fc8921e0e961f0ab1678f79ca98f9') in 0.002 seconds [static and dynamic dependencies]. Details - ImportResultOutputID=9aeb8e5079dd1680436ad1c29890a22e DependenciesID=b8d69c62fd796da1e52e255481b0182c StaticDependenciesID=dc635fc4c24b33a3a5c644e9f8c571a1 
Number of updated asset objects reloaded before import = 0
Number of asset objects unloaded after import = 0
========================================================================
Received Import Request.
  Time of request: 2026-10-01T15:25:32.6729369Z
  Time since last request: 0.0002326 seconds.
  importAddress: GUID: fe6ad6eb139a49f4a02d9794e934bd9c - Path: Packages/com.unity.collab-proxy/Editor/Entities/HierarchyExtensions.cs - Importer: ScriptedImporter/UnityEditor.QuickSearchModule:UnityEditor.Search:ASIAI0B
Importing 'GUID: fe6ad6eb139a49f4a02d9794e934bd9c - Path: Packages/com.unity.collab-proxy/Editor/Entities/HierarchyExtensions.cs - Importer: ScriptedImporter/UnityEditor.QuickSearchModule:UnityEditor.Search:ASIAI0B' with importer (ScriptedImporter : UnityEditor.QuickSearchModule:UnityEditor.Search:ASIAI0B)
Imported 'GUID: fe6ad6eb139a49f4a02d9794e934bd9c' -> (Import Result ID: 'da51b6434263bcd720b75071ce9ae677') in 0.002 seconds [static and dynamic dependencies]. Details - ImportResultOutputID=e633e92f60cfb7b111262f92be4e4819 DependenciesID=118ab28c905ea4f65a8bd5b0c4a34f45 StaticDependenciesID=5dda700161237824e3e14bd9de8ae0bf 
Number of updated asset objects reloaded before import = 0
Number of asset objects unloaded after import = 0
========================================================================
Received Import Request.
  Time of request: 2026-10-01T15:25:32.6760101Z
  Time since last request: 0.0010292 seconds.
  importAddress: GUID: 4675673a75b20a14da0806d155b5680c - Path: Packages/com.unity.collab-proxy/Editor/Hub/CommandLineArguments.cs - Importer: ScriptedImporter/UnityEditor.QuickSearchModule:UnityEditor.Search:ASIAI0B
Importing 'GUID: 4675673a75b20a14da0806d155b5680c - Path: Packages/com.unity.collab-proxy/Editor/Hub/CommandLineArguments.cs - Importer: ScriptedImporter/UnityEditor.QuickSearchModule:UnityEditor.Search:ASIAI0B' with importer (ScriptedImporter : UnityEditor.QuickSearchModule:UnityEditor.Search:ASIAI0B)
Imported 'GUID: 4675673a75b20a14da0806d155b5680c' -> (Import Result ID: '120930474be297ff498e41678441493d') in 0.002 seconds [static and dynamic dependencies]. Details - ImportResultOutputID=1ee6010579430a50a011563c82b44de0 DependenciesID=3d8d49636589dd0b2e21ddb21249af23 StaticDependenciesID=d226ac2700fd5aa6a652eb8437a5e176 
Number of updated asset objects reloaded before import = 0
Number of asset objects unloaded after import = 0
========================================================================
Received Import Request.
  Time of request: 2026-10-01T15:25:32.6791615Z
  Time since last request: 0.0007102 seconds.
  importAddress: GUID: 82c390af6cf64e9aaa35f2cfe24178a7 - Path: Packages/com.unity.collab-proxy/Editor/Diff/UnityBigFileChecker.cs - Importer: ScriptedImporter/UnityEditor.QuickSearchModule:UnityEditor.Search:ASIAI0B
Importing 'GUID: 82c390af6cf64e9aaa35f2cfe24178a7 - Path: Packages/com.unity.collab-proxy/Editor/Diff/UnityBigFileChecker.cs - Importer: ScriptedImporter/UnityEditor.QuickSearchModule:UnityEditor.Search:ASIAI0B' with importer (ScriptedImporter : UnityEditor.QuickSearchModule:UnityEditor.Search:ASIAI0B)
Imported 'GUID: 82c390af6cf64e9aaa35f2cfe24178a7' -> (Import Result ID: 'a19c541ca16c6d1719ba00b6be3cd41b') in 0.003 seconds [static and dynamic dependencies]. Details - ImportResultOutputID=259bd989139b9445c7f2c091b222d2cf DependenciesID=e0b11fc4cb670a57d8d22b8b06599d5a StaticDependenciesID=284568d1f0a6fcae903a2f9005dfeb7e 
Number of updated asset objects reloaded before import = 0
Number of asset objects unloaded after import = 0
========================================================================
Received Import Request.
  Time of request: 2026-10-01T15:25:32.6823884Z
  Time since last request: 0.0003138 seconds.
  importAddress: GUID: f6b5d170f39144847822c10b478f25e5 - Path: Packages/com.unity.collab-proxy/Editor/Hub/ParseArguments.cs - Importer: ScriptedImporter/UnityEditor.QuickSearchModule:UnityEditor.Search:ASIAI0B
Importing 'GUID: f6b5d170f39144847822c10b478f25e5 - Path: Packages/com.unity.collab-proxy/Editor/Hub/ParseArguments.cs - Importer: ScriptedImporter/UnityEditor.QuickSearchModule:UnityEditor.Search:ASIAI0B' with importer (ScriptedImporter : UnityEditor.QuickSearchModule:UnityEditor.Search:ASIAI0B)
Imported 'GUID: f6b5d170f39144847822c10b478f25e5' -> (Import Result ID: '008e0ef597c1cb49bda6d5b72217882f') in 0.002 seconds [static and dynamic dependencies]. Details - ImportResultOutputID=8c4e2406d77f0208641645a1787b5694 DependenciesID=956b983924e6c9930ab68ee7faf894c2 StaticDependenciesID=e16bfd41d1f596ceb90be92536c20b7a 
Number of updated asset objects reloaded before import = 0
Number of asset objects unloaded after import = 0
========================================================================
Received Import Request.
  Time of request: 2026-10-01T15:25:32.6850332Z
  Time since last request: 0.0002742 seconds.
  importAddress: GUID: f1969c6a4a44a474983058896f48d9f5 - Path: Packages/com.unity.collab-proxy/Editor/Configuration/SSOCredentialsDialog.cs - Importer: ScriptedImporter/UnityEditor.QuickSearchModule:UnityEditor.Search:ASIAI0B
Importing 'GUID: f1969c6a4a44a474983058896f48d9f5 - Path: Packages/com.unity.collab-proxy/Editor/Configuration/SSOCredentialsDialog.cs - Importer: ScriptedImporter/UnityEditor.QuickSearchModule:UnityEditor.Search:ASIAI0B' with importer (ScriptedImporter : UnityEditor.QuickSearchModule:UnityEditor.Search:ASIAI0B)
Imported 'GUID: f1969c6a4a44a474983058896f48d9f5' -> (Import Result ID: '66e45e130b4d394f44437975d3c0ee8a') in 0.002 seconds [static and dynamic dependencies]. Details - ImportResultOutputID=a9e405982c97e0e18d92982ecd383a64 DependenciesID=5069b1d94eb177cc62cfd6e7a1dce2f0 StaticDependenciesID=5cd798d7ae547af649778aa23f5e8679 
Number of updated asset objects reloaded before import = 0
Number of asset objects unloaded after import = 0
========================================================================
Received Import Request.
  Time of request: 2026-10-01T15:25:32.6877889Z
  Time since last request: 0.0003317 seconds.
  importAddress: GUID: 08c46e1f56d34c62ba9e0107516e21db - Path: Packages/com.unity.collab-proxy/Editor/Diff/UnityDiffWindow.cs - Importer: ScriptedImporter/UnityEditor.QuickSearchModule:UnityEditor.Search:ASIAI0B
Importing 'GUID: 08c46e1f56d34c62ba9e0107516e21db - Path: Packages/com.unity.collab-proxy/Editor/Diff/UnityDiffWindow.cs - Importer: ScriptedImporter/UnityEditor.QuickSearchModule:UnityEditor.Search:ASIAI0B' with importer (ScriptedImporter : UnityEditor.QuickSearchModule:UnityEditor.Search:ASIAI0B)
Imported 'GUID: 08c46e1f56d34c62ba9e0107516e21db' -> (Import Result ID: 'f41bdb6fc6bc1adada220d2f11752e5d') in 0.003 seconds [static and dynamic dependencies]. Details - ImportResultOutputID=c4c0b03a3eb9d40003f25b264158a435 DependenciesID=57f5af06084655873e6c0d53a6701de5 StaticDependenciesID=d5ebe2b1d73b7bde671f35c26f106f4a 
Number of updated asset objects reloaded before import = 0
Number of asset objects unloaded after import = 0
========================================================================
Received Import Request.
  Time of request: 2026-10-01T15:25:32.6911377Z
  Time since last request: 0.0002964 seconds.
  importAddress: GUID: f8fb5a27b8554a74b8c566355a3c50f9 - Path: Packages/com.unity.collab-proxy/Editor/StatusBar/NotificationBar.cs - Importer: ScriptedImporter/UnityEditor.QuickSearchModule:UnityEditor.Search:ASIAI0B
Importing 'GUID: f8fb5a27b8554a74b8c566355a3c50f9 - Path: Packages/com.unity.collab-proxy/Editor/StatusBar/NotificationBar.cs - Importer: ScriptedImporter/UnityEditor.QuickSearchModule:UnityEditor.Search:ASIAI0B' with importer (ScriptedImporter : UnityEditor.QuickSearchModule:UnityEditor.Search:ASIAI0B)
Imported 'GUID: f8fb5a27b8554a74b8c566355a3c50f9' -> (Import Result ID: '6c5579f459fa0e87dd3d256a03c6ae9d') in 0.003 seconds [static and dynamic dependencies]. Details - ImportResultOutputID=83ff76a3d8148da6f35d1fba6d29488d DependenciesID=c0d19f5765b3d61c74a89721fbc7692b StaticDependenciesID=abd575c01ae4ed14e184cde1f97e6e48 
Number of updated asset objects reloaded before import = 0
Number of asset objects unloaded after import = 0
========================================================================
Received Import Request.
  Time of request: 2026-10-01T15:25:32.695723Z
  Time since last request: 0.0017562 seconds.
  importAddress: GUID: d097a5d507694ba7ac97bc9a9f2942e3 - Path: Packages/com.unity.collab-proxy/Editor/Settings/UVCSProjectSettingsProvider.cs - Importer: ScriptedImporter/UnityEditor.QuickSearchModule:UnityEditor.Search:ASIAI0B
Importing 'GUID: d097a5d507694ba7ac97bc9a9f2942e3 - Path: Packages/com.unity.collab-proxy/Editor/Settings/UVCSProjectSettingsProvider.cs - Importer: ScriptedImporter/UnityEditor.QuickSearchModule:UnityEditor.Search:ASIAI0B' with importer (ScriptedImporter : UnityEditor.QuickSearchModule:UnityEditor.Search:ASIAI0B)
Imported 'GUID: d097a5d507694ba7ac97bc9a9f2942e3' -> (Import Result ID: 'e2b18889919a97f3129016c40ddb026d') in 0.002 seconds [static and dynamic dependencies]. Details - ImportResultOutputID=7d87a2c4d2b5cf3bf0e262091671a9f8 DependenciesID=274db7536bfe4911e0a671521789c689 StaticDependenciesID=ef8594c8d673de5500b9afa578b247b2 
Number of updated asset objects reloaded before import = 0
Number of asset objects unloaded after import = 0
========================================================================
Received Import Request.
  Time of request: 2026-10-01T15:25:32.6987525Z
  Time since last request: 0.0003927 seconds.
  importAddress: GUID: 27cd9a46f12b440d8a4e4a0524330db8 - Path: Packages/com.unity.collab-proxy/Editor/Headless/HeadlessHistoryViewLauncher.cs - Importer: ScriptedImporter/UnityEditor.QuickSearchModule:UnityEditor.Search:ASIAI0B
Importing 'GUID: 27cd9a46f12b440d8a4e4a0524330db8 - Path: Packages/com.unity.collab-proxy/Editor/Headless/HeadlessHistoryViewLauncher.cs - Importer: ScriptedImporter/UnityEditor.QuickSearchModule:UnityEditor.Search:ASIAI0B' with importer (ScriptedImporter : UnityEditor.QuickSearchModule:UnityEditor.Search:ASIAI0B)
Imported 'GUID: 27cd9a46f12b440d8a4e4a0524330db8' -> (Import Result ID: '0d84787827e3f0a28d7cf102a81b174f') in 0.003 seconds [static and dynamic dependencies]. Details - ImportResultOutputID=4c73dae8b22cd3b49860a94b704cd955 DependenciesID=112576f807cdf5d1c31de8754c4308b5 StaticDependenciesID=8d539dd24a7c332f5f05822eeafd88b7 
Number of updated asset objects reloaded before import = 0
Number of asset objects unloaded after import = 0
========================================================================
Received Import Request.
  Time of request: 2026-10-01T15:25:32.7027131Z
  Time since last request: 0.0003066 seconds.
  importAddress: GUID: ece87ac87e134800b8fcec1a55ec6e9f - Path: Packages/com.unity.collab-proxy/Editor/Diff/SaveChangeInfo.cs - Importer: ScriptedImporter/UnityEditor.QuickSearchModule:UnityEditor.Search:ASIAI0B
Importing 'GUID: ece87ac87e134800b8fcec1a55ec6e9f - Path: Packages/com.unity.collab-proxy/Editor/Diff/SaveChangeInfo.cs - Importer: ScriptedImporter/UnityEditor.QuickSearchModule:UnityEditor.Search:ASIAI0B' with importer (ScriptedImporter : UnityEditor.QuickSearchModule:UnityEditor.Search:ASIAI0B)
Imported 'GUID: ece87ac87e134800b8fcec1a55ec6e9f' -> (Import Result ID: '0cfd24f587254ecd3b4943ee0da2192a') in 0.003 seconds [static and dynamic dependencies]. Details - ImportResultOutputID=12e50c8a8e96e070b5cb43bd34021f5d DependenciesID=8a86cf408deaf116474bb4ebac4a8866 StaticDependenciesID=2da94b0138c09ca9458a1073e8fe0e14 
Number of updated asset objects reloaded before import = 0
Number of asset objects unloaded after import = 0
========================================================================
Received Import Request.
  Time of request: 2026-10-01T15:25:32.7060798Z
  Time since last request: 0.000312 seconds.
  importAddress: GUID: 204b6e52ab6164e478f852a359e0c0c0 - Path: Packages/com.unity.collab-proxy/Editor/SceneView/DrawSceneOperations.cs - Importer: ScriptedImporter/UnityEditor.QuickSearchModule:UnityEditor.Search:ASIAI0B
Importing 'GUID: 204b6e52ab6164e478f852a359e0c0c0 - Path: Packages/com.unity.collab-proxy/Editor/SceneView/DrawSceneOperations.cs - Importer: ScriptedImporter/UnityEditor.QuickSearchModule:UnityEditor.Search:ASIAI0B' with importer (ScriptedImporter : UnityEditor.QuickSearchModule:UnityEditor.Search:ASIAI0B)
Imported 'GUID: 204b6e52ab6164e478f852a359e0c0c0' -> (Import Result ID: '61d27444ad8fc3019661debabbf52e94') in 0.006 seconds [static and dynamic dependencies]. Details - ImportResultOutputID=986206b4075ffa246da7b3f45a7e73db DependenciesID=4b3b404e2785defb4b1f7ee095a94729 StaticDependenciesID=ef0e99be620b15dd599b747e1ff3925b 
Number of updated asset objects reloaded before import = 0
Number of asset objects unloaded after import = 0
========================================================================
Received Import Request.
  Time of request: 2026-10-01T15:25:32.7123562Z
  Time since last request: 0.000298 seconds.
  importAddress: GUID: 09b199e86de5d1944ab9106ca2c11f75 - Path: Packages/com.unity.collab-proxy/Editor/Gluon/ProgressOperationHandler.cs - Importer: ScriptedImporter/UnityEditor.QuickSearchModule:UnityEditor.Search:ASIAI0B
Importing 'GUID: 09b199e86de5d1944ab9106ca2c11f75 - Path: Packages/com.unity.collab-proxy/Editor/Gluon/ProgressOperationHandler.cs - Importer: ScriptedImporter/UnityEditor.QuickSearchModule:UnityEditor.Search:ASIAI0B' with importer (ScriptedImporter : UnityEditor.QuickSearchModule:UnityEditor.Search:ASIAI0B)
Imported 'GUID: 09b199e86de5d1944ab9106ca2c11f75' -> (Import Result ID: 'ad1d929965fb98aea484965463951b77') in 0.002 seconds [static and dynamic dependencies]. Details - ImportResultOutputID=f02cdfa44149f68752fa6bcc13df81fe DependenciesID=4a626e704bbaee1c8b07ae6aedb6a300 StaticDependenciesID=4345fdcbc2b475337b0e5ed5ad7e50d0 
Number of updated asset objects reloaded before import = 0
Number of asset objects unloaded after import = 0
========================================================================
Received Import Request.
  Time of request: 2026-10-01T15:25:32.7148979Z
  Time since last request: 0.0002601 seconds.
  importAddress: GUID: 318741862274d44d7a9e24a21a14fd8d - Path: Packages/com.unity.collab-proxy/Editor/Hashing/XxHash128.cs - Importer: ScriptedImporter/UnityEditor.QuickSearchModule:UnityEditor.Search:ASIAI0B
Importing 'GUID: 318741862274d44d7a9e24a21a14fd8d - Path: Packages/com.unity.collab-proxy/Editor/Hashing/XxHash128.cs - Importer: ScriptedImporter/UnityEditor.QuickSearchModule:UnityEditor.Search:ASIAI0B' with importer (ScriptedImporter : UnityEditor.QuickSearchModule:UnityEditor.Search:ASIAI0B)
Imported 'GUID: 318741862274d44d7a9e24a21a14fd8d' -> (Import Result ID: 'c8ff11d8baacebd393704ff4574bbb90') in 0.002 seconds [static and dynamic dependencies]. Details - ImportResultOutputID=825fb79f5c06b0e664250bd3c7640c9a DependenciesID=28294c802d10b14a34714f42ef101482 StaticDependenciesID=6f5fef641c4373b47105be49fa1ee301 
Number of updated asset objects reloaded before import = 0
Number of asset objects unloaded after import = 0
========================================================================
Received Import Request.
  Time of request: 2026-10-01T15:25:32.7171626Z
  Time since last request: 0.0002562 seconds.
  importAddress: GUID: cdd5bec613c44cd3b5fcd57177754bb9 - Path: Packages/com.unity.collab-proxy/Editor/Tool/IsExeVersion.cs - Importer: ScriptedImporter/UnityEditor.QuickSearchModule:UnityEditor.Search:ASIAI0B
Importing 'GUID: cdd5bec613c44cd3b5fcd57177754bb9 - Path: Packages/com.unity.collab-proxy/Editor/Tool/IsExeVersion.cs - Importer: ScriptedImporter/UnityEditor.QuickSearchModule:UnityEditor.Search:ASIAI0B' with importer (ScriptedImporter : UnityEditor.QuickSearchModule:UnityEditor.Search:ASIAI0B)
Imported 'GUID: cdd5bec613c44cd3b5fcd57177754bb9' -> (Import Result ID: '4376a5775e28bd9043c2f3ebbb3ee1c6') in 0.002 seconds [static and dynamic dependencies]. Details - ImportResultOutputID=f24bb2e7ade44ce27dc1d3899a89ad4e DependenciesID=b1648399ba3d661c861dfadd40f9dee4 StaticDependenciesID=e8ec50e59ace56953036d4601b444792 
Number of updated asset objects reloaded before import = 0
Number of asset objects unloaded after import = 0
========================================================================
Received Import Request.
  Time of request: 2026-10-01T15:25:32.719767Z
  Time since last request: 0.0003442 seconds.
  importAddress: GUID: 26e3da9604f1418d8da4a0b39108d6e7 - Path: Packages/com.unity.collab-proxy/Editor/Diff/DiffMessagePanel.cs - Importer: ScriptedImporter/UnityEditor.QuickSearchModule:UnityEditor.Search:ASIAI0B
Importing 'GUID: 26e3da9604f1418d8da4a0b39108d6e7 - Path: Packages/com.unity.collab-proxy/Editor/Diff/DiffMessagePanel.cs - Importer: ScriptedImporter/UnityEditor.QuickSearchModule:UnityEditor.Search:ASIAI0B' with importer (ScriptedImporter : UnityEditor.QuickSearchModule:UnityEditor.Search:ASIAI0B)
Imported 'GUID: 26e3da9604f1418d8da4a0b39108d6e7' -> (Import Result ID: '502e14202ec1a85141355f56be73c77d') in 0.002 seconds [static and dynamic dependencies]. Details - ImportResultOutputID=8c28e8f334a1138411d6a7c61957ab44 DependenciesID=4013be00b317d8db2a04f754b8bbb7f5 StaticDependenciesID=77dfdd2e01e05cabbb277e690a591cac 
Number of updated asset objects reloaded before import = 0
Number of asset objects unloaded after import = 0
========================================================================
Received Import Request.
  Time of request: 2026-10-01T15:25:32.7223852Z
  Time since last request: 0.0002939 seconds.
  importAddress: GUID: d9f7fbcfec44541f38ad555a93fad564 - Path: Packages/com.unity.collab-proxy/Editor/Hashing/XxHash64.cs - Importer: ScriptedImporter/UnityEditor.QuickSearchModule:UnityEditor.Search:ASIAI0B
Importing 'GUID: d9f7fbcfec44541f38ad555a93fad564 - Path: Packages/com.unity.collab-proxy/Editor/Hashing/XxHash64.cs - Importer: ScriptedImporter/UnityEditor.QuickSearchModule:UnityEditor.Search:ASIAI0B' with importer (ScriptedImporter : UnityEditor.QuickSearchModule:UnityEditor.Search:ASIAI0B)
Imported 'GUID: d9f7fbcfec44541f38ad555a93fad564' -> (Import Result ID: '3a0aea09d01bfe746fd7dbcfa70b40eb') in 0.003 seconds [static and dynamic dependencies]. Details - ImportResultOutputID=ad5a87ea6cbb23bf3a6af4cb1f2a62ca DependenciesID=e20ddf937bcdc9d43d482696b3e212f8 StaticDependenciesID=67846e79ea641e47f03199ea7f6cd6a3 
Number of updated asset objects reloaded before import = 0
Number of asset objects unloaded after import = 0
========================================================================
Received Import Request.
  Time of request: 2026-10-01T15:25:32.7254001Z
  Time since last request: 0.0002825 seconds.
  importAddress: GUID: 9b17ac8ceb35dc74fbf646862e01a782 - Path: Packages/com.unity.collab-proxy/Editor/Gluon/IncomingChangesNotification.cs - Importer: ScriptedImporter/UnityEditor.QuickSearchModule:UnityEditor.Search:ASIAI0B
Importing 'GUID: 9b17ac8ceb35dc74fbf646862e01a782 - Path: Packages/com.unity.collab-proxy/Editor/Gluon/IncomingChangesNotification.cs - Importer: ScriptedImporter/UnityEditor.QuickSearchModule:UnityEditor.Search:ASIAI0B' with importer (ScriptedImporter : UnityEditor.QuickSearchModule:UnityEditor.Search:ASIAI0B)
Imported 'GUID: 9b17ac8ceb35dc74fbf646862e01a782' -> (Import Result ID: '1f41caa8e6b31240a084e6b2dc9d8ae2') in 0.003 seconds [static and dynamic dependencies]. Details - ImportResultOutputID=9b6a4d33c0696b13c4f0c1a7abfc2706 DependenciesID=9a1da8280dd8dbda8d39e8c8f6b91b93 StaticDependenciesID=3bdc04abf509dd2c4bdff99347f5f820 
Number of updated asset objects reloaded before import = 0
Number of asset objects unloaded after import = 0
========================================================================
Received Import Request.
  Time of request: 2026-10-01T15:25:32.7286396Z
  Time since last request: 0.0002859 seconds.
  importAddress: GUID: 2e0d1d689c88f76448cad390443d7ba3 - Path: Packages/com.unity.collab-proxy/Editor/Tool/FindTool.cs - Importer: ScriptedImporter/UnityEditor.QuickSearchModule:UnityEditor.Search:ASIAI0B
Importing 'GUID: 2e0d1d689c88f76448cad390443d7ba3 - Path: Packages/com.unity.collab-proxy/Editor/Tool/FindTool.cs - Importer: ScriptedImporter/UnityEditor.QuickSearchModule:UnityEditor.Search:ASIAI0B' with importer (ScriptedImporter : UnityEditor.QuickSearchModule:UnityEditor.Search:ASIAI0B)
Imported 'GUID: 2e0d1d689c88f76448cad390443d7ba3' -> (Import Result ID: '5d018a7a4ec2b5a16a6f7b44a057a31b') in 0.003 seconds [static and dynamic dependencies]. Details - ImportResultOutputID=e072cc33cb49bd9b279be9543e0d3eaa DependenciesID=4fc57fb7a48b5b6bfaf7722d95a815cd StaticDependenciesID=010977ac5c90a6ed17369255e62b38c1 
Number of updated asset objects reloaded before import = 0
Number of asset objects unloaded after import = 0
========================================================================
Received Import Request.
  Time of request: 2026-10-01T15:25:32.7320853Z
  Time since last request: 0.0002753 seconds.
  importAddress: GUID: 22904cb954eb4a2e9bcae493741b96e6 - Path: Packages/com.unity.collab-proxy/Editor/Diff/DiffTextViewBuilder.cs - Importer: ScriptedImporter/UnityEditor.QuickSearchModule:UnityEditor.Search:ASIAI0B
Importing 'GUID: 22904cb954eb4a2e9bcae493741b96e6 - Path: Packages/com.unity.collab-proxy/Editor/Diff/DiffTextViewBuilder.cs - Importer: ScriptedImporter/UnityEditor.QuickSearchModule:UnityEditor.Search:ASIAI0B' with importer (ScriptedImporter : UnityEditor.QuickSearchModule:UnityEditor.Search:ASIAI0B)
Imported 'GUID: 22904cb954eb4a2e9bcae493741b96e6' -> (Import Result ID: '4ed059388869eb375e96f0c3a0493d16') in 0.002 seconds [static and dynamic dependencies]. Details - ImportResultOutputID=8901681dde7c2ac1fea8ad469aab7aad DependenciesID=9c1d20f2f4542bf5c9769147c1a941ed StaticDependenciesID=9e24f7776561b6b9d05561b7c4cea996 
Number of updated asset objects reloaded before import = 0
Number of asset objects unloaded after import = 0
========================================================================
Received Import Request.
  Time of request: 2026-10-01T15:25:32.7343605Z
  Time since last request: 0.0002579 seconds.
  importAddress: GUID: f111698d5aafb61479afc143e389a014 - Path: Packages/com.unity.collab-proxy/Editor/Headless/HeadlessGluonUpdateProgress.cs - Importer: ScriptedImporter/UnityEditor.QuickSearchModule:UnityEditor.Search:ASIAI0B
Importing 'GUID: f111698d5aafb61479afc143e389a014 - Path: Packages/com.unity.collab-proxy/Editor/Headless/HeadlessGluonUpdateProgress.cs - Importer: ScriptedImporter/UnityEditor.QuickSearchModule:UnityEditor.Search:ASIAI0B' with importer (ScriptedImporter : UnityEditor.QuickSearchModule:UnityEditor.Search:ASIAI0B)
Imported 'GUID: f111698d5aafb61479afc143e389a014' -> (Import Result ID: '6a36736f472d75578ca57b0bc6900c49') in 0.002 seconds [static and dynamic dependencies]. Details - ImportResultOutputID=445857f0b6280f85f434663f80dff591 DependenciesID=245b20ac1f9b15d76092d3084069a6b3 StaticDependenciesID=3f106e43acb2f678dd506d6f3475f03a 
Number of updated asset objects reloaded before import = 0
Number of asset objects unloaded after import = 0
========================================================================
Received Import Request.
  Time of request: 2026-10-01T15:25:32.7368976Z
  Time since last request: 0.0001264 seconds.
  importAddress: GUID: 2225873219944bac82cbf7bb0a2b5153 - Path: Packages/com.unity.collab-proxy/Editor/Diff/DiffMergeColorThemeSetter.cs - Importer: ScriptedImporter/UnityEditor.QuickSearchModule:UnityEditor.Search:ASIAI0B
Importing 'GUID: 2225873219944bac82cbf7bb0a2b5153 - Path: Packages/com.unity.collab-proxy/Editor/Diff/DiffMergeColorThemeSetter.cs - Importer: ScriptedImporter/UnityEditor.QuickSearchModule:UnityEditor.Search:ASIAI0B' with importer (ScriptedImporter : UnityEditor.QuickSearchModule:UnityEditor.Search:ASIAI0B)
Imported 'GUID: 2225873219944bac82cbf7bb0a2b5153' -> (Import Result ID: '0f6d5073b032e81c57cf3821ed21507f') in 0.002 seconds [static and dynamic dependencies]. Details - ImportResultOutputID=683e03c2e071f841d82ad2b4860b8c16 DependenciesID=f920346ae4d8dd8d9df1f68c1745b8bf StaticDependenciesID=b8b6f1e7fa0af2621db773078ecd1bf3 
Number of updated asset objects reloaded before import = 0
Number of asset objects unloaded after import = 0
========================================================================
Received Import Request.
  Time of request: 2026-10-01T15:25:32.7393788Z
  Time since last request: 0.0002422 seconds.
  importAddress: GUID: fe8d056c7f649402c8690ade1bc20eb5 - Path: Packages/com.unity.collab-proxy/Editor/Diff/EditedTextBlockMarker.cs - Importer: ScriptedImporter/UnityEditor.QuickSearchModule:UnityEditor.Search:ASIAI0B
Importing 'GUID: fe8d056c7f649402c8690ade1bc20eb5 - Path: Packages/com.unity.collab-proxy/Editor/Diff/EditedTextBlockMarker.cs - Importer: ScriptedImporter/UnityEditor.QuickSearchModule:UnityEditor.Search:ASIAI0B' with importer (ScriptedImporter : UnityEditor.QuickSearchModule:UnityEditor.Search:ASIAI0B)
Imported 'GUID: fe8d056c7f649402c8690ade1bc20eb5' -> (Import Result ID: 'b9183d4111ef7864249fc321d207f111') in 0.003 seconds [static and dynamic dependencies]. Details - ImportResultOutputID=99d5fc109c4b351f7f1bab3ace992859 DependenciesID=0090a67a4bb02e5cc22c7fb5f1a30e3a StaticDependenciesID=8df0155913fa8853e804e65bc560c1ff 
Number of updated asset objects reloaded before import = 0
Number of asset objects unloaded after import = 0
========================================================================
Received Import Request.
  Time of request: 2026-10-01T15:25:32.7606661Z
  Time since last request: 0.0151798 seconds.
  importAddress: GUID: a4431274b9694af98cec7d089835c6a4 - Path: Packages/com.unity.collab-proxy/Editor/Topbar/TopbarButtons.cs - Importer: ScriptedImporter/UnityEditor.QuickSearchModule:UnityEditor.Search:ASIAI0B
Importing 'GUID: a4431274b9694af98cec7d089835c6a4 - Path: Packages/com.unity.collab-proxy/Editor/Topbar/TopbarButtons.cs - Importer: ScriptedImporter/UnityEditor.QuickSearchModule:UnityEditor.Search:ASIAI0B' with importer (ScriptedImporter : UnityEditor.QuickSearchModule:UnityEditor.Search:ASIAI0B)
Imported 'GUID: a4431274b9694af98cec7d089835c6a4' -> (Import Result ID: '783e0c249741bcd0daf238616cfb1e4f') in 0.002 seconds [static and dynamic dependencies]. Details - ImportResultOutputID=98e6b27452ea887516eb151fed2e0ed9 DependenciesID=fec44dfba2b1493de4e08e614cfcf2ea StaticDependenciesID=5821e7af96d39d1b210a27646d67548f 
Number of updated asset objects reloaded before import = 0
Number of asset objects unloaded after import = 0
========================================================================
Received Import Request.
  Time of request: 2026-10-01T15:25:32.7634658Z
  Time since last request: 0.0003823 seconds.
  importAddress: GUID: 01023c055f6f08e408b78d36d5f7a803 - Path: Packages/com.unity.collab-proxy/Editor/UI/HandleMenuItem.cs - Importer: ScriptedImporter/UnityEditor.QuickSearchModule:UnityEditor.Search:ASIAI0B
Importing 'GUID: 01023c055f6f08e408b78d36d5f7a803 - Path: Packages/com.unity.collab-proxy/Editor/UI/HandleMenuItem.cs - Importer: ScriptedImporter/UnityEditor.QuickSearchModule:UnityEditor.Search:ASIAI0B' with importer (ScriptedImporter : UnityEditor.QuickSearchModule:UnityEditor.Search:ASIAI0B)
Imported 'GUID: 01023c055f6f08e408b78d36d5f7a803' -> (Import Result ID: 'bafe4289bd731d31bd8fcf1c4736fd9a') in 0.003 seconds [static and dynamic dependencies]. Details - ImportResultOutputID=602a1c21a9d4deb142403391fd02814d DependenciesID=8c0a943fae4d6cc94ed5bd9090966d80 StaticDependenciesID=38e2748b3384bfebe553fd7b208a18de 
Number of updated asset objects reloaded before import = 0
Number of asset objects unloaded after import = 0
========================================================================
Received Import Request.
  Time of request: 2026-10-01T15:25:32.7670191Z
  Time since last request: 0.0001459 seconds.
  importAddress: GUID: 3c3253f17b35cd14ab618b470fb0e52a - Path: Packages/com.unity.collab-proxy/Editor/UI/DrawActionToolbar.cs - Importer: ScriptedImporter/UnityEditor.QuickSearchModule:UnityEditor.Search:ASIAI0B
Importing 'GUID: 3c3253f17b35cd14ab618b470fb0e52a - Path: Packages/com.unity.collab-proxy/Editor/UI/DrawActionToolbar.cs - Importer: ScriptedImporter/UnityEditor.QuickSearchModule:UnityEditor.Search:ASIAI0B' with importer (ScriptedImporter : UnityEditor.QuickSearchModule:UnityEditor.Search:ASIAI0B)
Imported 'GUID: 3c3253f17b35cd14ab618b470fb0e52a' -> (Import Result ID: '8c539bc366c93dcd231a238916fac14d') in 0.002 seconds [static and dynamic dependencies]. Details - ImportResultOutputID=be74c2b0665f722a27897c50e7258026 DependenciesID=92e5df6a30780d504483a110fab123b5 StaticDependenciesID=48b7d12dbf80af2be031bb09f1462dba 
Number of updated asset objects reloaded before import = 0
Number of asset objects unloaded after import = 0
========================================================================
Received Import Request.
  Time of request: 2026-10-01T15:25:32.7696057Z
  Time since last request: 0.0003359 seconds.
  importAddress: GUID: c60feb8f0f5f57c4393eae9a43529616 - Path: Packages/com.unity.collab-proxy/Editor/UI/UnityConstants.cs - Importer: ScriptedImporter/UnityEditor.QuickSearchModule:UnityEditor.Search:ASIAI0B
Importing 'GUID: c60feb8f0f5f57c4393eae9a43529616 - Path: Packages/com.unity.collab-proxy/Editor/UI/UnityConstants.cs - Importer: ScriptedImporter/UnityEditor.QuickSearchModule:UnityEditor.Search:ASIAI0B' with importer (ScriptedImporter : UnityEditor.QuickSearchModule:UnityEditor.Search:ASIAI0B)
Imported 'GUID: c60feb8f0f5f57c4393eae9a43529616' -> (Import Result ID: '88731b62ed1ead26c1d4a89b6c2239f1') in 0.004 seconds [static and dynamic dependencies]. Details - ImportResultOutputID=96357ae6efd6bcd98bb1638a5f129912 DependenciesID=fe97ec06b3a990812879a0c4376d99a9 StaticDependenciesID=b4c6b07f9df75aa2a3f242d9f1726311 
Number of updated asset objects reloaded before import = 0
Number of asset objects unloaded after import = 0
========================================================================
Received Import Request.
  Time of request: 2026-10-01T15:25:32.7746952Z
  Time since last request: 0.0006368 seconds.
  importAddress: GUID: e4830608cb1ca7f4289f521d7578de88 - Path: Packages/com.unity.collab-proxy/Editor/UI/GetOverlayRect.cs - Importer: ScriptedImporter/UnityEditor.QuickSearchModule:UnityEditor.Search:ASIAI0B
Importing 'GUID: e4830608cb1ca7f4289f521d7578de88 - Path: Packages/com.unity.collab-proxy/Editor/UI/GetOverlayRect.cs - Importer: ScriptedImporter/UnityEditor.QuickSearchModule:UnityEditor.Search:ASIAI0B' with importer (ScriptedImporter : UnityEditor.QuickSearchModule:UnityEditor.Search:ASIAI0B)
Imported 'GUID: e4830608cb1ca7f4289f521d7578de88' -> (Import Result ID: 'c3be6fcc5c1314bf49bf501914fa80de') in 0.003 seconds [static and dynamic dependencies]. Details - ImportResultOutputID=ed0f2dd409051992c90dfadf6529e204 DependenciesID=c9a0317f3d84ddc9a6c6f32a62be640f StaticDependenciesID=4cdcc322230537751ea4b324ba5d06b1 
Number of updated asset objects reloaded before import = 0
Number of asset objects unloaded after import = 0
========================================================================
Received Import Request.
  Time of request: 2026-10-01T15:25:32.7779818Z
  Time since last request: 0.0001786 seconds.
  importAddress: GUID: 84ce5571ebc476e45b6c9bc6644599c2 - Path: Packages/com.unity.collab-proxy/Editor/UI/EditorWindowFocus.cs - Importer: ScriptedImporter/UnityEditor.QuickSearchModule:UnityEditor.Search:ASIAI0B
Importing 'GUID: 84ce5571ebc476e45b6c9bc6644599c2 - Path: Packages/com.unity.collab-proxy/Editor/UI/EditorWindowFocus.cs - Importer: ScriptedImporter/UnityEditor.QuickSearchModule:UnityEditor.Search:ASIAI0B' with importer (ScriptedImporter : UnityEditor.QuickSearchModule:UnityEditor.Search:ASIAI0B)
Imported 'GUID: 84ce5571ebc476e45b6c9bc6644599c2' -> (Import Result ID: '1b1632faec5d6472e2feea1bbd53729d') in 0.003 seconds [static and dynamic dependencies]. Details - ImportResultOutputID=ac4d5c1929316360f8ec546ac95a6239 DependenciesID=a516b7e41bb33028dd6363596d6ef4e6 StaticDependenciesID=5bbc9ceef67dc2ec0b94d6d2ce24f8a3 
Number of updated asset objects reloaded before import = 0
Number of asset objects unloaded after import = 0
========================================================================
Received Import Request.
  Time of request: 2026-10-01T15:25:32.7831228Z
  Time since last request: 0.0021468 seconds.
  importAddress: GUID: 023009af66be2da4d84bf23700528308 - Path: Packages/com.unity.collab-proxy/Editor/UI/UnityEvents.cs - Importer: ScriptedImporter/UnityEditor.QuickSearchModule:UnityEditor.Search:ASIAI0B
Importing 'GUID: 023009af66be2da4d84bf23700528308 - Path: Packages/com.unity.collab-proxy/Editor/UI/UnityEvents.cs - Importer: ScriptedImporter/UnityEditor.QuickSearchModule:UnityEditor.Search:ASIAI0B' with importer (ScriptedImporter : UnityEditor.QuickSearchModule:UnityEditor.Search:ASIAI0B)
Imported 'GUID: 023009af66be2da4d84bf23700528308' -> (Import Result ID: 'ce886c068619d17bee7084e07ceef9fc') in 0.003 seconds [static and dynamic dependencies]. Details - ImportResultOutputID=469a2699df4b496fe6e3879c5ae0a1f7 DependenciesID=162d37ae1720b9a45ff62c0f3be28c9c StaticDependenciesID=1a92a2bbd161b10460e867cb1d26a179 
Number of updated asset objects reloaded before import = 0
Number of asset objects unloaded after import = 0
========================================================================
Received Import Request.
  Time of request: 2026-10-01T15:25:32.7867669Z
  Time since last request: 0.0003156 seconds.
  importAddress: GUID: d765c78b18a58b14a986b34841ae9c52 - Path: Packages/com.unity.collab-proxy/Editor/UI/Images.cs - Importer: ScriptedImporter/UnityEditor.QuickSearchModule:UnityEditor.Search:ASIAI0B
Importing 'GUID: d765c78b18a58b14a986b34841ae9c52 - Path: Packages/com.unity.collab-proxy/Editor/UI/Images.cs - Importer: ScriptedImporter/UnityEditor.QuickSearchModule:UnityEditor.Search:ASIAI0B' with importer (ScriptedImporter : UnityEditor.QuickSearchModule:UnityEditor.Search:ASIAI0B)
Imported 'GUID: d765c78b18a58b14a986b34841ae9c52' -> (Import Result ID: 'fab8e7d9bbabd6b7ede85142a4a19bff') in 0.002 seconds [static and dynamic dependencies]. Details - ImportResultOutputID=000de069d55d6e2bfdec429d22d0072c DependenciesID=ce3024fa8966fc58ca95a768dbfed02b StaticDependenciesID=4154a3a10d140c7a49a88a9d4fad1e4b 
Number of updated asset objects reloaded before import = 0
Number of asset objects unloaded after import = 0
========================================================================
Received Import Request.
  Time of request: 2026-10-01T15:25:32.7902479Z
  Time since last request: 0.0013067 seconds.
  importAddress: GUID: 75e502da07ff345528edbecd094b5cb5 - Path: Packages/com.unity.collab-proxy/Editor/UI/DelayedActionBySecondsRunner.cs - Importer: ScriptedImporter/UnityEditor.QuickSearchModule:UnityEditor.Search:ASIAI0B
Importing 'GUID: 75e502da07ff345528edbecd094b5cb5 - Path: Packages/com.unity.collab-proxy/Editor/UI/DelayedActionBySecondsRunner.cs - Importer: ScriptedImporter/UnityEditor.QuickSearchModule:UnityEditor.Search:ASIAI0B' with importer (ScriptedImporter : UnityEditor.QuickSearchModule:UnityEditor.Search:ASIAI0B)
Imported 'GUID: 75e502da07ff345528edbecd094b5cb5' -> (Import Result ID: 'cb5cc20c104f8da07170f5869fc2e69e') in 0.003 seconds [static and dynamic dependencies]. Details - ImportResultOutputID=ce9ee002c867e7fd5f3c7df2da043fe6 DependenciesID=d28e6763be685793856b1486c9fba3e6 StaticDependenciesID=9aac07d2ca5d3a976d5ca45a270fd0c7 
Number of updated asset objects reloaded before import = 0
Number of asset objects unloaded after import = 0
========================================================================
Received Import Request.
  Time of request: 2026-10-01T15:25:32.793922Z
  Time since last request: 0.0002802 seconds.
  importAddress: GUID: c08cfcfc4c2c46c46940ed103538acae - Path: Packages/com.unity.collab-proxy/Editor/UI/DrawActionButton.cs - Importer: ScriptedImporter/UnityEditor.QuickSearchModule:UnityEditor.Search:ASIAI0B
Importing 'GUID: c08cfcfc4c2c46c46940ed103538acae - Path: Packages/com.unity.collab-proxy/Editor/UI/DrawActionButton.cs - Importer: ScriptedImporter/UnityEditor.QuickSearchModule:UnityEditor.Search:ASIAI0B' with importer (ScriptedImporter : UnityEditor.QuickSearchModule:UnityEditor.Search:ASIAI0B)
Imported 'GUID: c08cfcfc4c2c46c46940ed103538acae' -> (Import Result ID: 'e66339229a4d815c8390b17e24b2b7ff') in 0.005 seconds [static and dynamic dependencies]. Details - ImportResultOutputID=852498f392f271896e4ec8b45884f479 DependenciesID=defd2f651c0c936371dab218c243c1ef StaticDependenciesID=ed4b58d539b1ab8fc88c21a411f9663f 
Number of updated asset objects reloaded before import = 0
Number of asset objects unloaded after import = 0
========================================================================
Received Import Request.
  Time of request: 2026-10-01T15:25:32.7993628Z
  Time since last request: 0.0002095 seconds.
  importAddress: GUID: 0f222cc01be81b842b1333c92fb7355c - Path: Packages/com.unity.collab-proxy/Editor/UI/DrawUserIcon.cs - Importer: ScriptedImporter/UnityEditor.QuickSearchModule:UnityEditor.Search:ASIAI0B
Importing 'GUID: 0f222cc01be81b842b1333c92fb7355c - Path: Packages/com.unity.collab-proxy/Editor/UI/DrawUserIcon.cs - Importer: ScriptedImporter/UnityEditor.QuickSearchModule:UnityEditor.Search:ASIAI0B' with importer (ScriptedImporter : UnityEditor.QuickSearchModule:UnityEditor.Search:ASIAI0B)
Imported 'GUID: 0f222cc01be81b842b1333c92fb7355c' -> (Import Result ID: 'cfd127dd34b6f71fde29523fa0eba25b') in 0.002 seconds [static and dynamic dependencies]. Details - ImportResultOutputID=a12512b147cde55be2ea72f2af3bc6b8 DependenciesID=60b26204c33a312f25849c9cac7e7592 StaticDependenciesID=d9a670f7da7f08c2f9175e1c9ade2d5a 
Number of updated asset objects reloaded before import = 0
Number of asset objects unloaded after import = 0
========================================================================
Received Import Request.
  Time of request: 2026-10-01T15:25:32.8021728Z
  Time since last request: 0.0003574 seconds.
  importAddress: GUID: 2bdca37e8ede38949a186765fa1eefc6 - Path: Packages/com.unity.collab-proxy/Editor/UI/ShowWindow.cs - Importer: ScriptedImporter/UnityEditor.QuickSearchModule:UnityEditor.Search:ASIAI0B
Importing 'GUID: 2bdca37e8ede38949a186765fa1eefc6 - Path: Packages/com.unity.collab-proxy/Editor/UI/ShowWindow.cs - Importer: ScriptedImporter/UnityEditor.QuickSearchModule:UnityEditor.Search:ASIAI0B' with importer (ScriptedImporter : UnityEditor.QuickSearchModule:UnityEditor.Search:ASIAI0B)
Imported 'GUID: 2bdca37e8ede38949a186765fa1eefc6' -> (Import Result ID: '924beefa437b3b10dfb95a842d7a5bf5') in 0.006 seconds [static and dynamic dependencies]. Details - ImportResultOutputID=3bc8b256e9af38cdb5539ad27732e2bd DependenciesID=6254956d3271fedd72d92323029e691c StaticDependenciesID=186ce85dd64c147df926e4ddcd3ed6b2 
Number of updated asset objects reloaded before import = 0
Number of asset objects unloaded after import = 0
========================================================================
Received Import Request.
  Time of request: 2026-10-01T15:25:32.8092765Z
  Time since last request: 0.0000555 seconds.
  importAddress: GUID: ddfa6de84251ce4448a66bad9e7d326e - Path: Packages/com.unity.collab-proxy/Editor/UI/DrawSplitter.cs - Importer: ScriptedImporter/UnityEditor.QuickSearchModule:UnityEditor.Search:ASIAI0B
Importing 'GUID: ddfa6de84251ce4448a66bad9e7d326e - Path: Packages/com.unity.collab-proxy/Editor/UI/DrawSplitter.cs - Importer: ScriptedImporter/UnityEditor.QuickSearchModule:UnityEditor.Search:ASIAI0B' with importer (ScriptedImporter : UnityEditor.QuickSearchModule:UnityEditor.Search:ASIAI0B)
Imported 'GUID: ddfa6de84251ce4448a66bad9e7d326e' -> (Import Result ID: '9fb3906c7815aed35d7113b26c0c8169') in 0.003 seconds [static and dynamic dependencies]. Details - ImportResultOutputID=db2b5b5184f386fa2c07c3fb0c6d0b5d DependenciesID=c109af83ce62d7b575ee7421480fafe6 StaticDependenciesID=e77c3eb09b85fa049eb7616e2414f20d 
Number of updated asset objects reloaded before import = 0
Number of asset objects unloaded after import = 0
========================================================================
Received Import Request.
  Time of request: 2026-10-01T15:25:32.8130757Z
  Time since last request: 0.0002472 seconds.
  importAddress: GUID: d2e4782a922433041be291edaf12421a - Path: Packages/com.unity.collab-proxy/Editor/UI/DropDownTextField.cs - Importer: ScriptedImporter/UnityEditor.QuickSearchModule:UnityEditor.Search:ASIAI0B
Importing 'GUID: d2e4782a922433041be291edaf12421a - Path: Packages/com.unity.collab-proxy/Editor/UI/DropDownTextField.cs - Importer: ScriptedImporter/UnityEditor.QuickSearchModule:UnityEditor.Search:ASIAI0B' with importer (ScriptedImporter : UnityEditor.QuickSearchModule:UnityEditor.Search:ASIAI0B)
Imported 'GUID: d2e4782a922433041be291edaf12421a' -> (Import Result ID: 'b0d78d2e304b792289c0e0a36580cb6a') in 0.065 seconds [static and dynamic dependencies]. Details - ImportResultOutputID=22c867887b86c96db1da26918a11005b DependenciesID=dce031c516277ef3377f5182c0fa123a StaticDependenciesID=f0e1204be85a47f9a2bf5b80a8412c19 
Number of updated asset objects reloaded before import = 0
Number of asset objects unloaded after import = 0
========================================================================
Received Import Request.
  Time of request: 2026-10-01T15:25:32.8794089Z
  Time since last request: 0.0009012 seconds.
  importAddress: GUID: d09e9a1cd2c8d457790c3c2161996c59 - Path: Packages/com.unity.collab-proxy/Editor/UI/EditorWindowHost.cs - Importer: ScriptedImporter/UnityEditor.QuickSearchModule:UnityEditor.Search:ASIAI0B
Importing 'GUID: d09e9a1cd2c8d457790c3c2161996c59 - Path: Packages/com.unity.collab-proxy/Editor/UI/EditorWindowHost.cs - Importer: ScriptedImporter/UnityEditor.QuickSearchModule:UnityEditor.Search:ASIAI0B' with importer (ScriptedImporter : UnityEditor.QuickSearchModule:UnityEditor.Search:ASIAI0B)
Imported 'GUID: d09e9a1cd2c8d457790c3c2161996c59' -> (Import Result ID: '076bc82ff10a7ab56345b50d88a1a520') in 0.004 seconds [static and dynamic dependencies]. Details - ImportResultOutputID=974bbcff66b07b3100681a78c3195bbb DependenciesID=cb17032ab63d9dd67215bbcae31648c6 StaticDependenciesID=03f1ea30fd2dc760d7550964a803ed74 
Number of updated asset objects reloaded before import = 0
Number of asset objects unloaded after import = 0
========================================================================
Received Import Request.
  Time of request: 2026-10-01T15:25:32.8836403Z
  Time since last request: 0.0002159 seconds.
  importAddress: GUID: ccc33cdb0ce54f878e30b674fe635381 - Path: Packages/com.unity.collab-proxy/Editor/UI/RectExtensions.cs - Importer: ScriptedImporter/UnityEditor.QuickSearchModule:UnityEditor.Search:ASIAI0B
Importing 'GUID: ccc33cdb0ce54f878e30b674fe635381 - Path: Packages/com.unity.collab-proxy/Editor/UI/RectExtensions.cs - Importer: ScriptedImporter/UnityEditor.QuickSearchModule:UnityEditor.Search:ASIAI0B' with importer (ScriptedImporter : UnityEditor.QuickSearchModule:UnityEditor.Search:ASIAI0B)
Imported 'GUID: ccc33cdb0ce54f878e30b674fe635381' -> (Import Result ID: '9adad984a254ecbf39b18cae21033f0c') in 0.006 seconds [static and dynamic dependencies]. Details - ImportResultOutputID=7a17e1fa23e4434079aa7277cf1b0eea DependenciesID=3f18d5cbe31fc29714b380766b47fabc StaticDependenciesID=d458fbe1e5814533e927be8cc51ace14 
Number of updated asset objects reloaded before import = 0
Number of asset objects unloaded after import = 0
========================================================================
Received Import Request.
  Time of request: 2026-10-01T15:25:32.8900426Z
  Time since last request: 0.000264 seconds.
  importAddress: GUID: 5474cb78511de04459cac50d50b9d9e0 - Path: Packages/com.unity.collab-proxy/Editor/UI/DrawSearchField.cs - Importer: ScriptedImporter/UnityEditor.QuickSearchModule:UnityEditor.Search:ASIAI0B
Importing 'GUID: 5474cb78511de04459cac50d50b9d9e0 - Path: Packages/com.unity.collab-proxy/Editor/UI/DrawSearchField.cs - Importer: ScriptedImporter/UnityEditor.QuickSearchModule:UnityEditor.Search:ASIAI0B' with importer (ScriptedImporter : UnityEditor.QuickSearchModule:UnityEditor.Search:ASIAI0B)
Imported 'GUID: 5474cb78511de04459cac50d50b9d9e0' -> (Import Result ID: 'fdd854ba540e2e5318bd807ba1f3d74e') in 0.003 seconds [static and dynamic dependencies]. Details - ImportResultOutputID=7125045b06f240be000c9e2a9bb65c7b DependenciesID=7ccfc4738043ddf6a735bd466466f30f StaticDependenciesID=f3b1eb4e77bbf04f2eb55d45de2399ab 
Number of updated asset objects reloaded before import = 0
Number of asset objects unloaded after import = 0
========================================================================
Received Import Request.
  Time of request: 2026-10-01T15:25:32.8997698Z
  Time since last request: 0.000396 seconds.
  importAddress: GUID: ccc9f105224248edbf0b807faa2bcba9 - Path: Packages/com.unity.collab-proxy/Editor/UI/AttributeColor.cs - Importer: ScriptedImporter/UnityEditor.QuickSearchModule:UnityEditor.Search:ASIAI0B
Importing 'GUID: ccc9f105224248edbf0b807faa2bcba9 - Path: Packages/com.unity.collab-proxy/Editor/UI/AttributeColor.cs - Importer: ScriptedImporter/UnityEditor.QuickSearchModule:UnityEditor.Search:ASIAI0B' with importer (ScriptedImporter : UnityEditor.QuickSearchModule:UnityEditor.Search:ASIAI0B)
Imported 'GUID: ccc9f105224248edbf0b807faa2bcba9' -> (Import Result ID: 'b85369f0a0dccd5ea1b00196d2bae6c3') in 0.002 seconds [static and dynamic dependencies]. Details - ImportResultOutputID=ace0ab25ad80f33e60bdf4f274fdf1f9 DependenciesID=b69ed46e9835c992100cc7382bc65d9c StaticDependenciesID=39322f4c3357bb42ee8489ef23390937 
Number of updated asset objects reloaded before import = 0
Number of asset objects unloaded after import = 0
========================================================================
Received Import Request.
  Time of request: 2026-10-01T15:25:32.9027586Z
  Time since last request: 0.0002929 seconds.
  importAddress: GUID: 7b405b01c6be83742bc000fb416b4dbf - Path: Packages/com.unity.collab-proxy/Editor/Tool/LaunchInstaller.cs - Importer: ScriptedImporter/UnityEditor.QuickSearchModule:UnityEditor.Search:ASIAI0B
Importing 'GUID: 7b405b01c6be83742bc000fb416b4dbf - Path: Packages/com.unity.collab-proxy/Editor/Tool/LaunchInstaller.cs - Importer: ScriptedImporter/UnityEditor.QuickSearchModule:UnityEditor.Search:ASIAI0B' with importer (ScriptedImporter : UnityEditor.QuickSearchModule:UnityEditor.Search:ASIAI0B)
Imported 'GUID: 7b405b01c6be83742bc000fb416b4dbf' -> (Import Result ID: 'effff2a69112f02260a79b5472f7e689') in 0.007 seconds [static and dynamic dependencies]. Details - ImportResultOutputID=094079d4571544b8025e76515e791c0f DependenciesID=4d65d833a6e079f4c568aaa6e45d10ce StaticDependenciesID=9a8ce9b94befcdb1da6f221b189abab2 
Number of updated asset objects reloaded before import = 0
Number of asset objects unloaded after import = 0
========================================================================
Received Import Request.
  Time of request: 2026-10-01T15:25:32.914273Z
  Time since last request: 0.0045257 seconds.
  importAddress: GUID: e436e24eba68eff48b3fb264ad0ab953 - Path: Packages/com.unity.collab-proxy/Editor/UI/EditorProgressControls.cs - Importer: ScriptedImporter/UnityEditor.QuickSearchModule:UnityEditor.Search:ASIAI0B
Importing 'GUID: e436e24eba68eff48b3fb264ad0ab953 - Path: Packages/com.unity.collab-proxy/Editor/UI/EditorProgressControls.cs - Importer: ScriptedImporter/UnityEditor.QuickSearchModule:UnityEditor.Search:ASIAI0B' with importer (ScriptedImporter : UnityEditor.QuickSearchModule:UnityEditor.Search:ASIAI0B)
Imported 'GUID: e436e24eba68eff48b3fb264ad0ab953' -> (Import Result ID: '60cabec55888b1474a3c0b8b24e8282a') in 0.010 seconds [static and dynamic dependencies]. Details - ImportResultOutputID=0bf9420b2400fcf5c34ca4f38f855dcc DependenciesID=72b9f3ab9c6ac0c3b251fbbd91402e8f StaticDependenciesID=2ffaddc3d53f78fddef88615f3b56131 
Number of updated asset objects reloaded before import = 0
Number of asset objects unloaded after import = 0
========================================================================
Received Import Request.
  Time of request: 2026-10-01T15:25:32.9254905Z
  Time since last request: 0.000253 seconds.
  importAddress: GUID: eaa3325968035499991b3b1d1b89a348 - Path: Packages/com.unity.collab-proxy/Editor/UI/CalcTextSize.cs - Importer: ScriptedImporter/UnityEditor.QuickSearchModule:UnityEditor.Search:ASIAI0B
Importing 'GUID: eaa3325968035499991b3b1d1b89a348 - Path: Packages/com.unity.collab-proxy/Editor/UI/CalcTextSize.cs - Importer: ScriptedImporter/UnityEditor.QuickSearchModule:UnityEditor.Search:ASIAI0B' with importer (ScriptedImporter : UnityEditor.QuickSearchModule:UnityEditor.Search:ASIAI0B)
Imported 'GUID: eaa3325968035499991b3b1d1b89a348' -> (Import Result ID: 'f10c47821758a3b4e546e122f9fc7d24') in 0.002 seconds [static and dynamic dependencies]. Details - ImportResultOutputID=685253e1dc9f4dbfd25298646a30635a DependenciesID=fde295824e462fe56930de9a3f9de3de StaticDependenciesID=8aab92931102c8fb830f7846e88c84c0 
Number of updated asset objects reloaded before import = 0
Number of asset objects unloaded after import = 0
========================================================================
Received Import Request.
  Time of request: 2026-10-01T15:25:32.9282234Z
  Time since last request: 0.0003482 seconds.
  importAddress: GUID: de396a7891b8b7f4f9649c3ccee67421 - Path: Packages/com.unity.collab-proxy/Editor/UI/EnumPopupSetting.cs - Importer: ScriptedImporter/UnityEditor.QuickSearchModule:UnityEditor.Search:ASIAI0B
Importing 'GUID: de396a7891b8b7f4f9649c3ccee67421 - Path: Packages/com.unity.collab-proxy/Editor/UI/EnumPopupSetting.cs - Importer: ScriptedImporter/UnityEditor.QuickSearchModule:UnityEditor.Search:ASIAI0B' with importer (ScriptedImporter : UnityEditor.QuickSearchModule:UnityEditor.Search:ASIAI0B)
Imported 'GUID: de396a7891b8b7f4f9649c3ccee67421' -> (Import Result ID: '47e3123b7895598e2d91721c34109830') in 0.003 seconds [static and dynamic dependencies]. Details - ImportResultOutputID=9e59fbd078e672ee35662881f8abc164 DependenciesID=40ec45b54f5608bcc1d2fc0d5326e502 StaticDependenciesID=30841bb0a0717af5abff1a4c93c241ff 
Number of updated asset objects reloaded before import = 0
Number of asset objects unloaded after import = 0
========================================================================
Received Import Request.
  Time of request: 2026-10-01T15:25:32.9319401Z
  Time since last request: 0.0006728 seconds.
  importAddress: GUID: 61c9e0bcd840dcb4f907e8cc9b89772a - Path: Packages/com.unity.collab-proxy/Editor/UI/GUIContentNotification.cs - Importer: ScriptedImporter/UnityEditor.QuickSearchModule:UnityEditor.Search:ASIAI0B
Importing 'GUID: 61c9e0bcd840dcb4f907e8cc9b89772a - Path: Packages/com.unity.collab-proxy/Editor/UI/GUIContentNotification.cs - Importer: ScriptedImporter/UnityEditor.QuickSearchModule:UnityEditor.Search:ASIAI0B' with importer (ScriptedImporter : UnityEditor.QuickSearchModule:UnityEditor.Search:ASIAI0B)
Imported 'GUID: 61c9e0bcd840dcb4f907e8cc9b89772a' -> (Import Result ID: 'b14b2c0a18fef0e2664e2998780a75d0') in 0.002 seconds [static and dynamic dependencies]. Details - ImportResultOutputID=8684f19d6dae0bdeba9afa6a67489d07 DependenciesID=72ffe57332a3a42ac5c844670dfa32ab StaticDependenciesID=0e066a514aa7ddc7422adb8802899bf9 
Number of updated asset objects reloaded before import = 0
Number of asset objects unloaded after import = 0
========================================================================
Received Import Request.
  Time of request: 2026-10-01T15:25:32.9344818Z
  Time since last request: 0.0003432 seconds.
  importAddress: GUID: de4aea75bc204d14cb432cf1708548f1 - Path: Packages/com.unity.collab-proxy/Editor/UI/EditorDispatcher.cs - Importer: ScriptedImporter/UnityEditor.QuickSearchModule:UnityEditor.Search:ASIAI0B
Importing 'GUID: de4aea75bc204d14cb432cf1708548f1 - Path: Packages/com.unity.collab-proxy/Editor/UI/EditorDispatcher.cs - Importer: ScriptedImporter/UnityEditor.QuickSearchModule:UnityEditor.Search:ASIAI0B' with importer (ScriptedImporter : UnityEditor.QuickSearchModule:UnityEditor.Search:ASIAI0B)
Imported 'GUID: de4aea75bc204d14cb432cf1708548f1' -> (Import Result ID: 'e44bf92ef75bb9f4e3bb16d5dc231e7f') in 0.005 seconds [static and dynamic dependencies]. Details - ImportResultOutputID=f39f9e8871ddbcde228732379950f0d8 DependenciesID=91572c62cd4403adf68d0251ad96b26c StaticDependenciesID=514ac1b7a81f6fd37e06d5c220f9673d 
Number of updated asset objects reloaded before import = 0
Number of asset objects unloaded after import = 0
========================================================================
Received Import Request.
  Time of request: 2026-10-01T15:25:32.9417399Z
  Time since last request: 0.0000328 seconds.
  importAddress: GUID: de6e8913aefd69d4ca90a7216d225d3a - Path: Packages/com.unity.collab-proxy/Editor/Tool/ToolConstants.cs - Importer: ScriptedImporter/UnityEditor.QuickSearchModule:UnityEditor.Search:ASIAI0B
Importing 'GUID: de6e8913aefd69d4ca90a7216d225d3a - Path: Packages/com.unity.collab-proxy/Editor/Tool/ToolConstants.cs - Importer: ScriptedImporter/UnityEditor.QuickSearchModule:UnityEditor.Search:ASIAI0B' with importer (ScriptedImporter : UnityEditor.QuickSearchModule:UnityEditor.Search:ASIAI0B)
Imported 'GUID: de6e8913aefd69d4ca90a7216d225d3a' -> (Import Result ID: 'bcba813a5c584413075eb1b9b1d06546') in 0.011 seconds [static and dynamic dependencies]. Details - ImportResultOutputID=eb96881e04b3b28bb870edac99323e93 DependenciesID=8cfc8579e3744ab47ff6bd84e4dc34bb StaticDependenciesID=a432de536c8e2fd6853d59fa7d64d864 
Number of updated asset objects reloaded before import = 0
Number of asset objects unloaded after import = 0
========================================================================
Received Import Request.
  Time of request: 2026-10-01T15:25:32.953675Z
  Time since last request: 0.0002523 seconds.
  importAddress: GUID: ba319c71501487041bda92a854e8435e - Path: Packages/com.unity.collab-proxy/Editor/UI/ResponseType.cs - Importer: ScriptedImporter/UnityEditor.QuickSearchModule:UnityEditor.Search:ASIAI0B
Importing 'GUID: ba319c71501487041bda92a854e8435e - Path: Packages/com.unity.collab-proxy/Editor/UI/ResponseType.cs - Importer: ScriptedImporter/UnityEditor.QuickSearchModule:UnityEditor.Search:ASIAI0B' with importer (ScriptedImporter : UnityEditor.QuickSearchModule:UnityEditor.Search:ASIAI0B)
Imported 'GUID: ba319c71501487041bda92a854e8435e' -> (Import Result ID: '33e112f18cc0640aaf3b0ed549f6964b') in 0.002 seconds [static and dynamic dependencies]. Details - ImportResultOutputID=ce9ffe9afee0ec31c730b94e5b914a77 DependenciesID=2f6ab2e3e2c67378a2245cf523ff2e99 StaticDependenciesID=a92d3845b0f17302f67964047877dc0d 
Number of updated asset objects reloaded before import = 0
Number of asset objects unloaded after import = 0
========================================================================
Received Import Request.
  Time of request: 2026-10-01T15:25:32.9563115Z
  Time since last request: 0.0003516 seconds.
  importAddress: GUID: 245d2c4b912b39a4784287979ea8cfd9 - Path: Packages/com.unity.collab-proxy/Editor/UI/EditorProgressBar.cs - Importer: ScriptedImporter/UnityEditor.QuickSearchModule:UnityEditor.Search:ASIAI0B
Importing 'GUID: 245d2c4b912b39a4784287979ea8cfd9 - Path: Packages/com.unity.collab-proxy/Editor/UI/EditorProgressBar.cs - Importer: ScriptedImporter/UnityEditor.QuickSearchModule:UnityEditor.Search:ASIAI0B' with importer (ScriptedImporter : UnityEditor.QuickSearchModule:UnityEditor.Search:ASIAI0B)
Imported 'GUID: 245d2c4b912b39a4784287979ea8cfd9' -> (Import Result ID: '68817ec7e12283b4a107ef426299035f') in 0.002 seconds [static and dynamic dependencies]. Details - ImportResultOutputID=e92111b14c5e8f368e98a0dc2825f251 DependenciesID=48a007dc8ec232bddfbfaf5d0ebc1995 StaticDependenciesID=f960e442a52a4ddeef7e6ed837c9e10a 
Number of updated asset objects reloaded before import = 0
Number of asset objects unloaded after import = 0
========================================================================
Received Import Request.
  Time of request: 2026-10-01T15:25:32.9586147Z
  Time since last request: 0.0003057 seconds.
  importAddress: GUID: f79c84772bc81844fb9e662249f1e400 - Path: Packages/com.unity.collab-proxy/Editor/UI/CheckUnityException.cs - Importer: ScriptedImporter/UnityEditor.QuickSearchModule:UnityEditor.Search:ASIAI0B
Importing 'GUID: f79c84772bc81844fb9e662249f1e400 - Path: Packages/com.unity.collab-proxy/Editor/UI/CheckUnityException.cs - Importer: ScriptedImporter/UnityEditor.QuickSearchModule:UnityEditor.Search:ASIAI0B' with importer (ScriptedImporter : UnityEditor.QuickSearchModule:UnityEditor.Search:ASIAI0B)
Imported 'GUID: f79c84772bc81844fb9e662249f1e400' -> (Import Result ID: 'ead389e1729d6f49a49c505b3fb246b0') in 0.002 seconds [static and dynamic dependencies]. Details - ImportResultOutputID=1bc902b19ab572aa1575117c90eb588c DependenciesID=3f69c7462246d7bc486c6dd32edfeec5 StaticDependenciesID=4d811c3b94529e3b8003a9fa7d46cf18 
Number of updated asset objects reloaded before import = 0
Number of asset objects unloaded after import = 0
========================================================================
Received Import Request.
  Time of request: 2026-10-01T15:25:32.9614446Z
  Time since last request: 0.000286 seconds.
  importAddress: GUID: 04d3d047cf80496fa3fb23c00962ad18 - Path: Packages/com.unity.collab-proxy/Editor/UI/Fonts.cs - Importer: ScriptedImporter/UnityEditor.QuickSearchModule:UnityEditor.Search:ASIAI0B
Importing 'GUID: 04d3d047cf80496fa3fb23c00962ad18 - Path: Packages/com.unity.collab-proxy/Editor/UI/Fonts.cs - Importer: ScriptedImporter/UnityEditor.QuickSearchModule:UnityEditor.Search:ASIAI0B' with importer (ScriptedImporter : UnityEditor.QuickSearchModule:UnityEditor.Search:ASIAI0B)
Imported 'GUID: 04d3d047cf80496fa3fb23c00962ad18' -> (Import Result ID: '09c6b6ca5dd84502235520964d962c2b') in 0.002 seconds [static and dynamic dependencies]. Details - ImportResultOutputID=3fa1196778293bfa80e50caebb5a83eb DependenciesID=f90ccef1812f52f7d9d715a4025eeb7c StaticDependenciesID=6d2115970c6b6edd45fc5c6bc727478b 
Number of updated asset objects reloaded before import = 0
Number of asset objects unloaded after import = 0
========================================================================
Received Import Request.
  Time of request: 2026-10-01T15:25:32.9634838Z
  Time since last request: 0.0002519 seconds.
  importAddress: GUID: 65c9d93f86da86b41a712d92e8f03dc2 - Path: Packages/com.unity.collab-proxy/Editor/UI/GetPlasticShortcut.cs - Importer: ScriptedImporter/UnityEditor.QuickSearchModule:UnityEditor.Search:ASIAI0B
Importing 'GUID: 65c9d93f86da86b41a712d92e8f03dc2 - Path: Packages/com.unity.collab-proxy/Editor/UI/GetPlasticShortcut.cs - Importer: ScriptedImporter/UnityEditor.QuickSearchModule:UnityEditor.Search:ASIAI0B' with importer (ScriptedImporter : UnityEditor.QuickSearchModule:UnityEditor.Search:ASIAI0B)
Imported 'GUID: 65c9d93f86da86b41a712d92e8f03dc2' -> (Import Result ID: '1c479fafe914b70a7cfa0611bff2c0e4') in 0.002 seconds [static and dynamic dependencies]. Details - ImportResultOutputID=d3caf771f31fb5597664bc05c1e66a90 DependenciesID=bcc8fbdeea88dd3356090865f3ca784b StaticDependenciesID=34494aefbf026ca362184ae6eebc516b 
Number of updated asset objects reloaded before import = 0
Number of asset objects unloaded after import = 0
========================================================================
Received Import Request.
  Time of request: 2026-10-01T15:25:32.9656431Z
  Time since last request: 0.0002841 seconds.
  importAddress: GUID: e26dd2ea146011948b8e7518465ea71a - Path: Packages/com.unity.collab-proxy/Editor/UI/DialogWithCheckBox_Legacy.cs - Importer: ScriptedImporter/UnityEditor.QuickSearchModule:UnityEditor.Search:ASIAI0B
Importing 'GUID: e26dd2ea146011948b8e7518465ea71a - Path: Packages/com.unity.collab-proxy/Editor/UI/DialogWithCheckBox_Legacy.cs - Importer: ScriptedImporter/UnityEditor.QuickSearchModule:UnityEditor.Search:ASIAI0B' with importer (ScriptedImporter : UnityEditor.QuickSearchModule:UnityEditor.Search:ASIAI0B)
Imported 'GUID: e26dd2ea146011948b8e7518465ea71a' -> (Import Result ID: '60213528387b57814ee686c2e359e470') in 0.002 seconds [static and dynamic dependencies]. Details - ImportResultOutputID=7851065893d810e513b2d8e605444b66 DependenciesID=babf7b1590f0f8fe25f2bae3c6756591 StaticDependenciesID=f99e4532a3c965b7b9cf0e660ceba38b 
Number of updated asset objects reloaded before import = 0
Number of asset objects unloaded after import = 0
========================================================================
Received Import Request.
  Time of request: 2026-10-01T15:25:32.9678517Z
  Time since last request: 0.0002629 seconds.
  importAddress: GUID: 8b6dfd14d4f1481994014ade2c68e7b9 - Path: Packages/com.unity.collab-proxy/Editor/UI/ColorFromText.cs - Importer: ScriptedImporter/UnityEditor.QuickSearchModule:UnityEditor.Search:ASIAI0B
Importing 'GUID: 8b6dfd14d4f1481994014ade2c68e7b9 - Path: Packages/com.unity.collab-proxy/Editor/UI/ColorFromText.cs - Importer: ScriptedImporter/UnityEditor.QuickSearchModule:UnityEditor.Search:ASIAI0B' with importer (ScriptedImporter : UnityEditor.QuickSearchModule:UnityEditor.Search:ASIAI0B)
Imported 'GUID: 8b6dfd14d4f1481994014ade2c68e7b9' -> (Import Result ID: '51ac02170ea986beef478d391fc54d63') in 0.002 seconds [static and dynamic dependencies]. Details - ImportResultOutputID=f061a5cc1d2161ae818d3c59967ad287 DependenciesID=c801848745ad8c0dc73e752d47cb1235 StaticDependenciesID=26f7b3a74152a96db6aeeec73f5b9296 
Number of updated asset objects reloaded before import = 0
Number of asset objects unloaded after import = 0
========================================================================
Received Import Request.
  Time of request: 2026-10-01T15:25:32.9699506Z
  Time since last request: 0.0002377 seconds.
  importAddress: GUID: c0fb4867bb584f229fb38202476e0ce5 - Path: Packages/com.unity.collab-proxy/Editor/Topbar/Breadcrumb.cs - Importer: ScriptedImporter/UnityEditor.QuickSearchModule:UnityEditor.Search:ASIAI0B
Importing 'GUID: c0fb4867bb584f229fb38202476e0ce5 - Path: Packages/com.unity.collab-proxy/Editor/Topbar/Breadcrumb.cs - Importer: ScriptedImporter/UnityEditor.QuickSearchModule:UnityEditor.Search:ASIAI0B' with importer (ScriptedImporter : UnityEditor.QuickSearchModule:UnityEditor.Search:ASIAI0B)
Imported 'GUID: c0fb4867bb584f229fb38202476e0ce5' -> (Import Result ID: 'b1f262d63f0a84c0f2faa25b67a77ae3') in 0.002 seconds [static and dynamic dependencies]. Details - ImportResultOutputID=db4254827d346e5e2ac0dc9e412d9761 DependenciesID=19fa01bcfe4d432dec2c4f6a41b7ded1 StaticDependenciesID=26a19cdaed52a87a591876f2e1a5e9ea 
Number of updated asset objects reloaded before import = 0
Number of asset objects unloaded after import = 0
========================================================================
Received Import Request.
  Time of request: 2026-10-01T15:25:32.9721012Z
  Time since last request: 0.0002439 seconds.
  importAddress: GUID: 30c4cfa3209d4a44480017a19ec5b3b8 - Path: Packages/com.unity.collab-proxy/Editor/UI/DrawActionHelpBox.cs - Importer: ScriptedImporter/UnityEditor.QuickSearchModule:UnityEditor.Search:ASIAI0B
Importing 'GUID: 30c4cfa3209d4a44480017a19ec5b3b8 - Path: Packages/com.unity.collab-proxy/Editor/UI/DrawActionHelpBox.cs - Importer: ScriptedImporter/UnityEditor.QuickSearchModule:UnityEditor.Search:ASIAI0B' with importer (ScriptedImporter : UnityEditor.QuickSearchModule:UnityEditor.Search:ASIAI0B)
Imported 'GUID: 30c4cfa3209d4a44480017a19ec5b3b8' -> (Import Result ID: '8139c91a58468a28a0f393239b7de53c') in 0.002 seconds [static and dynamic dependencies]. Details - ImportResultOutputID=da6ec4636917d6d6c566c9ec2a5e2f3c DependenciesID=ddf0a2bf29cfdfa9fc5c1d3323b8ce21 StaticDependenciesID=a02e4cd9dfd4d031b68530935605f08d 
Number of updated asset objects reloaded before import = 0
Number of asset objects unloaded after import = 0
========================================================================
Received Import Request.
  Time of request: 2026-10-01T15:25:32.9743502Z
  Time since last request: 0.0002534 seconds.
  importAddress: GUID: bf4c80d864854f97a4b2f1dcad326904 - Path: Packages/com.unity.collab-proxy/Editor/UI/DialogWithCheckBox.cs - Importer: ScriptedImporter/UnityEditor.QuickSearchModule:UnityEditor.Search:ASIAI0B
Importing 'GUID: bf4c80d864854f97a4b2f1dcad326904 - Path: Packages/com.unity.collab-proxy/Editor/UI/DialogWithCheckBox.cs - Importer: ScriptedImporter/UnityEditor.QuickSearchModule:UnityEditor.Search:ASIAI0B' with importer (ScriptedImporter : UnityEditor.QuickSearchModule:UnityEditor.Search:ASIAI0B)
Imported 'GUID: bf4c80d864854f97a4b2f1dcad326904' -> (Import Result ID: '0e7ef012af82a448c7b878ad72f3f860') in 0.002 seconds [static and dynamic dependencies]. Details - ImportResultOutputID=74b003156ea01ab2384674bd2dcda18a DependenciesID=c9607c3f5b14a246ec5affbf48e3e71d StaticDependenciesID=ec9477466accee40eb37695550e69c9f 
Number of updated asset objects reloaded before import = 0
Number of asset objects unloaded after import = 0
========================================================================
Received Import Request.
  Time of request: 2026-10-01T15:25:32.9772036Z
  Time since last request: 0.0002534 seconds.
  importAddress: GUID: a2fdee6cdf66471f83f828b59955ed70 - Path: Packages/com.unity.collab-proxy/Editor/UI/AvatarColor.cs - Importer: ScriptedImporter/UnityEditor.QuickSearchModule:UnityEditor.Search:ASIAI0B
Importing 'GUID: a2fdee6cdf66471f83f828b59955ed70 - Path: Packages/com.unity.collab-proxy/Editor/UI/AvatarColor.cs - Importer: ScriptedImporter/UnityEditor.QuickSearchModule:UnityEditor.Search:ASIAI0B' with importer (ScriptedImporter : UnityEditor.QuickSearchModule:UnityEditor.Search:ASIAI0B)
Imported 'GUID: a2fdee6cdf66471f83f828b59955ed70' -> (Import Result ID: '6eaca1e264850a769eb9fe9dd23f4b9f') in 0.002 seconds [static and dynamic dependencies]. Details - ImportResultOutputID=416a7bfe7599a4375256df1e8e2a2734 DependenciesID=e7b183f47ae61f55bf37c842a2eade3c StaticDependenciesID=fde459028489b3e93cf332a53c703c4b 
Number of updated asset objects reloaded before import = 0
Number of asset objects unloaded after import = 0
========================================================================
Received Import Request.
  Time of request: 2026-10-01T15:25:32.9793632Z
  Time since last request: 0.0002751 seconds.
  importAddress: GUID: 1ea55c972a804304b2c7212f93c6bc4e - Path: Packages/com.unity.collab-proxy/Editor/UI/OverlayProgress.cs - Importer: ScriptedImporter/UnityEditor.QuickSearchModule:UnityEditor.Search:ASIAI0B
Importing 'GUID: 1ea55c972a804304b2c7212f93c6bc4e - Path: Packages/com.unity.collab-proxy/Editor/UI/OverlayProgress.cs - Importer: ScriptedImporter/UnityEditor.QuickSearchModule:UnityEditor.Search:ASIAI0B' with importer (ScriptedImporter : UnityEditor.QuickSearchModule:UnityEditor.Search:ASIAI0B)
Imported 'GUID: 1ea55c972a804304b2c7212f93c6bc4e' -> (Import Result ID: 'c82095775b5ba6b4d5d69bd40b793bd8') in 0.002 seconds [static and dynamic dependencies]. Details - ImportResultOutputID=1a58aed02b6ea44534503f5b01fe28dd DependenciesID=7bdc973c5f652c783d4528b263e376b1 StaticDependenciesID=15c4a0aafc397b74d637d351ae51f311 
Number of updated asset objects reloaded before import = 0
Number of asset objects unloaded after import = 0
========================================================================
Received Import Request.
  Time of request: 2026-10-01T15:25:32.9816666Z
  Time since last request: 0.0002523 seconds.
  importAddress: GUID: 5eeef8c7e006fbe49ab66c960691f11e - Path: Packages/com.unity.collab-proxy/Editor/UI/MeasureMaxWidth.cs - Importer: ScriptedImporter/UnityEditor.QuickSearchModule:UnityEditor.Search:ASIAI0B
Importing 'GUID: 5eeef8c7e006fbe49ab66c960691f11e - Path: Packages/com.unity.collab-proxy/Editor/UI/MeasureMaxWidth.cs - Importer: ScriptedImporter/UnityEditor.QuickSearchModule:UnityEditor.Search:ASIAI0B' with importer (ScriptedImporter : UnityEditor.QuickSearchModule:UnityEditor.Search:ASIAI0B)
Imported 'GUID: 5eeef8c7e006fbe49ab66c960691f11e' -> (Import Result ID: '3a39b25f20f13aa9798635d750a9c542') in 0.002 seconds [static and dynamic dependencies]. Details - ImportResultOutputID=ecd1699e6b63b5f6e53a3fb50edfa556 DependenciesID=50668c78b79975c36908e546e692081d StaticDependenciesID=961c135011d0b2fbcdb4fc86ebaa7cf0 
Number of updated asset objects reloaded before import = 0
Number of asset objects unloaded after import = 0
========================================================================
Received Import Request.
  Time of request: 2026-10-01T15:25:32.9838565Z
  Time since last request: 0.0002514 seconds.
  importAddress: GUID: 3a4d828da4d125740924da08b5fbe1cb - Path: Packages/com.unity.collab-proxy/Editor/UI/GuiEnabled.cs - Importer: ScriptedImporter/UnityEditor.QuickSearchModule:UnityEditor.Search:ASIAI0B
Importing 'GUID: 3a4d828da4d125740924da08b5fbe1cb - Path: Packages/com.unity.collab-proxy/Editor/UI/GuiEnabled.cs - Importer: ScriptedImporter/UnityEditor.QuickSearchModule:UnityEditor.Search:ASIAI0B' with importer (ScriptedImporter : UnityEditor.QuickSearchModule:UnityEditor.Search:ASIAI0B)
Imported 'GUID: 3a4d828da4d125740924da08b5fbe1cb' -> (Import Result ID: '5e76aeabcd2172ba88050d68a03aff6d') in 0.002 seconds [static and dynamic dependencies]. Details - ImportResultOutputID=2f334074b3460f545daddf249e79a4ff DependenciesID=435f0f26c23738923699d602a1562593 StaticDependenciesID=26fd4fdeda3b0bc900fae37f1da7573d 
Number of updated asset objects reloaded before import = 0
Number of asset objects unloaded after import = 0
========================================================================
Received Import Request.
  Time of request: 2026-10-01T15:25:32.9860186Z
  Time since last request: 0.0002332 seconds.
  importAddress: GUID: b3b18600c13f447a90bf04fc2a6dc2d5 - Path: Packages/com.unity.collab-proxy/Editor/UI/SplitterSettings.cs - Importer: ScriptedImporter/UnityEditor.QuickSearchModule:UnityEditor.Search:ASIAI0B
Importing 'GUID: b3b18600c13f447a90bf04fc2a6dc2d5 - Path: Packages/com.unity.collab-proxy/Editor/UI/SplitterSettings.cs - Importer: ScriptedImporter/UnityEditor.QuickSearchModule:UnityEditor.Search:ASIAI0B' with importer (ScriptedImporter : UnityEditor.QuickSearchModule:UnityEditor.Search:ASIAI0B)
Imported 'GUID: b3b18600c13f447a90bf04fc2a6dc2d5' -> (Import Result ID: '5ccaa16e5827aae6e94f91dee7c927c0') in 0.002 seconds [static and dynamic dependencies]. Details - ImportResultOutputID=5665e4e3b9abe5a6b53b091a2ec3bd76 DependenciesID=3ec361415835da8a8fe9151948097f97 StaticDependenciesID=00d53a56795e91e0277f8267149d7635 
Number of updated asset objects reloaded before import = 0
Number of asset objects unloaded after import = 0
========================================================================
Received Import Request.
  Time of request: 2026-10-01T15:25:32.9882897Z
  Time since last request: 0.0003106 seconds.
  importAddress: GUID: e269ac752b6af4e40bc8fbf471ece79b - Path: Packages/com.unity.collab-proxy/Editor/UI/InputTextDialog.cs - Importer: ScriptedImporter/UnityEditor.QuickSearchModule:UnityEditor.Search:ASIAI0B
Importing 'GUID: e269ac752b6af4e40bc8fbf471ece79b - Path: Packages/com.unity.collab-proxy/Editor/UI/InputTextDialog.cs - Importer: ScriptedImporter/UnityEditor.QuickSearchModule:UnityEditor.Search:ASIAI0B' with importer (ScriptedImporter : UnityEditor.QuickSearchModule:UnityEditor.Search:ASIAI0B)
Imported 'GUID: e269ac752b6af4e40bc8fbf471ece79b' -> (Import Result ID: 'cd385c63f6232c9d90ea31ff4efe570f') in 0.003 seconds [static and dynamic dependencies]. Details - ImportResultOutputID=b0e0287f0163db0c9443ece5617fb3b1 DependenciesID=6ea3e8ab2f4a07f5e909a2ae1db0c7c0 StaticDependenciesID=1d066f0d65b079d886c9df5665fc7d89 
Number of updated asset objects reloaded before import = 0
Number of asset objects unloaded after import = 0
========================================================================
Received Import Request.
  Time of request: 2026-10-01T15:25:32.9912754Z
  Time since last request: 0.0002226 seconds.
  importAddress: GUID: 25e3b426e5be4f64db3f9184fd625379 - Path: Packages/com.unity.collab-proxy/Editor/UI/CloseWindowIfOpened.cs - Importer: ScriptedImporter/UnityEditor.QuickSearchModule:UnityEditor.Search:ASIAI0B
Importing 'GUID: 25e3b426e5be4f64db3f9184fd625379 - Path: Packages/com.unity.collab-proxy/Editor/UI/CloseWindowIfOpened.cs - Importer: ScriptedImporter/UnityEditor.QuickSearchModule:UnityEditor.Search:ASIAI0B' with importer (ScriptedImporter : UnityEditor.QuickSearchModule:UnityEditor.Search:ASIAI0B)
Imported 'GUID: 25e3b426e5be4f64db3f9184fd625379' -> (Import Result ID: 'bdd9bd3218df0d29451e1ef80b3c41a6') in 0.002 seconds [static and dynamic dependencies]. Details - ImportResultOutputID=097597919a5e075136930eff4ceeda7e DependenciesID=d26f550d6967cdac6850263c335f0b7f StaticDependenciesID=74733ac8f9dcd97f665189df306b6dc2 
Number of updated asset objects reloaded before import = 0
Number of asset objects unloaded after import = 0
========================================================================
Received Import Request.
  Time of request: 2026-10-01T15:25:32.9939917Z
  Time since last request: 0.000252 seconds.
  importAddress: GUID: 70d26390057f4174a01f658c74482272 - Path: Packages/com.unity.collab-proxy/Editor/Topbar/Topbar.cs - Importer: ScriptedImporter/UnityEditor.QuickSearchModule:UnityEditor.Search:ASIAI0B
Importing 'GUID: 70d26390057f4174a01f658c74482272 - Path: Packages/com.unity.collab-proxy/Editor/Topbar/Topbar.cs - Importer: ScriptedImporter/UnityEditor.QuickSearchModule:UnityEditor.Search:ASIAI0B' with importer (ScriptedImporter : UnityEditor.QuickSearchModule:UnityEditor.Search:ASIAI0B)
Imported 'GUID: 70d26390057f4174a01f658c74482272' -> (Import Result ID: 'e19ae04609a8556f578c78dcb60853b9') in 0.002 seconds [static and dynamic dependencies]. Details - ImportResultOutputID=4f0a781411c49c28a28a4dfa72562559 DependenciesID=359b5d5c1aed43b7045f5aee596c2626 StaticDependenciesID=a4b35d900558ea05c6efe20007592144 
Number of updated asset objects reloaded before import = 0
Number of asset objects unloaded after import = 0
========================================================================
Received Import Request.
  Time of request: 2026-10-01T15:25:32.996255Z
  Time since last request: 0.0002108 seconds.
  importAddress: GUID: f8b61564d80f4d16b3bf68e8dfe87c89 - Path: Packages/com.unity.collab-proxy/Editor/Tool/PlasticExeLauncher.cs - Importer: ScriptedImporter/UnityEditor.QuickSearchModule:UnityEditor.Search:ASIAI0B
Importing 'GUID: f8b61564d80f4d16b3bf68e8dfe87c89 - Path: Packages/com.unity.collab-proxy/Editor/Tool/PlasticExeLauncher.cs - Importer: ScriptedImporter/UnityEditor.QuickSearchModule:UnityEditor.Search:ASIAI0B' with importer (ScriptedImporter : UnityEditor.QuickSearchModule:UnityEditor.Search:ASIAI0B)
Imported 'GUID: f8b61564d80f4d16b3bf68e8dfe87c89' -> (Import Result ID: 'a66400666ef55e46769c560ad218abbf') in 0.002 seconds [static and dynamic dependencies]. Details - ImportResultOutputID=532e5d0da979813783cc266260c521c8 DependenciesID=af8f54b6a9cce8a15c3fcc543fec4a19 StaticDependenciesID=95244f2f4d21b4cb3d5b0c8c8bb981b2 
Number of updated asset objects reloaded before import = 0
Number of asset objects unloaded after import = 0
========================================================================
Received Import Request.
  Time of request: 2026-10-01T15:25:32.9984178Z
  Time since last request: 0.0002613 seconds.
  importAddress: GUID: 54390afd4066b724d9a802ff75bed13b - Path: Packages/com.unity.collab-proxy/Editor/UI/DrawTextBlockWithLink.cs - Importer: ScriptedImporter/UnityEditor.QuickSearchModule:UnityEditor.Search:ASIAI0B
Importing 'GUID: 54390afd4066b724d9a802ff75bed13b - Path: Packages/com.unity.collab-proxy/Editor/UI/DrawTextBlockWithLink.cs - Importer: ScriptedImporter/UnityEditor.QuickSearchModule:UnityEditor.Search:ASIAI0B' with importer (ScriptedImporter : UnityEditor.QuickSearchModule:UnityEditor.Search:ASIAI0B)
Imported 'GUID: 54390afd4066b724d9a802ff75bed13b' -> (Import Result ID: 'd95dea553f717213a3f4c513e7157b4f') in 0.002 seconds [static and dynamic dependencies]. Details - ImportResultOutputID=6d1bef466a9ce709b2fa8bc5cfaa158b DependenciesID=fb3dff0aad309e857ca65909db9a0975 StaticDependenciesID=01bdf4e5bf978b3d271b360227bb76f1 
Number of updated asset objects reloaded before import = 0
Number of asset objects unloaded after import = 0
========================================================================
Received Import Request.
  Time of request: 2026-10-01T15:25:33.0006696Z
  Time since last request: 0.0002536 seconds.
  importAddress: GUID: 2bd4f044bfa05a14ebd7f4e6dcd0fb74 - Path: Packages/com.unity.collab-proxy/Editor/UI/INotificationContent.cs - Importer: ScriptedImporter/UnityEditor.QuickSearchModule:UnityEditor.Search:ASIAI0B
Importing 'GUID: 2bd4f044bfa05a14ebd7f4e6dcd0fb74 - Path: Packages/com.unity.collab-proxy/Editor/UI/INotificationContent.cs - Importer: ScriptedImporter/UnityEditor.QuickSearchModule:UnityEditor.Search:ASIAI0B' with importer (ScriptedImporter : UnityEditor.QuickSearchModule:UnityEditor.Search:ASIAI0B)
Imported 'GUID: 2bd4f044bfa05a14ebd7f4e6dcd0fb74' -> (Import Result ID: '50d28fa6442d4604b1827ebfd1068ee4') in 0.002 seconds [static and dynamic dependencies]. Details - ImportResultOutputID=82ed0c9adc2f607702ea8be99f7e55e0 DependenciesID=3538558344e767f432c4d9d688193d04 StaticDependenciesID=76eb270e22a3df95fd50704961ae800b 
Number of updated asset objects reloaded before import = 0
Number of asset objects unloaded after import = 0
========================================================================
Received Import Request.
  Time of request: 2026-10-01T15:25:33.0027771Z
  Time since last request: 0.0002372 seconds.
  importAddress: GUID: 97b51e80cfabfe341958267f3d6c2ed6 - Path: Packages/com.unity.collab-proxy/Editor/UI/EntryBuilder.cs - Importer: ScriptedImporter/UnityEditor.QuickSearchModule:UnityEditor.Search:ASIAI0B
Importing 'GUID: 97b51e80cfabfe341958267f3d6c2ed6 - Path: Packages/com.unity.collab-proxy/Editor/UI/EntryBuilder.cs - Importer: ScriptedImporter/UnityEditor.QuickSearchModule:UnityEditor.Search:ASIAI0B' with importer (ScriptedImporter : UnityEditor.QuickSearchModule:UnityEditor.Search:ASIAI0B)
Imported 'GUID: 97b51e80cfabfe341958267f3d6c2ed6' -> (Import Result ID: '1ce95621817a9f8d1c89f54786d37ce2') in 0.002 seconds [static and dynamic dependencies]. Details - ImportResultOutputID=c7326ff2f04ebbf45b91dd7cf808d3e1 DependenciesID=9b3817ad968bdf7a2ac8eb6d14eab82b StaticDependenciesID=461656da55907fa4997c21f81f59dde2 
Number of updated asset objects reloaded before import = 0
Number of asset objects unloaded after import = 0
========================================================================
Received Import Request.
  Time of request: 2026-10-01T15:25:33.00482Z
  Time since last request: 0.0002417 seconds.
  importAddress: GUID: 70bf1fe1bcd44b64b43910da6487eab4 - Path: Packages/com.unity.collab-proxy/Editor/UI/DrawStaticElement.cs - Importer: ScriptedImporter/UnityEditor.QuickSearchModule:UnityEditor.Search:ASIAI0B
Importing 'GUID: 70bf1fe1bcd44b64b43910da6487eab4 - Path: Packages/com.unity.collab-proxy/Editor/UI/DrawStaticElement.cs - Importer: ScriptedImporter/UnityEditor.QuickSearchModule:UnityEditor.Search:ASIAI0B' with importer (ScriptedImporter : UnityEditor.QuickSearchModule:UnityEditor.Search:ASIAI0B)
Imported 'GUID: 70bf1fe1bcd44b64b43910da6487eab4' -> (Import Result ID: 'd65771be452df99be7cf293c407dcee3') in 0.002 seconds [static and dynamic dependencies]. Details - ImportResultOutputID=d5dcaa8abb4767aa689fbec46ac2c81c DependenciesID=469b8e013792f57a2a3e0f4875a0ab67 StaticDependenciesID=593c6969322e82688f86ddfc443c9547 
Number of updated asset objects reloaded before import = 0
Number of asset objects unloaded after import = 0
========================================================================
Received Import Request.
  Time of request: 2026-10-01T15:25:33.0073936Z
  Time since last request: 0.0002507 seconds.
  importAddress: GUID: 0e1e2d80d9c79b042ab42fdf0b5c0b65 - Path: Packages/com.unity.collab-proxy/Editor/UI/EditorVersion.cs - Importer: ScriptedImporter/UnityEditor.QuickSearchModule:UnityEditor.Search:ASIAI0B
Importing 'GUID: 0e1e2d80d9c79b042ab42fdf0b5c0b65 - Path: Packages/com.unity.collab-proxy/Editor/UI/EditorVersion.cs - Importer: ScriptedImporter/UnityEditor.QuickSearchModule:UnityEditor.Search:ASIAI0B' with importer (ScriptedImporter : UnityEditor.QuickSearchModule:UnityEditor.Search:ASIAI0B)
Imported 'GUID: 0e1e2d80d9c79b042ab42fdf0b5c0b65' -> (Import Result ID: '498f4a8e022de9204f067fd07ea91f45') in 0.002 seconds [static and dynamic dependencies]. Details - ImportResultOutputID=0276bc1f6396861a1795a99435937ddb DependenciesID=3e5fefdc69a26967fbb74812d1bc474d StaticDependenciesID=771efe3479d3bf7dbdcfb0a6865f2019 
Number of updated asset objects reloaded before import = 0
Number of asset objects unloaded after import = 0
========================================================================
Received Import Request.
  Time of request: 2026-10-01T15:25:33.0096597Z
  Time since last request: 0.0002615 seconds.
  importAddress: GUID: ac908610ab768459d9be962750408b43 - Path: Packages/com.unity.collab-proxy/Editor/UI/PlasticDialog.cs - Importer: ScriptedImporter/UnityEditor.QuickSearchModule:UnityEditor.Search:ASIAI0B
Importing 'GUID: ac908610ab768459d9be962750408b43 - Path: Packages/com.unity.collab-proxy/Editor/UI/PlasticDialog.cs - Importer: ScriptedImporter/UnityEditor.QuickSearchModule:UnityEditor.Search:ASIAI0B' with importer (ScriptedImporter : UnityEditor.QuickSearchModule:UnityEditor.Search:ASIAI0B)
Imported 'GUID: ac908610ab768459d9be962750408b43' -> (Import Result ID: '86237f2cc3aa0467116d2d85e2603d8c') in 0.002 seconds [static and dynamic dependencies]. Details - ImportResultOutputID=1e79425d5e09f4ea74cf944b79ebea7c DependenciesID=416f202727b449a93231609002d9279a StaticDependenciesID=97751d4cbd93d5d2370658e4997df805 
Number of updated asset objects reloaded before import = 0
Number of asset objects unloaded after import = 0
========================================================================
Received Import Request.
  Time of request: 2026-10-01T15:25:33.0120118Z
  Time since last request: 0.0003158 seconds.
  importAddress: GUID: 9c41da65bf0c4ef2bcf303f406d8e2c8 - Path: Packages/com.unity.collab-proxy/Editor/Topbar/NotificationsArea.cs - Importer: ScriptedImporter/UnityEditor.QuickSearchModule:UnityEditor.Search:ASIAI0B
Importing 'GUID: 9c41da65bf0c4ef2bcf303f406d8e2c8 - Path: Packages/com.unity.collab-proxy/Editor/Topbar/NotificationsArea.cs - Importer: ScriptedImporter/UnityEditor.QuickSearchModule:UnityEditor.Search:ASIAI0B' with importer (ScriptedImporter : UnityEditor.QuickSearchModule:UnityEditor.Search:ASIAI0B)
Imported 'GUID: 9c41da65bf0c4ef2bcf303f406d8e2c8' -> (Import Result ID: '0a42060300cbcc474441b5c89f287e92') in 0.003 seconds [static and dynamic dependencies]. Details - ImportResultOutputID=911daa6414b4550bfd09a07e87a4b593 DependenciesID=c285f499df5de43b43ae737a48ce053f StaticDependenciesID=7809a513df70b97566c9d76c294847d9 
Number of updated asset objects reloaded before import = 0
Number of asset objects unloaded after import = 0
========================================================================
Received Import Request.
  Time of request: 2026-10-01T15:25:33.0156017Z
  Time since last request: 0.0004627 seconds.
  importAddress: GUID: 923089d9a5486b545bfc5f70e781d4e1 - Path: Packages/com.unity.collab-proxy/Editor/UI/SortOrderComparer.cs - Importer: ScriptedImporter/UnityEditor.QuickSearchModule:UnityEditor.Search:ASIAI0B
Importing 'GUID: 923089d9a5486b545bfc5f70e781d4e1 - Path: Packages/com.unity.collab-proxy/Editor/UI/SortOrderComparer.cs - Importer: ScriptedImporter/UnityEditor.QuickSearchModule:UnityEditor.Search:ASIAI0B' with importer (ScriptedImporter : UnityEditor.QuickSearchModule:UnityEditor.Search:ASIAI0B)
Imported 'GUID: 923089d9a5486b545bfc5f70e781d4e1' -> (Import Result ID: '616a4a1c7b9b8fd074cda176475519c4') in 0.002 seconds [static and dynamic dependencies]. Details - ImportResultOutputID=14ec787d7defd29ebf01a54268758c51 DependenciesID=f59303ba49040f2d6c8281a4d2c2c0a9 StaticDependenciesID=f83280220b67f12f98d5eec8c94cc7f7 
Number of updated asset objects reloaded before import = 0
Number of asset objects unloaded after import = 0
========================================================================
Received Import Request.
  Time of request: 2026-10-01T15:25:33.0185006Z
  Time since last request: 0.00039 seconds.
  importAddress: GUID: 3320b7341e4731842a6fd50ae97c96f5 - Path: Packages/com.unity.collab-proxy/Editor/UI/GetWindowIfOpened.cs - Importer: ScriptedImporter/UnityEditor.QuickSearchModule:UnityEditor.Search:ASIAI0B
Importing 'GUID: 3320b7341e4731842a6fd50ae97c96f5 - Path: Packages/com.unity.collab-proxy/Editor/UI/GetWindowIfOpened.cs - Importer: ScriptedImporter/UnityEditor.QuickSearchModule:UnityEditor.Search:ASIAI0B' with importer (ScriptedImporter : UnityEditor.QuickSearchModule:UnityEditor.Search:ASIAI0B)
Imported 'GUID: 3320b7341e4731842a6fd50ae97c96f5' -> (Import Result ID: 'd5fd4d4787d41339eab7e59ca3adc476') in 0.004 seconds [static and dynamic dependencies]. Details - ImportResultOutputID=ab76aceff9382b99831a24e5a6d47ef0 DependenciesID=656029a212580fd1bf5f848e21700afd StaticDependenciesID=ff97117202cd789b97c39d4da6558d9a 
Number of updated asset objects reloaded before import = 0
Number of asset objects unloaded after import = 0
========================================================================
Received Import Request.
  Time of request: 2026-10-01T15:25:33.0226797Z
  Time since last request: 0.0002539 seconds.
  importAddress: GUID: a6d05b29e607e62478df26227566e1b9 - Path: Packages/com.unity.collab-proxy/Editor/Tool/LaunchTool.cs - Importer: ScriptedImporter/UnityEditor.QuickSearchModule:UnityEditor.Search:ASIAI0B
Importing 'GUID: a6d05b29e607e62478df26227566e1b9 - Path: Packages/com.unity.collab-proxy/Editor/Tool/LaunchTool.cs - Importer: ScriptedImporter/UnityEditor.QuickSearchModule:UnityEditor.Search:ASIAI0B' with importer (ScriptedImporter : UnityEditor.QuickSearchModule:UnityEditor.Search:ASIAI0B)
Imported 'GUID: a6d05b29e607e62478df26227566e1b9' -> (Import Result ID: '178eec0020c1e9262c0b6aef36450c18') in 0.003 seconds [static and dynamic dependencies]. Details - ImportResultOutputID=9e552af78aaa034eaf9b0ba00d3f594c DependenciesID=d0d3cf329312a7d8553f93e954254bec StaticDependenciesID=755d5f3dae3293a1c099193fc787807b 
Number of updated asset objects reloaded before import = 0
Number of asset objects unloaded after import = 0
========================================================================
Received Import Request.
  Time of request: 2026-10-01T15:25:33.0264081Z
  Time since last request: 0.0007573 seconds.
  importAddress: GUID: 701a688f3cb0245579bf46b63d0b7134 - Path: Packages/com.unity.collab-proxy/Editor/UI/RunModal.cs - Importer: ScriptedImporter/UnityEditor.QuickSearchModule:UnityEditor.Search:ASIAI0B
Importing 'GUID: 701a688f3cb0245579bf46b63d0b7134 - Path: Packages/com.unity.collab-proxy/Editor/UI/RunModal.cs - Importer: ScriptedImporter/UnityEditor.QuickSearchModule:UnityEditor.Search:ASIAI0B' with importer (ScriptedImporter : UnityEditor.QuickSearchModule:UnityEditor.Search:ASIAI0B)
Imported 'GUID: 701a688f3cb0245579bf46b63d0b7134' -> (Import Result ID: 'e79d52c11ce10d314f7af91a0e4455b7') in 0.003 seconds [static and dynamic dependencies]. Details - ImportResultOutputID=c4d704a7362c0f98c23c8fe0a6885e87 DependenciesID=ca511d78bbbfe78cf22bddf1aa6c1c9f StaticDependenciesID=f551770ec3f1f69805ef59f0756e01c9 
Number of updated asset objects reloaded before import = 0
Number of asset objects unloaded after import = 0
========================================================================
Received Import Request.
  Time of request: 2026-10-01T15:25:33.0302153Z
  Time since last request: 0.0005266 seconds.
  importAddress: GUID: ad0c4895dbf7aeb459c1d136884a7998 - Path: Packages/com.unity.collab-proxy/Editor/UI/UnityMenuItem.cs - Importer: ScriptedImporter/UnityEditor.QuickSearchModule:UnityEditor.Search:ASIAI0B
Importing 'GUID: ad0c4895dbf7aeb459c1d136884a7998 - Path: Packages/com.unity.collab-proxy/Editor/UI/UnityMenuItem.cs - Importer: ScriptedImporter/UnityEditor.QuickSearchModule:UnityEditor.Search:ASIAI0B' with importer (ScriptedImporter : UnityEditor.QuickSearchModule:UnityEditor.Search:ASIAI0B)
Imported 'GUID: ad0c4895dbf7aeb459c1d136884a7998' -> (Import Result ID: '41dd92fdb935e7ce2f03d6402bdb4c06') in 0.003 seconds [static and dynamic dependencies]. Details - ImportResultOutputID=c12cd950ea7eb26a046d6988fbcb0d53 DependenciesID=4efd4ebaefcca1d0fa7872e731a398f9 StaticDependenciesID=0bc75188ebd63a069604abcae5217187 
Number of updated asset objects reloaded before import = 0
Number of asset objects unloaded after import = 0
========================================================================
Received Import Request.
  Time of request: 2026-10-01T15:25:33.0335032Z
  Time since last request: 0.000274 seconds.
  importAddress: GUID: 278463514ca704271b228ad4ddc32e6b - Path: Packages/com.unity.collab-proxy/Editor/UI/ThreadWaiterRegistry.cs - Importer: ScriptedImporter/UnityEditor.QuickSearchModule:UnityEditor.Search:ASIAI0B
Importing 'GUID: 278463514ca704271b228ad4ddc32e6b - Path: Packages/com.unity.collab-proxy/Editor/UI/ThreadWaiterRegistry.cs - Importer: ScriptedImporter/UnityEditor.QuickSearchModule:UnityEditor.Search:ASIAI0B' with importer (ScriptedImporter : UnityEditor.QuickSearchModule:UnityEditor.Search:ASIAI0B)
Imported 'GUID: 278463514ca704271b228ad4ddc32e6b' -> (Import Result ID: 'd71247b4cb6a950ae9a4479160a891fa') in 0.003 seconds [static and dynamic dependencies]. Details - ImportResultOutputID=c8607ddb00833bb6c3bc5cca6d5252b4 DependenciesID=afdb07390fb461ea385a36f5c9ebd6f5 StaticDependenciesID=19e105b82066b762f3ffd633d73b7684 
Number of updated asset objects reloaded before import = 0
Number of asset objects unloaded after import = 0
========================================================================
Received Import Request.
  Time of request: 2026-10-01T15:25:33.0376642Z
  Time since last request: 0.0009101 seconds.
  importAddress: GUID: c0faad526f5548c1a53c288b045580b0 - Path: Packages/com.unity.collab-proxy/Editor/UI/DelayedActionByFramesRunner.cs - Importer: ScriptedImporter/UnityEditor.QuickSearchModule:UnityEditor.Search:ASIAI0B
Importing 'GUID: c0faad526f5548c1a53c288b045580b0 - Path: Packages/com.unity.collab-proxy/Editor/UI/DelayedActionByFramesRunner.cs - Importer: ScriptedImporter/UnityEditor.QuickSearchModule:UnityEditor.Search:ASIAI0B' with importer (ScriptedImporter : UnityEditor.QuickSearchModule:UnityEditor.Search:ASIAI0B)
Imported 'GUID: c0faad526f5548c1a53c288b045580b0' -> (Import Result ID: '274a269f68c4fe87e7a890a4e56e91c9') in 0.003 seconds [static and dynamic dependencies]. Details - ImportResultOutputID=48b94720a23cf87a240f1fa4d1e8af60 DependenciesID=a98676e7873d74a62a941e5957ef203e StaticDependenciesID=f0faa697dedcd8287418854d86e46065 
Number of updated asset objects reloaded before import = 0
Number of asset objects unloaded after import = 0
========================================================================
Received Import Request.
  Time of request: 2026-10-01T15:25:33.04108Z
  Time since last request: 0.0003971 seconds.
  importAddress: GUID: 0f5401cd5ff8fc4409bf9540072b14bc - Path: Packages/com.unity.collab-proxy/Editor/UI/FindEditorWindow.cs - Importer: ScriptedImporter/UnityEditor.QuickSearchModule:UnityEditor.Search:ASIAI0B
Importing 'GUID: 0f5401cd5ff8fc4409bf9540072b14bc - Path: Packages/com.unity.collab-proxy/Editor/UI/FindEditorWindow.cs - Importer: ScriptedImporter/UnityEditor.QuickSearchModule:UnityEditor.Search:ASIAI0B' with importer (ScriptedImporter : UnityEditor.QuickSearchModule:UnityEditor.Search:ASIAI0B)
Imported 'GUID: 0f5401cd5ff8fc4409bf9540072b14bc' -> (Import Result ID: '8618f97f4d8503d8f32c7c0e2ff993b6') in 0.003 seconds [static and dynamic dependencies]. Details - ImportResultOutputID=32c543c26aacea6b3e1ac4d6815cc7f2 DependenciesID=49eaa26b8363797f3c3f9b8825ab99ee StaticDependenciesID=ab751b8ad638d04663276db99c67244b 
Number of updated asset objects reloaded before import = 0
Number of asset objects unloaded after import = 0
========================================================================
Received Import Request.
  Time of request: 2026-10-01T15:25:33.0440556Z
  Time since last request: 0.0002692 seconds.
  importAddress: GUID: 6dbc54b503a79034d9c544e39451fd10 - Path: Packages/com.unity.collab-proxy/Editor/UI/GUIActionRunner.cs - Importer: ScriptedImporter/UnityEditor.QuickSearchModule:UnityEditor.Search:ASIAI0B
Importing 'GUID: 6dbc54b503a79034d9c544e39451fd10 - Path: Packages/com.unity.collab-proxy/Editor/UI/GUIActionRunner.cs - Importer: ScriptedImporter/UnityEditor.QuickSearchModule:UnityEditor.Search:ASIAI0B' with importer (ScriptedImporter : UnityEditor.QuickSearchModule:UnityEditor.Search:ASIAI0B)
Imported 'GUID: 6dbc54b503a79034d9c544e39451fd10' -> (Import Result ID: '9b8259bd60963cc7181872a1a765d1b7') in 0.002 seconds [static and dynamic dependencies]. Details - ImportResultOutputID=c65845fec55707b6831cc66a3a7bd4a2 DependenciesID=11039fe29c5887c7faf06c079002cb33 StaticDependenciesID=24e1a33d651bdd4cb2b13dfe6b092564 
Number of updated asset objects reloaded before import = 0
Number of asset objects unloaded after import = 0
========================================================================
Received Import Request.
  Time of request: 2026-10-01T15:25:33.0467099Z
  Time since last request: 0.0003088 seconds.
  importAddress: GUID: 3a6fba741cdd5fb4982a73a4d791754f - Path: Packages/com.unity.collab-proxy/Editor/UI/DockEditorWindow.cs - Importer: ScriptedImporter/UnityEditor.QuickSearchModule:UnityEditor.Search:ASIAI0B
Importing 'GUID: 3a6fba741cdd5fb4982a73a4d791754f - Path: Packages/com.unity.collab-proxy/Editor/UI/DockEditorWindow.cs - Importer: ScriptedImporter/UnityEditor.QuickSearchModule:UnityEditor.Search:ASIAI0B' with importer (ScriptedImporter : UnityEditor.QuickSearchModule:UnityEditor.Search:ASIAI0B)
Imported 'GUID: 3a6fba741cdd5fb4982a73a4d791754f' -> (Import Result ID: '0bf16343e673b1e1287687d16fe5bca2') in 0.002 seconds [static and dynamic dependencies]. Details - ImportResultOutputID=af0d9e788070b13f5b4d6a33d2d0a613 DependenciesID=349c78b4f6e5feaea66cf28246edcca0 StaticDependenciesID=d6ecf8ed979b53c975f16ff7cdf505ba 
Number of updated asset objects reloaded before import = 0
Number of asset objects unloaded after import = 0
========================================================================
Received Import Request.
  Time of request: 2026-10-01T15:25:33.048875Z
  Time since last request: 0.0002816 seconds.
  importAddress: GUID: eda42d85846dab04a81db79ea2ab5e12 - Path: Packages/com.unity.collab-proxy/Editor/UI/DrawCopyableLabel.cs - Importer: ScriptedImporter/UnityEditor.QuickSearchModule:UnityEditor.Search:ASIAI0B
Importing 'GUID: eda42d85846dab04a81db79ea2ab5e12 - Path: Packages/com.unity.collab-proxy/Editor/UI/DrawCopyableLabel.cs - Importer: ScriptedImporter/UnityEditor.QuickSearchModule:UnityEditor.Search:ASIAI0B' with importer (ScriptedImporter : UnityEditor.QuickSearchModule:UnityEditor.Search:ASIAI0B)
Imported 'GUID: eda42d85846dab04a81db79ea2ab5e12' -> (Import Result ID: '4705172f5d321e20c5a18ab7402a0e76') in 0.002 seconds [static and dynamic dependencies]. Details - ImportResultOutputID=72073db4ade98d4346bc0c546f68ff45 DependenciesID=08f8eeca1f5b2370a3b6080b8554eddf StaticDependenciesID=6970d9b21abf2d3d158f57f4557c81df 
Number of updated asset objects reloaded before import = 0
Number of asset objects unloaded after import = 0
========================================================================
Received Import Request.
  Time of request: 2026-10-01T15:25:33.0513909Z
  Time since last request: 0.0005169 seconds.
  importAddress: GUID: 640fd06dff6f43498693eeda77683e6e - Path: Packages/com.unity.collab-proxy/Editor/UI/DrawActionButtonWithMenu.cs - Importer: ScriptedImporter/UnityEditor.QuickSearchModule:UnityEditor.Search:ASIAI0B
Importing 'GUID: 640fd06dff6f43498693eeda77683e6e - Path: Packages/com.unity.collab-proxy/Editor/UI/DrawActionButtonWithMenu.cs - Importer: ScriptedImporter/UnityEditor.QuickSearchModule:UnityEditor.Search:ASIAI0B' with importer (ScriptedImporter : UnityEditor.QuickSearchModule:UnityEditor.Search:ASIAI0B)
Imported 'GUID: 640fd06dff6f43498693eeda77683e6e' -> (Import Result ID: 'b8ed2189c465ea43618950c30109485b') in 0.003 seconds [static and dynamic dependencies]. Details - ImportResultOutputID=469e0c8ce64d322d897528f899f2366e DependenciesID=d140a799997e9ab51ead39e6a92e0c07 StaticDependenciesID=9dd60cc12fa1de0ccd6e1be1cda6b6ea 
Number of updated asset objects reloaded before import = 0
Number of asset objects unloaded after import = 0
========================================================================
Received Import Request.
  Time of request: 2026-10-01T15:25:33.0544661Z
  Time since last request: 0.0002566 seconds.
  importAddress: GUID: 9c549b85e316e2d4ea9265d63a17e401 - Path: Packages/com.unity.collab-proxy/Editor/UI/ScreenResolution.cs - Importer: ScriptedImporter/UnityEditor.QuickSearchModule:UnityEditor.Search:ASIAI0B
Importing 'GUID: 9c549b85e316e2d4ea9265d63a17e401 - Path: Packages/com.unity.collab-proxy/Editor/UI/ScreenResolution.cs - Importer: ScriptedImporter/UnityEditor.QuickSearchModule:UnityEditor.Search:ASIAI0B' with importer (ScriptedImporter : UnityEditor.QuickSearchModule:UnityEditor.Search:ASIAI0B)
Imported 'GUID: 9c549b85e316e2d4ea9265d63a17e401' -> (Import Result ID: 'e4863c7a782c6fd0f5cb2a38df7222bc') in 0.002 seconds [static and dynamic dependencies]. Details - ImportResultOutputID=8c1ce16f1f807f7324144f06a7b4e97c DependenciesID=7bfc1f052cfdfec5bf59cb2007d83f87 StaticDependenciesID=2e6de34864f8d6d6fb2449869f1e39be 
Number of updated asset objects reloaded before import = 0
Number of asset objects unloaded after import = 0
========================================================================
Received Import Request.
  Time of request: 2026-10-01T15:25:33.0736275Z
  Time since last request: 0.0169706 seconds.
  importAddress: GUID: af5dbec545ddf41e7b15fef8a3cfb75b - Path: Packages/com.unity.collab-proxy/Editor/Assets/Images/ArrowCaretRight.png - Importer: ScriptedImporter/UnityEditor.QuickSearchModule:UnityEditor.Search:ASIAI0B
Importing 'GUID: af5dbec545ddf41e7b15fef8a3cfb75b - Path: Packages/com.unity.collab-proxy/Editor/Assets/Images/ArrowCaretRight.png - Importer: ScriptedImporter/UnityEditor.QuickSearchModule:UnityEditor.Search:ASIAI0B' with importer (ScriptedImporter : UnityEditor.QuickSearchModule:UnityEditor.Search:ASIAI0B)
Imported 'GUID: af5dbec545ddf41e7b15fef8a3cfb75b' -> (Import Result ID: '7ffd8359c36ef664577012cab95bf612') in 0.084 seconds [static and dynamic dependencies]. Details - ImportResultOutputID=e2f4dffb0bfde0ac954de85daf1a0b67 DependenciesID=82607ebb56286045ee3797b197094738 StaticDependenciesID=7a53c8007fd6556a8f48f314a96a50cb 
Number of updated asset objects reloaded before import = 0
Number of asset objects unloaded after import = 3
========================================================================
Received Import Request.
  Time of request: 2026-10-01T15:25:33.1578866Z
  Time since last request: 0.0002971 seconds.
  importAddress: GUID: e86abcad326bbd44a9f3c0516899ce75 - Path: Packages/com.unity.collab-proxy/Editor/WebApi/ErrorResponse.cs - Importer: ScriptedImporter/UnityEditor.QuickSearchModule:UnityEditor.Search:ASIAI0B
Importing 'GUID: e86abcad326bbd44a9f3c0516899ce75 - Path: Packages/com.unity.collab-proxy/Editor/WebApi/ErrorResponse.cs - Importer: ScriptedImporter/UnityEditor.QuickSearchModule:UnityEditor.Search:ASIAI0B' with importer (ScriptedImporter : UnityEditor.QuickSearchModule:UnityEditor.Search:ASIAI0B)
Imported 'GUID: e86abcad326bbd44a9f3c0516899ce75' -> (Import Result ID: 'a80c64486fb9018fae25b9d09040abee') in 0.002 seconds [static and dynamic dependencies]. Details - ImportResultOutputID=2ee6ed4e05c3380fcba2ac5e50a4e9bf DependenciesID=690b9a8249e46803104a8cc1ba65d3f4 StaticDependenciesID=08c5384feb4d714f1047b66993549940 
Number of updated asset objects reloaded before import = 0
Number of asset objects unloaded after import = 0
========================================================================
Received Import Request.
  Time of request: 2026-10-01T15:25:33.1614301Z
  Time since last request: 0.0011498 seconds.
  importAddress: GUID: da54c27b153842f8b52711ef467ad986 - Path: Packages/com.unity.collab-proxy/Editor/Views/ApplyShelveWithConflictsQuestionerBuilder.cs - Importer: ScriptedImporter/UnityEditor.QuickSearchModule:UnityEditor.Search:ASIAI0B
Importing 'GUID: da54c27b153842f8b52711ef467ad986 - Path: Packages/com.unity.collab-proxy/Editor/Views/ApplyShelveWithConflictsQuestionerBuilder.cs - Importer: ScriptedImporter/UnityEditor.QuickSearchModule:UnityEditor.Search:ASIAI0B' with importer (ScriptedImporter : UnityEditor.QuickSearchModule:UnityEditor.Search:ASIAI0B)
Imported 'GUID: da54c27b153842f8b52711ef467ad986' -> (Import Result ID: 'd6b068dfc361cef1c17f55fb984aec91') in 0.002 seconds [static and dynamic dependencies]. Details - ImportResultOutputID=d4d40c786137bddcc7fb7b94b7ff61ab DependenciesID=3732ee0a0d6d1fb64a08c602571826fa StaticDependenciesID=2e586348fb43296a0fccde978c240126 
Number of updated asset objects reloaded before import = 0
Number of asset objects unloaded after import = 0
========================================================================
Received Import Request.
  Time of request: 2026-10-01T15:25:33.1642489Z
  Time since last request: 0.0002686 seconds.
  importAddress: GUID: 2f0909bef14cc58438d6fcea85ba8555 - Path: Packages/com.unity.collab-proxy/Lib/Editor/zlib64Plastic.dll - Importer: ScriptedImporter/UnityEditor.QuickSearchModule:UnityEditor.Search:ASIAI0B
Importing 'GUID: 2f0909bef14cc58438d6fcea85ba8555 - Path: Packages/com.unity.collab-proxy/Lib/Editor/zlib64Plastic.dll - Importer: ScriptedImporter/UnityEditor.QuickSearchModule:UnityEditor.Search:ASIAI0B' with importer (ScriptedImporter : UnityEditor.QuickSearchModule:UnityEditor.Search:ASIAI0B)
Imported 'GUID: 2f0909bef14cc58438d6fcea85ba8555' -> (Import Result ID: '75ba63d5ed643608e2f997d62c254c39') in 0.006 seconds [static and dynamic dependencies]. Details - ImportResultOutputID=77078fbf0a4e5d89799075a73587f8c3 DependenciesID=50bdf89c69260f8911e2eb07b1cb0355 StaticDependenciesID=6e1a0fbf5a9a34c0a3d8e3e613a18a8d 
Number of updated asset objects reloaded before import = 0
Number of asset objects unloaded after import = 0
========================================================================
Received Import Request.
  Time of request: 2026-10-01T15:25:33.1707405Z
  Time since last request: 0.0002531 seconds.
  importAddress: GUID: 3313b144884b41f4a86de6fda5eed953 - Path: Packages/com.unity.collab-proxy/Lib/Editor/liblz4Plastic.dylib - Importer: ScriptedImporter/UnityEditor.QuickSearchModule:UnityEditor.Search:ASIAI0B
Importing 'GUID: 3313b144884b41f4a86de6fda5eed953 - Path: Packages/com.unity.collab-proxy/Lib/Editor/liblz4Plastic.dylib - Importer: ScriptedImporter/UnityEditor.QuickSearchModule:UnityEditor.Search:ASIAI0B' with importer (ScriptedImporter : UnityEditor.QuickSearchModule:UnityEditor.Search:ASIAI0B)
Imported 'GUID: 3313b144884b41f4a86de6fda5eed953' -> (Import Result ID: '8d8b6e10736669f36d8a4e448ee89b85') in 0.003 seconds [static and dynamic dependencies]. Details - ImportResultOutputID=146001fc4a71b123858f689f0ad261c4 DependenciesID=f10ee29bf6c07bca73be460a16f05458 StaticDependenciesID=a90b593f0590aa81554cf9ac17d5c1a1 
Number of updated asset objects reloaded before import = 0
Number of asset objects unloaded after import = 0
========================================================================
Received Import Request.
  Time of request: 2026-10-01T15:25:33.1738618Z
  Time since last request: 0.0003008 seconds.
  importAddress: GUID: b3e01e80c420d4ac9a425a6abf8c99ec - Path: Packages/com.unity.collab-proxy/Editor/Assets/Images/d_ArrowCaretLeft@2x.png - Importer: ScriptedImporter/UnityEditor.QuickSearchModule:UnityEditor.Search:ASIAI0B
Importing 'GUID: b3e01e80c420d4ac9a425a6abf8c99ec - Path: Packages/com.unity.collab-proxy/Editor/Assets/Images/d_ArrowCaretLeft@2x.png - Importer: ScriptedImporter/UnityEditor.QuickSearchModule:UnityEditor.Search:ASIAI0B' with importer (ScriptedImporter : UnityEditor.QuickSearchModule:UnityEditor.Search:ASIAI0B)
Imported 'GUID: b3e01e80c420d4ac9a425a6abf8c99ec' -> (Import Result ID: 'b8e7dae013a263263c037ea89b192498') in 0.027 seconds [static and dynamic dependencies]. Details - ImportResultOutputID=45a46e8e955b66c5c4d71e86939ed662 DependenciesID=a7e3b3acf16347a1b52df9e697913c1e StaticDependenciesID=3619b0750a54c326cdb335d0ea6e73b4 
Number of updated asset objects reloaded before import = 0
Number of asset objects unloaded after import = 3
========================================================================
Received Import Request.
  Time of request: 2026-10-01T15:25:33.201597Z
  Time since last request: 0.0001608 seconds.
  importAddress: GUID: 9229ae5dbc38f488d921156ff75869e9 - Path: Packages/com.unity.collab-proxy/Editor/Assets/Fonts/Cascadia.ttf - Importer: ScriptedImporter/UnityEditor.QuickSearchModule:UnityEditor.Search:ASIAI0B
Importing 'GUID: 9229ae5dbc38f488d921156ff75869e9 - Path: Packages/com.unity.collab-proxy/Editor/Assets/Fonts/Cascadia.ttf - Importer: ScriptedImporter/UnityEditor.QuickSearchModule:UnityEditor.Search:ASIAI0B' with importer (ScriptedImporter : UnityEditor.QuickSearchModule:UnityEditor.Search:ASIAI0B)
Imported 'GUID: 9229ae5dbc38f488d921156ff75869e9' -> (Import Result ID: 'b3df2c793cfade08da19501f0f238d4a') in 0.026 seconds [static and dynamic dependencies]. Details - ImportResultOutputID=c33465dcea072016d1311172bd347e5e DependenciesID=68e7e4e2e59f6381ce7e7e834bfe3341 StaticDependenciesID=bd35fda2ee971f80e86d49c1d4ee7fc7 
Number of updated asset objects reloaded before import = 0
Number of asset objects unloaded after import = 3
========================================================================
Received Import Request.
  Time of request: 2026-10-01T15:25:33.2277794Z
  Time since last request: 0.0000144 seconds.
  importAddress: GUID: 953c29d2e0dece647a64940343c91547 - Path: Packages/com.unity.collab-proxy/Editor/AssetOverlays/Cache/LockStatusCache.cs - Importer: ScriptedImporter/UnityEditor.QuickSearchModule:UnityEditor.Search:ASIAI0B
Importing 'GUID: 953c29d2e0dece647a64940343c91547 - Path: Packages/com.unity.collab-proxy/Editor/AssetOverlays/Cache/LockStatusCache.cs - Importer: ScriptedImporter/UnityEditor.QuickSearchModule:UnityEditor.Search:ASIAI0B' with importer (ScriptedImporter : UnityEditor.QuickSearchModule:UnityEditor.Search:ASIAI0B)
Imported 'GUID: 953c29d2e0dece647a64940343c91547' -> (Import Result ID: '86f28cf021808a140ec18b5d22db4cb6') in 0.016 seconds [static and dynamic dependencies]. Details - ImportResultOutputID=f1193b56176e69ec56c4f2564c372bd2 DependenciesID=fb948374a0ded526a5631834659af65a StaticDependenciesID=f4de0434fcefe323ac01683512f86ca6 
Number of updated asset objects reloaded before import = 0
Number of asset objects unloaded after import = 0
========================================================================
Received Import Request.
  Time of request: 2026-10-01T15:25:33.2442436Z
  Time since last request: 0.0002998 seconds.
  importAddress: GUID: 074a5a5f34697b64c9b36dc09f6f7c32 - Path: Packages/com.unity.collab-proxy/Lib/Editor/lz4x64Plastic.dll - Importer: ScriptedImporter/UnityEditor.QuickSearchModule:UnityEditor.Search:ASIAI0B
Importing 'GUID: 074a5a5f34697b64c9b36dc09f6f7c32 - Path: Packages/com.unity.collab-proxy/Lib/Editor/lz4x64Plastic.dll - Importer: ScriptedImporter/UnityEditor.QuickSearchModule:UnityEditor.Search:ASIAI0B' with importer (ScriptedImporter : UnityEditor.QuickSearchModule:UnityEditor.Search:ASIAI0B)
Imported 'GUID: 074a5a5f34697b64c9b36dc09f6f7c32' -> (Import Result ID: '98cbfed3648cbd4d3abd850e391e3405') in 0.004 seconds [static and dynamic dependencies]. Details - ImportResultOutputID=4cbff0a47c318cf060b8c57985ddd9a7 DependenciesID=1ca7e0a751f01059700dde6df9a5123e StaticDependenciesID=5063002332a65422d0a7cc906327647c 
Number of updated asset objects reloaded before import = 0
Number of asset objects unloaded after import = 0
========================================================================
Received Import Request.
  Time of request: 2026-10-01T15:25:33.2489911Z
  Time since last request: 0.0002788 seconds.
  importAddress: GUID: 3943479b9e27741a78451950ae5841f6 - Path: Packages/com.unity.collab-proxy/Editor/Assets/Images/d_ArrowCaretRight@2x.png - Importer: ScriptedImporter/UnityEditor.QuickSearchModule:UnityEditor.Search:ASIAI0B
Importing 'GUID: 3943479b9e27741a78451950ae5841f6 - Path: Packages/com.unity.collab-proxy/Editor/Assets/Images/d_ArrowCaretRight@2x.png - Importer: ScriptedImporter/UnityEditor.QuickSearchModule:UnityEditor.Search:ASIAI0B' with importer (ScriptedImporter : UnityEditor.QuickSearchModule:UnityEditor.Search:ASIAI0B)
Imported 'GUID: 3943479b9e27741a78451950ae5841f6' -> (Import Result ID: '9a7eb019864b009a9807461cec763afa') in 0.008 seconds [static and dynamic dependencies]. Details - ImportResultOutputID=12acb4c78e25ae42405ef0ce309b2469 DependenciesID=c68f6f001ac3e2020667858243b80b37 StaticDependenciesID=1e8db9f405bd2ebb8b81e73ed709a556 
Number of updated asset objects reloaded before import = 0
Number of asset objects unloaded after import = 3
========================================================================
Received Import Request.
  Time of request: 2026-10-01T15:25:33.2577716Z
  Time since last request: 0.0002092 seconds.
  importAddress: GUID: c44a2ac668da0a04d9e567739215b2eb - Path: Packages/com.unity.collab-proxy/Editor/AssetMenu/Dialogs/CheckinDialogOperations.cs - Importer: ScriptedImporter/UnityEditor.QuickSearchModule:UnityEditor.Search:ASIAI0B
Importing 'GUID: c44a2ac668da0a04d9e567739215b2eb - Path: Packages/com.unity.collab-proxy/Editor/AssetMenu/Dialogs/CheckinDialogOperations.cs - Importer: ScriptedImporter/UnityEditor.QuickSearchModule:UnityEditor.Search:ASIAI0B' with importer (ScriptedImporter : UnityEditor.QuickSearchModule:UnityEditor.Search:ASIAI0B)
Imported 'GUID: c44a2ac668da0a04d9e567739215b2eb' -> (Import Result ID: '7c642eb6b522550afdd9ba7e7cc63653') in 0.003 seconds [static and dynamic dependencies]. Details - ImportResultOutputID=a2385c64f943ba8ddcf941c376d6b061 DependenciesID=58ea895cb7c307243434bc64bc9cfe9b StaticDependenciesID=c174c30632a1e5a82065c1c87fdcd341 
Number of updated asset objects reloaded before import = 0
Number of asset objects unloaded after import = 0
========================================================================
Received Import Request.
  Time of request: 2026-10-01T15:25:33.2607674Z
  Time since last request: 0.0002098 seconds.
  importAddress: GUID: 9e60047ccc6b8422193b170d51796ed2 - Path: Packages/com.unity.collab-proxy/Editor/Assets/Images/ArrowCaretLeft@2x.png - Importer: ScriptedImporter/UnityEditor.QuickSearchModule:UnityEditor.Search:ASIAI0B
Importing 'GUID: 9e60047ccc6b8422193b170d51796ed2 - Path: Packages/com.unity.collab-proxy/Editor/Assets/Images/ArrowCaretLeft@2x.png - Importer: ScriptedImporter/UnityEditor.QuickSearchModule:UnityEditor.Search:ASIAI0B' with importer (ScriptedImporter : UnityEditor.QuickSearchModule:UnityEditor.Search:ASIAI0B)
Imported 'GUID: 9e60047ccc6b8422193b170d51796ed2' -> (Import Result ID: 'ff1e4f6175ac464d02155e080d96c91c') in 0.006 seconds [static and dynamic dependencies]. Details - ImportResultOutputID=e70e64d5d6a36b03e5fff19ce2d37bdd DependenciesID=93c31438b8d271e8f2c0eab3d1d4a2f0 StaticDependenciesID=697528e15a2d516a516fa85c356cc787 
Number of updated asset objects reloaded before import = 0
Number of asset objects unloaded after import = 3
========================================================================
Received Import Request.
  Time of request: 2026-10-01T15:25:33.2675126Z
  Time since last request: 0.0002981 seconds.
  importAddress: GUID: 660c279d5b14417c81d49ee4152e99a7 - Path: Packages/com.unity.collab-proxy/Editor/UnityInternals/UnityInternalsInjector.cs - Importer: ScriptedImporter/UnityEditor.QuickSearchModule:UnityEditor.Search:ASIAI0B
Importing 'GUID: 660c279d5b14417c81d49ee4152e99a7 - Path: Packages/com.unity.collab-proxy/Editor/UnityInternals/UnityInternalsInjector.cs - Importer: ScriptedImporter/UnityEditor.QuickSearchModule:UnityEditor.Search:ASIAI0B' with importer (ScriptedImporter : UnityEditor.QuickSearchModule:UnityEditor.Search:ASIAI0B)
Imported 'GUID: 660c279d5b14417c81d49ee4152e99a7' -> (Import Result ID: 'cce0132e7f8b403f468602f325e0547b') in 0.004 seconds [static and dynamic dependencies]. Details - ImportResultOutputID=4f05ef8c8e73343e01232ecd423bb9c5 DependenciesID=f44f6e2f8e29cff4e35f786eba1cfeaf StaticDependenciesID=831a071ac0c13ac4001c53d343fd3aa3 
Number of updated asset objects reloaded before import = 0
Number of asset objects unloaded after import = 0
========================================================================
Received Import Request.
  Time of request: 2026-10-01T15:25:33.2721092Z
  Time since last request: 0.000458 seconds.
  importAddress: GUID: ddf2e76e8a1f88f46ae1e42277850b48 - Path: Packages/com.unity.collab-proxy/Editor/Assets/Images/buttonssosigninemail@2x.png - Importer: ScriptedImporter/UnityEditor.QuickSearchModule:UnityEditor.Search:ASIAI0B
Importing 'GUID: ddf2e76e8a1f88f46ae1e42277850b48 - Path: Packages/com.unity.collab-proxy/Editor/Assets/Images/buttonssosigninemail@2x.png - Importer: ScriptedImporter/UnityEditor.QuickSearchModule:UnityEditor.Search:ASIAI0B' with importer (ScriptedImporter : UnityEditor.QuickSearchModule:UnityEditor.Search:ASIAI0B)
Imported 'GUID: ddf2e76e8a1f88f46ae1e42277850b48' -> (Import Result ID: '8702477cbea9af32725b2dcff6dc85c2') in 0.006 seconds [static and dynamic dependencies]. Details - ImportResultOutputID=c51365ecc36d226a305895c5556217fe DependenciesID=123fbe53c5d9753a5921945ff0d420dc StaticDependenciesID=3fe5fb247c5bf1e42ae84bd4a48ddd0c 
Number of updated asset objects reloaded before import = 0
Number of asset objects unloaded after import = 1
========================================================================
Received Import Request.
  Time of request: 2026-10-01T15:25:33.2789135Z
  Time since last request: 0.0002909 seconds.
  importAddress: GUID: 83e946775d0516c4aba77860a60ed6e6 - Path: Packages/com.unity.collab-proxy/Editor/UI/UnityThreadWaiter.cs - Importer: ScriptedImporter/UnityEditor.QuickSearchModule:UnityEditor.Search:ASIAI0B
Importing 'GUID: 83e946775d0516c4aba77860a60ed6e6 - Path: Packages/com.unity.collab-proxy/Editor/UI/UnityThreadWaiter.cs - Importer: ScriptedImporter/UnityEditor.QuickSearchModule:UnityEditor.Search:ASIAI0B' with importer (ScriptedImporter : UnityEditor.QuickSearchModule:UnityEditor.Search:ASIAI0B)
Imported 'GUID: 83e946775d0516c4aba77860a60ed6e6' -> (Import Result ID: '4c4109129f0086eb5568f2caf65c5b0a') in 0.002 seconds [static and dynamic dependencies]. Details - ImportResultOutputID=b801de87294a9ab2ae6fe03b94732b33 DependenciesID=446bdc77b2501d311756e9b9fa080b63 StaticDependenciesID=1c4c33109dc88322967cf3b3ef1621c5 
Number of updated asset objects reloaded before import = 0
Number of asset objects unloaded after import = 0
========================================================================
Received Import Request.
  Time of request: 2026-10-01T15:25:33.2814946Z
  Time since last request: 0.0004075 seconds.
  importAddress: GUID: 5717b3e29bf6a2b48be2cf9d0707c505 - Path: Packages/com.unity.collab-proxy/Editor/UVCSToolbar/UVCSToolbar.cs - Importer: ScriptedImporter/UnityEditor.QuickSearchModule:UnityEditor.Search:ASIAI0B
Importing 'GUID: 5717b3e29bf6a2b48be2cf9d0707c505 - Path: Packages/com.unity.collab-proxy/Editor/UVCSToolbar/UVCSToolbar.cs - Importer: ScriptedImporter/UnityEditor.QuickSearchModule:UnityEditor.Search:ASIAI0B' with importer (ScriptedImporter : UnityEditor.QuickSearchModule:UnityEditor.Search:ASIAI0B)
Imported 'GUID: 5717b3e29bf6a2b48be2cf9d0707c505' -> (Import Result ID: '7b4ec490f9e58b61d5a8ce8dec657711') in 0.002 seconds [static and dynamic dependencies]. Details - ImportResultOutputID=5525cf14894f7685ac05eddb8a4625c8 DependenciesID=64e21d1bc5593ba0f7f612df73570025 StaticDependenciesID=bdd7e5e12be6e5856246c32f7f932785 
Number of updated asset objects reloaded before import = 0
Number of asset objects unloaded after import = 0
========================================================================
Received Import Request.
  Time of request: 2026-10-01T15:25:33.2840989Z
  Time since last request: 0.0004972 seconds.
  importAddress: GUID: d1c46ccb760d06146a24b7e265e19566 - Path: Packages/com.unity.collab-proxy/Editor/WebApi/CredentialsResponse.cs - Importer: ScriptedImporter/UnityEditor.QuickSearchModule:UnityEditor.Search:ASIAI0B
Importing 'GUID: d1c46ccb760d06146a24b7e265e19566 - Path: Packages/com.unity.collab-proxy/Editor/WebApi/CredentialsResponse.cs - Importer: ScriptedImporter/UnityEditor.QuickSearchModule:UnityEditor.Search:ASIAI0B' with importer (ScriptedImporter : UnityEditor.QuickSearchModule:UnityEditor.Search:ASIAI0B)
Imported 'GUID: d1c46ccb760d06146a24b7e265e19566' -> (Import Result ID: 'd2e8e808f39c21ea45b0a2c5ebe320db') in 0.003 seconds [static and dynamic dependencies]. Details - ImportResultOutputID=66fb7bce4840929cdcbdbe77c31bff02 DependenciesID=82eba57349b2477e33f6f23ce04a375b StaticDependenciesID=737f4a1b6de8aa5c95d44ec0ba5defc9 
Number of updated asset objects reloaded before import = 0
Number of asset objects unloaded after import = 0
========================================================================
Received Import Request.
  Time of request: 2026-10-01T15:25:33.2874516Z
  Time since last request: 0.0002739 seconds.
  importAddress: GUID: 792f2bf6e6d57db4f93253a322673bc7 - Path: Packages/com.unity.collab-proxy/Editor/UVCSToolbar/ToolbarController.cs - Importer: ScriptedImporter/UnityEditor.QuickSearchModule:UnityEditor.Search:ASIAI0B
Importing 'GUID: 792f2bf6e6d57db4f93253a322673bc7 - Path: Packages/com.unity.collab-proxy/Editor/UVCSToolbar/ToolbarController.cs - Importer: ScriptedImporter/UnityEditor.QuickSearchModule:UnityEditor.Search:ASIAI0B' with importer (ScriptedImporter : UnityEditor.QuickSearchModule:UnityEditor.Search:ASIAI0B)
Imported 'GUID: 792f2bf6e6d57db4f93253a322673bc7' -> (Import Result ID: '66f1896a56e8d2a050dda13696ea83a5') in 0.002 seconds [static and dynamic dependencies]. Details - ImportResultOutputID=8236a1b17ffc916136696b0cd3c722c3 DependenciesID=8ab7215d80fad0075504d996e569d01a StaticDependenciesID=7a16e6051f8a05bf8cb3a292a604d8de 
Number of updated asset objects reloaded before import = 0
Number of asset objects unloaded after import = 0
========================================================================
Received Import Request.
  Time of request: 2026-10-01T15:25:33.2895878Z
  Time since last request: 0.0002627 seconds.
  importAddress: GUID: be2e0deab40f1478a99038fcbc19219d - Path: Packages/com.unity.collab-proxy/Editor/Assets/Images/ArrowCaretRight@2x.png - Importer: ScriptedImporter/UnityEditor.QuickSearchModule:UnityEditor.Search:ASIAI0B
Importing 'GUID: be2e0deab40f1478a99038fcbc19219d - Path: Packages/com.unity.collab-proxy/Editor/Assets/Images/ArrowCaretRight@2x.png - Importer: ScriptedImporter/UnityEditor.QuickSearchModule:UnityEditor.Search:ASIAI0B' with importer (ScriptedImporter : UnityEditor.QuickSearchModule:UnityEditor.Search:ASIAI0B)
Imported 'GUID: be2e0deab40f1478a99038fcbc19219d' -> (Import Result ID: '525c0a678cef7813477a97d785352c95') in 0.006 seconds [static and dynamic dependencies]. Details - ImportResultOutputID=b2944dec383fe5f908e0c9e39fdf9857 DependenciesID=4621d5745cd51bccf3807be495c3294e StaticDependenciesID=a99c8d9650f1aa2bff6ee35880c55c98 
Number of updated asset objects reloaded before import = 0
Number of asset objects unloaded after import = 3
========================================================================
Received Import Request.
  Time of request: 2026-10-01T15:25:33.2958886Z
  Time since last request: 0.0001974 seconds.
  importAddress: GUID: ee8ce5cd9c0883f4182b5cfd43cfd7fe - Path: Packages/com.unity.collab-proxy/Editor/Assets/Images/buttonssosigninunity@2x.png - Importer: ScriptedImporter/UnityEditor.QuickSearchModule:UnityEditor.Search:ASIAI0B
Importing 'GUID: ee8ce5cd9c0883f4182b5cfd43cfd7fe - Path: Packages/com.unity.collab-proxy/Editor/Assets/Images/buttonssosigninunity@2x.png - Importer: ScriptedImporter/UnityEditor.QuickSearchModule:UnityEditor.Search:ASIAI0B' with importer (ScriptedImporter : UnityEditor.QuickSearchModule:UnityEditor.Search:ASIAI0B)
Imported 'GUID: ee8ce5cd9c0883f4182b5cfd43cfd7fe' -> (Import Result ID: '2df388dbba8582a5647c76b87f940bdb') in 0.006 seconds [static and dynamic dependencies]. Details - ImportResultOutputID=fcc0f6e7fd300805e9f38f8b0258da0c DependenciesID=bb031d4039abc157e26902322bf4b351 StaticDependenciesID=b84e17f25cb2ed64d9445cc3ec227076 
Number of updated asset objects reloaded before import = 0
Number of asset objects unloaded after import = 3
========================================================================
Received Import Request.
  Time of request: 2026-10-01T15:25:33.3025049Z
  Time since last request: 0.0001962 seconds.
  importAddress: GUID: a55fcf87e0ee4d5a83d10fab9c9407fe - Path: Packages/com.unity.collab-proxy/Editor/Views/SelectNewCodeReviewBehavior.cs - Importer: ScriptedImporter/UnityEditor.QuickSearchModule:UnityEditor.Search:ASIAI0B
Importing 'GUID: a55fcf87e0ee4d5a83d10fab9c9407fe - Path: Packages/com.unity.collab-proxy/Editor/Views/SelectNewCodeReviewBehavior.cs - Importer: ScriptedImporter/UnityEditor.QuickSearchModule:UnityEditor.Search:ASIAI0B' with importer (ScriptedImporter : UnityEditor.QuickSearchModule:UnityEditor.Search:ASIAI0B)
Imported 'GUID: a55fcf87e0ee4d5a83d10fab9c9407fe' -> (Import Result ID: '1c17decd016a9a51d84b219d594b9a3b') in 0.002 seconds [static and dynamic dependencies]. Details - ImportResultOutputID=f2537a57f9258eee1cc08a97a04d3cd4 DependenciesID=10ccea256e4a6488fe67c9ed3a6bed5e StaticDependenciesID=3ad5fc261258fb7d8cd25475fc0bb4b2 
Number of updated asset objects reloaded before import = 0
Number of asset objects unloaded after import = 0
========================================================================
Received Import Request.
  Time of request: 2026-10-01T15:25:33.3052856Z
  Time since last request: 0.000354 seconds.
  importAddress: GUID: 90a94ffd2947aab4d9da12dee0175a7a - Path: Packages/com.unity.collab-proxy/Editor/UI/UnityPlasticTimer.cs - Importer: ScriptedImporter/UnityEditor.QuickSearchModule:UnityEditor.Search:ASIAI0B
Importing 'GUID: 90a94ffd2947aab4d9da12dee0175a7a - Path: Packages/com.unity.collab-proxy/Editor/UI/UnityPlasticTimer.cs - Importer: ScriptedImporter/UnityEditor.QuickSearchModule:UnityEditor.Search:ASIAI0B' with importer (ScriptedImporter : UnityEditor.QuickSearchModule:UnityEditor.Search:ASIAI0B)
Imported 'GUID: 90a94ffd2947aab4d9da12dee0175a7a' -> (Import Result ID: '9e57000fc7ab9c8c633726968d7a5d3f') in 0.002 seconds [static and dynamic dependencies]. Details - ImportResultOutputID=e52534923dbdc2f31195ee25e9846a1a DependenciesID=7d7d42361d7bfb6b3710b5afc025d569 StaticDependenciesID=b23d8dddc5d7dea3dd4ac82e2e095e3a 
Number of updated asset objects reloaded before import = 0
Number of asset objects unloaded after import = 0
========================================================================
Received Import Request.
  Time of request: 2026-10-01T15:25:33.3076231Z
  Time since last request: 0.0002592 seconds.
  importAddress: GUID: 9c963b5d17c74314eb7105e71377cdb8 - Path: Packages/com.unity.collab-proxy/Editor/AssetOverlays/Cache/BuildPathDictionary.cs - Importer: ScriptedImporter/UnityEditor.QuickSearchModule:UnityEditor.Search:ASIAI0B
Importing 'GUID: 9c963b5d17c74314eb7105e71377cdb8 - Path: Packages/com.unity.collab-proxy/Editor/AssetOverlays/Cache/BuildPathDictionary.cs - Importer: ScriptedImporter/UnityEditor.QuickSearchModule:UnityEditor.Search:ASIAI0B' with importer (ScriptedImporter : UnityEditor.QuickSearchModule:UnityEditor.Search:ASIAI0B)
Imported 'GUID: 9c963b5d17c74314eb7105e71377cdb8' -> (Import Result ID: '24377ea4dfaf270a8d7d5aa077d9baac') in 0.002 seconds [static and dynamic dependencies]. Details - ImportResultOutputID=c9e82ec05568d12b2a545af687ac8959 DependenciesID=e5e13271ee5b7915977a3ef882fd27b9 StaticDependenciesID=48d3621e94a66b9593fc2581c50ff53d 
Number of updated asset objects reloaded before import = 0
Number of asset objects unloaded after import = 0
========================================================================
Received Import Request.
  Time of request: 2026-10-01T15:25:33.3100551Z
  Time since last request: 0.0003064 seconds.
  importAddress: GUID: 08dbb8d51633f2f4bab9912fbce3e247 - Path: Packages/com.unity.collab-proxy/Editor/Views/DownloadPlasticExeDialog.cs - Importer: ScriptedImporter/UnityEditor.QuickSearchModule:UnityEditor.Search:ASIAI0B
Importing 'GUID: 08dbb8d51633f2f4bab9912fbce3e247 - Path: Packages/com.unity.collab-proxy/Editor/Views/DownloadPlasticExeDialog.cs - Importer: ScriptedImporter/UnityEditor.QuickSearchModule:UnityEditor.Search:ASIAI0B' with importer (ScriptedImporter : UnityEditor.QuickSearchModule:UnityEditor.Search:ASIAI0B)
Imported 'GUID: 08dbb8d51633f2f4bab9912fbce3e247' -> (Import Result ID: '84d817dbf781cf4cde42071c9de91551') in 0.003 seconds [static and dynamic dependencies]. Details - ImportResultOutputID=a73e47a2c40b97486266fecbdcd7eedc DependenciesID=b4f1a7e247b87a8882fbb7b8d4d570ef StaticDependenciesID=685077482a9a6ba4e39651b9c1aa0999 
Number of updated asset objects reloaded before import = 0
Number of asset objects unloaded after import = 0
========================================================================
Received Import Request.
  Time of request: 2026-10-01T15:25:33.313284Z
  Time since last request: 0.0002109 seconds.
  importAddress: GUID: 992242bf8b23e574bbc95a128844c481 - Path: Packages/com.unity.collab-proxy/Lib/Editor/FileSystemWatcherLicense.txt - Importer: ScriptedImporter/UnityEditor.QuickSearchModule:UnityEditor.Search:ASIAI0B
Importing 'GUID: 992242bf8b23e574bbc95a128844c481 - Path: Packages/com.unity.collab-proxy/Lib/Editor/FileSystemWatcherLicense.txt - Importer: ScriptedImporter/UnityEditor.QuickSearchModule:UnityEditor.Search:ASIAI0B' with importer (ScriptedImporter : UnityEditor.QuickSearchModule:UnityEditor.Search:ASIAI0B)
Imported 'GUID: 992242bf8b23e574bbc95a128844c481' -> (Import Result ID: '847de4a50a76f5abf5cf14b15b81873a') in 0.002 seconds [static and dynamic dependencies]. Details - ImportResultOutputID=59127fff5f16b8ac8e74410cbee29b38 DependenciesID=9b20334ec8bba04c3f11e483be7db1d5 StaticDependenciesID=f2729c8c504d3ba11331c1ea82e71cfa 
Number of updated asset objects reloaded before import = 0
Number of asset objects unloaded after import = 1
========================================================================
Received Import Request.
  Time of request: 2026-10-01T15:25:33.3158562Z
  Time since last request: 0.000024 seconds.
  importAddress: GUID: 09fca212d621e844a8a0f11a9ac6c1bc - Path: Packages/com.unity.collab-proxy/Editor/Assets/Images/d_buttonhome.png - Importer: ScriptedImporter/UnityEditor.QuickSearchModule:UnityEditor.Search:ASIAI0B
Importing 'GUID: 09fca212d621e844a8a0f11a9ac6c1bc - Path: Packages/com.unity.collab-proxy/Editor/Assets/Images/d_buttonhome.png - Importer: ScriptedImporter/UnityEditor.QuickSearchModule:UnityEditor.Search:ASIAI0B' with importer (ScriptedImporter : UnityEditor.QuickSearchModule:UnityEditor.Search:ASIAI0B)
Imported 'GUID: 09fca212d621e844a8a0f11a9ac6c1bc' -> (Import Result ID: '5d98fc53f678a42e86638b19ceb74dd5') in 0.007 seconds [static and dynamic dependencies]. Details - ImportResultOutputID=4b2cdac29ce7c950d9317195c9860d4a DependenciesID=e8f1b66d8fd0e1a5784472841d060350 StaticDependenciesID=a9fa1061859d236d941919fb68c6e557 
Number of updated asset objects reloaded before import = 0
Number of asset objects unloaded after import = 3
========================================================================
Received Import Request.
  Time of request: 2026-10-01T15:25:33.323423Z
  Time since last request: 0.0002275 seconds.
  importAddress: GUID: 956deaef7c041ed4abe7a5a3690c28bc - Path: Packages/com.unity.collab-proxy/Editor/Assets/Images/buttonhome@2x.png - Importer: ScriptedImporter/UnityEditor.QuickSearchModule:UnityEditor.Search:ASIAI0B
Importing 'GUID: 956deaef7c041ed4abe7a5a3690c28bc - Path: Packages/com.unity.collab-proxy/Editor/Assets/Images/buttonhome@2x.png - Importer: ScriptedImporter/UnityEditor.QuickSearchModule:UnityEditor.Search:ASIAI0B' with importer (ScriptedImporter : UnityEditor.QuickSearchModule:UnityEditor.Search:ASIAI0B)
Imported 'GUID: 956deaef7c041ed4abe7a5a3690c28bc' -> (Import Result ID: 'b67caea68533ff352dbffdc0d92bf1b3') in 0.006 seconds [static and dynamic dependencies]. Details - ImportResultOutputID=14391a503d82d96c362be72732cbd457 DependenciesID=2b6b0ce9d2b4609cc22102c649896942 StaticDependenciesID=7955b0f473d599193e942816e35963f2 
Number of updated asset objects reloaded before import = 0
Number of asset objects unloaded after import = 3
========================================================================
Received Import Request.
  Time of request: 2026-10-01T15:25:33.3310154Z
  Time since last request: 0.0009691 seconds.
  importAddress: GUID: c8d9f1a2b3e4f5a6b7c8d9e0f1a2b3c4 - Path: Packages/com.unity.collab-proxy/Editor/AssetMenu/Dialogs/AddToCloudDriveDialog.cs - Importer: ScriptedImporter/UnityEditor.QuickSearchModule:UnityEditor.Search:ASIAI0B
Importing 'GUID: c8d9f1a2b3e4f5a6b7c8d9e0f1a2b3c4 - Path: Packages/com.unity.collab-proxy/Editor/AssetMenu/Dialogs/AddToCloudDriveDialog.cs - Importer: ScriptedImporter/UnityEditor.QuickSearchModule:UnityEditor.Search:ASIAI0B' with importer (ScriptedImporter : UnityEditor.QuickSearchModule:UnityEditor.Search:ASIAI0B)
Imported 'GUID: c8d9f1a2b3e4f5a6b7c8d9e0f1a2b3c4' -> (Import Result ID: 'd6ff74c2c33644643703d70188215782') in 0.002 seconds [static and dynamic dependencies]. Details - ImportResultOutputID=d7539d534d62097ccd95bfca06d742c1 DependenciesID=4a6b3090b9a7dad46bf86b93efd7b757 StaticDependenciesID=8b1f40d257bc9176d2f30432290e2f93 
Number of updated asset objects reloaded before import = 0
Number of asset objects unloaded after import = 0
========================================================================
Received Import Request.
  Time of request: 2026-10-01T15:25:33.3333084Z
  Time since last request: 0.0002515 seconds.
  importAddress: GUID: 4932f8b3d8c26804bb16dc5cb5b766ce - Path: Packages/com.unity.collab-proxy/Editor/WebApi/TokenExchangeResponse.cs - Importer: ScriptedImporter/UnityEditor.QuickSearchModule:UnityEditor.Search:ASIAI0B
Importing 'GUID: 4932f8b3d8c26804bb16dc5cb5b766ce - Path: Packages/com.unity.collab-proxy/Editor/WebApi/TokenExchangeResponse.cs - Importer: ScriptedImporter/UnityEditor.QuickSearchModule:UnityEditor.Search:ASIAI0B' with importer (ScriptedImporter : UnityEditor.QuickSearchModule:UnityEditor.Search:ASIAI0B)
Imported 'GUID: 4932f8b3d8c26804bb16dc5cb5b766ce' -> (Import Result ID: 'b9044b6564dd5c02220aedde8e290a29') in 0.002 seconds [static and dynamic dependencies]. Details - ImportResultOutputID=b0e530209e85d401d01f1288a3ee39cf DependenciesID=10d65773ac48923306be18f2c00e5062 StaticDependenciesID=8ba4a99ae32d51b1248c3b97f8b68951 
Number of updated asset objects reloaded before import = 0
Number of asset objects unloaded after import = 0
========================================================================
Received Import Request.
  Time of request: 2026-10-01T15:25:33.3354308Z
  Time since last request: 0.0002617 seconds.
  importAddress: GUID: 363c1190d7979084c84a0421cedb3a51 - Path: Packages/com.unity.collab-proxy/Editor/WebApi/CurrentUserAdminCheckResponse.cs - Importer: ScriptedImporter/UnityEditor.QuickSearchModule:UnityEditor.Search:ASIAI0B
Importing 'GUID: 363c1190d7979084c84a0421cedb3a51 - Path: Packages/com.unity.collab-proxy/Editor/WebApi/CurrentUserAdminCheckResponse.cs - Importer: ScriptedImporter/UnityEditor.QuickSearchModule:UnityEditor.Search:ASIAI0B' with importer (ScriptedImporter : UnityEditor.QuickSearchModule:UnityEditor.Search:ASIAI0B)
Imported 'GUID: 363c1190d7979084c84a0421cedb3a51' -> (Import Result ID: '0e9fae9b9cd27b935baede2d29c05e92') in 0.002 seconds [static and dynamic dependencies]. Details - ImportResultOutputID=4af44b8249fdb3e119b184a9fde19f8a DependenciesID=f1cdc458121d4e80d30fb282e1eed0b5 StaticDependenciesID=1b307f92e362e8ccefe2a6a83a909353 
Number of updated asset objects reloaded before import = 0
Number of asset objects unloaded after import = 0
========================================================================
Received Import Request.
  Time of request: 2026-10-01T15:25:33.3378276Z
  Time since last request: 0.0002532 seconds.
  importAddress: GUID: e60bdd1e4f6314d2382f323172110798 - Path: Packages/com.unity.collab-proxy/Lib/Editor/log4netPlastic.dll - Importer: ScriptedImporter/UnityEditor.QuickSearchModule:UnityEditor.Search:ASIAI0B
Importing 'GUID: e60bdd1e4f6314d2382f323172110798 - Path: Packages/com.unity.collab-proxy/Lib/Editor/log4netPlastic.dll - Importer: ScriptedImporter/UnityEditor.QuickSearchModule:UnityEditor.Search:ASIAI0B' with importer (ScriptedImporter : UnityEditor.QuickSearchModule:UnityEditor.Search:ASIAI0B)
Imported 'GUID: e60bdd1e4f6314d2382f323172110798' -> (Import Result ID: 'cc4ddfc99da96140b2801edae8634585') in 0.002 seconds [static and dynamic dependencies]. Details - ImportResultOutputID=6014c5e46963e6b83e367ae176a313c8 DependenciesID=107f38ca7246c19f80dd57bf1733269e StaticDependenciesID=6464677dd5fbda98d04a4e11efaa2ffd 
Number of updated asset objects reloaded before import = 0
Number of asset objects unloaded after import = 0
========================================================================
Received Import Request.
  Time of request: 2026-10-01T15:25:33.3402643Z
  Time since last request: 0.0002456 seconds.
  importAddress: GUID: db9d246046f68df409cf1f58ea3dcc68 - Path: Packages/com.unity.collab-proxy/Editor/_Deprecated/PlasticPlugin.cs - Importer: ScriptedImporter/UnityEditor.QuickSearchModule:UnityEditor.Search:ASIAI0B
Importing 'GUID: db9d246046f68df409cf1f58ea3dcc68 - Path: Packages/com.unity.collab-proxy/Editor/_Deprecated/PlasticPlugin.cs - Importer: ScriptedImporter/UnityEditor.QuickSearchModule:UnityEditor.Search:ASIAI0B' with importer (ScriptedImporter : UnityEditor.QuickSearchModule:UnityEditor.Search:ASIAI0B)
Imported 'GUID: db9d246046f68df409cf1f58ea3dcc68' -> (Import Result ID: '8498645f3fe6b6aaef82604e89a72108') in 0.002 seconds [static and dynamic dependencies]. Details - ImportResultOutputID=732cdece8156b434efb3861d61193ad8 DependenciesID=42d0ec7bc2c2116fcae63edca4b5372d StaticDependenciesID=9681306ff9249f7b5e5d7f20391dd8ec 
Number of updated asset objects reloaded before import = 0
Number of asset objects unloaded after import = 0
========================================================================
Received Import Request.
  Time of request: 2026-10-01T15:25:33.3425476Z
  Time since last request: 0.0002121 seconds.
  importAddress: GUID: e09919744ef75bc4eaa3181b195375bd - Path: Packages/com.unity.collab-proxy/Editor/UnityInternals/UVCSToolbarBoostrap.cs - Importer: ScriptedImporter/UnityEditor.QuickSearchModule:UnityEditor.Search:ASIAI0B
Importing 'GUID: e09919744ef75bc4eaa3181b195375bd - Path: Packages/com.unity.collab-proxy/Editor/UnityInternals/UVCSToolbarBoostrap.cs - Importer: ScriptedImporter/UnityEditor.QuickSearchModule:UnityEditor.Search:ASIAI0B' with importer (ScriptedImporter : UnityEditor.QuickSearchModule:UnityEditor.Search:ASIAI0B)
Imported 'GUID: e09919744ef75bc4eaa3181b195375bd' -> (Import Result ID: '063b7a290ec96a20367593cb31154868') in 0.002 seconds [static and dynamic dependencies]. Details - ImportResultOutputID=f6d72fa74db0960f227edc61abec867e DependenciesID=f5d6de098830d107045c54de83cc7446 StaticDependenciesID=2bb93e1d3f5266f50e16b5e163b2d014 
Number of updated asset objects reloaded before import = 0
Number of asset objects unloaded after import = 0
========================================================================
Received Import Request.
  Time of request: 2026-10-01T15:25:33.3448658Z
  Time since last request: 0.000203 seconds.
  importAddress: GUID: f9161c6c9e06dc445ada3ee16d991f90 - Path: Packages/com.unity.collab-proxy/Editor/Assets/Images/buttonssosigninunity.png - Importer: ScriptedImporter/UnityEditor.QuickSearchModule:UnityEditor.Search:ASIAI0B
Importing 'GUID: f9161c6c9e06dc445ada3ee16d991f90 - Path: Packages/com.unity.collab-proxy/Editor/Assets/Images/buttonssosigninunity.png - Importer: ScriptedImporter/UnityEditor.QuickSearchModule:UnityEditor.Search:ASIAI0B' with importer (ScriptedImporter : UnityEditor.QuickSearchModule:UnityEditor.Search:ASIAI0B)
Imported 'GUID: f9161c6c9e06dc445ada3ee16d991f90' -> (Import Result ID: 'b2e66a80da97686024d6628355ca8c19') in 0.006 seconds [static and dynamic dependencies]. Details - ImportResultOutputID=c1473a8a1d70ede1ab65df161bcea866 DependenciesID=59ee607fdd2cf87a46e426d1514690e2 StaticDependenciesID=143bfa60ea93c65c7748848837a84c19 
Number of updated asset objects reloaded before import = 0
Number of asset objects unloaded after import = 1
========================================================================
Received Import Request.
  Time of request: 2026-10-01T15:25:33.3513005Z
  Time since last request: 0.0002984 seconds.
  importAddress: GUID: f5eff45d4f0cc5e478e6724c378098eb - Path: Packages/com.unity.collab-proxy/Editor/Views/FileSystemOperation.cs - Importer: ScriptedImporter/UnityEditor.QuickSearchModule:UnityEditor.Search:ASIAI0B
Importing 'GUID: f5eff45d4f0cc5e478e6724c378098eb - Path: Packages/com.unity.collab-proxy/Editor/Views/FileSystemOperation.cs - Importer: ScriptedImporter/UnityEditor.QuickSearchModule:UnityEditor.Search:ASIAI0B' with importer (ScriptedImporter : UnityEditor.QuickSearchModule:UnityEditor.Search:ASIAI0B)
Imported 'GUID: f5eff45d4f0cc5e478e6724c378098eb' -> (Import Result ID: '6640257fe24dba839be3084fb44b6182') in 0.003 seconds [static and dynamic dependencies]. Details - ImportResultOutputID=af83a3fc1c5dad23bc35a1a423459b34 DependenciesID=1b86c447d1697cc964a579b5e8788e3b StaticDependenciesID=ad3558b67f5898f5712d907706052642 
Number of updated asset objects reloaded before import = 0
Number of asset objects unloaded after import = 0
========================================================================
Received Import Request.
  Time of request: 2026-10-01T15:25:33.3544757Z
  Time since last request: 0.0002364 seconds.
  importAddress: GUID: 3389e142c33d23546a31fc469443a2c3 - Path: Packages/com.unity.collab-proxy/Editor/Views/ConfirmContinueWithPendingChangesDialog.cs - Importer: ScriptedImporter/UnityEditor.QuickSearchModule:UnityEditor.Search:ASIAI0B
Importing 'GUID: 3389e142c33d23546a31fc469443a2c3 - Path: Packages/com.unity.collab-proxy/Editor/Views/ConfirmContinueWithPendingChangesDialog.cs - Importer: ScriptedImporter/UnityEditor.QuickSearchModule:UnityEditor.Search:ASIAI0B' with importer (ScriptedImporter : UnityEditor.QuickSearchModule:UnityEditor.Search:ASIAI0B)
Imported 'GUID: 3389e142c33d23546a31fc469443a2c3' -> (Import Result ID: '60c8ed2057595a5c253ec39b231202a6') in 0.002 seconds [static and dynamic dependencies]. Details - ImportResultOutputID=bc68823e14272860148bc00178274aa6 DependenciesID=18bedc8b4845ccdb92ba76c68cfb64e5 StaticDependenciesID=0a0cd7b7d196bab1579d35143f4888c3 
Number of updated asset objects reloaded before import = 0
Number of asset objects unloaded after import = 0
========================================================================
Received Import Request.
  Time of request: 2026-10-01T15:25:33.3566177Z
  Time since last request: 0.0002451 seconds.
  importAddress: GUID: 0a3ad267026374439be70d4b4cd3d4f7 - Path: Packages/com.unity.collab-proxy/Editor/UI/UnityStyles.cs - Importer: ScriptedImporter/UnityEditor.QuickSearchModule:UnityEditor.Search:ASIAI0B
Importing 'GUID: 0a3ad267026374439be70d4b4cd3d4f7 - Path: Packages/com.unity.collab-proxy/Editor/UI/UnityStyles.cs - Importer: ScriptedImporter/UnityEditor.QuickSearchModule:UnityEditor.Search:ASIAI0B' with importer (ScriptedImporter : UnityEditor.QuickSearchModule:UnityEditor.Search:ASIAI0B)
Imported 'GUID: 0a3ad267026374439be70d4b4cd3d4f7' -> (Import Result ID: '4461a381eb11148e521472549d87b15e') in 0.002 seconds [static and dynamic dependencies]. Details - ImportResultOutputID=54160f758326478b1bb24c257a70c671 DependenciesID=c740c9a93a2f6e14571eb2361d016d5b StaticDependenciesID=456f259179a43485de6570985288fd8c 
Number of updated asset objects reloaded before import = 0
Number of asset objects unloaded after import = 0
========================================================================
Received Import Request.
  Time of request: 2026-10-01T15:25:33.3588366Z
  Time since last request: 0.0003326 seconds.
  importAddress: GUID: a9acb575a60d7e045ad7fadd3e3e137d - Path: Packages/com.unity.collab-proxy/Editor/AssetOverlays/Cache/RemoteStatusCache.cs - Importer: ScriptedImporter/UnityEditor.QuickSearchModule:UnityEditor.Search:ASIAI0B
Importing 'GUID: a9acb575a60d7e045ad7fadd3e3e137d - Path: Packages/com.unity.collab-proxy/Editor/AssetOverlays/Cache/RemoteStatusCache.cs - Importer: ScriptedImporter/UnityEditor.QuickSearchModule:UnityEditor.Search:ASIAI0B' with importer (ScriptedImporter : UnityEditor.QuickSearchModule:UnityEditor.Search:ASIAI0B)
Imported 'GUID: a9acb575a60d7e045ad7fadd3e3e137d' -> (Import Result ID: 'c1a00467fd3c4ed92cdd0723901fac4b') in 0.003 seconds [static and dynamic dependencies]. Details - ImportResultOutputID=d88282150650bf6c8fd73f5f43cab50a DependenciesID=9c1ce93cc34315a0e49a47e50114b692 StaticDependenciesID=8f96027e7f96ce4dff3b394736192d12 
Number of updated asset objects reloaded before import = 0
Number of asset objects unloaded after import = 0
========================================================================
Received Import Request.
  Time of request: 2026-10-01T15:25:33.3620861Z
  Time since last request: 0.0002524 seconds.
  importAddress: GUID: e57a1c5d3e1c8844eb3893fed51c9727 - Path: Packages/com.unity.collab-proxy/Editor/WebApi/WebRestApiClient.cs - Importer: ScriptedImporter/UnityEditor.QuickSearchModule:UnityEditor.Search:ASIAI0B
Importing 'GUID: e57a1c5d3e1c8844eb3893fed51c9727 - Path: Packages/com.unity.collab-proxy/Editor/WebApi/WebRestApiClient.cs - Importer: ScriptedImporter/UnityEditor.QuickSearchModule:UnityEditor.Search:ASIAI0B' with importer (ScriptedImporter : UnityEditor.QuickSearchModule:UnityEditor.Search:ASIAI0B)
Imported 'GUID: e57a1c5d3e1c8844eb3893fed51c9727' -> (Import Result ID: '3fba88efbec7b9239a1194b590f583a9') in 0.002 seconds [static and dynamic dependencies]. Details - ImportResultOutputID=47779b80af8a9eeb50948dffc9f2870b DependenciesID=4a6d850ddd07220141d5f3a9a76e4e0d StaticDependenciesID=f4609cb81612e9cbf34089ef23eecf12 
Number of updated asset objects reloaded before import = 0
Number of asset objects unloaded after import = 0
========================================================================
Received Import Request.
  Time of request: 2026-10-01T15:25:33.3643225Z
  Time since last request: 0.0003335 seconds.
  importAddress: GUID: 8b1d1407c22e5844698f18df6a9f1781 - Path: Packages/com.unity.collab-proxy/Editor/_Deprecated/CollabPlugin.cs - Importer: ScriptedImporter/UnityEditor.QuickSearchModule:UnityEditor.Search:ASIAI0B
Importing 'GUID: 8b1d1407c22e5844698f18df6a9f1781 - Path: Packages/com.unity.collab-proxy/Editor/_Deprecated/CollabPlugin.cs - Importer: ScriptedImporter/UnityEditor.QuickSearchModule:UnityEditor.Search:ASIAI0B' with importer (ScriptedImporter : UnityEditor.QuickSearchModule:UnityEditor.Search:ASIAI0B)
Imported 'GUID: 8b1d1407c22e5844698f18df6a9f1781' -> (Import Result ID: '4ef5497f18eff38a882190b5a6092cae') in 0.002 seconds [static and dynamic dependencies]. Details - ImportResultOutputID=2459b6a219e5f9b48758c214ab4358dd DependenciesID=b05ac134a8ab2ad1fa3a63a068a07183 StaticDependenciesID=c4445851a243ddcad10b4b96b30f89fa 
Number of updated asset objects reloaded before import = 0
Number of asset objects unloaded after import = 0
========================================================================
Received Import Request.
  Time of request: 2026-10-01T15:25:33.3665Z
  Time since last request: 0.0002363 seconds.
  importAddress: GUID: 6483fd05e8bf42a47aee5e11dbf6db8a - Path: Packages/com.unity.collab-proxy/Editor/Views/LaunchDiffOperations.cs - Importer: ScriptedImporter/UnityEditor.QuickSearchModule:UnityEditor.Search:ASIAI0B
Importing 'GUID: 6483fd05e8bf42a47aee5e11dbf6db8a - Path: Packages/com.unity.collab-proxy/Editor/Views/LaunchDiffOperations.cs - Importer: ScriptedImporter/UnityEditor.QuickSearchModule:UnityEditor.Search:ASIAI0B' with importer (ScriptedImporter : UnityEditor.QuickSearchModule:UnityEditor.Search:ASIAI0B)
Imported 'GUID: 6483fd05e8bf42a47aee5e11dbf6db8a' -> (Import Result ID: 'd141887d5982c33f77277d571c0b950b') in 0.002 seconds [static and dynamic dependencies]. Details - ImportResultOutputID=c10f99c71110bf46335deef4a433c0d6 DependenciesID=62785d8c2964be3494c2ceb21570c67a StaticDependenciesID=47e8637a95f38e2c0b66c97cb1a932fd 
Number of updated asset objects reloaded before import = 0
Number of asset objects unloaded after import = 0
========================================================================
Received Import Request.
  Time of request: 2026-10-01T15:25:33.3684813Z
  Time since last request: 0.000253 seconds.
  importAddress: GUID: dda6504e0e7d670488e2fee625f7da02 - Path: Packages/com.unity.collab-proxy/Editor/Assets/Images/buttonhome.png - Importer: ScriptedImporter/UnityEditor.QuickSearchModule:UnityEditor.Search:ASIAI0B
Importing 'GUID: dda6504e0e7d670488e2fee625f7da02 - Path: Packages/com.unity.collab-proxy/Editor/Assets/Images/buttonhome.png - Importer: ScriptedImporter/UnityEditor.QuickSearchModule:UnityEditor.Search:ASIAI0B' with importer (ScriptedImporter : UnityEditor.QuickSearchModule:UnityEditor.Search:ASIAI0B)
Imported 'GUID: dda6504e0e7d670488e2fee625f7da02' -> (Import Result ID: '2aad4c9595c1f0262dd5ddbd759f0442') in 0.005 seconds [static and dynamic dependencies]. Details - ImportResultOutputID=6dee94aabd51f6fec026ea1c8d89ce31 DependenciesID=cb94473e4797a24a8f7dea1f03fb35ce StaticDependenciesID=21aafd84be689f11b33211c61d2bada7 
Number of updated asset objects reloaded before import = 0
Number of asset objects unloaded after import = 3
========================================================================
Received Import Request.
  Time of request: 2026-10-01T15:25:33.3742379Z
  Time since last request: 0.0002231 seconds.
  importAddress: GUID: f09eae8c0ea04254b90c5386a034a225 - Path: Packages/com.unity.collab-proxy/Editor/Assets/Images/buttonssosigningoogle.png - Importer: ScriptedImporter/UnityEditor.QuickSearchModule:UnityEditor.Search:ASIAI0B
Importing 'GUID: f09eae8c0ea04254b90c5386a034a225 - Path: Packages/com.unity.collab-proxy/Editor/Assets/Images/buttonssosigningoogle.png - Importer: ScriptedImporter/UnityEditor.QuickSearchModule:UnityEditor.Search:ASIAI0B' with importer (ScriptedImporter : UnityEditor.QuickSearchModule:UnityEditor.Search:ASIAI0B)
Imported 'GUID: f09eae8c0ea04254b90c5386a034a225' -> (Import Result ID: 'ba0308629b8b063e2d63d94a7026b8b1') in 0.006 seconds [static and dynamic dependencies]. Details - ImportResultOutputID=8aeaff9a43ccfa38add1feb4eec12df5 DependenciesID=09c9b4c58b0e10ed4ddb106cf66e1fcd StaticDependenciesID=fe51492bc7b666b34e91a0002f53961c 
Number of updated asset objects reloaded before import = 0
Number of asset objects unloaded after import = 1
========================================================================
Received Import Request.
  Time of request: 2026-10-01T15:25:33.3808826Z
  Time since last request: 0.0002777 seconds.
  importAddress: GUID: 17b36165d09634a48bf5a0e4bb27f4bd - Path: Packages/com.unity.collab-proxy/Editor/UnityInternals/Unity.CollabProxy.Editor.asmdef - Importer: ScriptedImporter/UnityEditor.QuickSearchModule:UnityEditor.Search:ASIAI0B
Importing 'GUID: 17b36165d09634a48bf5a0e4bb27f4bd - Path: Packages/com.unity.collab-proxy/Editor/UnityInternals/Unity.CollabProxy.Editor.asmdef - Importer: ScriptedImporter/UnityEditor.QuickSearchModule:UnityEditor.Search:ASIAI0B' with importer (ScriptedImporter : UnityEditor.QuickSearchModule:UnityEditor.Search:ASIAI0B)
Imported 'GUID: 17b36165d09634a48bf5a0e4bb27f4bd' -> (Import Result ID: 'ebdacc7d182db77369cca1e8475a99c9') in 0.002 seconds [static and dynamic dependencies]. Details - ImportResultOutputID=7b082028bb98f2c4ad48f0ad7f42fb70 DependenciesID=d488ffd3115ffe9d963705703bd8e6cd StaticDependenciesID=884afe6b281eae4f2d16424ebb8e6608 
Number of updated asset objects reloaded before import = 0
Number of asset objects unloaded after import = 1
========================================================================
Received Import Request.
  Time of request: 2026-10-01T15:25:33.3834656Z
  Time since last request: 0.0002412 seconds.
  importAddress: GUID: e2c5ee46f6b0148afbe40d935c70faee - Path: Packages/com.unity.collab-proxy/Editor/Assets/Images/d_ArrowCaretLeft.png - Importer: ScriptedImporter/UnityEditor.QuickSearchModule:UnityEditor.Search:ASIAI0B
Importing 'GUID: e2c5ee46f6b0148afbe40d935c70faee - Path: Packages/com.unity.collab-proxy/Editor/Assets/Images/d_ArrowCaretLeft.png - Importer: ScriptedImporter/UnityEditor.QuickSearchModule:UnityEditor.Search:ASIAI0B' with importer (ScriptedImporter : UnityEditor.QuickSearchModule:UnityEditor.Search:ASIAI0B)
Imported 'GUID: e2c5ee46f6b0148afbe40d935c70faee' -> (Import Result ID: 'e3370e45905b12eea3c1d90121ca7960') in 0.006 seconds [static and dynamic dependencies]. Details - ImportResultOutputID=e130d75c501c1b10d504730c3fdb65f8 DependenciesID=66a92b1f7daf22a6035c5744a2862ebf StaticDependenciesID=fd7525b4094c6521db9e57d0ed362c9f 
Number of updated asset objects reloaded before import = 0
Number of asset objects unloaded after import = 3
========================================================================
Received Import Request.
  Time of request: 2026-10-01T15:25:33.3895059Z
  Time since last request: 0.0002232 seconds.
  importAddress: GUID: 1c16a099b53fd4712b2d4cdb8fecd9f8 - Path: Packages/com.unity.collab-proxy/Editor/Assets/Images/ArrowCaretLeft.png - Importer: ScriptedImporter/UnityEditor.QuickSearchModule:UnityEditor.Search:ASIAI0B
Importing 'GUID: 1c16a099b53fd4712b2d4cdb8fecd9f8 - Path: Packages/com.unity.collab-proxy/Editor/Assets/Images/ArrowCaretLeft.png - Importer: ScriptedImporter/UnityEditor.QuickSearchModule:UnityEditor.Search:ASIAI0B' with importer (ScriptedImporter : UnityEditor.QuickSearchModule:UnityEditor.Search:ASIAI0B)
Imported 'GUID: 1c16a099b53fd4712b2d4cdb8fecd9f8' -> (Import Result ID: '5a23fc7a1925deaf366d2567b8247def') in 0.008 seconds [static and dynamic dependencies]. Details - ImportResultOutputID=bbd81b56154d7219cc2aec53a0f9a4a0 DependenciesID=45bca0e5b040317761e49100fed435bd StaticDependenciesID=c41d4a044b43c3294a198fa68e1f7e25 
Number of updated asset objects reloaded before import = 0
Number of asset objects unloaded after import = 3
========================================================================
Received Import Request.
  Time of request: 2026-10-01T15:25:33.3983764Z
  Time since last request: 0.0002096 seconds.
  importAddress: GUID: 3a4d62c64067bca4cbbd6f7fcad2e190 - Path: Packages/com.unity.collab-proxy/Editor/Views/DateFilter.cs - Importer: ScriptedImporter/UnityEditor.QuickSearchModule:UnityEditor.Search:ASIAI0B
Importing 'GUID: 3a4d62c64067bca4cbbd6f7fcad2e190 - Path: Packages/com.unity.collab-proxy/Editor/Views/DateFilter.cs - Importer: ScriptedImporter/UnityEditor.QuickSearchModule:UnityEditor.Search:ASIAI0B' with importer (ScriptedImporter : UnityEditor.QuickSearchModule:UnityEditor.Search:ASIAI0B)
Imported 'GUID: 3a4d62c64067bca4cbbd6f7fcad2e190' -> (Import Result ID: 'b780b0df938cfca86fcb8026eaa523b1') in 0.002 seconds [static and dynamic dependencies]. Details - ImportResultOutputID=be4205860cd5d7f0f698801d2c344350 DependenciesID=15eec401beb12a2ad34a7546380acb44 StaticDependenciesID=73ac868e61f13bf9ef438bea47ab0ba4 
Number of updated asset objects reloaded before import = 0
Number of asset objects unloaded after import = 0
========================================================================
Received Import Request.
  Time of request: 2026-10-01T15:25:33.4004751Z
  Time since last request: 0.0002564 seconds.
  importAddress: GUID: ee61022c90cce0b49bb0e459b11ec2ee - Path: Packages/com.unity.collab-proxy/Editor/UI/UnityPlasticGuiMessage.cs - Importer: ScriptedImporter/UnityEditor.QuickSearchModule:UnityEditor.Search:ASIAI0B
Importing 'GUID: ee61022c90cce0b49bb0e459b11ec2ee - Path: Packages/com.unity.collab-proxy/Editor/UI/UnityPlasticGuiMessage.cs - Importer: ScriptedImporter/UnityEditor.QuickSearchModule:UnityEditor.Search:ASIAI0B' with importer (ScriptedImporter : UnityEditor.QuickSearchModule:UnityEditor.Search:ASIAI0B)
Imported 'GUID: ee61022c90cce0b49bb0e459b11ec2ee' -> (Import Result ID: 'adff5e07ecfe79e91d629dc4f3eed5c2') in 0.002 seconds [static and dynamic dependencies]. Details - ImportResultOutputID=9ece2634da4a3cb4250c832dd6adf32d DependenciesID=c0adc483972313d54132ec235693cae3 StaticDependenciesID=df7f033e19fbd9554be462647626ac22 
Number of updated asset objects reloaded before import = 0
Number of asset objects unloaded after import = 0
========================================================================
Received Import Request.
  Time of request: 2026-10-01T15:25:33.4024897Z
  Time since last request: 0.0002431 seconds.
  importAddress: GUID: 63860c9f5f91cbb4ea813deafa1327a0 - Path: Packages/com.unity.collab-proxy/Editor/WebApi/SubscriptionDetailsResponse.cs - Importer: ScriptedImporter/UnityEditor.QuickSearchModule:UnityEditor.Search:ASIAI0B
Importing 'GUID: 63860c9f5f91cbb4ea813deafa1327a0 - Path: Packages/com.unity.collab-proxy/Editor/WebApi/SubscriptionDetailsResponse.cs - Importer: ScriptedImporter/UnityEditor.QuickSearchModule:UnityEditor.Search:ASIAI0B' with importer (ScriptedImporter : UnityEditor.QuickSearchModule:UnityEditor.Search:ASIAI0B)
Imported 'GUID: 63860c9f5f91cbb4ea813deafa1327a0' -> (Import Result ID: 'a770c201e3e0f2c2c90c8456f840f086') in 0.002 seconds [static and dynamic dependencies]. Details - ImportResultOutputID=c7f3ca40da304055617313cde0356f0a DependenciesID=58cab537724853640f29364d434968e9 StaticDependenciesID=83afdad13aeb4b55dc1b99a9beb0026c 
Number of updated asset objects reloaded before import = 0
Number of asset objects unloaded after import = 0
========================================================================
Received Import Request.
  Time of request: 2026-10-01T15:25:33.4049565Z
  Time since last request: 0.0002775 seconds.
  importAddress: GUID: 3f227b28cf424364489edd67fce697bc - Path: Packages/com.unity.collab-proxy/Editor/AssetOverlays/Cache/AssetStatusCache.cs - Importer: ScriptedImporter/UnityEditor.QuickSearchModule:UnityEditor.Search:ASIAI0B
Importing 'GUID: 3f227b28cf424364489edd67fce697bc - Path: Packages/com.unity.collab-proxy/Editor/AssetOverlays/Cache/AssetStatusCache.cs - Importer: ScriptedImporter/UnityEditor.QuickSearchModule:UnityEditor.Search:ASIAI0B' with importer (ScriptedImporter : UnityEditor.QuickSearchModule:UnityEditor.Search:ASIAI0B)
Imported 'GUID: 3f227b28cf424364489edd67fce697bc' -> (Import Result ID: '40812c65632e4ef170698a00912ae881') in 0.002 seconds [static and dynamic dependencies]. Details - ImportResultOutputID=a993033fcc1055cf0a0b0bb5fbe1a2c4 DependenciesID=2f99f8672d98d6cb2ed3c46118e77327 StaticDependenciesID=695660a4174bd3c729f40b6ff5431c46 
Number of updated asset objects reloaded before import = 0
Number of asset objects unloaded after import = 0
========================================================================
Received Import Request.
  Time of request: 2026-10-01T15:25:33.407225Z
  Time since last request: 0.0003511 seconds.
  importAddress: GUID: 421fea03dd9d4ac089ca279ee87c573b - Path: Packages/com.unity.collab-proxy/Editor/Views/EnableSwitchAndShelveFeatureDialog.cs - Importer: ScriptedImporter/UnityEditor.QuickSearchModule:UnityEditor.Search:ASIAI0B
Importing 'GUID: 421fea03dd9d4ac089ca279ee87c573b - Path: Packages/com.unity.collab-proxy/Editor/Views/EnableSwitchAndShelveFeatureDialog.cs - Importer: ScriptedImporter/UnityEditor.QuickSearchModule:UnityEditor.Search:ASIAI0B' with importer (ScriptedImporter : UnityEditor.QuickSearchModule:UnityEditor.Search:ASIAI0B)
Imported 'GUID: 421fea03dd9d4ac089ca279ee87c573b' -> (Import Result ID: 'b3f7903f5c265641f00ba6106142bf20') in 0.002 seconds [static and dynamic dependencies]. Details - ImportResultOutputID=f6e4c653f95ec3fb1d8799d688f9cfa0 DependenciesID=d1a94a035b8c2524a38768eff98c14bf StaticDependenciesID=5cd69e9a068f4d357e75e9c260a1ff95 
Number of updated asset objects reloaded before import = 0
Number of asset objects unloaded after import = 0
========================================================================
Received Import Request.
  Time of request: 2026-10-01T15:25:33.4093135Z
  Time since last request: 0.0002746 seconds.
  importAddress: GUID: 678db227e4ffec949980d309c0532b08 - Path: Packages/com.unity.collab-proxy/Editor/AssetMenu/Dialogs/CheckinDialog.cs - Importer: ScriptedImporter/UnityEditor.QuickSearchModule:UnityEditor.Search:ASIAI0B
Importing 'GUID: 678db227e4ffec949980d309c0532b08 - Path: Packages/com.unity.collab-proxy/Editor/AssetMenu/Dialogs/CheckinDialog.cs - Importer: ScriptedImporter/UnityEditor.QuickSearchModule:UnityEditor.Search:ASIAI0B' with importer (ScriptedImporter : UnityEditor.QuickSearchModule:UnityEditor.Search:ASIAI0B)
Imported 'GUID: 678db227e4ffec949980d309c0532b08' -> (Import Result ID: 'e40a585c7c5c09e6b7984ee4132c054e') in 0.002 seconds [static and dynamic dependencies]. Details - ImportResultOutputID=fe8e87ade133e8f4bcb37141881ac7c3 DependenciesID=27c7f1c6c1b1a9be9dff92ba88196770 StaticDependenciesID=b43eb5418f305cdd7683abb046a7138e 
Number of updated asset objects reloaded before import = 0
Number of asset objects unloaded after import = 0
========================================================================
Received Import Request.
  Time of request: 2026-10-01T15:25:33.4115688Z
  Time since last request: 0.0002489 seconds.
  importAddress: GUID: f4d4cddc7d40e49e18d2253e661465b2 - Path: Packages/com.unity.collab-proxy/Editor/Assets/Images/d_ArrowCaretRight.png - Importer: ScriptedImporter/UnityEditor.QuickSearchModule:UnityEditor.Search:ASIAI0B
Importing 'GUID: f4d4cddc7d40e49e18d2253e661465b2 - Path: Packages/com.unity.collab-proxy/Editor/Assets/Images/d_ArrowCaretRight.png - Importer: ScriptedImporter/UnityEditor.QuickSearchModule:UnityEditor.Search:ASIAI0B' with importer (ScriptedImporter : UnityEditor.QuickSearchModule:UnityEditor.Search:ASIAI0B)
Imported 'GUID: f4d4cddc7d40e49e18d2253e661465b2' -> (Import Result ID: 'a28f180d833ffaae5c30584b835d66d9') in 0.005 seconds [static and dynamic dependencies]. Details - ImportResultOutputID=b39f361c76fe7c6c702c56f2e9f02046 DependenciesID=bfd96318c7bb132ddad8433f34aebfde StaticDependenciesID=a827abe8f22e5484fb5ff6b8b4215c4d 
Number of updated asset objects reloaded before import = 0
Number of asset objects unloaded after import = 3
========================================================================
Received Import Request.
  Time of request: 2026-10-01T15:25:33.4173701Z
  Time since last request: 0.0002343 seconds.
  importAddress: GUID: d24e7e0b75e1a244bb9687d6fd4315ef - Path: Packages/com.unity.collab-proxy/Editor/Assets/Images/buttonssosigninemail.png - Importer: ScriptedImporter/UnityEditor.QuickSearchModule:UnityEditor.Search:ASIAI0B
Importing 'GUID: d24e7e0b75e1a244bb9687d6fd4315ef - Path: Packages/com.unity.collab-proxy/Editor/Assets/Images/buttonssosigninemail.png - Importer: ScriptedImporter/UnityEditor.QuickSearchModule:UnityEditor.Search:ASIAI0B' with importer (ScriptedImporter : UnityEditor.QuickSearchModule:UnityEditor.Search:ASIAI0B)
Imported 'GUID: d24e7e0b75e1a244bb9687d6fd4315ef' -> (Import Result ID: 'da9c0d41e7e291c524520993f00ec535') in 0.008 seconds [static and dynamic dependencies]. Details - ImportResultOutputID=6fd31735aec363377d90bca710740b89 DependenciesID=9e99047ab27d64cfad916f176696bc83 StaticDependenciesID=464e5e205ff042a39f5ecde59961166a 
Number of updated asset objects reloaded before import = 0
Number of asset objects unloaded after import = 1
========================================================================
Received Import Request.
  Time of request: 2026-10-01T15:25:33.425775Z
  Time since last request: 0.0001516 seconds.
  importAddress: GUID: 9e56b150f059e654b911faff982eacf8 - Path: Packages/com.unity.collab-proxy/Editor/_Deprecated/README.md - Importer: ScriptedImporter/UnityEditor.QuickSearchModule:UnityEditor.Search:ASIAI0B
Importing 'GUID: 9e56b150f059e654b911faff982eacf8 - Path: Packages/com.unity.collab-proxy/Editor/_Deprecated/README.md - Importer: ScriptedImporter/UnityEditor.QuickSearchModule:UnityEditor.Search:ASIAI0B' with importer (ScriptedImporter : UnityEditor.QuickSearchModule:UnityEditor.Search:ASIAI0B)
Imported 'GUID: 9e56b150f059e654b911faff982eacf8' -> (Import Result ID: 'feda17245936a5b3607c96941dd6ced0') in 0.002 seconds [static and dynamic dependencies]. Details - ImportResultOutputID=4b357161aadbe4d7c9385e1eed0c03b1 DependenciesID=be5d43327adff2a593f9db03c4e7d750 StaticDependenciesID=75398a45c7404b8d31dafeba4e6c349a 
Number of updated asset objects reloaded before import = 0
Number of asset objects unloaded after import = 1
========================================================================
Received Import Request.
  Time of request: 2026-10-01T15:25:33.4282792Z
  Time since last request: 0.0002313 seconds.
  importAddress: GUID: 8a6ec1abdba94827a2f174dae33832d2 - Path: Packages/com.unity.collab-proxy/Editor/Views/ShelvePendingChangesDialog.cs - Importer: ScriptedImporter/UnityEditor.QuickSearchModule:UnityEditor.Search:ASIAI0B
Importing 'GUID: 8a6ec1abdba94827a2f174dae33832d2 - Path: Packages/com.unity.collab-proxy/Editor/Views/ShelvePendingChangesDialog.cs - Importer: ScriptedImporter/UnityEditor.QuickSearchModule:UnityEditor.Search:ASIAI0B' with importer (ScriptedImporter : UnityEditor.QuickSearchModule:UnityEditor.Search:ASIAI0B)
Imported 'GUID: 8a6ec1abdba94827a2f174dae33832d2' -> (Import Result ID: 'c0dffc892bf2a13e4e7e2647bc12f1a4') in 0.002 seconds [static and dynamic dependencies]. Details - ImportResultOutputID=71045baabfebb343d31b0d4003439882 DependenciesID=03959ccd5d61e745193865776f2db648 StaticDependenciesID=c91d83e3ed0012338d7fbdc8d03c8ec5 
Number of updated asset objects reloaded before import = 0
Number of asset objects unloaded after import = 0
========================================================================
Received Import Request.
  Time of request: 2026-10-01T15:25:33.4305615Z
  Time since last request: 0.0002572 seconds.
  importAddress: GUID: 217d1c918b0005940b43c6099bbad952 - Path: Packages/com.unity.collab-proxy/Editor/UnityInternals/UVCSToolbarBoostrap_Legacy.cs - Importer: ScriptedImporter/UnityEditor.QuickSearchModule:UnityEditor.Search:ASIAI0B
Importing 'GUID: 217d1c918b0005940b43c6099bbad952 - Path: Packages/com.unity.collab-proxy/Editor/UnityInternals/UVCSToolbarBoostrap_Legacy.cs - Importer: ScriptedImporter/UnityEditor.QuickSearchModule:UnityEditor.Search:ASIAI0B' with importer (ScriptedImporter : UnityEditor.QuickSearchModule:UnityEditor.Search:ASIAI0B)
Imported 'GUID: 217d1c918b0005940b43c6099bbad952' -> (Import Result ID: '4a126d57f6d372a15805cd0b58843c52') in 0.004 seconds [static and dynamic dependencies]. Details - ImportResultOutputID=05cd9abb84ae354ba1ebc288a7cb0fef DependenciesID=4d574fa272c3e27b9b633d69a85fa7ef StaticDependenciesID=e119c2fbaf303b549139992576dfb58d 
Number of updated asset objects reloaded before import = 0
Number of asset objects unloaded after import = 0
========================================================================
Received Import Request.
  Time of request: 2026-10-01T15:25:33.4351379Z
  Time since last request: 0.000575 seconds.
  importAddress: GUID: f3cad5fee9fee5945b13e7e3518afb1b - Path: Packages/com.unity.collab-proxy/Lib/Editor/Unity.Plastic.Antlr3.Runtime.dll - Importer: ScriptedImporter/UnityEditor.QuickSearchModule:UnityEditor.Search:ASIAI0B
Importing 'GUID: f3cad5fee9fee5945b13e7e3518afb1b - Path: Packages/com.unity.collab-proxy/Lib/Editor/Unity.Plastic.Antlr3.Runtime.dll - Importer: ScriptedImporter/UnityEditor.QuickSearchModule:UnityEditor.Search:ASIAI0B' with importer (ScriptedImporter : UnityEditor.QuickSearchModule:UnityEditor.Search:ASIAI0B)
Imported 'GUID: f3cad5fee9fee5945b13e7e3518afb1b' -> (Import Result ID: '54a17194bf9736de882da3f67be4468c') in 0.005 seconds [static and dynamic dependencies]. Details - ImportResultOutputID=e76458c0e992d5fa38c033af1d4b694f DependenciesID=c7b4673e49ae37b9f74911ddbbb4502c StaticDependenciesID=1d99495b2430c499120fe9d45ab24e85 
Number of updated asset objects reloaded before import = 0
Number of asset objects unloaded after import = 0
========================================================================
Received Import Request.
  Time of request: 2026-10-01T15:25:33.4408606Z
  Time since last request: 0.0002736 seconds.
  importAddress: GUID: 1b769279d1324508b645aea1a29bae8c - Path: Packages/com.unity.collab-proxy/Editor/UnityInternals/UVCSToolbarButton_Legacy.cs - Importer: ScriptedImporter/UnityEditor.QuickSearchModule:UnityEditor.Search:ASIAI0B
Importing 'GUID: 1b769279d1324508b645aea1a29bae8c - Path: Packages/com.unity.collab-proxy/Editor/UnityInternals/UVCSToolbarButton_Legacy.cs - Importer: ScriptedImporter/UnityEditor.QuickSearchModule:UnityEditor.Search:ASIAI0B' with importer (ScriptedImporter : UnityEditor.QuickSearchModule:UnityEditor.Search:ASIAI0B)
Imported 'GUID: 1b769279d1324508b645aea1a29bae8c' -> (Import Result ID: '460b204323e1c0a24cb128b3e2b5968c') in 0.002 seconds [static and dynamic dependencies]. Details - ImportResultOutputID=822b09d643b73318228d5b25d6aa8394 DependenciesID=dea4e28215090fb4aea45c8a79dce4d6 StaticDependenciesID=242715445c468cbc953855f165b4bbad 
Number of updated asset objects reloaded before import = 0
Number of asset objects unloaded after import = 0
========================================================================
Received Import Request.
  Time of request: 2026-10-01T15:25:33.4433911Z
  Time since last request: 0.0003091 seconds.
  importAddress: GUID: a4362cb806af7495c834c5267b90e574 - Path: Packages/com.unity.collab-proxy/Lib/Editor/unityplastic.dll - Importer: ScriptedImporter/UnityEditor.QuickSearchModule:UnityEditor.Search:ASIAI0B
Importing 'GUID: a4362cb806af7495c834c5267b90e574 - Path: Packages/com.unity.collab-proxy/Lib/Editor/unityplastic.dll - Importer: ScriptedImporter/UnityEditor.QuickSearchModule:UnityEditor.Search:ASIAI0B' with importer (ScriptedImporter : UnityEditor.QuickSearchModule:UnityEditor.Search:ASIAI0B)
Imported 'GUID: a4362cb806af7495c834c5267b90e574' -> (Import Result ID: '9a78de2e84839fc3ab6e95c305d0b15c') in 0.002 seconds [static and dynamic dependencies]. Details - ImportResultOutputID=d585fb847b428768db14d9d25a4ca966 DependenciesID=78caad5a48ec3f62d9d47c154a3d66ae StaticDependenciesID=7fd9535de70bf9c1a476bb24eaa37cdf 
Number of updated asset objects reloaded before import = 0
Number of asset objects unloaded after import = 0
========================================================================
Received Import Request.
  Time of request: 2026-10-01T15:25:33.4465723Z
  Time since last request: 0.0001959 seconds.
  importAddress: GUID: 226459a134855504d841db6b61519d2b - Path: Packages/com.unity.collab-proxy/Editor/AssetOverlays/Cache/LocalStatusCache.cs - Importer: ScriptedImporter/UnityEditor.QuickSearchModule:UnityEditor.Search:ASIAI0B
Importing 'GUID: 226459a134855504d841db6b61519d2b - Path: Packages/com.unity.collab-proxy/Editor/AssetOverlays/Cache/LocalStatusCache.cs - Importer: ScriptedImporter/UnityEditor.QuickSearchModule:UnityEditor.Search:ASIAI0B' with importer (ScriptedImporter : UnityEditor.QuickSearchModule:UnityEditor.Search:ASIAI0B)
Imported 'GUID: 226459a134855504d841db6b61519d2b' -> (Import Result ID: '7ba237f22e418a58a62b2d86778f1119') in 0.002 seconds [static and dynamic dependencies]. Details - ImportResultOutputID=bc654e504bde0a6bea73f2efb6eeb667 DependenciesID=a6bf8d05f097629b9aba3113992a1320 StaticDependenciesID=abb07cb4da9db06d319934e340fe1d7e 
Number of updated asset objects reloaded before import = 0
Number of asset objects unloaded after import = 0
========================================================================
Received Import Request.
  Time of request: 2026-10-01T15:25:33.4494553Z
  Time since last request: 0.0003443 seconds.
  importAddress: GUID: e5fb93667cf08524f94b12181dbe3546 - Path: Packages/com.unity.collab-proxy/Lib/Editor/Unity.Plastic.Newtonsoft.Json.dll - Importer: ScriptedImporter/UnityEditor.QuickSearchModule:UnityEditor.Search:ASIAI0B
Importing 'GUID: e5fb93667cf08524f94b12181dbe3546 - Path: Packages/com.unity.collab-proxy/Lib/Editor/Unity.Plastic.Newtonsoft.Json.dll - Importer: ScriptedImporter/UnityEditor.QuickSearchModule:UnityEditor.Search:ASIAI0B' with importer (ScriptedImporter : UnityEditor.QuickSearchModule:UnityEditor.Search:ASIAI0B)
Imported 'GUID: e5fb93667cf08524f94b12181dbe3546' -> (Import Result ID: '4abf51c097ff6fe046518a7cee3453d8') in 0.003 seconds [static and dynamic dependencies]. Details - ImportResultOutputID=f2e959cdaed0c8c5b05bfae70fc0a0b9 DependenciesID=c7dd005e812163464708ddae55d3bc21 StaticDependenciesID=f8f4c2dd4a938d9027fb9138a334fd25 
Number of updated asset objects reloaded before import = 0
Number of asset objects unloaded after import = 0
========================================================================
Received Import Request.
  Time of request: 2026-10-01T15:25:33.4525793Z
  Time since last request: 0.0002786 seconds.
  importAddress: GUID: 5bbb26813ae33c64d8937661111fb3c6 - Path: Packages/com.unity.collab-proxy/Editor/UVCSToolbar/UVCSToolbarButtonData.cs - Importer: ScriptedImporter/UnityEditor.QuickSearchModule:UnityEditor.Search:ASIAI0B
Importing 'GUID: 5bbb26813ae33c64d8937661111fb3c6 - Path: Packages/com.unity.collab-proxy/Editor/UVCSToolbar/UVCSToolbarButtonData.cs - Importer: ScriptedImporter/UnityEditor.QuickSearchModule:UnityEditor.Search:ASIAI0B' with importer (ScriptedImporter : UnityEditor.QuickSearchModule:UnityEditor.Search:ASIAI0B)
Imported 'GUID: 5bbb26813ae33c64d8937661111fb3c6' -> (Import Result ID: 'e3a8a9fd963acccc7dab4e8c66dddabb') in 0.002 seconds [static and dynamic dependencies]. Details - ImportResultOutputID=3a9cbea82068757aa958ddf928a29149 DependenciesID=7507f4f68ef513648759f4e5dce65ca7 StaticDependenciesID=8aa6038e6991ca91b88d18de893e1064 
Number of updated asset objects reloaded before import = 0
Number of asset objects unloaded after import = 0
========================================================================
Received Import Request.
  Time of request: 2026-10-01T15:25:33.4553894Z
  Time since last request: 0.0001889 seconds.
  importAddress: GUID: 2ab28149ef514131a59b505412f5bb87 - Path: Packages/com.unity.collab-proxy/Editor/Views/SummaryTextArea.cs - Importer: ScriptedImporter/UnityEditor.QuickSearchModule:UnityEditor.Search:ASIAI0B
Importing 'GUID: 2ab28149ef514131a59b505412f5bb87 - Path: Packages/com.unity.collab-proxy/Editor/Views/SummaryTextArea.cs - Importer: ScriptedImporter/UnityEditor.QuickSearchModule:UnityEditor.Search:ASIAI0B' with importer (ScriptedImporter : UnityEditor.QuickSearchModule:UnityEditor.Search:ASIAI0B)
Imported 'GUID: 2ab28149ef514131a59b505412f5bb87' -> (Import Result ID: '338b67b201272c10695a3a24f42c5968') in 0.002 seconds [static and dynamic dependencies]. Details - ImportResultOutputID=a5ad29768bd621de71e60e113f38e1b1 DependenciesID=bc124cdb78263472c5487f8a0979189b StaticDependenciesID=44d7893b5fd25ccd36ba45fc3c4f3087 
Number of updated asset objects reloaded before import = 0
Number of asset objects unloaded after import = 0
========================================================================
Received Import Request.
  Time of request: 2026-10-01T15:25:33.4690496Z
  Time since last request: 0.0116734 seconds.
  importAddress: GUID: 3086d66a563317b40a20a20da2c64ac0 - Path: Packages/com.unity.collab-proxy/Editor/Assets/Images/d_buttonssosigninemail.png - Importer: ScriptedImporter/UnityEditor.QuickSearchModule:UnityEditor.Search:ASIAI0B
Importing 'GUID: 3086d66a563317b40a20a20da2c64ac0 - Path: Packages/com.unity.collab-proxy/Editor/Assets/Images/d_buttonssosigninemail.png - Importer: ScriptedImporter/UnityEditor.QuickSearchModule:UnityEditor.Search:ASIAI0B' with importer (ScriptedImporter : UnityEditor.QuickSearchModule:UnityEditor.Search:ASIAI0B)
Imported 'GUID: 3086d66a563317b40a20a20da2c64ac0' -> (Import Result ID: 'f195ae4b0a77a48ab8a2ecc23be00f32') in 0.006 seconds [static and dynamic dependencies]. Details - ImportResultOutputID=902bfd3a6e0088905bade4a8aae4ab75 DependenciesID=370b57c90ba347f636d15067421cbf99 StaticDependenciesID=0040c0672ee2820327369e31798a8a3c 
Number of updated asset objects reloaded before import = 0
Number of asset objects unloaded after import = 1
========================================================================
Received Import Request.
  Time of request: 2026-10-01T15:25:33.4753952Z
  Time since last request: 0.000352 seconds.
  importAddress: GUID: 144aa74618b85974a9a50f612c2fa8fd - Path: Packages/com.unity.collab-proxy/Editor/Assets/Images/d_buttonssosigninemail@2x.png - Importer: ScriptedImporter/UnityEditor.QuickSearchModule:UnityEditor.Search:ASIAI0B
Importing 'GUID: 144aa74618b85974a9a50f612c2fa8fd - Path: Packages/com.unity.collab-proxy/Editor/Assets/Images/d_buttonssosigninemail@2x.png - Importer: ScriptedImporter/UnityEditor.QuickSearchModule:UnityEditor.Search:ASIAI0B' with importer (ScriptedImporter : UnityEditor.QuickSearchModule:UnityEditor.Search:ASIAI0B)
Imported 'GUID: 144aa74618b85974a9a50f612c2fa8fd' -> (Import Result ID: '4b993f87b83d069c019a84c38606def7') in 0.006 seconds [static and dynamic dependencies]. Details - ImportResultOutputID=5972b260171dee03ce273d47298c5136 DependenciesID=7b07e3d88544a9702781541a1138d56c StaticDependenciesID=c3ee085c5dc972f78843682bc093586f 
Number of updated asset objects reloaded before import = 0
Number of asset objects unloaded after import = 1
========================================================================
Received Import Request.
  Time of request: 2026-10-01T15:25:33.4823353Z
  Time since last request: 0.0002019 seconds.
  importAddress: GUID: 3f65802f2a170a145bd30ab3801b8d80 - Path: Packages/com.unity.collab-proxy/Editor/Assets/Images/d_iconclipboard.png - Importer: ScriptedImporter/UnityEditor.QuickSearchModule:UnityEditor.Search:ASIAI0B
Importing 'GUID: 3f65802f2a170a145bd30ab3801b8d80 - Path: Packages/com.unity.collab-proxy/Editor/Assets/Images/d_iconclipboard.png - Importer: ScriptedImporter/UnityEditor.QuickSearchModule:UnityEditor.Search:ASIAI0B' with importer (ScriptedImporter : UnityEditor.QuickSearchModule:UnityEditor.Search:ASIAI0B)
Imported 'GUID: 3f65802f2a170a145bd30ab3801b8d80' -> (Import Result ID: 'af5981e8ae4e3bb1a621cb59b0f5aeaf') in 0.008 seconds [static and dynamic dependencies]. Details - ImportResultOutputID=304a1c471816712b561fb9da0dde3317 DependenciesID=8c0af796e1bd0e8e49275f8455ede209 StaticDependenciesID=1ecda835599c95cc970e7acc9fe76c71 
Number of updated asset objects reloaded before import = 0
Number of asset objects unloaded after import = 3
========================================================================
Received Import Request.
  Time of request: 2026-10-01T15:25:33.4910496Z
  Time since last request: 0.0002349 seconds.
  importAddress: GUID: b76c20add7d3d4f79afcbafeaa12e974 - Path: Packages/com.unity.collab-proxy/Editor/Assets/Images/d_iconchangesets@2x.png - Importer: ScriptedImporter/UnityEditor.QuickSearchModule:UnityEditor.Search:ASIAI0B
Importing 'GUID: b76c20add7d3d4f79afcbafeaa12e974 - Path: Packages/com.unity.collab-proxy/Editor/Assets/Images/d_iconchangesets@2x.png - Importer: ScriptedImporter/UnityEditor.QuickSearchModule:UnityEditor.Search:ASIAI0B' with importer (ScriptedImporter : UnityEditor.QuickSearchModule:UnityEditor.Search:ASIAI0B)
Imported 'GUID: b76c20add7d3d4f79afcbafeaa12e974' -> (Import Result ID: 'c8bcb54e0d120b4c2961569821408041') in 0.008 seconds [static and dynamic dependencies]. Details - ImportResultOutputID=aa9774973746ec928d2471597d1f2080 DependenciesID=7c0b8699abe3a643c207e4b2850e1684 StaticDependenciesID=0fc01b0ac1ac1cf161a53d1120772435 
Number of updated asset objects reloaded before import = 0
Number of asset objects unloaded after import = 3
========================================================================
Received Import Request.
  Time of request: 2026-10-01T15:25:33.5000425Z
  Time since last request: 0.000327 seconds.
  importAddress: GUID: c115023c6a2060d4da6a7684bd40c5c0 - Path: Packages/com.unity.collab-proxy/Editor/Assets/Images/d_iconclipboard@2x.png - Importer: ScriptedImporter/UnityEditor.QuickSearchModule:UnityEditor.Search:ASIAI0B
Importing 'GUID: c115023c6a2060d4da6a7684bd40c5c0 - Path: Packages/com.unity.collab-proxy/Editor/Assets/Images/d_iconclipboard@2x.png - Importer: ScriptedImporter/UnityEditor.QuickSearchModule:UnityEditor.Search:ASIAI0B' with importer (ScriptedImporter : UnityEditor.QuickSearchModule:UnityEditor.Search:ASIAI0B)
Imported 'GUID: c115023c6a2060d4da6a7684bd40c5c0' -> (Import Result ID: 'd6be86e4d4b717ab49a2c4aa8c118b15') in 0.006 seconds [static and dynamic dependencies]. Details - ImportResultOutputID=772dbf099ee3167a133083588a76dd21 DependenciesID=46fc9ba08f44232d225c7b55728d9955 StaticDependenciesID=7fcf4d81393ce9362f69568dbfbf2c50 
Number of updated asset objects reloaded before import = 0
Number of asset objects unloaded after import = 3
========================================================================
Received Import Request.
  Time of request: 2026-10-01T15:25:33.5068219Z
  Time since last request: 0.0004459 seconds.
  importAddress: GUID: 874d8401331ede14087e8d8d486ddda6 - Path: Packages/com.unity.collab-proxy/Editor/Assets/Images/d_iconbranches@2x.png - Importer: ScriptedImporter/UnityEditor.QuickSearchModule:UnityEditor.Search:ASIAI0B
Importing 'GUID: 874d8401331ede14087e8d8d486ddda6 - Path: Packages/com.unity.collab-proxy/Editor/Assets/Images/d_iconbranches@2x.png - Importer: ScriptedImporter/UnityEditor.QuickSearchModule:UnityEditor.Search:ASIAI0B' with importer (ScriptedImporter : UnityEditor.QuickSearchModule:UnityEditor.Search:ASIAI0B)
Imported 'GUID: 874d8401331ede14087e8d8d486ddda6' -> (Import Result ID: '32c0738118594389788b4a9205a3ef01') in 0.006 seconds [static and dynamic dependencies]. Details - ImportResultOutputID=31f15e04507b38f9f6d4b9778d7afe77 DependenciesID=fdc2fb546915ded9cfb03e23bc2c2344 StaticDependenciesID=ef8783e52451ee709c9dc208e2055f7c 
Number of updated asset objects reloaded before import = 0
Number of asset objects unloaded after import = 1
========================================================================
Received Import Request.
  Time of request: 2026-10-01T15:25:33.5131424Z
  Time since last request: 0.0002341 seconds.
  importAddress: GUID: 612c5e166a121e3449dad067fbdc37a4 - Path: Packages/com.unity.collab-proxy/Editor/Assets/Images/d_iconbranches.png - Importer: ScriptedImporter/UnityEditor.QuickSearchModule:UnityEditor.Search:ASIAI0B
Importing 'GUID: 612c5e166a121e3449dad067fbdc37a4 - Path: Packages/com.unity.collab-proxy/Editor/Assets/Images/d_iconbranches.png - Importer: ScriptedImporter/UnityEditor.QuickSearchModule:UnityEditor.Search:ASIAI0B' with importer (ScriptedImporter : UnityEditor.QuickSearchModule:UnityEditor.Search:ASIAI0B)
Imported 'GUID: 612c5e166a121e3449dad067fbdc37a4' -> (Import Result ID: 'e34a35f797ce8fa48186ad12dc79106c') in 0.008 seconds [static and dynamic dependencies]. Details - ImportResultOutputID=508eeeb835f8331ff52eae9b189d145c DependenciesID=26499c0b2d9e1ab3a6b78afc0d49da18 StaticDependenciesID=f7e20242dce0822c6ac30e4ca3fc0190 
Number of updated asset objects reloaded before import = 0
Number of asset objects unloaded after import = 1
========================================================================
Received Import Request.
  Time of request: 2026-10-01T15:25:33.5220037Z
  Time since last request: 0.0002823 seconds.
  importAddress: GUID: 3de8a0634e55df8499c88204001cb0dd - Path: Packages/com.unity.collab-proxy/Editor/Assets/Images/d_icondeletedremoteoverlay.png - Importer: ScriptedImporter/UnityEditor.QuickSearchModule:UnityEditor.Search:ASIAI0B
Importing 'GUID: 3de8a0634e55df8499c88204001cb0dd - Path: Packages/com.unity.collab-proxy/Editor/Assets/Images/d_icondeletedremoteoverlay.png - Importer: ScriptedImporter/UnityEditor.QuickSearchModule:UnityEditor.Search:ASIAI0B' with importer (ScriptedImporter : UnityEditor.QuickSearchModule:UnityEditor.Search:ASIAI0B)
Imported 'GUID: 3de8a0634e55df8499c88204001cb0dd' -> (Import Result ID: 'c394f0f7fc0532b2b487df08d93723df') in 0.006 seconds [static and dynamic dependencies]. Details - ImportResultOutputID=88bd61c51f8cd35bc600e7c6c2d9dbcb DependenciesID=597c15684f141f35b75bb9eafec93acf StaticDependenciesID=547326cd7571fc93e31587f65bd15a2e 
Number of updated asset objects reloaded before import = 0
Number of asset objects unloaded after import = 1
========================================================================
Received Import Request.
  Time of request: 2026-10-01T15:25:33.5285663Z
  Time since last request: 0.0002291 seconds.
  importAddress: GUID: 3cf8ae89579fd29479f4269d09600e16 - Path: Packages/com.unity.collab-proxy/Editor/Assets/Images/d_iconinfobellnotification@2x.png - Importer: ScriptedImporter/UnityEditor.QuickSearchModule:UnityEditor.Search:ASIAI0B
Importing 'GUID: 3cf8ae89579fd29479f4269d09600e16 - Path: Packages/com.unity.collab-proxy/Editor/Assets/Images/d_iconinfobellnotification@2x.png - Importer: ScriptedImporter/UnityEditor.QuickSearchModule:UnityEditor.Search:ASIAI0B' with importer (ScriptedImporter : UnityEditor.QuickSearchModule:UnityEditor.Search:ASIAI0B)
Imported 'GUID: 3cf8ae89579fd29479f4269d09600e16' -> (Import Result ID: '27447d8ee015b2577bc5c2164eb268d1') in 0.006 seconds [static and dynamic dependencies]. Details - ImportResultOutputID=3be1d3a20b44ad300c8dbcf7c0e092b6 DependenciesID=8b88ffee829dd4bb16167ccf6f8ffe07 StaticDependenciesID=ad093e8d924ec67d42d2166d0ad919e1 
Number of updated asset objects reloaded before import = 0
Number of asset objects unloaded after import = 3
========================================================================
Received Import Request.
  Time of request: 2026-10-01T15:25:33.5349229Z
  Time since last request: 0.0002398 seconds.
  importAddress: GUID: 056ee72c467a4e24d87541d42839ca72 - Path: Packages/com.unity.collab-proxy/Editor/Assets/Images/d_iconconflictresolvedoverlay.png - Importer: ScriptedImporter/UnityEditor.QuickSearchModule:UnityEditor.Search:ASIAI0B
Importing 'GUID: 056ee72c467a4e24d87541d42839ca72 - Path: Packages/com.unity.collab-proxy/Editor/Assets/Images/d_iconconflictresolvedoverlay.png - Importer: ScriptedImporter/UnityEditor.QuickSearchModule:UnityEditor.Search:ASIAI0B' with importer (ScriptedImporter : UnityEditor.QuickSearchModule:UnityEditor.Search:ASIAI0B)
Imported 'GUID: 056ee72c467a4e24d87541d42839ca72' -> (Import Result ID: 'ccafdc3f938b57f84bbb049253006825') in 0.008 seconds [static and dynamic dependencies]. Details - ImportResultOutputID=f36b191861d20f1077b20589b4439401 DependenciesID=8fa55f7270ad44674cbe21140d171ecc StaticDependenciesID=22fffb41ba36637b0fffd8b0b254679a 
Number of updated asset objects reloaded before import = 0
Number of asset objects unloaded after import = 1
========================================================================
Received Import Request.
  Time of request: 2026-10-01T15:25:33.5438992Z
  Time since last request: 0.0003438 seconds.
  importAddress: GUID: a3ced8f7044b9de4787602a9e9b20ea7 - Path: Packages/com.unity.collab-proxy/Editor/Assets/Images/d_iconconflictedoverlay@2x.png - Importer: ScriptedImporter/UnityEditor.QuickSearchModule:UnityEditor.Search:ASIAI0B
Importing 'GUID: a3ced8f7044b9de4787602a9e9b20ea7 - Path: Packages/com.unity.collab-proxy/Editor/Assets/Images/d_iconconflictedoverlay@2x.png - Importer: ScriptedImporter/UnityEditor.QuickSearchModule:UnityEditor.Search:ASIAI0B' with importer (ScriptedImporter : UnityEditor.QuickSearchModule:UnityEditor.Search:ASIAI0B)
Imported 'GUID: a3ced8f7044b9de4787602a9e9b20ea7' -> (Import Result ID: 'c8c5e08cba0c6aa1906ad02c3992bb3b') in 0.006 seconds [static and dynamic dependencies]. Details - ImportResultOutputID=eded74bfde8078aadfc5cd51144cc392 DependenciesID=28aa0d242a77c0b129627b71d2fdc716 StaticDependenciesID=0f7b96dda5b857eaae839a4a25d1f300 
Number of updated asset objects reloaded before import = 0
Number of asset objects unloaded after import = 1
========================================================================
Received Import Request.
  Time of request: 2026-10-01T15:25:33.5505574Z
  Time since last request: 0.000262 seconds.
  importAddress: GUID: 8b32b34c806b4de4cb7f04b3344b6966 - Path: Packages/com.unity.collab-proxy/Editor/Assets/Images/d_iconclouddriveview.png - Importer: ScriptedImporter/UnityEditor.QuickSearchModule:UnityEditor.Search:ASIAI0B
Importing 'GUID: 8b32b34c806b4de4cb7f04b3344b6966 - Path: Packages/com.unity.collab-proxy/Editor/Assets/Images/d_iconclouddriveview.png - Importer: ScriptedImporter/UnityEditor.QuickSearchModule:UnityEditor.Search:ASIAI0B' with importer (ScriptedImporter : UnityEditor.QuickSearchModule:UnityEditor.Search:ASIAI0B)
Imported 'GUID: 8b32b34c806b4de4cb7f04b3344b6966' -> (Import Result ID: '0950762c44292ad764d0eda90373f4e1') in 0.007 seconds [static and dynamic dependencies]. Details - ImportResultOutputID=5377d71b90f0fc6807376b7cc8d1a72c DependenciesID=c210b6bd5f5fdddac4060365de78ac50 StaticDependenciesID=73c75e0d87a1dd090b1613cc4dcfbf95 
Number of updated asset objects reloaded before import = 0
Number of asset objects unloaded after import = 3
========================================================================
Received Import Request.
  Time of request: 2026-10-01T15:25:33.5579795Z
  Time since last request: 0.0002909 seconds.
  importAddress: GUID: 2cfbf6619eb047545a425e8a31732c83 - Path: Packages/com.unity.collab-proxy/Editor/Assets/Images/d_icondeletedremoteoverlay@2x.png - Importer: ScriptedImporter/UnityEditor.QuickSearchModule:UnityEditor.Search:ASIAI0B
Importing 'GUID: 2cfbf6619eb047545a425e8a31732c83 - Path: Packages/com.unity.collab-proxy/Editor/Assets/Images/d_icondeletedremoteoverlay@2x.png - Importer: ScriptedImporter/UnityEditor.QuickSearchModule:UnityEditor.Search:ASIAI0B' with importer (ScriptedImporter : UnityEditor.QuickSearchModule:UnityEditor.Search:ASIAI0B)
Imported 'GUID: 2cfbf6619eb047545a425e8a31732c83' -> (Import Result ID: '4d792f452377ca585f09853d19c6f081') in 0.006 seconds [static and dynamic dependencies]. Details - ImportResultOutputID=8a54f5940f09e882a07210f22f875872 DependenciesID=4fae1b7116543d4594a95b52d9eb8b18 StaticDependenciesID=33fce1c76ad7f58a386362c7b08f394d 
Number of updated asset objects reloaded before import = 0
Number of asset objects unloaded after import = 1
========================================================================
Received Import Request.
  Time of request: 2026-10-01T15:25:33.5649687Z
  Time since last request: 0.0001706 seconds.
  importAddress: GUID: c41381829109cd84786a392ea6e3db60 - Path: Packages/com.unity.collab-proxy/Editor/Assets/Images/d_iconadd@2x.png - Importer: ScriptedImporter/UnityEditor.QuickSearchModule:UnityEditor.Search:ASIAI0B
Importing 'GUID: c41381829109cd84786a392ea6e3db60 - Path: Packages/com.unity.collab-proxy/Editor/Assets/Images/d_iconadd@2x.png - Importer: ScriptedImporter/UnityEditor.QuickSearchModule:UnityEditor.Search:ASIAI0B' with importer (ScriptedImporter : UnityEditor.QuickSearchModule:UnityEditor.Search:ASIAI0B)
Imported 'GUID: c41381829109cd84786a392ea6e3db60' -> (Import Result ID: 'caef99f1df496b887f89f655a3810875') in 0.006 seconds [static and dynamic dependencies]. Details - ImportResultOutputID=29fae853e64e19128874534a38b65429 DependenciesID=93fad4d1673116d857e3d9d5eb55eaaf StaticDependenciesID=a1644b630fe5a43ba204020905d04472 
Number of updated asset objects reloaded before import = 0
Number of asset objects unloaded after import = 3
========================================================================
Received Import Request.
  Time of request: 2026-10-01T15:25:33.5710963Z
  Time since last request: 0.0002279 seconds.
  importAddress: GUID: bb1928aff4fd4cf44af1f629dc14ef9b - Path: Packages/com.unity.collab-proxy/Editor/Assets/Images/d_iconcheckedoutlocaloverlay.png - Importer: ScriptedImporter/UnityEditor.QuickSearchModule:UnityEditor.Search:ASIAI0B
Importing 'GUID: bb1928aff4fd4cf44af1f629dc14ef9b - Path: Packages/com.unity.collab-proxy/Editor/Assets/Images/d_iconcheckedoutlocaloverlay.png - Importer: ScriptedImporter/UnityEditor.QuickSearchModule:UnityEditor.Search:ASIAI0B' with importer (ScriptedImporter : UnityEditor.QuickSearchModule:UnityEditor.Search:ASIAI0B)
Imported 'GUID: bb1928aff4fd4cf44af1f629dc14ef9b' -> (Import Result ID: 'fd98308897bb9fc85ad8bff2f3ee07bc') in 0.005 seconds [static and dynamic dependencies]. Details - ImportResultOutputID=0f30f8c0cb7bc53f379136881ae9e71b DependenciesID=fd832df4906996b8eec22437f44e215f StaticDependenciesID=1de6f183e6a9f8377f780e99f5538b27 
Number of updated asset objects reloaded before import = 0
Number of asset objects unloaded after import = 1
========================================================================
Received Import Request.
  Time of request: 2026-10-01T15:25:33.5770376Z
  Time since last request: 0.0003282 seconds.
  importAddress: GUID: 4a231ba0e81e63849a8f985c228e8acd - Path: Packages/com.unity.collab-proxy/Editor/Assets/Images/d_iconconflictresolvedoverlay@2x.png - Importer: ScriptedImporter/UnityEditor.QuickSearchModule:UnityEditor.Search:ASIAI0B
Importing 'GUID: 4a231ba0e81e63849a8f985c228e8acd - Path: Packages/com.unity.collab-proxy/Editor/Assets/Images/d_iconconflictresolvedoverlay@2x.png - Importer: ScriptedImporter/UnityEditor.QuickSearchModule:UnityEditor.Search:ASIAI0B' with importer (ScriptedImporter : UnityEditor.QuickSearchModule:UnityEditor.Search:ASIAI0B)
Imported 'GUID: 4a231ba0e81e63849a8f985c228e8acd' -> (Import Result ID: 'fd1a315a5f1bfc2203ef97e2d6c4de75') in 0.006 seconds [static and dynamic dependencies]. Details - ImportResultOutputID=77fe7c1e6c0ef748e6eb59b2240e25e8 DependenciesID=141023ea9e4e7b7133a193934a52c50e StaticDependenciesID=b2de69d917f66d55a5e89d4c72528f65 
Number of updated asset objects reloaded before import = 0
Number of asset objects unloaded after import = 1
========================================================================
Received Import Request.
  Time of request: 2026-10-01T15:25:33.5837921Z
  Time since last request: 0.000239 seconds.
  importAddress: GUID: 4d122458f85ea4e1d9e853cfb7539f46 - Path: Packages/com.unity.collab-proxy/Editor/Assets/Images/d_iconarrowdown.png - Importer: ScriptedImporter/UnityEditor.QuickSearchModule:UnityEditor.Search:ASIAI0B
Importing 'GUID: 4d122458f85ea4e1d9e853cfb7539f46 - Path: Packages/com.unity.collab-proxy/Editor/Assets/Images/d_iconarrowdown.png - Importer: ScriptedImporter/UnityEditor.QuickSearchModule:UnityEditor.Search:ASIAI0B' with importer (ScriptedImporter : UnityEditor.QuickSearchModule:UnityEditor.Search:ASIAI0B)
Imported 'GUID: 4d122458f85ea4e1d9e853cfb7539f46' -> (Import Result ID: 'd166601a91e2c077d2d044ac69f29496') in 0.006 seconds [static and dynamic dependencies]. Details - ImportResultOutputID=8dcbee91a5a5bd0b588f140ce5a8989d DependenciesID=761fcf7b102bc361aa9b1c42457c8827 StaticDependenciesID=1705df769179d0e93408ee982b0bf0c8 
Number of updated asset objects reloaded before import = 0
Number of asset objects unloaded after import = 3
========================================================================
Received Import Request.
  Time of request: 2026-10-01T15:25:33.589938Z
  Time since last request: 0.0002069 seconds.
  importAddress: GUID: f94d06b5a7fc94387a1a212b8dc9b2a5 - Path: Packages/com.unity.collab-proxy/Editor/Assets/Images/d_iconfirst@2x.png - Importer: ScriptedImporter/UnityEditor.QuickSearchModule:UnityEditor.Search:ASIAI0B
Importing 'GUID: f94d06b5a7fc94387a1a212b8dc9b2a5 - Path: Packages/com.unity.collab-proxy/Editor/Assets/Images/d_iconfirst@2x.png - Importer: ScriptedImporter/UnityEditor.QuickSearchModule:UnityEditor.Search:ASIAI0B' with importer (ScriptedImporter : UnityEditor.QuickSearchModule:UnityEditor.Search:ASIAI0B)
Imported 'GUID: f94d06b5a7fc94387a1a212b8dc9b2a5' -> (Import Result ID: '5b41b4ba9e5a423c0a1c709029d828d7') in 0.006 seconds [static and dynamic dependencies]. Details - ImportResultOutputID=c6b4dff28d650bc25906b0bb64a7e6de DependenciesID=53ee763b7b5a88946043ffcab0f20d59 StaticDependenciesID=a74a5f441621b86f5e8a4499572e2a32 
Number of updated asset objects reloaded before import = 0
Number of asset objects unloaded after import = 3
========================================================================
Received Import Request.
  Time of request: 2026-10-01T15:25:33.5963909Z
  Time since last request: 0.0002206 seconds.
  importAddress: GUID: 4aa6f152b3bc842a6b793662d8374cf1 - Path: Packages/com.unity.collab-proxy/Editor/Assets/Images/d_iconfirst.png - Importer: ScriptedImporter/UnityEditor.QuickSearchModule:UnityEditor.Search:ASIAI0B
Importing 'GUID: 4aa6f152b3bc842a6b793662d8374cf1 - Path: Packages/com.unity.collab-proxy/Editor/Assets/Images/d_iconfirst.png - Importer: ScriptedImporter/UnityEditor.QuickSearchModule:UnityEditor.Search:ASIAI0B' with importer (ScriptedImporter : UnityEditor.QuickSearchModule:UnityEditor.Search:ASIAI0B)
Imported 'GUID: 4aa6f152b3bc842a6b793662d8374cf1' -> (Import Result ID: '1bedbeec309f14d8f6189ef2c0aa1c05') in 0.006 seconds [static and dynamic dependencies]. Details - ImportResultOutputID=e2bf78c07306583c7c514df3e5ea5f59 DependenciesID=a99d102073a8c8eb6c5a8dca1cc080a7 StaticDependenciesID=e8b67d272e26b5722452f34d7c14660c 
Number of updated asset objects reloaded before import = 0
Number of asset objects unloaded after import = 3
========================================================================
Received Import Request.
  Time of request: 2026-10-01T15:25:33.6028978Z
  Time since last request: 0.0002191 seconds.
  importAddress: GUID: 3094096a150921c409ef35579f2ada0f - Path: Packages/com.unity.collab-proxy/Editor/Assets/Images/d_iconinviteusers.png - Importer: ScriptedImporter/UnityEditor.QuickSearchModule:UnityEditor.Search:ASIAI0B
Importing 'GUID: 3094096a150921c409ef35579f2ada0f - Path: Packages/com.unity.collab-proxy/Editor/Assets/Images/d_iconinviteusers.png - Importer: ScriptedImporter/UnityEditor.QuickSearchModule:UnityEditor.Search:ASIAI0B' with importer (ScriptedImporter : UnityEditor.QuickSearchModule:UnityEditor.Search:ASIAI0B)
Imported 'GUID: 3094096a150921c409ef35579f2ada0f' -> (Import Result ID: '62cd1b85b6db2834421dbb488a203bdc') in 0.008 seconds [static and dynamic dependencies]. Details - ImportResultOutputID=f4c277c3da539bcc97044dd4fedd31dc DependenciesID=83af65bba3da32d27f9c8a15fac25126 StaticDependenciesID=be7677f73bef8a87b064dad64902ca1c 
Number of updated asset objects reloaded before import = 0
Number of asset objects unloaded after import = 3
========================================================================
Received Import Request.
  Time of request: 2026-10-01T15:25:33.6110315Z
  Time since last request: 0.000204 seconds.
  importAddress: GUID: b6f88350c63b24a4abdb197bf2e86d7a - Path: Packages/com.unity.collab-proxy/Editor/Assets/Images/d_buttonhome@2x.png - Importer: ScriptedImporter/UnityEditor.QuickSearchModule:UnityEditor.Search:ASIAI0B
Importing 'GUID: b6f88350c63b24a4abdb197bf2e86d7a - Path: Packages/com.unity.collab-proxy/Editor/Assets/Images/d_buttonhome@2x.png - Importer: ScriptedImporter/UnityEditor.QuickSearchModule:UnityEditor.Search:ASIAI0B' with importer (ScriptedImporter : UnityEditor.QuickSearchModule:UnityEditor.Search:ASIAI0B)
Imported 'GUID: b6f88350c63b24a4abdb197bf2e86d7a' -> (Import Result ID: '106f291a8b1adcf44561efb7cd409547') in 0.006 seconds [static and dynamic dependencies]. Details - ImportResultOutputID=e0c84277d6b0d1937b55774a7652cfa7 DependenciesID=d5bb1d24722e10b5678684088a0565b9 StaticDependenciesID=cc94d888f3bc13f32a501a421ba1e716 
Number of updated asset objects reloaded before import = 0
Number of asset objects unloaded after import = 3
========================================================================
Received Import Request.
  Time of request: 2026-10-01T15:25:33.6174472Z
  Time since last request: 0.0002672 seconds.
  importAddress: GUID: b0e7ed213bccf484e89c4261a7e16f66 - Path: Packages/com.unity.collab-proxy/Editor/Assets/Images/d_iconedit.png - Importer: ScriptedImporter/UnityEditor.QuickSearchModule:UnityEditor.Search:ASIAI0B
Importing 'GUID: b0e7ed213bccf484e89c4261a7e16f66 - Path: Packages/com.unity.collab-proxy/Editor/Assets/Images/d_iconedit.png - Importer: ScriptedImporter/UnityEditor.QuickSearchModule:UnityEditor.Search:ASIAI0B' with importer (ScriptedImporter : UnityEditor.QuickSearchModule:UnityEditor.Search:ASIAI0B)
Imported 'GUID: b0e7ed213bccf484e89c4261a7e16f66' -> (Import Result ID: '534768b6c2397b3315a803eed1c6dc09') in 0.007 seconds [static and dynamic dependencies]. Details - ImportResultOutputID=5a2a70bc08d1dbcaddcf2b2d8f9a0a1d DependenciesID=9169cbcec2c5be472ca89ec8fc63c517 StaticDependenciesID=8f5d004c37bd733cf88357188eee2dde 
Number of updated asset objects reloaded before import = 0
Number of asset objects unloaded after import = 3
========================================================================
Received Import Request.
  Time of request: 2026-10-01T15:25:33.6248266Z
  Time since last request: 0.000206 seconds.
  importAddress: GUID: 59eedc7f076ac5749993ec0e94b87af3 - Path: Packages/com.unity.collab-proxy/Editor/Assets/Images/d_iconclouddriveview@2x.png - Importer: ScriptedImporter/UnityEditor.QuickSearchModule:UnityEditor.Search:ASIAI0B
Importing 'GUID: 59eedc7f076ac5749993ec0e94b87af3 - Path: Packages/com.unity.collab-proxy/Editor/Assets/Images/d_iconclouddriveview@2x.png - Importer: ScriptedImporter/UnityEditor.QuickSearchModule:UnityEditor.Search:ASIAI0B' with importer (ScriptedImporter : UnityEditor.QuickSearchModule:UnityEditor.Search:ASIAI0B)
Imported 'GUID: 59eedc7f076ac5749993ec0e94b87af3' -> (Import Result ID: 'bf69aa2757945d9bef0fe7ae44d57501') in 0.007 seconds [static and dynamic dependencies]. Details - ImportResultOutputID=074792f60a8026a0590981102b1d7652 DependenciesID=26fc8ef0d4d3517465d17dbafb7ebba9 StaticDependenciesID=c731821990c15f34b034848b00634d85 
Number of updated asset objects reloaded before import = 0
Number of asset objects unloaded after import = 3
========================================================================
Received Import Request.
  Time of request: 2026-10-01T15:25:33.6322212Z
  Time since last request: 0.0002149 seconds.
  importAddress: GUID: 267a89f787a621e4290fbff7a5442750 - Path: Packages/com.unity.collab-proxy/Editor/Assets/Images/d_iconbranch@2x.png - Importer: ScriptedImporter/UnityEditor.QuickSearchModule:UnityEditor.Search:ASIAI0B
Importing 'GUID: 267a89f787a621e4290fbff7a5442750 - Path: Packages/com.unity.collab-proxy/Editor/Assets/Images/d_iconbranch@2x.png - Importer: ScriptedImporter/UnityEditor.QuickSearchModule:UnityEditor.Search:ASIAI0B' with importer (ScriptedImporter : UnityEditor.QuickSearchModule:UnityEditor.Search:ASIAI0B)
Imported 'GUID: 267a89f787a621e4290fbff7a5442750' -> (Import Result ID: 'e9d9fb7f07413d86bb54776510f60f08') in 0.007 seconds [static and dynamic dependencies]. Details - ImportResultOutputID=f404781e02342d22b77ac59ad466a4ab DependenciesID=c9d30befb37418740dbe761e488ba95c StaticDependenciesID=204eb4e32d5dc24e5bafaa606dbb5c9b 
Number of updated asset objects reloaded before import = 0
Number of asset objects unloaded after import = 3
========================================================================
Received Import Request.
  Time of request: 2026-10-01T15:25:33.6394061Z
  Time since last request: 0.0002585 seconds.
  importAddress: GUID: eb5eaf673b49645f88e72f5122b40988 - Path: Packages/com.unity.collab-proxy/Editor/Assets/Images/d_iconarrowdown@2x.png - Importer: ScriptedImporter/UnityEditor.QuickSearchModule:UnityEditor.Search:ASIAI0B
Importing 'GUID: eb5eaf673b49645f88e72f5122b40988 - Path: Packages/com.unity.collab-proxy/Editor/Assets/Images/d_iconarrowdown@2x.png - Importer: ScriptedImporter/UnityEditor.QuickSearchModule:UnityEditor.Search:ASIAI0B' with importer (ScriptedImporter : UnityEditor.QuickSearchModule:UnityEditor.Search:ASIAI0B)
Imported 'GUID: eb5eaf673b49645f88e72f5122b40988' -> (Import Result ID: 'b43a2b2c9b510433ca4d51cfe5d7c297') in 0.007 seconds [static and dynamic dependencies]. Details - ImportResultOutputID=00081379f3f45093f741ce4cbde226e8 DependenciesID=8ae00aadbe32a00a3780926083957c74 StaticDependenciesID=c333c92ac2d62da15d26ae4813a2948c 
Number of updated asset objects reloaded before import = 0
Number of asset objects unloaded after import = 3
========================================================================
Received Import Request.
  Time of request: 2026-10-01T15:25:33.6465963Z
  Time since last request: 0.0002272 seconds.
  importAddress: GUID: 7843fb01e5ee34be0a20027af3edab78 - Path: Packages/com.unity.collab-proxy/Editor/Assets/Images/d_iconheckmark.png - Importer: ScriptedImporter/UnityEditor.QuickSearchModule:UnityEditor.Search:ASIAI0B
Importing 'GUID: 7843fb01e5ee34be0a20027af3edab78 - Path: Packages/com.unity.collab-proxy/Editor/Assets/Images/d_iconheckmark.png - Importer: ScriptedImporter/UnityEditor.QuickSearchModule:UnityEditor.Search:ASIAI0B' with importer (ScriptedImporter : UnityEditor.QuickSearchModule:UnityEditor.Search:ASIAI0B)
Imported 'GUID: 7843fb01e5ee34be0a20027af3edab78' -> (Import Result ID: 'a8b7ad56474d7a9b3966f6b8e2215554') in 0.006 seconds [static and dynamic dependencies]. Details - ImportResultOutputID=db69a178368757bf5dedcce9c4bb93f2 DependenciesID=cf8317403fd73377bd27283434de9a76 StaticDependenciesID=e0932f33f221be9d64a1f94df4a5d3ea 
Number of updated asset objects reloaded before import = 0
Number of asset objects unloaded after import = 3
========================================================================
Received Import Request.
  Time of request: 2026-10-01T15:25:33.6529001Z
  Time since last request: 0.0003827 seconds.
  importAddress: GUID: d44f9c7a4044e1845b5b3627ba32fb10 - Path: Packages/com.unity.collab-proxy/Editor/Assets/Images/d_iconbrex.png - Importer: ScriptedImporter/UnityEditor.QuickSearchModule:UnityEditor.Search:ASIAI0B
Importing 'GUID: d44f9c7a4044e1845b5b3627ba32fb10 - Path: Packages/com.unity.collab-proxy/Editor/Assets/Images/d_iconbrex.png - Importer: ScriptedImporter/UnityEditor.QuickSearchModule:UnityEditor.Search:ASIAI0B' with importer (ScriptedImporter : UnityEditor.QuickSearchModule:UnityEditor.Search:ASIAI0B)
Imported 'GUID: d44f9c7a4044e1845b5b3627ba32fb10' -> (Import Result ID: '5021639406a90613c3a1a879e4d70c61') in 0.007 seconds [static and dynamic dependencies]. Details - ImportResultOutputID=5a1a9b7185067b058a87774e37d166bb DependenciesID=9311da07accc550eed319a92043933bc StaticDependenciesID=40006c48a25618cbec770edd05676d8d 
Number of updated asset objects reloaded before import = 0
Number of asset objects unloaded after import = 3
========================================================================
Received Import Request.
  Time of request: 2026-10-01T15:25:33.660867Z
  Time since last request: 0.0002503 seconds.
  importAddress: GUID: d616c78aaf225437199c9ac8c4f2197b - Path: Packages/com.unity.collab-proxy/Editor/Assets/Images/d_exclusionrule.png - Importer: ScriptedImporter/UnityEditor.QuickSearchModule:UnityEditor.Search:ASIAI0B
Importing 'GUID: d616c78aaf225437199c9ac8c4f2197b - Path: Packages/com.unity.collab-proxy/Editor/Assets/Images/d_exclusionrule.png - Importer: ScriptedImporter/UnityEditor.QuickSearchModule:UnityEditor.Search:ASIAI0B' with importer (ScriptedImporter : UnityEditor.QuickSearchModule:UnityEditor.Search:ASIAI0B)
Imported 'GUID: d616c78aaf225437199c9ac8c4f2197b' -> (Import Result ID: '780c0b1c02490c4a96e0f3a89508d6ce') in 0.006 seconds [static and dynamic dependencies]. Details - ImportResultOutputID=d7c7619f3d0c2fe6f8c1fc80b7597e9a DependenciesID=bbbe556747df7dc0a4b62b59a603bdbe StaticDependenciesID=9ef9f0de99eee011de3fe63ce67d0cc1 
Number of updated asset objects reloaded before import = 0
Number of asset objects unloaded after import = 3
========================================================================
Received Import Request.
  Time of request: 2026-10-01T15:25:33.6671008Z
  Time since last request: 0.0002366 seconds.
  importAddress: GUID: 4da274d970a82a943ae3979e7833f3dd - Path: Packages/com.unity.collab-proxy/Editor/Assets/Images/d_icondeletedlocaloverlay.png - Importer: ScriptedImporter/UnityEditor.QuickSearchModule:UnityEditor.Search:ASIAI0B
Importing 'GUID: 4da274d970a82a943ae3979e7833f3dd - Path: Packages/com.unity.collab-proxy/Editor/Assets/Images/d_icondeletedlocaloverlay.png - Importer: ScriptedImporter/UnityEditor.QuickSearchModule:UnityEditor.Search:ASIAI0B' with importer (ScriptedImporter : UnityEditor.QuickSearchModule:UnityEditor.Search:ASIAI0B)
Imported 'GUID: 4da274d970a82a943ae3979e7833f3dd' -> (Import Result ID: '596b444ce778dc904b15a5125facce8b') in 0.006 seconds [static and dynamic dependencies]. Details - ImportResultOutputID=b1123ce29c02e64306392ca4dbfa042d DependenciesID=3c6cd76308f84b56feebdf28bb8918ca StaticDependenciesID=c1e3166876d4eee35ec4909f501efb6a 
Number of updated asset objects reloaded before import = 0
Number of asset objects unloaded after import = 1
========================================================================
Received Import Request.
  Time of request: 2026-10-01T15:25:33.6734801Z
  Time since last request: 0.0002885 seconds.
  importAddress: GUID: 864f64164beae6141b39879e1b6f4031 - Path: Packages/com.unity.collab-proxy/Editor/Assets/Images/d_iconadd.png - Importer: ScriptedImporter/UnityEditor.QuickSearchModule:UnityEditor.Search:ASIAI0B
Importing 'GUID: 864f64164beae6141b39879e1b6f4031 - Path: Packages/com.unity.collab-proxy/Editor/Assets/Images/d_iconadd.png - Importer: ScriptedImporter/UnityEditor.QuickSearchModule:UnityEditor.Search:ASIAI0B' with importer (ScriptedImporter : UnityEditor.QuickSearchModule:UnityEditor.Search:ASIAI0B)
Imported 'GUID: 864f64164beae6141b39879e1b6f4031' -> (Import Result ID: '69966ac8c7b9d408b483af0608911609') in 0.006 seconds [static and dynamic dependencies]. Details - ImportResultOutputID=e9b674588e3b53e4b900318159579443 DependenciesID=a0263ea5968ea64176cd2e7a7a7642e0 StaticDependenciesID=7d2cfe7f5e22105489d01f49c0bdd0c8 
Number of updated asset objects reloaded before import = 0
Number of asset objects unloaded after import = 3
========================================================================
Received Import Request.
  Time of request: 2026-10-01T15:25:33.6797118Z
  Time since last request: 0.0002019 seconds.
  importAddress: GUID: 0a02e43184c7e9c4c9c59b601100b705 - Path: Packages/com.unity.collab-proxy/Editor/Assets/Images/d_iconcurrentbranch.png - Importer: ScriptedImporter/UnityEditor.QuickSearchModule:UnityEditor.Search:ASIAI0B
Importing 'GUID: 0a02e43184c7e9c4c9c59b601100b705 - Path: Packages/com.unity.collab-proxy/Editor/Assets/Images/d_iconcurrentbranch.png - Importer: ScriptedImporter/UnityEditor.QuickSearchModule:UnityEditor.Search:ASIAI0B' with importer (ScriptedImporter : UnityEditor.QuickSearchModule:UnityEditor.Search:ASIAI0B)
Imported 'GUID: 0a02e43184c7e9c4c9c59b601100b705' -> (Import Result ID: '5839902a41cc02d750271c5b515b1be9') in 0.007 seconds [static and dynamic dependencies]. Details - ImportResultOutputID=ff91bf3e8874fcacaf3259b36b63e516 DependenciesID=ea5c56f7fe1aacb98336dce8cddbc0fc StaticDependenciesID=d8b0c044b7cc83b3021b0cc69804d109 
Number of updated asset objects reloaded before import = 0
Number of asset objects unloaded after import = 3
========================================================================
Received Import Request.
  Time of request: 2026-10-01T15:25:33.6873923Z
  Time since last request: 0.0002187 seconds.
  importAddress: GUID: 9aebd705574f9e642aef1e5f59b3e4d8 - Path: Packages/com.unity.collab-proxy/Editor/Assets/Images/d_iconemptygravatar.png - Importer: ScriptedImporter/UnityEditor.QuickSearchModule:UnityEditor.Search:ASIAI0B
Importing 'GUID: 9aebd705574f9e642aef1e5f59b3e4d8 - Path: Packages/com.unity.collab-proxy/Editor/Assets/Images/d_iconemptygravatar.png - Importer: ScriptedImporter/UnityEditor.QuickSearchModule:UnityEditor.Search:ASIAI0B' with importer (ScriptedImporter : UnityEditor.QuickSearchModule:UnityEditor.Search:ASIAI0B)
Imported 'GUID: 9aebd705574f9e642aef1e5f59b3e4d8' -> (Import Result ID: '1ae545bc99f8eeedc23743c6d0932b9e') in 0.006 seconds [static and dynamic dependencies]. Details - ImportResultOutputID=b6b75f2c5a2338067916e69a896debc7 DependenciesID=686b6509fa1fe300ed01869df56556d4 StaticDependenciesID=a6e459646e43a789b7cd86c6bbec79e6 
Number of updated asset objects reloaded before import = 0
Number of asset objects unloaded after import = 1
========================================================================
Received Import Request.
  Time of request: 2026-10-01T15:25:33.6942688Z
  Time since last request: 0.0003248 seconds.
  importAddress: GUID: 92b204cca46037444ab18ba6701f86f7 - Path: Packages/com.unity.collab-proxy/Editor/Assets/Images/d_icondeletedlocaloverlay@2x.png - Importer: ScriptedImporter/UnityEditor.QuickSearchModule:UnityEditor.Search:ASIAI0B
Importing 'GUID: 92b204cca46037444ab18ba6701f86f7 - Path: Packages/com.unity.collab-proxy/Editor/Assets/Images/d_icondeletedlocaloverlay@2x.png - Importer: ScriptedImporter/UnityEditor.QuickSearchModule:UnityEditor.Search:ASIAI0B' with importer (ScriptedImporter : UnityEditor.QuickSearchModule:UnityEditor.Search:ASIAI0B)
Imported 'GUID: 92b204cca46037444ab18ba6701f86f7' -> (Import Result ID: 'dbe6274bcb5e280d3ad4bf1cab4a6524') in 0.005 seconds [static and dynamic dependencies]. Details - ImportResultOutputID=55fb8818d7c65f91de3eddabb627afad DependenciesID=33450915cd550b728443f027c83efec5 StaticDependenciesID=d6e4b479c32f28024572d59dc16f5ed1 
Number of updated asset objects reloaded before import = 0
Number of asset objects unloaded after import = 1
========================================================================
Received Import Request.
  Time of request: 2026-10-01T15:25:33.6997624Z
  Time since last request: 0.0002415 seconds.
  importAddress: GUID: 49deb65084c2f495d8ee4d010ad486c2 - Path: Packages/com.unity.collab-proxy/Editor/Assets/Images/d_icondiff.png - Importer: ScriptedImporter/UnityEditor.QuickSearchModule:UnityEditor.Search:ASIAI0B
Importing 'GUID: 49deb65084c2f495d8ee4d010ad486c2 - Path: Packages/com.unity.collab-proxy/Editor/Assets/Images/d_icondiff.png - Importer: ScriptedImporter/UnityEditor.QuickSearchModule:UnityEditor.Search:ASIAI0B' with importer (ScriptedImporter : UnityEditor.QuickSearchModule:UnityEditor.Search:ASIAI0B)
Imported 'GUID: 49deb65084c2f495d8ee4d010ad486c2' -> (Import Result ID: 'c9349a582adf48d6f30dbeeec5012176') in 0.006 seconds [static and dynamic dependencies]. Details - ImportResultOutputID=75e3d613f44dd8406eca5b5ff2cc91b6 DependenciesID=9b8a7628a0646a4915bdcf910e664c27 StaticDependenciesID=8720aaaf6a6ed3acea3b4518874e5dbe 
Number of updated asset objects reloaded before import = 0
Number of asset objects unloaded after import = 3
========================================================================
Received Import Request.
  Time of request: 2026-10-01T15:25:33.7062345Z
  Time since last request: 0.0001969 seconds.
  importAddress: GUID: 02800fb9cff14da47a04572790384d8b - Path: Packages/com.unity.collab-proxy/Editor/Assets/Images/d_iconaddedlocal@2x.png - Importer: ScriptedImporter/UnityEditor.QuickSearchModule:UnityEditor.Search:ASIAI0B
Importing 'GUID: 02800fb9cff14da47a04572790384d8b - Path: Packages/com.unity.collab-proxy/Editor/Assets/Images/d_iconaddedlocal@2x.png - Importer: ScriptedImporter/UnityEditor.QuickSearchModule:UnityEditor.Search:ASIAI0B' with importer (ScriptedImporter : UnityEditor.QuickSearchModule:UnityEditor.Search:ASIAI0B)
Imported 'GUID: 02800fb9cff14da47a04572790384d8b' -> (Import Result ID: '1cab5a28e757ec7920ac31793794af13') in 0.007 seconds [static and dynamic dependencies]. Details - ImportResultOutputID=33c5c2286bd487439e19d4f9e695579e DependenciesID=984462853b63b4c8538f0a89179d99f4 StaticDependenciesID=666821fdb854a8c169480b3384588ebb 
Number of updated asset objects reloaded before import = 0
Number of asset objects unloaded after import = 1
========================================================================
Received Import Request.
  Time of request: 2026-10-01T15:25:33.7138705Z
  Time since last request: 0.0002768 seconds.
  importAddress: GUID: 65f0e363b74cf5845ab8c3fbc14f39ac - Path: Packages/com.unity.collab-proxy/Editor/Assets/Images/d_iconconflicted@2x.png - Importer: ScriptedImporter/UnityEditor.QuickSearchModule:UnityEditor.Search:ASIAI0B
Importing 'GUID: 65f0e363b74cf5845ab8c3fbc14f39ac - Path: Packages/com.unity.collab-proxy/Editor/Assets/Images/d_iconconflicted@2x.png - Importer: ScriptedImporter/UnityEditor.QuickSearchModule:UnityEditor.Search:ASIAI0B' with importer (ScriptedImporter : UnityEditor.QuickSearchModule:UnityEditor.Search:ASIAI0B)
Imported 'GUID: 65f0e363b74cf5845ab8c3fbc14f39ac' -> (Import Result ID: '93cdcec23c1d07ff15273e5dfc6b6bd3') in 0.005 seconds [static and dynamic dependencies]. Details - ImportResultOutputID=0ae3a4ee22f0545f32bcf91bbaf14a89 DependenciesID=293c2d2f390f8df877b2ae5a1c5d81df StaticDependenciesID=dfa57374f97ea4aec2d1cc3c5c5a377e 
Number of updated asset objects reloaded before import = 0
Number of asset objects unloaded after import = 1
========================================================================
Received Import Request.
  Time of request: 2026-10-01T15:25:33.7195298Z
  Time since last request: 0.0002244 seconds.
  importAddress: GUID: ec597fbbebec64e4f8725c31ce52fdb7 - Path: Packages/com.unity.collab-proxy/Editor/Assets/Images/d_hideversioncontrol.png - Importer: ScriptedImporter/UnityEditor.QuickSearchModule:UnityEditor.Search:ASIAI0B
Importing 'GUID: ec597fbbebec64e4f8725c31ce52fdb7 - Path: Packages/com.unity.collab-proxy/Editor/Assets/Images/d_hideversioncontrol.png - Importer: ScriptedImporter/UnityEditor.QuickSearchModule:UnityEditor.Search:ASIAI0B' with importer (ScriptedImporter : UnityEditor.QuickSearchModule:UnityEditor.Search:ASIAI0B)
Imported 'GUID: ec597fbbebec64e4f8725c31ce52fdb7' -> (Import Result ID: 'd8dbf8a1199e6ed5ed5bf43bbda2f2ea') in 0.006 seconds [static and dynamic dependencies]. Details - ImportResultOutputID=2427f1b1d08ad10e5643e95953bf1677 DependenciesID=f624962fbda5815f2a092a8ea1334058 StaticDependenciesID=52dff73f1d13a5fe63a51067258af719 
Number of updated asset objects reloaded before import = 0
Number of asset objects unloaded after import = 3
========================================================================
Received Import Request.
  Time of request: 2026-10-01T15:25:33.7264312Z
  Time since last request: 0.0002203 seconds.
  importAddress: GUID: 0ac55f9f886d827408c102bdf33c5ff7 - Path: Packages/com.unity.collab-proxy/Editor/Assets/Images/d_iconemptygravatar@2x.png - Importer: ScriptedImporter/UnityEditor.QuickSearchModule:UnityEditor.Search:ASIAI0B
Importing 'GUID: 0ac55f9f886d827408c102bdf33c5ff7 - Path: Packages/com.unity.collab-proxy/Editor/Assets/Images/d_iconemptygravatar@2x.png - Importer: ScriptedImporter/UnityEditor.QuickSearchModule:UnityEditor.Search:ASIAI0B' with importer (ScriptedImporter : UnityEditor.QuickSearchModule:UnityEditor.Search:ASIAI0B)
Imported 'GUID: 0ac55f9f886d827408c102bdf33c5ff7' -> (Import Result ID: '247b37f3812ae8f41b94eb9d2bccf9f0') in 0.005 seconds [static and dynamic dependencies]. Details - ImportResultOutputID=46f37045ce2f3b90f7d3b594e66e0b99 DependenciesID=62ea013c6dfff6a4e4417459d6ce3944 StaticDependenciesID=0748daf2cd5950f826e698f91e471c98 
Number of updated asset objects reloaded before import = 0
Number of asset objects unloaded after import = 1
========================================================================
Received Import Request.
  Time of request: 2026-10-01T15:25:33.7318646Z
  Time since last request: 0.0002658 seconds.
  importAddress: GUID: 23e66f7264c74424889342127f229577 - Path: Packages/com.unity.collab-proxy/Editor/Assets/Images/d_icondeletedremote.png - Importer: ScriptedImporter/UnityEditor.QuickSearchModule:UnityEditor.Search:ASIAI0B
Importing 'GUID: 23e66f7264c74424889342127f229577 - Path: Packages/com.unity.collab-proxy/Editor/Assets/Images/d_icondeletedremote.png - Importer: ScriptedImporter/UnityEditor.QuickSearchModule:UnityEditor.Search:ASIAI0B' with importer (ScriptedImporter : UnityEditor.QuickSearchModule:UnityEditor.Search:ASIAI0B)
Imported 'GUID: 23e66f7264c74424889342127f229577' -> (Import Result ID: '64ce23644e92f981de6fda9410b7e9cf') in 0.005 seconds [static and dynamic dependencies]. Details - ImportResultOutputID=91d39793fa8ee9aa14b50d262281bf06 DependenciesID=18852dadab9195e6cf993d690e42cbc2 StaticDependenciesID=355b0ed645dabeb0a6a30aefef89ed99 
Number of updated asset objects reloaded before import = 0
Number of asset objects unloaded after import = 1
========================================================================
Received Import Request.
  Time of request: 2026-10-01T15:25:33.737228Z
  Time since last request: 0.000217 seconds.
  importAddress: GUID: 8d98ab6168c3e91439339f1908b8fe97 - Path: Packages/com.unity.collab-proxy/Editor/Assets/Images/d_iconcheckedoutlocaloverlay@2x.png - Importer: ScriptedImporter/UnityEditor.QuickSearchModule:UnityEditor.Search:ASIAI0B
Importing 'GUID: 8d98ab6168c3e91439339f1908b8fe97 - Path: Packages/com.unity.collab-proxy/Editor/Assets/Images/d_iconcheckedoutlocaloverlay@2x.png - Importer: ScriptedImporter/UnityEditor.QuickSearchModule:UnityEditor.Search:ASIAI0B' with importer (ScriptedImporter : UnityEditor.QuickSearchModule:UnityEditor.Search:ASIAI0B)
Imported 'GUID: 8d98ab6168c3e91439339f1908b8fe97' -> (Import Result ID: 'd9171c9a6cbd81c33ac34bd2f5d6e972') in 0.006 seconds [static and dynamic dependencies]. Details - ImportResultOutputID=68bb885e167d56fa41eab403292a5567 DependenciesID=9b2b8f6b9e3ae01bb6ef52a6fb1a0e73 StaticDependenciesID=13447ea40675f1a0af3ea9f7b9b988fc 
Number of updated asset objects reloaded before import = 0
Number of asset objects unloaded after import = 1
========================================================================
Received Import Request.
  Time of request: 2026-10-01T15:25:33.7441292Z
  Time since last request: 0.000256 seconds.
  importAddress: GUID: 9b76c79563c3a274aa48b0dbdf009693 - Path: Packages/com.unity.collab-proxy/Editor/Assets/Images/d_iconbrex@2x.png - Importer: ScriptedImporter/UnityEditor.QuickSearchModule:UnityEditor.Search:ASIAI0B
Importing 'GUID: 9b76c79563c3a274aa48b0dbdf009693 - Path: Packages/com.unity.collab-proxy/Editor/Assets/Images/d_iconbrex@2x.png - Importer: ScriptedImporter/UnityEditor.QuickSearchModule:UnityEditor.Search:ASIAI0B' with importer (ScriptedImporter : UnityEditor.QuickSearchModule:UnityEditor.Search:ASIAI0B)
Imported 'GUID: 9b76c79563c3a274aa48b0dbdf009693' -> (Import Result ID: '01a6b1f755b08195889c62e896b61e47') in 0.006 seconds [static and dynamic dependencies]. Details - ImportResultOutputID=12d0c384cf7b0b498cee98ecaa3bc0db DependenciesID=ca6adaa012d979fced292850e67df48f StaticDependenciesID=997abff036fb11103106870eaecba995 
Number of updated asset objects reloaded before import = 0
Number of asset objects unloaded after import = 3
========================================================================
Received Import Request.
  Time of request: 2026-10-01T15:25:33.7502637Z
  Time since last request: 0.0004083 seconds.
  importAddress: GUID: f38e832edef3ab648bcc2ab5dfa2906d - Path: Packages/com.unity.collab-proxy/Editor/Assets/Images/d_iconinfobellnotification.png - Importer: ScriptedImporter/UnityEditor.QuickSearchModule:UnityEditor.Search:ASIAI0B
Importing 'GUID: f38e832edef3ab648bcc2ab5dfa2906d - Path: Packages/com.unity.collab-proxy/Editor/Assets/Images/d_iconinfobellnotification.png - Importer: ScriptedImporter/UnityEditor.QuickSearchModule:UnityEditor.Search:ASIAI0B' with importer (ScriptedImporter : UnityEditor.QuickSearchModule:UnityEditor.Search:ASIAI0B)
Imported 'GUID: f38e832edef3ab648bcc2ab5dfa2906d' -> (Import Result ID: 'ecca2292292850b9d8d4b3eb88e8c0b1') in 0.006 seconds [static and dynamic dependencies]. Details - ImportResultOutputID=b204ccc9ab7ba6c1d09dd2c085d7ea74 DependenciesID=02286133ac1abe8454fadbbd37eceb43 StaticDependenciesID=a7c7fdbed25b6e1065b726dce738b730 
Number of updated asset objects reloaded before import = 0
Number of asset objects unloaded after import = 3
========================================================================
Received Import Request.
  Time of request: 2026-10-01T15:25:33.7567287Z
  Time since last request: 0.0002111 seconds.
  importAddress: GUID: 78de972b7bcb2424e8560a8c310a6d10 - Path: Packages/com.unity.collab-proxy/Editor/Assets/Images/d_exclusionrule@2x.png - Importer: ScriptedImporter/UnityEditor.QuickSearchModule:UnityEditor.Search:ASIAI0B
Importing 'GUID: 78de972b7bcb2424e8560a8c310a6d10 - Path: Packages/com.unity.collab-proxy/Editor/Assets/Images/d_exclusionrule@2x.png - Importer: ScriptedImporter/UnityEditor.QuickSearchModule:UnityEditor.Search:ASIAI0B' with importer (ScriptedImporter : UnityEditor.QuickSearchModule:UnityEditor.Search:ASIAI0B)
Imported 'GUID: 78de972b7bcb2424e8560a8c310a6d10' -> (Import Result ID: '64fa9893f1e6e126e440211001edd767') in 0.006 seconds [static and dynamic dependencies]. Details - ImportResultOutputID=1c506b04fc56dec58e7097567d4111b6 DependenciesID=df15a069d03585bf403e2ca31c662997 StaticDependenciesID=8868c4c403855c018c242834aa5060b3 
Number of updated asset objects reloaded before import = 0
Number of asset objects unloaded after import = 3
========================================================================
Received Import Request.
  Time of request: 2026-10-01T15:25:33.7632087Z
  Time since last request: 0.0002524 seconds.
  importAddress: GUID: f6ea7eb320af940f6ade67ef3befef89 - Path: Packages/com.unity.collab-proxy/Editor/Assets/Images/d_iconincomingchangesview.png - Importer: ScriptedImporter/UnityEditor.QuickSearchModule:UnityEditor.Search:ASIAI0B
Importing 'GUID: f6ea7eb320af940f6ade67ef3befef89 - Path: Packages/com.unity.collab-proxy/Editor/Assets/Images/d_iconincomingchangesview.png - Importer: ScriptedImporter/UnityEditor.QuickSearchModule:UnityEditor.Search:ASIAI0B' with importer (ScriptedImporter : UnityEditor.QuickSearchModule:UnityEditor.Search:ASIAI0B)
Imported 'GUID: f6ea7eb320af940f6ade67ef3befef89' -> (Import Result ID: '6dddd89bb388a7a4eb5195ee22c380bc') in 0.007 seconds [static and dynamic dependencies]. Details - ImportResultOutputID=6db5d4be3a051b02c3a81cf8f7ceafb4 DependenciesID=cf4daf987cb900137e587b111c4bcb18 StaticDependenciesID=9fa21772aaa8d7dfb5342cec165caa65 
Number of updated asset objects reloaded before import = 0
Number of asset objects unloaded after import = 3
========================================================================
Received Import Request.
  Time of request: 2026-10-01T15:25:33.7708268Z
  Time since last request: 0.0002102 seconds.
  importAddress: GUID: 881798b77426a8f47b533dcc4767e9e5 - Path: Packages/com.unity.collab-proxy/Editor/Assets/Images/d_iconconflicted.png - Importer: ScriptedImporter/UnityEditor.QuickSearchModule:UnityEditor.Search:ASIAI0B
Importing 'GUID: 881798b77426a8f47b533dcc4767e9e5 - Path: Packages/com.unity.collab-proxy/Editor/Assets/Images/d_iconconflicted.png - Importer: ScriptedImporter/UnityEditor.QuickSearchModule:UnityEditor.Search:ASIAI0B' with importer (ScriptedImporter : UnityEditor.QuickSearchModule:UnityEditor.Search:ASIAI0B)
Imported 'GUID: 881798b77426a8f47b533dcc4767e9e5' -> (Import Result ID: '2723dfd1279465680e7b0eeceffa584c') in 0.005 seconds [static and dynamic dependencies]. Details - ImportResultOutputID=18872a4cf41d2a79705f05b4754e28b0 DependenciesID=6090645cf7b743c4b77db4ecbffba27c StaticDependenciesID=3cd43942be538fffa41f5bcb161538d4 
Number of updated asset objects reloaded before import = 0
Number of asset objects unloaded after import = 1
========================================================================
Received Import Request.
  Time of request: 2026-10-01T15:25:33.7766348Z
  Time since last request: 0.0003975 seconds.
  importAddress: GUID: 079f562959995344baea4cd40a9ecea6 - Path: Packages/com.unity.collab-proxy/Editor/Assets/Images/d_iconignoredoverlay@2x.png - Importer: ScriptedImporter/UnityEditor.QuickSearchModule:UnityEditor.Search:ASIAI0B
Importing 'GUID: 079f562959995344baea4cd40a9ecea6 - Path: Packages/com.unity.collab-proxy/Editor/Assets/Images/d_iconignoredoverlay@2x.png - Importer: ScriptedImporter/UnityEditor.QuickSearchModule:UnityEditor.Search:ASIAI0B' with importer (ScriptedImporter : UnityEditor.QuickSearchModule:UnityEditor.Search:ASIAI0B)
Imported 'GUID: 079f562959995344baea4cd40a9ecea6' -> (Import Result ID: 'a09a0c41b2c3313c600c4b95499223a2') in 0.007 seconds [static and dynamic dependencies]. Details - ImportResultOutputID=6d2ee6af955f86b6ea5c08e73e2af719 DependenciesID=9104c7f152b4d701d146b41f80a1e8bc StaticDependenciesID=38c1ca960751de92a33cc5fc1140d5f0 
Number of updated asset objects reloaded before import = 0
Number of asset objects unloaded after import = 3
========================================================================
Received Import Request.
  Time of request: 2026-10-01T15:25:33.7841407Z
  Time since last request: 0.0002897 seconds.
  importAddress: GUID: a36e66e044a5fd94ca570351917c6bda - Path: Packages/com.unity.collab-proxy/Editor/Assets/Images/d_iconedit@2x.png - Importer: ScriptedImporter/UnityEditor.QuickSearchModule:UnityEditor.Search:ASIAI0B
Importing 'GUID: a36e66e044a5fd94ca570351917c6bda - Path: Packages/com.unity.collab-proxy/Editor/Assets/Images/d_iconedit@2x.png - Importer: ScriptedImporter/UnityEditor.QuickSearchModule:UnityEditor.Search:ASIAI0B' with importer (ScriptedImporter : UnityEditor.QuickSearchModule:UnityEditor.Search:ASIAI0B)
Imported 'GUID: a36e66e044a5fd94ca570351917c6bda' -> (Import Result ID: '2d3b6ad0f74492ec91e27f13199a1617') in 0.006 seconds [static and dynamic dependencies]. Details - ImportResultOutputID=d19b69f68aef912c9d26b8d5af53b2c6 DependenciesID=a15571a672440ca45bce0ebec8f2f8ed StaticDependenciesID=ebf8eb85f5e208aa8aeff52716ebe764 
Number of updated asset objects reloaded before import = 0
Number of asset objects unloaded after import = 3
========================================================================
Received Import Request.
  Time of request: 2026-10-01T15:25:33.790356Z
  Time since last request: 0.0002058 seconds.
  importAddress: GUID: 0c6a2a64ca9f9c946a7dbbd1674cf5bd - Path: Packages/com.unity.collab-proxy/Editor/Assets/Images/d_iconaddedlocal.png - Importer: ScriptedImporter/UnityEditor.QuickSearchModule:UnityEditor.Search:ASIAI0B
Importing 'GUID: 0c6a2a64ca9f9c946a7dbbd1674cf5bd - Path: Packages/com.unity.collab-proxy/Editor/Assets/Images/d_iconaddedlocal.png - Importer: ScriptedImporter/UnityEditor.QuickSearchModule:UnityEditor.Search:ASIAI0B' with importer (ScriptedImporter : UnityEditor.QuickSearchModule:UnityEditor.Search:ASIAI0B)
Imported 'GUID: 0c6a2a64ca9f9c946a7dbbd1674cf5bd' -> (Import Result ID: 'f667f379df08b8b8cdf1c56df1f64017') in 0.007 seconds [static and dynamic dependencies]. Details - ImportResultOutputID=9c80ef49eb1257eddd8ff8852d6dd998 DependenciesID=7e4a52c11b4cb75a216df77627ab2c1c StaticDependenciesID=97b3c9b1e028f2d5de4a366f7d5aa345 
Number of updated asset objects reloaded before import = 0
Number of asset objects unloaded after import = 1
========================================================================
Received Import Request.
  Time of request: 2026-10-01T15:25:33.7975328Z
  Time since last request: 0.0003477 seconds.
  importAddress: GUID: 43fe0cd0da17e47fc9e56f08a2415f65 - Path: Packages/com.unity.collab-proxy/Editor/Assets/Images/d_iconincomingchangesview@2x.png - Importer: ScriptedImporter/UnityEditor.QuickSearchModule:UnityEditor.Search:ASIAI0B
Importing 'GUID: 43fe0cd0da17e47fc9e56f08a2415f65 - Path: Packages/com.unity.collab-proxy/Editor/Assets/Images/d_iconincomingchangesview@2x.png - Importer: ScriptedImporter/UnityEditor.QuickSearchModule:UnityEditor.Search:ASIAI0B' with importer (ScriptedImporter : UnityEditor.QuickSearchModule:UnityEditor.Search:ASIAI0B)
Imported 'GUID: 43fe0cd0da17e47fc9e56f08a2415f65' -> (Import Result ID: '090d7261f395c64de0f7486a613666a4') in 0.006 seconds [static and dynamic dependencies]. Details - ImportResultOutputID=07b87d673e707ee890ef5be0fbf52327 DependenciesID=b6e9c565e8b2251e01887aea04aa7245 StaticDependenciesID=971a32ad4b580cca5a4e2eaccf0bbaac 
Number of updated asset objects reloaded before import = 0
Number of asset objects unloaded after import = 3
========================================================================
Received Import Request.
  Time of request: 2026-10-01T15:25:33.803802Z
  Time since last request: 0.000203 seconds.
  importAddress: GUID: 73d124bf77e463c45942d14136745d9f - Path: Packages/com.unity.collab-proxy/Editor/Assets/Images/d_iconaddedoverlay.png - Importer: ScriptedImporter/UnityEditor.QuickSearchModule:UnityEditor.Search:ASIAI0B
Importing 'GUID: 73d124bf77e463c45942d14136745d9f - Path: Packages/com.unity.collab-proxy/Editor/Assets/Images/d_iconaddedoverlay.png - Importer: ScriptedImporter/UnityEditor.QuickSearchModule:UnityEditor.Search:ASIAI0B' with importer (ScriptedImporter : UnityEditor.QuickSearchModule:UnityEditor.Search:ASIAI0B)
Imported 'GUID: 73d124bf77e463c45942d14136745d9f' -> (Import Result ID: '469bcd63db068a8af538835c16104f34') in 0.005 seconds [static and dynamic dependencies]. Details - ImportResultOutputID=7ab0fc95296762d4b98e12e30ca579cc DependenciesID=c4558fbad7dc69f3e740ee0c2542903a StaticDependenciesID=8e12d4bc770041efee5683b23152d32f 
Number of updated asset objects reloaded before import = 0
Number of asset objects unloaded after import = 1
========================================================================
Received Import Request.
  Time of request: 2026-10-01T15:25:33.8094571Z
  Time since last request: 0.0003332 seconds.
  importAddress: GUID: 4da398eacd0c045bebf576a9f11339b0 - Path: Packages/com.unity.collab-proxy/Editor/Assets/Images/d_iconchangesets.png - Importer: ScriptedImporter/UnityEditor.QuickSearchModule:UnityEditor.Search:ASIAI0B
Importing 'GUID: 4da398eacd0c045bebf576a9f11339b0 - Path: Packages/com.unity.collab-proxy/Editor/Assets/Images/d_iconchangesets.png - Importer: ScriptedImporter/UnityEditor.QuickSearchModule:UnityEditor.Search:ASIAI0B' with importer (ScriptedImporter : UnityEditor.QuickSearchModule:UnityEditor.Search:ASIAI0B)
Imported 'GUID: 4da398eacd0c045bebf576a9f11339b0' -> (Import Result ID: 'f31449e1eac9403aa06395785d6b0249') in 0.007 seconds [static and dynamic dependencies]. Details - ImportResultOutputID=8aad5461cfc8c4b03e55b8edaac6bd76 DependenciesID=5ebb59b249cb696aac0504982381a4bc StaticDependenciesID=b083593144dcc8bbd6abfbef39c6ccea 
Number of updated asset objects reloaded before import = 0
Number of asset objects unloaded after import = 3
========================================================================
Received Import Request.
  Time of request: 2026-10-01T15:25:33.8168379Z
  Time since last request: 0.0002112 seconds.
  importAddress: GUID: 428f6dbb540e04806b5f7de85468b51a - Path: Packages/com.unity.collab-proxy/Editor/Assets/Images/d_icondiff@2x.png - Importer: ScriptedImporter/UnityEditor.QuickSearchModule:UnityEditor.Search:ASIAI0B
Importing 'GUID: 428f6dbb540e04806b5f7de85468b51a - Path: Packages/com.unity.collab-proxy/Editor/Assets/Images/d_icondiff@2x.png - Importer: ScriptedImporter/UnityEditor.QuickSearchModule:UnityEditor.Search:ASIAI0B' with importer (ScriptedImporter : UnityEditor.QuickSearchModule:UnityEditor.Search:ASIAI0B)
Imported 'GUID: 428f6dbb540e04806b5f7de85468b51a' -> (Import Result ID: 'b5c4de43882a0ea945fa6383ded7d1b8') in 0.006 seconds [static and dynamic dependencies]. Details - ImportResultOutputID=d8047f4874713f400e1edc3e133c5435 DependenciesID=edeb4133fb93855a9d69540da6590928 StaticDependenciesID=d3648c3f16f6333f2be19284b60b8fc1 
Number of updated asset objects reloaded before import = 0
Number of asset objects unloaded after import = 3
========================================================================
Received Import Request.
  Time of request: 2026-10-01T15:25:33.8229875Z
  Time since last request: 0.0002363 seconds.
  importAddress: GUID: 5de67bf0a3c601f4bab93b4fd3314ab1 - Path: Packages/com.unity.collab-proxy/Editor/Assets/Images/d_hideversioncontrol@2x.png - Importer: ScriptedImporter/UnityEditor.QuickSearchModule:UnityEditor.Search:ASIAI0B
Importing 'GUID: 5de67bf0a3c601f4bab93b4fd3314ab1 - Path: Packages/com.unity.collab-proxy/Editor/Assets/Images/d_hideversioncontrol@2x.png - Importer: ScriptedImporter/UnityEditor.QuickSearchModule:UnityEditor.Search:ASIAI0B' with importer (ScriptedImporter : UnityEditor.QuickSearchModule:UnityEditor.Search:ASIAI0B)
Imported 'GUID: 5de67bf0a3c601f4bab93b4fd3314ab1' -> (Import Result ID: 'e3abdba00d6669176678b27bf103ff81') in 0.007 seconds [static and dynamic dependencies]. Details - ImportResultOutputID=7eac55a92dfa6ebd4058ba2d4ca74bf3 DependenciesID=7f26a2a0384f635610de884ad8ac526e StaticDependenciesID=042fdeacf33d4ea1a79f0b82aef7607e 
Number of updated asset objects reloaded before import = 0
Number of asset objects unloaded after import = 3
========================================================================
Received Import Request.
  Time of request: 2026-10-01T15:25:33.8306605Z
  Time since last request: 0.0002323 seconds.
  importAddress: GUID: c1516142c0a669b42aecce30a3459017 - Path: Packages/com.unity.collab-proxy/Editor/Assets/Images/d_iconbranch.png - Importer: ScriptedImporter/UnityEditor.QuickSearchModule:UnityEditor.Search:ASIAI0B
Importing 'GUID: c1516142c0a669b42aecce30a3459017 - Path: Packages/com.unity.collab-proxy/Editor/Assets/Images/d_iconbranch.png - Importer: ScriptedImporter/UnityEditor.QuickSearchModule:UnityEditor.Search:ASIAI0B' with importer (ScriptedImporter : UnityEditor.QuickSearchModule:UnityEditor.Search:ASIAI0B)
Imported 'GUID: c1516142c0a669b42aecce30a3459017' -> (Import Result ID: 'fedbc8d17dabb436f54ad49b9fee5762') in 0.006 seconds [static and dynamic dependencies]. Details - ImportResultOutputID=5f3e4e43d5c107e7e7caaf4a812c27e5 DependenciesID=3e8e13ad0997156b42f20a60891dc1d0 StaticDependenciesID=2c21945e4b0d85c59efafa42b476ccc0 
Number of updated asset objects reloaded before import = 0
Number of asset objects unloaded after import = 3
========================================================================
Received Import Request.
  Time of request: 2026-10-01T15:25:33.8366674Z
  Time since last request: 0.0002149 seconds.
  importAddress: GUID: a892bcc7ae1871447926b3c44d158763 - Path: Packages/com.unity.collab-proxy/Editor/Assets/Images/d_iconconflictedoverlay.png - Importer: ScriptedImporter/UnityEditor.QuickSearchModule:UnityEditor.Search:ASIAI0B
Importing 'GUID: a892bcc7ae1871447926b3c44d158763 - Path: Packages/com.unity.collab-proxy/Editor/Assets/Images/d_iconconflictedoverlay.png - Importer: ScriptedImporter/UnityEditor.QuickSearchModule:UnityEditor.Search:ASIAI0B' with importer (ScriptedImporter : UnityEditor.QuickSearchModule:UnityEditor.Search:ASIAI0B)
Imported 'GUID: a892bcc7ae1871447926b3c44d158763' -> (Import Result ID: '1b85dc711e60b6ce082334ec69c9f528') in 0.005 seconds [static and dynamic dependencies]. Details - ImportResultOutputID=df9305e00effb57ad7d7c8b145024986 DependenciesID=7f44cfcdd327e554254b5c6141cc213f StaticDependenciesID=f1cb909fe3c4a5e72a8a4de58056f637 
Number of updated asset objects reloaded before import = 0
Number of asset objects unloaded after import = 1
========================================================================
Received Import Request.
  Time of request: 2026-10-01T15:25:33.8429264Z
  Time since last request: 0.0011544 seconds.
  importAddress: GUID: c48b8bcda45b63442a7a7c7244c84635 - Path: Packages/com.unity.collab-proxy/Editor/Assets/Images/d_iconcurrentbranch@2x.png - Importer: ScriptedImporter/UnityEditor.QuickSearchModule:UnityEditor.Search:ASIAI0B
Importing 'GUID: c48b8bcda45b63442a7a7c7244c84635 - Path: Packages/com.unity.collab-proxy/Editor/Assets/Images/d_iconcurrentbranch@2x.png - Importer: ScriptedImporter/UnityEditor.QuickSearchModule:UnityEditor.Search:ASIAI0B' with importer (ScriptedImporter : UnityEditor.QuickSearchModule:UnityEditor.Search:ASIAI0B)
Imported 'GUID: c48b8bcda45b63442a7a7c7244c84635' -> (Import Result ID: 'e3f4e6e56a508cfb4552e2c2387acbbc') in 0.007 seconds [static and dynamic dependencies]. Details - ImportResultOutputID=5d1d1798a7fc54a4bcaf8ae199671486 DependenciesID=a9964b94422090e6e69deab3b3dc749e StaticDependenciesID=d43e60c268b7ca93d1849e87601f14af 
Number of updated asset objects reloaded before import = 0
Number of asset objects unloaded after import = 3
========================================================================
Received Import Request.
  Time of request: 2026-10-01T15:25:33.8505415Z
  Time since last request: 0.0002799 seconds.
  importAddress: GUID: 6768dd39d3740af429fb2d88f53390c2 - Path: Packages/com.unity.collab-proxy/Editor/Assets/Images/d_iconignoredoverlay.png - Importer: ScriptedImporter/UnityEditor.QuickSearchModule:UnityEditor.Search:ASIAI0B
Importing 'GUID: 6768dd39d3740af429fb2d88f53390c2 - Path: Packages/com.unity.collab-proxy/Editor/Assets/Images/d_iconignoredoverlay.png - Importer: ScriptedImporter/UnityEditor.QuickSearchModule:UnityEditor.Search:ASIAI0B' with importer (ScriptedImporter : UnityEditor.QuickSearchModule:UnityEditor.Search:ASIAI0B)
Imported 'GUID: 6768dd39d3740af429fb2d88f53390c2' -> (Import Result ID: '42512272fa7ecfc3f4789fbcf3cb8085') in 0.007 seconds [static and dynamic dependencies]. Details - ImportResultOutputID=4f8068ddf61877288b51ee3db2ffa093 DependenciesID=c7d4b941ad920a35b922d5dc750b0041 StaticDependenciesID=8a5683198939263bb403ca6a9bae6d66 
Number of updated asset objects reloaded before import = 0
Number of asset objects unloaded after import = 3
========================================================================
Received Import Request.
  Time of request: 2026-10-01T15:25:33.8586536Z
  Time since last request: 0.0004513 seconds.
  importAddress: GUID: 0525793900d728a42936791a8a6de63b - Path: Packages/com.unity.collab-proxy/Editor/Assets/Images/d_iconclosebutton@2x.png - Importer: ScriptedImporter/UnityEditor.QuickSearchModule:UnityEditor.Search:ASIAI0B
Importing 'GUID: 0525793900d728a42936791a8a6de63b - Path: Packages/com.unity.collab-proxy/Editor/Assets/Images/d_iconclosebutton@2x.png - Importer: ScriptedImporter/UnityEditor.QuickSearchModule:UnityEditor.Search:ASIAI0B' with importer (ScriptedImporter : UnityEditor.QuickSearchModule:UnityEditor.Search:ASIAI0B)
Imported 'GUID: 0525793900d728a42936791a8a6de63b' -> (Import Result ID: '65eb014ffed829da29728bc5209309b8') in 0.007 seconds [static and dynamic dependencies]. Details - ImportResultOutputID=a602f4531a866cb323a89e330aebdde2 DependenciesID=ed8af5f91bbcc6c00949a0a0d736c1d0 StaticDependenciesID=9ddcce343dd91fbd0f589b2bea3d8511 
Number of updated asset objects reloaded before import = 0
Number of asset objects unloaded after import = 1
========================================================================
Received Import Request.
  Time of request: 2026-10-01T15:25:33.8662361Z
  Time since last request: 0.0002819 seconds.
  importAddress: GUID: 8219bbb48767b46e7b1588dad7f021aa - Path: Packages/com.unity.collab-proxy/Editor/Assets/Images/d_iconhistory.png - Importer: ScriptedImporter/UnityEditor.QuickSearchModule:UnityEditor.Search:ASIAI0B
Importing 'GUID: 8219bbb48767b46e7b1588dad7f021aa - Path: Packages/com.unity.collab-proxy/Editor/Assets/Images/d_iconhistory.png - Importer: ScriptedImporter/UnityEditor.QuickSearchModule:UnityEditor.Search:ASIAI0B' with importer (ScriptedImporter : UnityEditor.QuickSearchModule:UnityEditor.Search:ASIAI0B)
Imported 'GUID: 8219bbb48767b46e7b1588dad7f021aa' -> (Import Result ID: 'edeb0447acffef1ae8bee77f19693317') in 0.006 seconds [static and dynamic dependencies]. Details - ImportResultOutputID=f3aaf537212904de1acca1df2e2d41c7 DependenciesID=1dd357828acf72d1844c9230183f2395 StaticDependenciesID=b25eaa639dba38d9d84bc37ef3b08e41 
Number of updated asset objects reloaded before import = 0
Number of asset objects unloaded after import = 3
========================================================================
Received Import Request.
  Time of request: 2026-10-01T15:25:33.8730487Z
  Time since last request: 0.0002544 seconds.
  importAddress: GUID: 50d1ea51731fa43db9ce0ec4fe5f0b07 - Path: Packages/com.unity.collab-proxy/Editor/Assets/Images/d_iconhistory@2x.png - Importer: ScriptedImporter/UnityEditor.QuickSearchModule:UnityEditor.Search:ASIAI0B
Importing 'GUID: 50d1ea51731fa43db9ce0ec4fe5f0b07 - Path: Packages/com.unity.collab-proxy/Editor/Assets/Images/d_iconhistory@2x.png - Importer: ScriptedImporter/UnityEditor.QuickSearchModule:UnityEditor.Search:ASIAI0B' with importer (ScriptedImporter : UnityEditor.QuickSearchModule:UnityEditor.Search:ASIAI0B)
Imported 'GUID: 50d1ea51731fa43db9ce0ec4fe5f0b07' -> (Import Result ID: 'f94137ba264a5bfa1d51041b8c28bc72') in 0.008 seconds [static and dynamic dependencies]. Details - ImportResultOutputID=b586fa560c4d9e1a6b9d9f808ad0f270 DependenciesID=58b30473f48e731c460113c181784ab4 StaticDependenciesID=8c8259482936d1d7df243990bac27edc 
Number of updated asset objects reloaded before import = 0
Number of asset objects unloaded after import = 3
========================================================================
Received Import Request.
  Time of request: 2026-10-01T15:25:33.8814845Z
  Time since last request: 0.0002481 seconds.
  importAddress: GUID: a6fbd5a181bc51e42a61a73fe8d727c8 - Path: Packages/com.unity.collab-proxy/Editor/Assets/Images/d_iconaddedoverlay@2x.png - Importer: ScriptedImporter/UnityEditor.QuickSearchModule:UnityEditor.Search:ASIAI0B
Importing 'GUID: a6fbd5a181bc51e42a61a73fe8d727c8 - Path: Packages/com.unity.collab-proxy/Editor/Assets/Images/d_iconaddedoverlay@2x.png - Importer: ScriptedImporter/UnityEditor.QuickSearchModule:UnityEditor.Search:ASIAI0B' with importer (ScriptedImporter : UnityEditor.QuickSearchModule:UnityEditor.Search:ASIAI0B)
Imported 'GUID: a6fbd5a181bc51e42a61a73fe8d727c8' -> (Import Result ID: 'ece8887987671e3349e7b6b3455796ac') in 0.006 seconds [static and dynamic dependencies]. Details - ImportResultOutputID=a93a1aa7fc9ab4116cf60054d531468c DependenciesID=54ebdfecd99a9bb5659c27759e4054da StaticDependenciesID=9ecee6d23c7c98c446d89eaad1fab2e7 
Number of updated asset objects reloaded before import = 0
Number of asset objects unloaded after import = 1
========================================================================
Received Import Request.
  Time of request: 2026-10-01T15:25:33.8882587Z
  Time since last request: 0.0002968 seconds.
  importAddress: GUID: 626b9cddb29049e4cac50cd87b419945 - Path: Packages/com.unity.collab-proxy/Editor/Assets/Images/d_icondeletedremote@2x.png - Importer: ScriptedImporter/UnityEditor.QuickSearchModule:UnityEditor.Search:ASIAI0B
Importing 'GUID: 626b9cddb29049e4cac50cd87b419945 - Path: Packages/com.unity.collab-proxy/Editor/Assets/Images/d_icondeletedremote@2x.png - Importer: ScriptedImporter/UnityEditor.QuickSearchModule:UnityEditor.Search:ASIAI0B' with importer (ScriptedImporter : UnityEditor.QuickSearchModule:UnityEditor.Search:ASIAI0B)
Imported 'GUID: 626b9cddb29049e4cac50cd87b419945' -> (Import Result ID: '35dff449dd653df38c8e06a960755946') in 0.019 seconds [static and dynamic dependencies]. Details - ImportResultOutputID=6a0b918f30975439781054df01a2c760 DependenciesID=319dedaa75225b7415f792e5ddb68607 StaticDependenciesID=3c2eb1de65f062dfae67f7e661479246 
Number of updated asset objects reloaded before import = 0
Number of asset objects unloaded after import = 1
========================================================================
Received Import Request.
  Time of request: 2026-10-01T15:25:33.9074514Z
  Time since last request: 0.0002686 seconds.
  importAddress: GUID: 9cadde7a0d5f9024ab3f2cd5f6a740d6 - Path: Packages/com.unity.collab-proxy/Editor/Assets/Images/d_iconclosebutton.png - Importer: ScriptedImporter/UnityEditor.QuickSearchModule:UnityEditor.Search:ASIAI0B
Importing 'GUID: 9cadde7a0d5f9024ab3f2cd5f6a740d6 - Path: Packages/com.unity.collab-proxy/Editor/Assets/Images/d_iconclosebutton.png - Importer: ScriptedImporter/UnityEditor.QuickSearchModule:UnityEditor.Search:ASIAI0B' with importer (ScriptedImporter : UnityEditor.QuickSearchModule:UnityEditor.Search:ASIAI0B)
Imported 'GUID: 9cadde7a0d5f9024ab3f2cd5f6a740d6' -> (Import Result ID: 'db3f6b47fb4bd1fc481f490aafdd3ca1') in 0.006 seconds [static and dynamic dependencies]. Details - ImportResultOutputID=815c71a1946051a11d27529128af79e7 DependenciesID=f380ee33bb51f67bcaa8604232d349c6 StaticDependenciesID=a3bb604786119c06b7108dbae9f440ae 
Number of updated asset objects reloaded before import = 0
Number of asset objects unloaded after import = 1
========================================================================
Received Import Request.
  Time of request: 2026-10-01T15:25:33.9136749Z
  Time since last request: 0.0003234 seconds.
  importAddress: GUID: 3ac1672d8b4664bf3a3a5844d0be8a85 - Path: Packages/com.unity.collab-proxy/Editor/Assets/Images/d_iconcheckmark@2x.png - Importer: ScriptedImporter/UnityEditor.QuickSearchModule:UnityEditor.Search:ASIAI0B
Importing 'GUID: 3ac1672d8b4664bf3a3a5844d0be8a85 - Path: Packages/com.unity.collab-proxy/Editor/Assets/Images/d_iconcheckmark@2x.png - Importer: ScriptedImporter/UnityEditor.QuickSearchModule:UnityEditor.Search:ASIAI0B' with importer (ScriptedImporter : UnityEditor.QuickSearchModule:UnityEditor.Search:ASIAI0B)
Imported 'GUID: 3ac1672d8b4664bf3a3a5844d0be8a85' -> (Import Result ID: 'c381294c0dc65425cc4d04a70c4ba7fc') in 0.006 seconds [static and dynamic dependencies]. Details - ImportResultOutputID=8a4c34c6d8ebf5acd53ae449105bd43a DependenciesID=26054ae037a0b9c68edbea12d29ab722 StaticDependenciesID=b760dd1dae8706719c50e067829bf339 
Number of updated asset objects reloaded before import = 0
Number of asset objects unloaded after import = 3
========================================================================
Received Import Request.
  Time of request: 2026-10-01T15:25:33.9303429Z
  Time since last request: 0.0099559 seconds.
  importAddress: GUID: 05ba7199286b24c6ca7441e2c454f5c3 - Path: Packages/com.unity.collab-proxy/Editor/Assets/Images/d_inclusionrule.png - Importer: ScriptedImporter/UnityEditor.QuickSearchModule:UnityEditor.Search:ASIAI0B
Importing 'GUID: 05ba7199286b24c6ca7441e2c454f5c3 - Path: Packages/com.unity.collab-proxy/Editor/Assets/Images/d_inclusionrule.png - Importer: ScriptedImporter/UnityEditor.QuickSearchModule:UnityEditor.Search:ASIAI0B' with importer (ScriptedImporter : UnityEditor.QuickSearchModule:UnityEditor.Search:ASIAI0B)
Imported 'GUID: 05ba7199286b24c6ca7441e2c454f5c3' -> (Import Result ID: '49159791886482e506916d7d6b0ba21f') in 0.007 seconds [static and dynamic dependencies]. Details - ImportResultOutputID=82343ea194afe8730f59c2314fb1f5a6 DependenciesID=621ea6bca1dfd48f2a76d1b004e244a6 StaticDependenciesID=5b6c21474d6750688f0b59fc5e8069f1 
Number of updated asset objects reloaded before import = 0
Number of asset objects unloaded after import = 3
========================================================================
Received Import Request.
  Time of request: 2026-10-01T15:25:33.9391856Z
  Time since last request: 0.0000305 seconds.
  importAddress: GUID: 4d7e6e570e9d65a4c9a994783a0652e2 - Path: Packages/com.unity.collab-proxy/Editor/Assets/Images/d_iconoutofsyncoverlay@2x.png - Importer: ScriptedImporter/UnityEditor.QuickSearchModule:UnityEditor.Search:ASIAI0B
Importing 'GUID: 4d7e6e570e9d65a4c9a994783a0652e2 - Path: Packages/com.unity.collab-proxy/Editor/Assets/Images/d_iconoutofsyncoverlay@2x.png - Importer: ScriptedImporter/UnityEditor.QuickSearchModule:UnityEditor.Search:ASIAI0B' with importer (ScriptedImporter : UnityEditor.QuickSearchModule:UnityEditor.Search:ASIAI0B)
Imported 'GUID: 4d7e6e570e9d65a4c9a994783a0652e2' -> (Import Result ID: 'b91c27ef50d229eb30f7dfb5c111db5a') in 0.007 seconds [static and dynamic dependencies]. Details - ImportResultOutputID=6421d289df7a2f7713df85572292b385 DependenciesID=133517e81fecfea8841433c66f898e10 StaticDependenciesID=968f524bcead7f5a0f41c985162a5ec8 
Number of updated asset objects reloaded before import = 0
Number of asset objects unloaded after import = 1
========================================================================
Received Import Request.
  Time of request: 2026-10-01T15:25:33.9467266Z
  Time since last request: 0.0000222 seconds.
  importAddress: GUID: eb56188e070e442c4b93b8856b5c1ab0 - Path: Packages/com.unity.collab-proxy/Editor/Assets/Images/d_iconprivateoverlay@2x.png - Importer: ScriptedImporter/UnityEditor.QuickSearchModule:UnityEditor.Search:ASIAI0B
Importing 'GUID: eb56188e070e442c4b93b8856b5c1ab0 - Path: Packages/com.unity.collab-proxy/Editor/Assets/Images/d_iconprivateoverlay@2x.png - Importer: ScriptedImporter/UnityEditor.QuickSearchModule:UnityEditor.Search:ASIAI0B' with importer (ScriptedImporter : UnityEditor.QuickSearchModule:UnityEditor.Search:ASIAI0B)
Imported 'GUID: eb56188e070e442c4b93b8856b5c1ab0' -> (Import Result ID: '755707a6f003aa68ff68b20350b6f9d1') in 0.007 seconds [static and dynamic dependencies]. Details - ImportResultOutputID=03d1111860d0c4f3206537cc1721b6a4 DependenciesID=aaba79a034c56a485354ae130069338c StaticDependenciesID=87768e9272512afb2e476fc4fa3907a3 
Number of updated asset objects reloaded before import = 0
Number of asset objects unloaded after import = 3
========================================================================
Received Import Request.
  Time of request: 2026-10-01T15:25:33.9550324Z
  Time since last request: 0.0006912 seconds.
  importAddress: GUID: 5787fe7d2b4da4b75a337e07cb5e1062 - Path: Packages/com.unity.collab-proxy/Editor/Assets/Images/d_iconoriginalsize.png - Importer: ScriptedImporter/UnityEditor.QuickSearchModule:UnityEditor.Search:ASIAI0B
Importing 'GUID: 5787fe7d2b4da4b75a337e07cb5e1062 - Path: Packages/com.unity.collab-proxy/Editor/Assets/Images/d_iconoriginalsize.png - Importer: ScriptedImporter/UnityEditor.QuickSearchModule:UnityEditor.Search:ASIAI0B' with importer (ScriptedImporter : UnityEditor.QuickSearchModule:UnityEditor.Search:ASIAI0B)
Imported 'GUID: 5787fe7d2b4da4b75a337e07cb5e1062' -> (Import Result ID: 'df4b104de0c5a4cc65e18b2567a0d775') in 0.006 seconds [static and dynamic dependencies]. Details - ImportResultOutputID=7f839817ddf92a52022fce6cf18409d7 DependenciesID=8c55c13288f16d0a4be0050972acb4d1 StaticDependenciesID=8afd3fd0f314cf09930d193c75f4b74d 
Number of updated asset objects reloaded before import = 0
Number of asset objects unloaded after import = 3
========================================================================
Received Import Request.
  Time of request: 2026-10-01T15:25:33.9623667Z
  Time since last request: 0.0002918 seconds.
  importAddress: GUID: ba2e8a5b6413ebc46b4f580903cb911d - Path: Packages/com.unity.collab-proxy/Editor/Assets/Images/d_iconlockretained.png - Importer: ScriptedImporter/UnityEditor.QuickSearchModule:UnityEditor.Search:ASIAI0B
Importing 'GUID: ba2e8a5b6413ebc46b4f580903cb911d - Path: Packages/com.unity.collab-proxy/Editor/Assets/Images/d_iconlockretained.png - Importer: ScriptedImporter/UnityEditor.QuickSearchModule:UnityEditor.Search:ASIAI0B' with importer (ScriptedImporter : UnityEditor.QuickSearchModule:UnityEditor.Search:ASIAI0B)
Imported 'GUID: ba2e8a5b6413ebc46b4f580903cb911d' -> (Import Result ID: '3755e1a7c3f28e2af200fcd801229727') in 0.007 seconds [static and dynamic dependencies]. Details - ImportResultOutputID=9e99467b6126e495de7888f1ad245705 DependenciesID=568250b1a3b48a431fb55cda1d88742b StaticDependenciesID=279741416cf6654d36b3826cedd84cbe 
Number of updated asset objects reloaded before import = 0
Number of asset objects unloaded after import = 3
========================================================================
Received Import Request.
  Time of request: 2026-10-01T15:25:33.9703034Z
  Time since last request: 0.0002673 seconds.
  importAddress: GUID: e64bde76852ee8247b40b50ef8880632 - Path: Packages/com.unity.collab-proxy/Editor/Assets/Images/d_iconplasticnotifypendingchanges.png - Importer: ScriptedImporter/UnityEditor.QuickSearchModule:UnityEditor.Search:ASIAI0B
Importing 'GUID: e64bde76852ee8247b40b50ef8880632 - Path: Packages/com.unity.collab-proxy/Editor/Assets/Images/d_iconplasticnotifypendingchanges.png - Importer: ScriptedImporter/UnityEditor.QuickSearchModule:UnityEditor.Search:ASIAI0B' with importer (ScriptedImporter : UnityEditor.QuickSearchModule:UnityEditor.Search:ASIAI0B)
Imported 'GUID: e64bde76852ee8247b40b50ef8880632' -> (Import Result ID: '16e6a0a9f1592764ba877d0a773e06db') in 0.017 seconds [static and dynamic dependencies]. Details - ImportResultOutputID=f505142a3cfe478cb17d07c48dfa07f6 DependenciesID=b76979eb807b473bafca44888235b172 StaticDependenciesID=b6b5b21c4cb126bf1f9bb570257f4cfc 
Number of updated asset objects reloaded before import = 0
Number of asset objects unloaded after import = 3
========================================================================
Received Import Request.
  Time of request: 2026-10-01T15:25:33.9887711Z
  Time since last request: 0.0007486 seconds.
  importAddress: GUID: e1e64e28e7631534d8408668bcb82502 - Path: Packages/com.unity.collab-proxy/Editor/Assets/Images/d_iconlabel.png - Importer: ScriptedImporter/UnityEditor.QuickSearchModule:UnityEditor.Search:ASIAI0B
Importing 'GUID: e1e64e28e7631534d8408668bcb82502 - Path: Packages/com.unity.collab-proxy/Editor/Assets/Images/d_iconlabel.png - Importer: ScriptedImporter/UnityEditor.QuickSearchModule:UnityEditor.Search:ASIAI0B' with importer (ScriptedImporter : UnityEditor.QuickSearchModule:UnityEditor.Search:ASIAI0B)
Imported 'GUID: e1e64e28e7631534d8408668bcb82502' -> (Import Result ID: '0507b305dd011d909bbabdcba990ee10') in 0.010 seconds [static and dynamic dependencies]. Details - ImportResultOutputID=36d9510b436653a0a323018fb550af88 DependenciesID=69e2265a8b933fd09e83740296c1caef StaticDependenciesID=2e294c6f834714467f1534e8b183ddac 
Number of updated asset objects reloaded before import = 0
Number of asset objects unloaded after import = 3
========================================================================
Received Import Request.
  Time of request: 2026-10-01T15:25:34.0032119Z
  Time since last request: 0.0038239 seconds.
  importAddress: GUID: 39ea418026f63417da6b3e259222f850 - Path: Packages/com.unity.collab-proxy/Editor/Assets/Images/d_iconoriginalsize@2x.png - Importer: ScriptedImporter/UnityEditor.QuickSearchModule:UnityEditor.Search:ASIAI0B
Importing 'GUID: 39ea418026f63417da6b3e259222f850 - Path: Packages/com.unity.collab-proxy/Editor/Assets/Images/d_iconoriginalsize@2x.png - Importer: ScriptedImporter/UnityEditor.QuickSearchModule:UnityEditor.Search:ASIAI0B' with importer (ScriptedImporter : UnityEditor.QuickSearchModule:UnityEditor.Search:ASIAI0B)
Imported 'GUID: 39ea418026f63417da6b3e259222f850' -> (Import Result ID: '616478c706efcfbaaacfc9b005ca748f') in 0.008 seconds [static and dynamic dependencies]. Details - ImportResultOutputID=821eb7d4e449bd877eb81df9824ff37a DependenciesID=229c782bdcc432f7041293c3eb0509ca StaticDependenciesID=c83c6d0d834675669ddd371e475793da 
Number of updated asset objects reloaded before import = 0
Number of asset objects unloaded after import = 3
========================================================================
Received Import Request.
  Time of request: 2026-10-01T15:25:34.0145032Z
  Time since last request: 0.002939 seconds.
  importAddress: GUID: 2b9bf8ec5d54fe249ac9e20979ccd42c - Path: Packages/com.unity.collab-proxy/Editor/Assets/Images/d_iconinviteusers@2x.png - Importer: ScriptedImporter/UnityEditor.QuickSearchModule:UnityEditor.Search:ASIAI0B
Importing 'GUID: 2b9bf8ec5d54fe249ac9e20979ccd42c - Path: Packages/com.unity.collab-proxy/Editor/Assets/Images/d_iconinviteusers@2x.png - Importer: ScriptedImporter/UnityEditor.QuickSearchModule:UnityEditor.Search:ASIAI0B' with importer (ScriptedImporter : UnityEditor.QuickSearchModule:UnityEditor.Search:ASIAI0B)
Imported 'GUID: 2b9bf8ec5d54fe249ac9e20979ccd42c' -> (Import Result ID: '8b5f4cdbd88a7d2baf1f78183cd3e901') in 0.027 seconds [static and dynamic dependencies]. Details - ImportResultOutputID=248aa8a5191e1af194e9034c365555ac DependenciesID=bfde496140dc2a21b4fba55218fc777f StaticDependenciesID=e08f60709ab438587dc7525e3331fbbe 
Number of updated asset objects reloaded before import = 0
Number of asset objects unloaded after import = 3
========================================================================
Received Import Request.
  Time of request: 2026-10-01T15:25:34.0561424Z
  Time since last request: 0.0110501 seconds.
  importAddress: GUID: 1046ed65e6aaffb4391378f6d08d6c14 - Path: Packages/com.unity.collab-proxy/Editor/Assets/Images/d_iconlockedremoteoverlay.png - Importer: ScriptedImporter/UnityEditor.QuickSearchModule:UnityEditor.Search:ASIAI0B
Importing 'GUID: 1046ed65e6aaffb4391378f6d08d6c14 - Path: Packages/com.unity.collab-proxy/Editor/Assets/Images/d_iconlockedremoteoverlay.png - Importer: ScriptedImporter/UnityEditor.QuickSearchModule:UnityEditor.Search:ASIAI0B' with importer (ScriptedImporter : UnityEditor.QuickSearchModule:UnityEditor.Search:ASIAI0B)
Imported 'GUID: 1046ed65e6aaffb4391378f6d08d6c14' -> (Import Result ID: 'caf50ae1765e15a74096de3212dfed2b') in 0.015 seconds [static and dynamic dependencies]. Details - ImportResultOutputID=17ce5658bb04e65d921138c28219595f DependenciesID=c323602a736f7fdca0ab829c7d1d6993 StaticDependenciesID=fb29ed2e3f65a826fa7ee4da8938a90b 
Number of updated asset objects reloaded before import = 0
Number of asset objects unloaded after import = 1
========================================================================
Received Import Request.
  Time of request: 2026-10-01T15:25:34.0845564Z
  Time since last request: 0.0111367 seconds.
  importAddress: GUID: f31d2c855644aad4cb2030bce12859f6 - Path: Packages/com.unity.collab-proxy/Editor/Assets/Images/d_iconplasticnotifyincoming.png - Importer: ScriptedImporter/UnityEditor.QuickSearchModule:UnityEditor.Search:ASIAI0B
Importing 'GUID: f31d2c855644aad4cb2030bce12859f6 - Path: Packages/com.unity.collab-proxy/Editor/Assets/Images/d_iconplasticnotifyincoming.png - Importer: ScriptedImporter/UnityEditor.QuickSearchModule:UnityEditor.Search:ASIAI0B' with importer (ScriptedImporter : UnityEditor.QuickSearchModule:UnityEditor.Search:ASIAI0B)
Imported 'GUID: f31d2c855644aad4cb2030bce12859f6' -> (Import Result ID: '9693241f8d385ad3794e4795f928dc9e') in 0.010 seconds [static and dynamic dependencies]. Details - ImportResultOutputID=e056f0625592d686fe63ddf6c7576ea1 DependenciesID=de67991d627f87c93e8a335a9b11493b StaticDependenciesID=3268bdcc76cef8e58f76851d65749be9 
Number of updated asset objects reloaded before import = 0
Number of asset objects unloaded after import = 1
========================================================================
Received Import Request.
  Time of request: 2026-10-01T15:25:34.095846Z
  Time since last request: 0.0004232 seconds.
  importAddress: GUID: f0c047e73e3b41341822a9e31da81877 - Path: Packages/com.unity.collab-proxy/Editor/Assets/Images/d_iconplasticnotifypendingchanges@2x.png - Importer: ScriptedImporter/UnityEditor.QuickSearchModule:UnityEditor.Search:ASIAI0B
Importing 'GUID: f0c047e73e3b41341822a9e31da81877 - Path: Packages/com.unity.collab-proxy/Editor/Assets/Images/d_iconplasticnotifypendingchanges@2x.png - Importer: ScriptedImporter/UnityEditor.QuickSearchModule:UnityEditor.Search:ASIAI0B' with importer (ScriptedImporter : UnityEditor.QuickSearchModule:UnityEditor.Search:ASIAI0B)
Imported 'GUID: f0c047e73e3b41341822a9e31da81877' -> (Import Result ID: '9103f5455b60e43c7407175f3af532f5') in 0.007 seconds [static and dynamic dependencies]. Details - ImportResultOutputID=809d81ea0e640b2173514827cbaf93ee DependenciesID=112e42a5b75c4caa122315de34d7e1fa StaticDependenciesID=83b390e1db04f2b2fa87e55b246c5993 
Number of updated asset objects reloaded before import = 0
Number of asset objects unloaded after import = 3
========================================================================
Received Import Request.
  Time of request: 2026-10-01T15:25:34.1036558Z
  Time since last request: 0.0000417 seconds.
  importAddress: GUID: 4aa4898734bfdbc4dbd410de4141e533 - Path: Packages/com.unity.collab-proxy/Editor/Assets/Images/d_iconpendingchanges.png - Importer: ScriptedImporter/UnityEditor.QuickSearchModule:UnityEditor.Search:ASIAI0B
Importing 'GUID: 4aa4898734bfdbc4dbd410de4141e533 - Path: Packages/com.unity.collab-proxy/Editor/Assets/Images/d_iconpendingchanges.png - Importer: ScriptedImporter/UnityEditor.QuickSearchModule:UnityEditor.Search:ASIAI0B' with importer (ScriptedImporter : UnityEditor.QuickSearchModule:UnityEditor.Search:ASIAI0B)
Imported 'GUID: 4aa4898734bfdbc4dbd410de4141e533' -> (Import Result ID: 'a8041fed0126695e7eac812b325a59fa') in 0.009 seconds [static and dynamic dependencies]. Details - ImportResultOutputID=c97598356c5c1845f68488dc4ab5840a DependenciesID=6b990c6a9b8b30dbd3bc26d5214b0729 StaticDependenciesID=2f7334662675c0e0207468eeec04b90e 
Number of updated asset objects reloaded before import = 0
Number of asset objects unloaded after import = 3
========================================================================
Received Import Request.
  Time of request: 2026-10-01T15:25:34.1128995Z
  Time since last request: 0.0000187 seconds.
  importAddress: GUID: 1dc16508006061742a802767b556accc - Path: Packages/com.unity.collab-proxy/Editor/Assets/Images/d_iconpackageupdateavailable.png - Importer: ScriptedImporter/UnityEditor.QuickSearchModule:UnityEditor.Search:ASIAI0B
Importing 'GUID: 1dc16508006061742a802767b556accc - Path: Packages/com.unity.collab-proxy/Editor/Assets/Images/d_iconpackageupdateavailable.png - Importer: ScriptedImporter/UnityEditor.QuickSearchModule:UnityEditor.Search:ASIAI0B' with importer (ScriptedImporter : UnityEditor.QuickSearchModule:UnityEditor.Search:ASIAI0B)
Imported 'GUID: 1dc16508006061742a802767b556accc' -> (Import Result ID: '73bf59d9aad1b5e7847d41bafa5180b2') in 0.008 seconds [static and dynamic dependencies]. Details - ImportResultOutputID=0e05e9011091ac477ad78ef289611bb7 DependenciesID=ce525757fc99349622ee0aa98c7b39a9 StaticDependenciesID=5e3035210caaf4b2f090345a1d5ad40c 
Number of updated asset objects reloaded before import = 0
Number of asset objects unloaded after import = 3
========================================================================
Received Import Request.
  Time of request: 2026-10-01T15:25:34.1216184Z
  Time since last request: 0.0000196 seconds.
  importAddress: GUID: ce435fe40bff4da41aadc577ebfb27d7 - Path: Packages/com.unity.collab-proxy/Editor/Assets/Images/d_iconlabel@2x.png - Importer: ScriptedImporter/UnityEditor.QuickSearchModule:UnityEditor.Search:ASIAI0B
Importing 'GUID: ce435fe40bff4da41aadc577ebfb27d7 - Path: Packages/com.unity.collab-proxy/Editor/Assets/Images/d_iconlabel@2x.png - Importer: ScriptedImporter/UnityEditor.QuickSearchModule:UnityEditor.Search:ASIAI0B' with importer (ScriptedImporter : UnityEditor.QuickSearchModule:UnityEditor.Search:ASIAI0B)
Imported 'GUID: ce435fe40bff4da41aadc577ebfb27d7' -> (Import Result ID: '78cde41b43354f0c556d588c8d3bd0dd') in 0.010 seconds [static and dynamic dependencies]. Details - ImportResultOutputID=ccd0c25a401ad11e8195966e7b53c9ab DependenciesID=5ac3248472b5ca018609b1f44573ce49 StaticDependenciesID=45fbeaecd026b7645973572b07510ab9 
Number of updated asset objects reloaded before import = 0
Number of asset objects unloaded after import = 3
========================================================================
Received Import Request.
  Time of request: 2026-10-01T15:25:34.1325589Z
  Time since last request: 0.0000172 seconds.
  importAddress: GUID: d58e94bfb1bac774dbb8ca9c2597ef2e - Path: Packages/com.unity.collab-proxy/Editor/Assets/Images/d_loading.png - Importer: ScriptedImporter/UnityEditor.QuickSearchModule:UnityEditor.Search:ASIAI0B
Importing 'GUID: d58e94bfb1bac774dbb8ca9c2597ef2e - Path: Packages/com.unity.collab-proxy/Editor/Assets/Images/d_loading.png - Importer: ScriptedImporter/UnityEditor.QuickSearchModule:UnityEditor.Search:ASIAI0B' with importer (ScriptedImporter : UnityEditor.QuickSearchModule:UnityEditor.Search:ASIAI0B)
Imported 'GUID: d58e94bfb1bac774dbb8ca9c2597ef2e' -> (Import Result ID: '6e1d99c2ae2c3fcf02cae3a83388015d') in 0.008 seconds [static and dynamic dependencies]. Details - ImportResultOutputID=b4674fe4c56659f53900b5ea719fc434 DependenciesID=3f5314758d32f672dadeb3fec2c39772 StaticDependenciesID=b4825ca30f7a463a66f78991d7ab99eb 
Number of updated asset objects reloaded before import = 0
Number of asset objects unloaded after import = 1
========================================================================
Received Import Request.
  Time of request: 2026-10-01T15:25:34.1424699Z
  Time since last request: 0.0007975 seconds.
  importAddress: GUID: 4a4dfcc81b0e1214fbbd0003c8ab4070 - Path: Packages/com.unity.collab-proxy/Editor/Assets/Images/d_iconrepository.png - Importer: ScriptedImporter/UnityEditor.QuickSearchModule:UnityEditor.Search:ASIAI0B
Importing 'GUID: 4a4dfcc81b0e1214fbbd0003c8ab4070 - Path: Packages/com.unity.collab-proxy/Editor/Assets/Images/d_iconrepository.png - Importer: ScriptedImporter/UnityEditor.QuickSearchModule:UnityEditor.Search:ASIAI0B' with importer (ScriptedImporter : UnityEditor.QuickSearchModule:UnityEditor.Search:ASIAI0B)
Imported 'GUID: 4a4dfcc81b0e1214fbbd0003c8ab4070' -> (Import Result ID: '5da7a63b2ba6cba2ffb52be3107d884d') in 0.008 seconds [static and dynamic dependencies]. Details - ImportResultOutputID=f47ec837a872fda9e6e13e3a5ffdfdbe DependenciesID=bc2d705ab71b1427dc28ac1c6001f0b4 StaticDependenciesID=499f98ff96e7282a7afab4d28bdf22b4 
Number of updated asset objects reloaded before import = 0
Number of asset objects unloaded after import = 3
========================================================================
Received Import Request.
  Time of request: 2026-10-01T15:25:34.1518453Z
  Time since last request: 0.0007991 seconds.
  importAddress: GUID: 54024d7bafa404eb39097aa14df8a5cb - Path: Packages/com.unity.collab-proxy/Editor/Assets/Images/d_iconplasticnotifypendingchangesandincoming@2x.png - Importer: ScriptedImporter/UnityEditor.QuickSearchModule:UnityEditor.Search:ASIAI0B
Importing 'GUID: 54024d7bafa404eb39097aa14df8a5cb - Path: Packages/com.unity.collab-proxy/Editor/Assets/Images/d_iconplasticnotifypendingchangesandincoming@2x.png - Importer: ScriptedImporter/UnityEditor.QuickSearchModule:UnityEditor.Search:ASIAI0B' with importer (ScriptedImporter : UnityEditor.QuickSearchModule:UnityEditor.Search:ASIAI0B)
Imported 'GUID: 54024d7bafa404eb39097aa14df8a5cb' -> (Import Result ID: '36bf9c4ff77f7976277de2f817bb44ee') in 0.008 seconds [static and dynamic dependencies]. Details - ImportResultOutputID=f91ffaf379c65e097d029928407b8a3b DependenciesID=f11fc36666cadca583c753a74dfc3be2 StaticDependenciesID=e6cf35547430707aa2c9e301b26fbc73 
Number of updated asset objects reloaded before import = 0
Number of asset objects unloaded after import = 3
========================================================================
Received Import Request.
  Time of request: 2026-10-01T15:25:34.1689996Z
  Time since last request: 0.0088937 seconds.
  importAddress: GUID: 691dc543ff5b9ca44bf846657ba04161 - Path: Packages/com.unity.collab-proxy/Editor/Assets/Images/d_iconundo.png - Importer: ScriptedImporter/UnityEditor.QuickSearchModule:UnityEditor.Search:ASIAI0B
Importing 'GUID: 691dc543ff5b9ca44bf846657ba04161 - Path: Packages/com.unity.collab-proxy/Editor/Assets/Images/d_iconundo.png - Importer: ScriptedImporter/UnityEditor.QuickSearchModule:UnityEditor.Search:ASIAI0B' with importer (ScriptedImporter : UnityEditor.QuickSearchModule:UnityEditor.Search:ASIAI0B)
Imported 'GUID: 691dc543ff5b9ca44bf846657ba04161' -> (Import Result ID: 'cb431e49cd166b091985a9075b4d4703') in 0.019 seconds [static and dynamic dependencies]. Details - ImportResultOutputID=8f6c71c652600eab76a2b1801312b61a DependenciesID=ca35fb3224dbf855917f36c38960f35c StaticDependenciesID=22eaa0de0d7f029c1266083994f03b25 
Number of updated asset objects reloaded before import = 0
Number of asset objects unloaded after import = 1
========================================================================
Received Import Request.
  Time of request: 2026-10-01T15:25:34.1884189Z
  Time since last request: 0.0000184 seconds.
  importAddress: GUID: 9264df9de832d7f4bb90a1d0c31d8343 - Path: Packages/com.unity.collab-proxy/Editor/Assets/Images/d_iconshelve@2x.png - Importer: ScriptedImporter/UnityEditor.QuickSearchModule:UnityEditor.Search:ASIAI0B
Importing 'GUID: 9264df9de832d7f4bb90a1d0c31d8343 - Path: Packages/com.unity.collab-proxy/Editor/Assets/Images/d_iconshelve@2x.png - Importer: ScriptedImporter/UnityEditor.QuickSearchModule:UnityEditor.Search:ASIAI0B' with importer (ScriptedImporter : UnityEditor.QuickSearchModule:UnityEditor.Search:ASIAI0B)
Imported 'GUID: 9264df9de832d7f4bb90a1d0c31d8343' -> (Import Result ID: 'a0859231e146836b30c598cbbfb0edd1') in 0.010 seconds [static and dynamic dependencies]. Details - ImportResultOutputID=a7d4ca80f519f12dd16c396358f52ed3 DependenciesID=606c108b3320c72c55ae1d5850af97ca StaticDependenciesID=4f68a12cee5e65aa461e27845acd6566 
Number of updated asset objects reloaded before import = 0
Number of asset objects unloaded after import = 3
========================================================================
Received Import Request.
  Time of request: 2026-10-01T15:25:34.1990698Z
  Time since last request: 0.0002511 seconds.
  importAddress: GUID: 6d6088174bb906b49ad8428526ee337b - Path: Packages/com.unity.collab-proxy/Editor/Assets/Images/d_iconundo@2x.png - Importer: ScriptedImporter/UnityEditor.QuickSearchModule:UnityEditor.Search:ASIAI0B
Importing 'GUID: 6d6088174bb906b49ad8428526ee337b - Path: Packages/com.unity.collab-proxy/Editor/Assets/Images/d_iconundo@2x.png - Importer: ScriptedImporter/UnityEditor.QuickSearchModule:UnityEditor.Search:ASIAI0B' with importer (ScriptedImporter : UnityEditor.QuickSearchModule:UnityEditor.Search:ASIAI0B)
Imported 'GUID: 6d6088174bb906b49ad8428526ee337b' -> (Import Result ID: '2cdc44b3dd410f974a49c7dcf714a768') in 0.006 seconds [static and dynamic dependencies]. Details - ImportResultOutputID=fb36f9bf2670f0f8b9bdb9810da03f7d DependenciesID=17169d20c138001698a375167da9ccc6 StaticDependenciesID=11cbdeb2fac10b66dd400472d4c00f0c 
Number of updated asset objects reloaded before import = 0
Number of asset objects unloaded after import = 1
========================================================================
Received Import Request.
  Time of request: 2026-10-01T15:25:34.2052003Z
  Time since last request: 0.0002135 seconds.
  importAddress: GUID: 3cf3224ba1fae41148f493488b5ac83e - Path: Packages/com.unity.collab-proxy/Editor/Assets/Images/d_iconnext@2x.png - Importer: ScriptedImporter/UnityEditor.QuickSearchModule:UnityEditor.Search:ASIAI0B
Importing 'GUID: 3cf3224ba1fae41148f493488b5ac83e - Path: Packages/com.unity.collab-proxy/Editor/Assets/Images/d_iconnext@2x.png - Importer: ScriptedImporter/UnityEditor.QuickSearchModule:UnityEditor.Search:ASIAI0B' with importer (ScriptedImporter : UnityEditor.QuickSearchModule:UnityEditor.Search:ASIAI0B)
Imported 'GUID: 3cf3224ba1fae41148f493488b5ac83e' -> (Import Result ID: '350dd1fc664aa6f647a9aa43c67d2c99') in 0.006 seconds [static and dynamic dependencies]. Details - ImportResultOutputID=4ca9b47df5eb0132020db240e888ce3c DependenciesID=dc29a5a810cb24074c57af9063d8fe15 StaticDependenciesID=9a0a139a98556c86763523972d26f465 
Number of updated asset objects reloaded before import = 0
Number of asset objects unloaded after import = 3
========================================================================
Received Import Request.
  Time of request: 2026-10-01T15:25:34.2120216Z
  Time since last request: 0.000226 seconds.
  importAddress: GUID: 0e80bd0b4a8196f46acf73711b9505ec - Path: Packages/com.unity.collab-proxy/Editor/Assets/Images/d_iconoutofsync.png - Importer: ScriptedImporter/UnityEditor.QuickSearchModule:UnityEditor.Search:ASIAI0B
Importing 'GUID: 0e80bd0b4a8196f46acf73711b9505ec - Path: Packages/com.unity.collab-proxy/Editor/Assets/Images/d_iconoutofsync.png - Importer: ScriptedImporter/UnityEditor.QuickSearchModule:UnityEditor.Search:ASIAI0B' with importer (ScriptedImporter : UnityEditor.QuickSearchModule:UnityEditor.Search:ASIAI0B)
Imported 'GUID: 0e80bd0b4a8196f46acf73711b9505ec' -> (Import Result ID: 'fa606f184d0a9caf9cdb6c8b262ba04c') in 0.006 seconds [static and dynamic dependencies]. Details - ImportResultOutputID=e54b341f1c9301deb0829b5f2065cfa7 DependenciesID=4857ddb1e2336bc36c5608c5a136c6c3 StaticDependenciesID=fc4cf412ddca403040a7e44a17db5f06 
Number of updated asset objects reloaded before import = 0
Number of asset objects unloaded after import = 1
========================================================================
Received Import Request.
  Time of request: 2026-10-01T15:25:34.2185227Z
  Time since last request: 0.0002449 seconds.
  importAddress: GUID: 55747841a2e3b47dab36dc8d5e0dc4df - Path: Packages/com.unity.collab-proxy/Editor/Assets/Images/d_iconlock@2x.png - Importer: ScriptedImporter/UnityEditor.QuickSearchModule:UnityEditor.Search:ASIAI0B
Importing 'GUID: 55747841a2e3b47dab36dc8d5e0dc4df - Path: Packages/com.unity.collab-proxy/Editor/Assets/Images/d_iconlock@2x.png - Importer: ScriptedImporter/UnityEditor.QuickSearchModule:UnityEditor.Search:ASIAI0B' with importer (ScriptedImporter : UnityEditor.QuickSearchModule:UnityEditor.Search:ASIAI0B)
Imported 'GUID: 55747841a2e3b47dab36dc8d5e0dc4df' -> (Import Result ID: '43446e70c27bd475968b0ac5873b4c39') in 0.007 seconds [static and dynamic dependencies]. Details - ImportResultOutputID=1fb2973c1773e6470cb7135f16d42d65 DependenciesID=02c012a5cd2b9bd7f93403f88762e370 StaticDependenciesID=df39a806d8e873b917dff18fba0da81b 
Number of updated asset objects reloaded before import = 0
Number of asset objects unloaded after import = 3
========================================================================
Received Import Request.
  Time of request: 2026-10-01T15:25:34.2261792Z
  Time since last request: 0.0001726 seconds.
  importAddress: GUID: c34cd61ed96ff9a40a54e159467c5155 - Path: Packages/com.unity.collab-proxy/Editor/Assets/Images/d_iconretainedoverlay@2x.png - Importer: ScriptedImporter/UnityEditor.QuickSearchModule:UnityEditor.Search:ASIAI0B
Importing 'GUID: c34cd61ed96ff9a40a54e159467c5155 - Path: Packages/com.unity.collab-proxy/Editor/Assets/Images/d_iconretainedoverlay@2x.png - Importer: ScriptedImporter/UnityEditor.QuickSearchModule:UnityEditor.Search:ASIAI0B' with importer (ScriptedImporter : UnityEditor.QuickSearchModule:UnityEditor.Search:ASIAI0B)
Imported 'GUID: c34cd61ed96ff9a40a54e159467c5155' -> (Import Result ID: '2f9b2c3c689a5127e692c6c73e8dda05') in 0.006 seconds [static and dynamic dependencies]. Details - ImportResultOutputID=95b4736646c642c35767471c8cee56dd DependenciesID=01600bacb30586970cd1e7f2efbe3c8c StaticDependenciesID=3e507d708a0998fdf02e5dc2a4a24106 
Number of updated asset objects reloaded before import = 0
Number of asset objects unloaded after import = 3
========================================================================
Received Import Request.
  Time of request: 2026-10-01T15:25:34.2328775Z
  Time since last request: 0.0003316 seconds.
  importAddress: GUID: 73d87bc3a27171144985c68fbbd54380 - Path: Packages/com.unity.collab-proxy/Editor/Assets/Images/d_iconzoomin@2x.png - Importer: ScriptedImporter/UnityEditor.QuickSearchModule:UnityEditor.Search:ASIAI0B
Importing 'GUID: 73d87bc3a27171144985c68fbbd54380 - Path: Packages/com.unity.collab-proxy/Editor/Assets/Images/d_iconzoomin@2x.png - Importer: ScriptedImporter/UnityEditor.QuickSearchModule:UnityEditor.Search:ASIAI0B' with importer (ScriptedImporter : UnityEditor.QuickSearchModule:UnityEditor.Search:ASIAI0B)
Imported 'GUID: 73d87bc3a27171144985c68fbbd54380' -> (Import Result ID: 'bc38a13edc0b02b1ec292ecba46f7e72') in 0.006 seconds [static and dynamic dependencies]. Details - ImportResultOutputID=8a89f06cde1c31617432328fb14c3855 DependenciesID=c861e08ae0ee0b37a469714a204bd6ec StaticDependenciesID=23cef1f5f8d61035fb9e566f7742c899 
Number of updated asset objects reloaded before import = 0
Number of asset objects unloaded after import = 3
========================================================================
Received Import Request.
  Time of request: 2026-10-01T15:25:34.2389138Z
  Time since last request: 0.0002283 seconds.
  importAddress: GUID: 3168140d6f409d0448447f18568d9482 - Path: Packages/com.unity.collab-proxy/Editor/Assets/Images/d_iconplasticview@2x.png - Importer: ScriptedImporter/UnityEditor.QuickSearchModule:UnityEditor.Search:ASIAI0B
Importing 'GUID: 3168140d6f409d0448447f18568d9482 - Path: Packages/com.unity.collab-proxy/Editor/Assets/Images/d_iconplasticview@2x.png - Importer: ScriptedImporter/UnityEditor.QuickSearchModule:UnityEditor.Search:ASIAI0B' with importer (ScriptedImporter : UnityEditor.QuickSearchModule:UnityEditor.Search:ASIAI0B)
Imported 'GUID: 3168140d6f409d0448447f18568d9482' -> (Import Result ID: 'ef77d18bdc0a1d0b9a9e3122fd097e54') in 0.006 seconds [static and dynamic dependencies]. Details - ImportResultOutputID=e1afb4f584371cace38dc8534b9f05f5 DependenciesID=c88a876a4e509252d6ad115871e2a3b5 StaticDependenciesID=d7a3e76597c53ceb7621f9a15c488147 
Number of updated asset objects reloaded before import = 0
Number of asset objects unloaded after import = 1
========================================================================
Received Import Request.
  Time of request: 2026-10-01T15:25:34.2455414Z
  Time since last request: 0.0002492 seconds.
  importAddress: GUID: 5bc0112babc1a49bdbd1f6e5d9c13c7b - Path: Packages/com.unity.collab-proxy/Editor/Assets/Images/d_iconmergeview@2x.png - Importer: ScriptedImporter/UnityEditor.QuickSearchModule:UnityEditor.Search:ASIAI0B
Importing 'GUID: 5bc0112babc1a49bdbd1f6e5d9c13c7b - Path: Packages/com.unity.collab-proxy/Editor/Assets/Images/d_iconmergeview@2x.png - Importer: ScriptedImporter/UnityEditor.QuickSearchModule:UnityEditor.Search:ASIAI0B' with importer (ScriptedImporter : UnityEditor.QuickSearchModule:UnityEditor.Search:ASIAI0B)
Imported 'GUID: 5bc0112babc1a49bdbd1f6e5d9c13c7b' -> (Import Result ID: '37fbb8639b52034a3be19dc8feee480d') in 0.007 seconds [static and dynamic dependencies]. Details - ImportResultOutputID=7217c1cb1ba80aea93969c987151a557 DependenciesID=e8100b945c42468e474ee1d26151fbcb StaticDependenciesID=d06a6ebb1bda9c56c4ad2b37a83c5862 
Number of updated asset objects reloaded before import = 0
Number of asset objects unloaded after import = 3
========================================================================
Received Import Request.
  Time of request: 2026-10-01T15:25:34.2528316Z
  Time since last request: 0.0002141 seconds.
  importAddress: GUID: 292bae633fda01e41b8847fad37495c2 - Path: Packages/com.unity.collab-proxy/Editor/Assets/Images/d_iconshelve.png - Importer: ScriptedImporter/UnityEditor.QuickSearchModule:UnityEditor.Search:ASIAI0B
Importing 'GUID: 292bae633fda01e41b8847fad37495c2 - Path: Packages/com.unity.collab-proxy/Editor/Assets/Images/d_iconshelve.png - Importer: ScriptedImporter/UnityEditor.QuickSearchModule:UnityEditor.Search:ASIAI0B' with importer (ScriptedImporter : UnityEditor.QuickSearchModule:UnityEditor.Search:ASIAI0B)
Imported 'GUID: 292bae633fda01e41b8847fad37495c2' -> (Import Result ID: '2c8e0f352ec50c675e438967e22437f4') in 0.006 seconds [static and dynamic dependencies]. Details - ImportResultOutputID=264f89fa76679cf87989db255d9bf8f2 DependenciesID=3abf42cb080df1d5f889a4def78bbc0f StaticDependenciesID=64e73f05fccf3c03695478f15a8fdfa8 
Number of updated asset objects reloaded before import = 0
Number of asset objects unloaded after import = 3
========================================================================
Received Import Request.
  Time of request: 2026-10-01T15:25:34.2589815Z
  Time since last request: 0.000243 seconds.
  importAddress: GUID: 43735cb4df8a4aa49b379e83bd9d77b8 - Path: Packages/com.unity.collab-proxy/Editor/Assets/Images/d_iconzoomout.png - Importer: ScriptedImporter/UnityEditor.QuickSearchModule:UnityEditor.Search:ASIAI0B
Importing 'GUID: 43735cb4df8a4aa49b379e83bd9d77b8 - Path: Packages/com.unity.collab-proxy/Editor/Assets/Images/d_iconzoomout.png - Importer: ScriptedImporter/UnityEditor.QuickSearchModule:UnityEditor.Search:ASIAI0B' with importer (ScriptedImporter : UnityEditor.QuickSearchModule:UnityEditor.Search:ASIAI0B)
Imported 'GUID: 43735cb4df8a4aa49b379e83bd9d77b8' -> (Import Result ID: '2f2a8c5b59f73bc159d3301d0c2f822b') in 0.007 seconds [static and dynamic dependencies]. Details - ImportResultOutputID=0de259dccfa5551b634e4f07c4e6630d DependenciesID=3281ae4ca6b9a2d77fdbbdddc4a2db21 StaticDependenciesID=11dd685da01817d9ba1a635324e1f7c0 
Number of updated asset objects reloaded before import = 0
Number of asset objects unloaded after import = 3
========================================================================
Received Import Request.
  Time of request: 2026-10-01T15:25:34.2664044Z
  Time since last request: 0.0002469 seconds.
  importAddress: GUID: 19b06b801c204604290761788cf6e125 - Path: Packages/com.unity.collab-proxy/Editor/Assets/Images/d_iconpackageupdateavailable@2x.png - Importer: ScriptedImporter/UnityEditor.QuickSearchModule:UnityEditor.Search:ASIAI0B
Importing 'GUID: 19b06b801c204604290761788cf6e125 - Path: Packages/com.unity.collab-proxy/Editor/Assets/Images/d_iconpackageupdateavailable@2x.png - Importer: ScriptedImporter/UnityEditor.QuickSearchModule:UnityEditor.Search:ASIAI0B' with importer (ScriptedImporter : UnityEditor.QuickSearchModule:UnityEditor.Search:ASIAI0B)
Imported 'GUID: 19b06b801c204604290761788cf6e125' -> (Import Result ID: '0d7c9dde8dccc065c7c6c5e479f58eef') in 0.007 seconds [static and dynamic dependencies]. Details - ImportResultOutputID=ebbb4f095026892eb6e4c51dcdd4f9dd DependenciesID=875dbb2916bf6b00c7651eec2d1f98d3 StaticDependenciesID=9da55dada4cf19c21f7f63245661decc 
Number of updated asset objects reloaded before import = 0
Number of asset objects unloaded after import = 3
========================================================================
Received Import Request.
  Time of request: 2026-10-01T15:25:34.2818481Z
  Time since last request: 0.0078032 seconds.
  importAddress: GUID: 11d4f7dd8fc834c8e92cab84d5137828 - Path: Packages/com.unity.collab-proxy/Editor/Assets/Images/d_iconpendingchangesview.png - Importer: ScriptedImporter/UnityEditor.QuickSearchModule:UnityEditor.Search:ASIAI0B
Importing 'GUID: 11d4f7dd8fc834c8e92cab84d5137828 - Path: Packages/com.unity.collab-proxy/Editor/Assets/Images/d_iconpendingchangesview.png - Importer: ScriptedImporter/UnityEditor.QuickSearchModule:UnityEditor.Search:ASIAI0B' with importer (ScriptedImporter : UnityEditor.QuickSearchModule:UnityEditor.Search:ASIAI0B)
Imported 'GUID: 11d4f7dd8fc834c8e92cab84d5137828' -> (Import Result ID: 'ae855dc2971d1d05d0eecf371f0dce23') in 0.009 seconds [static and dynamic dependencies]. Details - ImportResultOutputID=2cc65768c2bcb983d780a5bd874c9ce4 DependenciesID=c8f9a684695a37fd582cf2d4d9c71ae4 StaticDependenciesID=cf3634bfccc1e298a704a66837059abd 
Number of updated asset objects reloaded before import = 0
Number of asset objects unloaded after import = 3
========================================================================
Received Import Request.
  Time of request: 2026-10-01T15:25:34.2914954Z
  Time since last request: 0.0001988 seconds.
  importAddress: GUID: 277242a6729244ec1915c31e00f364a3 - Path: Packages/com.unity.collab-proxy/Editor/Assets/Images/d_iconprev.png - Importer: ScriptedImporter/UnityEditor.QuickSearchModule:UnityEditor.Search:ASIAI0B
Importing 'GUID: 277242a6729244ec1915c31e00f364a3 - Path: Packages/com.unity.collab-proxy/Editor/Assets/Images/d_iconprev.png - Importer: ScriptedImporter/UnityEditor.QuickSearchModule:UnityEditor.Search:ASIAI0B' with importer (ScriptedImporter : UnityEditor.QuickSearchModule:UnityEditor.Search:ASIAI0B)
Imported 'GUID: 277242a6729244ec1915c31e00f364a3' -> (Import Result ID: '0b737db61a7a0f0faba6d6e90895ae54') in 0.007 seconds [static and dynamic dependencies]. Details - ImportResultOutputID=0f5940a497d4d7e65eea6e22eeb4dfe4 DependenciesID=95953e77dda940dd8adaf9a2d22b7161 StaticDependenciesID=596f057b3070aa4673622234b0ac23bf 
Number of updated asset objects reloaded before import = 0
Number of asset objects unloaded after import = 3
========================================================================
Received Import Request.
  Time of request: 2026-10-01T15:25:34.2987286Z
  Time since last request: 0.0002313 seconds.
  importAddress: GUID: 2bb4e96f5d0b02c468932d665a015c54 - Path: Packages/com.unity.collab-proxy/Editor/Assets/Images/d_iconlockedremoteoverlay@2x.png - Importer: ScriptedImporter/UnityEditor.QuickSearchModule:UnityEditor.Search:ASIAI0B
Importing 'GUID: 2bb4e96f5d0b02c468932d665a015c54 - Path: Packages/com.unity.collab-proxy/Editor/Assets/Images/d_iconlockedremoteoverlay@2x.png - Importer: ScriptedImporter/UnityEditor.QuickSearchModule:UnityEditor.Search:ASIAI0B' with importer (ScriptedImporter : UnityEditor.QuickSearchModule:UnityEditor.Search:ASIAI0B)
Imported 'GUID: 2bb4e96f5d0b02c468932d665a015c54' -> (Import Result ID: '9a231f099af6d3ecbbd2418d740e1c32') in 0.006 seconds [static and dynamic dependencies]. Details - ImportResultOutputID=83afeabc2419b583503c640a907129d7 DependenciesID=005b3489cb265198b59a171c1a62b219 StaticDependenciesID=95872d567fc11e570ba6f2aeef317a7c 
Number of updated asset objects reloaded before import = 0
Number of asset objects unloaded after import = 1
========================================================================
Received Import Request.
  Time of request: 2026-10-01T15:25:34.3047099Z
  Time since last request: 0.0002928 seconds.
  importAddress: GUID: aa56ed15cc1254489866c414e4d3c7ba - Path: Packages/com.unity.collab-proxy/Editor/Assets/Images/d_iconmovedoverlay.png - Importer: ScriptedImporter/UnityEditor.QuickSearchModule:UnityEditor.Search:ASIAI0B
Importing 'GUID: aa56ed15cc1254489866c414e4d3c7ba - Path: Packages/com.unity.collab-proxy/Editor/Assets/Images/d_iconmovedoverlay.png - Importer: ScriptedImporter/UnityEditor.QuickSearchModule:UnityEditor.Search:ASIAI0B' with importer (ScriptedImporter : UnityEditor.QuickSearchModule:UnityEditor.Search:ASIAI0B)
Imported 'GUID: aa56ed15cc1254489866c414e4d3c7ba' -> (Import Result ID: '86c00f79a13c158e34029464253116a6') in 0.006 seconds [static and dynamic dependencies]. Details - ImportResultOutputID=89863341d4d8ca6706e1ce6b72cb5813 DependenciesID=1532b58ee7960f7cd2a03499c6f33471 StaticDependenciesID=cbbf6a24f43515ed85d02082e85cbcc8 
Number of updated asset objects reloaded before import = 0
Number of asset objects unloaded after import = 3
========================================================================
Received Import Request.
  Time of request: 2026-10-01T15:25:34.3113074Z
  Time since last request: 0.0001167 seconds.
  importAddress: GUID: 320a7c2756434dc43b9ecca2585168b2 - Path: Packages/com.unity.collab-proxy/Editor/Assets/Images/d_iconzoomout@2x.png - Importer: ScriptedImporter/UnityEditor.QuickSearchModule:UnityEditor.Search:ASIAI0B
Importing 'GUID: 320a7c2756434dc43b9ecca2585168b2 - Path: Packages/com.unity.collab-proxy/Editor/Assets/Images/d_iconzoomout@2x.png - Importer: ScriptedImporter/UnityEditor.QuickSearchModule:UnityEditor.Search:ASIAI0B' with importer (ScriptedImporter : UnityEditor.QuickSearchModule:UnityEditor.Search:ASIAI0B)
Imported 'GUID: 320a7c2756434dc43b9ecca2585168b2' -> (Import Result ID: 'b8f5ea76bd6c22a42566d93fd206d076') in 0.006 seconds [static and dynamic dependencies]. Details - ImportResultOutputID=d85e7cd1e9abb37a25b7745c10a11175 DependenciesID=c46f345826c0cbc8783546de80678a10 StaticDependenciesID=4bce7393d97732f587e5215625e99797 
Number of updated asset objects reloaded before import = 0
Number of asset objects unloaded after import = 3
========================================================================
Received Import Request.
  Time of request: 2026-10-01T15:25:34.3180629Z
  Time since last request: 0.0002211 seconds.
  importAddress: GUID: 68587391d99444fd2a157ca65484dee2 - Path: Packages/com.unity.collab-proxy/Editor/Assets/Images/d_iconprev@2x.png - Importer: ScriptedImporter/UnityEditor.QuickSearchModule:UnityEditor.Search:ASIAI0B
Importing 'GUID: 68587391d99444fd2a157ca65484dee2 - Path: Packages/com.unity.collab-proxy/Editor/Assets/Images/d_iconprev@2x.png - Importer: ScriptedImporter/UnityEditor.QuickSearchModule:UnityEditor.Search:ASIAI0B' with importer (ScriptedImporter : UnityEditor.QuickSearchModule:UnityEditor.Search:ASIAI0B)
Imported 'GUID: 68587391d99444fd2a157ca65484dee2' -> (Import Result ID: '9dbf6d2858b9bfe7ee95bcfede677d2e') in 0.006 seconds [static and dynamic dependencies]. Details - ImportResultOutputID=051d6fc4c6a7f0ee4787d6618e7a7a7d DependenciesID=163dd0b5c013ef0d3348679a231ab800 StaticDependenciesID=dddeac5231e9bbd63fd58c9e3e4acbb9 
Number of updated asset objects reloaded before import = 0
Number of asset objects unloaded after import = 3
========================================================================
Received Import Request.
  Time of request: 2026-10-01T15:25:34.3243587Z
  Time since last request: 0.0002396 seconds.
  importAddress: GUID: f180c6addffab449cb6897ba994abec5 - Path: Packages/com.unity.collab-proxy/Editor/Assets/Images/d_iconplasticnotifypendingchangesandincoming.png - Importer: ScriptedImporter/UnityEditor.QuickSearchModule:UnityEditor.Search:ASIAI0B
Importing 'GUID: f180c6addffab449cb6897ba994abec5 - Path: Packages/com.unity.collab-proxy/Editor/Assets/Images/d_iconplasticnotifypendingchangesandincoming.png - Importer: ScriptedImporter/UnityEditor.QuickSearchModule:UnityEditor.Search:ASIAI0B' with importer (ScriptedImporter : UnityEditor.QuickSearchModule:UnityEditor.Search:ASIAI0B)
Imported 'GUID: f180c6addffab449cb6897ba994abec5' -> (Import Result ID: 'f37c041509174d7e554359afb07b035e') in 0.007 seconds [static and dynamic dependencies]. Details - ImportResultOutputID=ea51c3cad2918c762162a039c6d8d7b6 DependenciesID=9f9ab1df28d58b6df0c07683afbdf32f StaticDependenciesID=9524ef275cdfa73fd33c0b54c6aeee59 
Number of updated asset objects reloaded before import = 0
Number of asset objects unloaded after import = 3
========================================================================
Received Import Request.
  Time of request: 2026-10-01T15:25:34.3319178Z
  Time since last request: 0.0002128 seconds.
  importAddress: GUID: 7ee48c5fba4919649a8a6094cbead669 - Path: Packages/com.unity.collab-proxy/Editor/Assets/Images/d_loading@2x.png - Importer: ScriptedImporter/UnityEditor.QuickSearchModule:UnityEditor.Search:ASIAI0B
Importing 'GUID: 7ee48c5fba4919649a8a6094cbead669 - Path: Packages/com.unity.collab-proxy/Editor/Assets/Images/d_loading@2x.png - Importer: ScriptedImporter/UnityEditor.QuickSearchModule:UnityEditor.Search:ASIAI0B' with importer (ScriptedImporter : UnityEditor.QuickSearchModule:UnityEditor.Search:ASIAI0B)
Imported 'GUID: 7ee48c5fba4919649a8a6094cbead669' -> (Import Result ID: '91116812629149804bf48165f805f19e') in 0.005 seconds [static and dynamic dependencies]. Details - ImportResultOutputID=0e522e4fac363fab774b156cadd8b34e DependenciesID=027fd48dce5dc509bc6367f23b58aef7 StaticDependenciesID=f681bdc2ba80986991aba8e467cfe388 
Number of updated asset objects reloaded before import = 0
Number of asset objects unloaded after import = 1
========================================================================
Received Import Request.
  Time of request: 2026-10-01T15:25:34.3371364Z
  Time since last request: 0.0002424 seconds.
  importAddress: GUID: 23743f0c0ed1e6546808a5d645c2a6a5 - Path: Packages/com.unity.collab-proxy/Editor/Assets/Images/d_iconplasticnotifyconflict@2x.png - Importer: ScriptedImporter/UnityEditor.QuickSearchModule:UnityEditor.Search:ASIAI0B
Importing 'GUID: 23743f0c0ed1e6546808a5d645c2a6a5 - Path: Packages/com.unity.collab-proxy/Editor/Assets/Images/d_iconplasticnotifyconflict@2x.png - Importer: ScriptedImporter/UnityEditor.QuickSearchModule:UnityEditor.Search:ASIAI0B' with importer (ScriptedImporter : UnityEditor.QuickSearchModule:UnityEditor.Search:ASIAI0B)
Imported 'GUID: 23743f0c0ed1e6546808a5d645c2a6a5' -> (Import Result ID: '6d9b5a717242dc6a54c5a93277536ea8') in 0.009 seconds [static and dynamic dependencies]. Details - ImportResultOutputID=8cf4214e60fee6c7d44e1bacb9389428 DependenciesID=2134e01ae1606a963527be4fa2c25b86 StaticDependenciesID=bbe1003e4d7156fc016957fb7f09b538 
Number of updated asset objects reloaded before import = 0
Number of asset objects unloaded after import = 1
========================================================================
Received Import Request.
  Time of request: 2026-10-01T15:25:34.3469855Z
  Time since last request: 0.0002571 seconds.
  importAddress: GUID: d83d26a46db2b504fbcfa6f2aae590b6 - Path: Packages/com.unity.collab-proxy/Editor/Assets/Images/d_iconretainedoverlay.png - Importer: ScriptedImporter/UnityEditor.QuickSearchModule:UnityEditor.Search:ASIAI0B
Importing 'GUID: d83d26a46db2b504fbcfa6f2aae590b6 - Path: Packages/com.unity.collab-proxy/Editor/Assets/Images/d_iconretainedoverlay.png - Importer: ScriptedImporter/UnityEditor.QuickSearchModule:UnityEditor.Search:ASIAI0B' with importer (ScriptedImporter : UnityEditor.QuickSearchModule:UnityEditor.Search:ASIAI0B)
Imported 'GUID: d83d26a46db2b504fbcfa6f2aae590b6' -> (Import Result ID: '7bf459ea4a8a0ffdbd4e3034f9863590') in 0.006 seconds [static and dynamic dependencies]. Details - ImportResultOutputID=e87591225fa21286adb5a648c701ef46 DependenciesID=a5b6328afb435287579c2b04819e7f31 StaticDependenciesID=3a53f47b074983dabf31039a9fedf9e0 
Number of updated asset objects reloaded before import = 0
Number of asset objects unloaded after import = 3
========================================================================
Received Import Request.
  Time of request: 2026-10-01T15:25:34.3538405Z
  Time since last request: 0.0002107 seconds.
  importAddress: GUID: fb519413feea947a6a64d10369922196 - Path: Packages/com.unity.collab-proxy/Editor/Assets/Images/d_iconzoomtofit@2x.png - Importer: ScriptedImporter/UnityEditor.QuickSearchModule:UnityEditor.Search:ASIAI0B
Importing 'GUID: fb519413feea947a6a64d10369922196 - Path: Packages/com.unity.collab-proxy/Editor/Assets/Images/d_iconzoomtofit@2x.png - Importer: ScriptedImporter/UnityEditor.QuickSearchModule:UnityEditor.Search:ASIAI0B' with importer (ScriptedImporter : UnityEditor.QuickSearchModule:UnityEditor.Search:ASIAI0B)
Imported 'GUID: fb519413feea947a6a64d10369922196' -> (Import Result ID: 'f373942f321acba49a24a36a6bcdb9f5') in 0.010 seconds [static and dynamic dependencies]. Details - ImportResultOutputID=3255b00874c729c8a1910168475e54b2 DependenciesID=9daaf762ed99ed800d7895a1e54febe0 StaticDependenciesID=bb5f3d6b5f77a4d26eb329e7d7fd3f27 
Number of updated asset objects reloaded before import = 0
Number of asset objects unloaded after import = 3
========================================================================
Received Import Request.
  Time of request: 2026-10-01T15:25:34.364757Z
  Time since last request: 0.0002948 seconds.
  importAddress: GUID: 9b17bb516dcde4f24a6183d3f09501e4 - Path: Packages/com.unity.collab-proxy/Editor/Assets/Images/d_iconzoomtofit.png - Importer: ScriptedImporter/UnityEditor.QuickSearchModule:UnityEditor.Search:ASIAI0B
Importing 'GUID: 9b17bb516dcde4f24a6183d3f09501e4 - Path: Packages/com.unity.collab-proxy/Editor/Assets/Images/d_iconzoomtofit.png - Importer: ScriptedImporter/UnityEditor.QuickSearchModule:UnityEditor.Search:ASIAI0B' with importer (ScriptedImporter : UnityEditor.QuickSearchModule:UnityEditor.Search:ASIAI0B)
Imported 'GUID: 9b17bb516dcde4f24a6183d3f09501e4' -> (Import Result ID: '912ef7ae42e0aa774978a1e6f3f26abc') in 0.012 seconds [static and dynamic dependencies]. Details - ImportResultOutputID=bc60f284324752ec0d76da46736844cb DependenciesID=d90f8736e2ce245ebe93f460d847b790 StaticDependenciesID=d143314b240e1011494319aeb45a46f2 
Number of updated asset objects reloaded before import = 0
Number of asset objects unloaded after import = 3
========================================================================
Received Import Request.
  Time of request: 2026-10-01T15:25:34.378978Z
  Time since last request: 0.0019371 seconds.
  importAddress: GUID: c5fc116b3271b5947808130b2212cd60 - Path: Packages/com.unity.collab-proxy/Editor/Assets/Images/d_iconplasticnotifyincoming@2x.png - Importer: ScriptedImporter/UnityEditor.QuickSearchModule:UnityEditor.Search:ASIAI0B
Importing 'GUID: c5fc116b3271b5947808130b2212cd60 - Path: Packages/com.unity.collab-proxy/Editor/Assets/Images/d_iconplasticnotifyincoming@2x.png - Importer: ScriptedImporter/UnityEditor.QuickSearchModule:UnityEditor.Search:ASIAI0B' with importer (ScriptedImporter : UnityEditor.QuickSearchModule:UnityEditor.Search:ASIAI0B)
Imported 'GUID: c5fc116b3271b5947808130b2212cd60' -> (Import Result ID: '530b302ad789e3e522c6eb6cb03cc61c') in 0.006 seconds [static and dynamic dependencies]. Details - ImportResultOutputID=e0cb6d088b70bb21ba09841b19a1a41e DependenciesID=7de0a554782f962b51f0fd7d07c2d9fb StaticDependenciesID=48076c9df2b48f9605c1c0272bedb4b1 
Number of updated asset objects reloaded before import = 0
Number of asset objects unloaded after import = 1
========================================================================
Received Import Request.
  Time of request: 2026-10-01T15:25:34.3859004Z
  Time since last request: 0.0003842 seconds.
  importAddress: GUID: 5544f39aea350784ba1dd4ecc285b777 - Path: Packages/com.unity.collab-proxy/Editor/Assets/Images/d_iconzoomin.png - Importer: ScriptedImporter/UnityEditor.QuickSearchModule:UnityEditor.Search:ASIAI0B
Importing 'GUID: 5544f39aea350784ba1dd4ecc285b777 - Path: Packages/com.unity.collab-proxy/Editor/Assets/Images/d_iconzoomin.png - Importer: ScriptedImporter/UnityEditor.QuickSearchModule:UnityEditor.Search:ASIAI0B' with importer (ScriptedImporter : UnityEditor.QuickSearchModule:UnityEditor.Search:ASIAI0B)
Imported 'GUID: 5544f39aea350784ba1dd4ecc285b777' -> (Import Result ID: 'fac60d19c80dc5744be8ef6dd0d8eabd') in 0.009 seconds [static and dynamic dependencies]. Details - ImportResultOutputID=162be66960bdb702c32826a9fe6e33eb DependenciesID=4dc3df8cc99b4920f13f96fc2a880de1 StaticDependenciesID=9330da5e0b30ae34e264ef3e614f5c4b 
Number of updated asset objects reloaded before import = 0
Number of asset objects unloaded after import = 3
========================================================================
Received Import Request.
  Time of request: 2026-10-01T15:25:34.395678Z
  Time since last request: 0.0002328 seconds.
  importAddress: GUID: bcc1ec3ffeb1c46f7abd19daa3e05f49 - Path: Packages/com.unity.collab-proxy/Editor/Assets/Images/d_inclusionrule@2x.png - Importer: ScriptedImporter/UnityEditor.QuickSearchModule:UnityEditor.Search:ASIAI0B
Importing 'GUID: bcc1ec3ffeb1c46f7abd19daa3e05f49 - Path: Packages/com.unity.collab-proxy/Editor/Assets/Images/d_inclusionrule@2x.png - Importer: ScriptedImporter/UnityEditor.QuickSearchModule:UnityEditor.Search:ASIAI0B' with importer (ScriptedImporter : UnityEditor.QuickSearchModule:UnityEditor.Search:ASIAI0B)
Imported 'GUID: bcc1ec3ffeb1c46f7abd19daa3e05f49' -> (Import Result ID: '26b2cb92786db24c355e2c7f54d3fa98') in 0.008 seconds [static and dynamic dependencies]. Details - ImportResultOutputID=e02c9fd7de34b11b01b688e6f4b521cc DependenciesID=d10610694fbd6fb7bb672edcf25b337a StaticDependenciesID=fe6926c6fcfc65f1c56167846a10d16c 
Number of updated asset objects reloaded before import = 0
Number of asset objects unloaded after import = 3
========================================================================
Received Import Request.
  Time of request: 2026-10-01T15:25:34.4040045Z
  Time since last request: 0.0002478 seconds.
  importAddress: GUID: 92b8c447daf4d4b41a0ec148d1091261 - Path: Packages/com.unity.collab-proxy/Editor/Assets/Images/d_refresh.png - Importer: ScriptedImporter/UnityEditor.QuickSearchModule:UnityEditor.Search:ASIAI0B
Importing 'GUID: 92b8c447daf4d4b41a0ec148d1091261 - Path: Packages/com.unity.collab-proxy/Editor/Assets/Images/d_refresh.png - Importer: ScriptedImporter/UnityEditor.QuickSearchModule:UnityEditor.Search:ASIAI0B' with importer (ScriptedImporter : UnityEditor.QuickSearchModule:UnityEditor.Search:ASIAI0B)
Imported 'GUID: 92b8c447daf4d4b41a0ec148d1091261' -> (Import Result ID: '2c9a047a6cd3375f21694e92f0ad5f13') in 0.005 seconds [static and dynamic dependencies]. Details - ImportResultOutputID=0b01f66cb62862fd4cecca1e38f87501 DependenciesID=d043b01d2b6d720857c6333ad869dcb0 StaticDependenciesID=eaec3754c57d8e09f6fdd51d7af0623e 
Number of updated asset objects reloaded before import = 0
Number of asset objects unloaded after import = 1
========================================================================
Received Import Request.
  Time of request: 2026-10-01T15:25:34.4099317Z
  Time since last request: 0.0002726 seconds.
  importAddress: GUID: 519d97e745e55f041b609f3666cbc037 - Path: Packages/com.unity.collab-proxy/Editor/Assets/Images/d_iconplasticview.png - Importer: ScriptedImporter/UnityEditor.QuickSearchModule:UnityEditor.Search:ASIAI0B
Importing 'GUID: 519d97e745e55f041b609f3666cbc037 - Path: Packages/com.unity.collab-proxy/Editor/Assets/Images/d_iconplasticview.png - Importer: ScriptedImporter/UnityEditor.QuickSearchModule:UnityEditor.Search:ASIAI0B' with importer (ScriptedImporter : UnityEditor.QuickSearchModule:UnityEditor.Search:ASIAI0B)
Imported 'GUID: 519d97e745e55f041b609f3666cbc037' -> (Import Result ID: '314d694c6672ab2c72f1f8d570b8fca4') in 0.005 seconds [static and dynamic dependencies]. Details - ImportResultOutputID=e08e414a40b459449504cfe6324a4217 DependenciesID=83b2c41831faf9ee38dc8d8330b65a39 StaticDependenciesID=0538a7be57cede7c7cb23780e79b7613 
Number of updated asset objects reloaded before import = 0
Number of asset objects unloaded after import = 1
========================================================================
Received Import Request.
  Time of request: 2026-10-01T15:25:34.4156723Z
  Time since last request: 0.0002871 seconds.
  importAddress: GUID: 998e4aae0494244578bee3771d57801c - Path: Packages/com.unity.collab-proxy/Editor/Assets/Images/d_iconmergeview.png - Importer: ScriptedImporter/UnityEditor.QuickSearchModule:UnityEditor.Search:ASIAI0B
Importing 'GUID: 998e4aae0494244578bee3771d57801c - Path: Packages/com.unity.collab-proxy/Editor/Assets/Images/d_iconmergeview.png - Importer: ScriptedImporter/UnityEditor.QuickSearchModule:UnityEditor.Search:ASIAI0B' with importer (ScriptedImporter : UnityEditor.QuickSearchModule:UnityEditor.Search:ASIAI0B)
Imported 'GUID: 998e4aae0494244578bee3771d57801c' -> (Import Result ID: '2fbf1ca0d47703ca548ca27eb974266b') in 0.012 seconds [static and dynamic dependencies]. Details - ImportResultOutputID=1591dc589abc1ad4c85320146fcefc23 DependenciesID=cc64caaf4e8b747068d7837019b24ccc StaticDependenciesID=c553e56d667ebeb24cebda234055c120 
Number of updated asset objects reloaded before import = 0
Number of asset objects unloaded after import = 3
========================================================================
Received Import Request.
  Time of request: 2026-10-01T15:25:34.4280141Z
  Time since last request: 0.000267 seconds.
  importAddress: GUID: 4a652ffb5816840768619c35903cb1fa - Path: Packages/com.unity.collab-proxy/Editor/Assets/Images/d_iconprivateoverlay.png - Importer: ScriptedImporter/UnityEditor.QuickSearchModule:UnityEditor.Search:ASIAI0B
Importing 'GUID: 4a652ffb5816840768619c35903cb1fa - Path: Packages/com.unity.collab-proxy/Editor/Assets/Images/d_iconprivateoverlay.png - Importer: ScriptedImporter/UnityEditor.QuickSearchModule:UnityEditor.Search:ASIAI0B' with importer (ScriptedImporter : UnityEditor.QuickSearchModule:UnityEditor.Search:ASIAI0B)
Imported 'GUID: 4a652ffb5816840768619c35903cb1fa' -> (Import Result ID: 'd52603d69099532b78747be2142c476e') in 0.008 seconds [static and dynamic dependencies]. Details - ImportResultOutputID=9960f32b07ae4b470002e20f60ce75a8 DependenciesID=da946efdc2c0a478588467989c166d20 StaticDependenciesID=d72e59c3a92f0bb08e705c6893a2e84f 
Number of updated asset objects reloaded before import = 0
Number of asset objects unloaded after import = 3
========================================================================
Received Import Request.
  Time of request: 2026-10-01T15:25:34.4369237Z
  Time since last request: 0.000241 seconds.
  importAddress: GUID: ae53a7884da90e94eb5dfeab594b746c - Path: Packages/com.unity.collab-proxy/Editor/Assets/Images/d_iconlockedlocaloverlay@2x.png - Importer: ScriptedImporter/UnityEditor.QuickSearchModule:UnityEditor.Search:ASIAI0B
Importing 'GUID: ae53a7884da90e94eb5dfeab594b746c - Path: Packages/com.unity.collab-proxy/Editor/Assets/Images/d_iconlockedlocaloverlay@2x.png - Importer: ScriptedImporter/UnityEditor.QuickSearchModule:UnityEditor.Search:ASIAI0B' with importer (ScriptedImporter : UnityEditor.QuickSearchModule:UnityEditor.Search:ASIAI0B)
Imported 'GUID: ae53a7884da90e94eb5dfeab594b746c' -> (Import Result ID: '76881f636033206a3b837b7a8a4e1db2') in 0.006 seconds [static and dynamic dependencies]. Details - ImportResultOutputID=ad7fcd074d40dfe4195c1412e9623242 DependenciesID=7f4ea9512604d20c5f10b069cf8c0d20 StaticDependenciesID=744d8340977742da47a7f81e85d087b3 
Number of updated asset objects reloaded before import = 0
Number of asset objects unloaded after import = 1
========================================================================
Received Import Request.
  Time of request: 2026-10-01T15:25:34.4434152Z
  Time since last request: 0.0001186 seconds.
  importAddress: GUID: 20647d71003f8e34685b1972b30dbd2b - Path: Packages/com.unity.collab-proxy/Editor/Assets/Images/d_iconlockretained@2x.png - Importer: ScriptedImporter/UnityEditor.QuickSearchModule:UnityEditor.Search:ASIAI0B
Importing 'GUID: 20647d71003f8e34685b1972b30dbd2b - Path: Packages/com.unity.collab-proxy/Editor/Assets/Images/d_iconlockretained@2x.png - Importer: ScriptedImporter/UnityEditor.QuickSearchModule:UnityEditor.Search:ASIAI0B' with importer (ScriptedImporter : UnityEditor.QuickSearchModule:UnityEditor.Search:ASIAI0B)
Imported 'GUID: 20647d71003f8e34685b1972b30dbd2b' -> (Import Result ID: 'd0fac79954146180c2e13eb70b9ec4b2') in 0.007 seconds [static and dynamic dependencies]. Details - ImportResultOutputID=4b2313900dd0558a85f2c96c961ddd95 DependenciesID=59572d5cc963c7737e49693a64afb659 StaticDependenciesID=cf2f150900c818f817ea52ab855f94af 
Number of updated asset objects reloaded before import = 0
Number of asset objects unloaded after import = 3
========================================================================
Received Import Request.
  Time of request: 2026-10-01T15:25:34.4510783Z
  Time since last request: 0.0003965 seconds.
  importAddress: GUID: dc633de6e6e7415448c7568418239a9d - Path: Packages/com.unity.collab-proxy/Editor/Assets/Images/d_iconoutofsyncoverlay.png - Importer: ScriptedImporter/UnityEditor.QuickSearchModule:UnityEditor.Search:ASIAI0B
Importing 'GUID: dc633de6e6e7415448c7568418239a9d - Path: Packages/com.unity.collab-proxy/Editor/Assets/Images/d_iconoutofsyncoverlay.png - Importer: ScriptedImporter/UnityEditor.QuickSearchModule:UnityEditor.Search:ASIAI0B' with importer (ScriptedImporter : UnityEditor.QuickSearchModule:UnityEditor.Search:ASIAI0B)
Imported 'GUID: dc633de6e6e7415448c7568418239a9d' -> (Import Result ID: '5eafdcd72936224e939ee52634df42b6') in 0.005 seconds [static and dynamic dependencies]. Details - ImportResultOutputID=788438e3327093c4f1b4b66654d3d815 DependenciesID=70af7a1aebecc3bbf1d3b86e5dccc06e StaticDependenciesID=26419644a691a883c166e33bdb37f12f 
Number of updated asset objects reloaded before import = 0
Number of asset objects unloaded after import = 1
========================================================================
Received Import Request.
  Time of request: 2026-10-01T15:25:34.4576175Z
  Time since last request: 0.0000733 seconds.
  importAddress: GUID: a9cec377658c44e5ba06fde05976bee6 - Path: Packages/com.unity.collab-proxy/Editor/Assets/Images/d_iconlast.png - Importer: ScriptedImporter/UnityEditor.QuickSearchModule:UnityEditor.Search:ASIAI0B
Importing 'GUID: a9cec377658c44e5ba06fde05976bee6 - Path: Packages/com.unity.collab-proxy/Editor/Assets/Images/d_iconlast.png - Importer: ScriptedImporter/UnityEditor.QuickSearchModule:UnityEditor.Search:ASIAI0B' with importer (ScriptedImporter : UnityEditor.QuickSearchModule:UnityEditor.Search:ASIAI0B)
Imported 'GUID: a9cec377658c44e5ba06fde05976bee6' -> (Import Result ID: '7655f654e4273a01122f827d20bc515b') in 0.006 seconds [static and dynamic dependencies]. Details - ImportResultOutputID=0c7b7910aee0d3aae12f253417e45e64 DependenciesID=02810a158e9c8364c19c4e9bd1deed45 StaticDependenciesID=89b7bca80e6de7d8c9494f7a1822162f 
Number of updated asset objects reloaded before import = 0
Number of asset objects unloaded after import = 3
========================================================================
Received Import Request.
  Time of request: 2026-10-01T15:25:34.4643253Z
  Time since last request: 0.0002233 seconds.
  importAddress: GUID: 450a5bff12481484c862ad1ab592a858 - Path: Packages/com.unity.collab-proxy/Editor/Assets/Images/d_iconnext.png - Importer: ScriptedImporter/UnityEditor.QuickSearchModule:UnityEditor.Search:ASIAI0B
Importing 'GUID: 450a5bff12481484c862ad1ab592a858 - Path: Packages/com.unity.collab-proxy/Editor/Assets/Images/d_iconnext.png - Importer: ScriptedImporter/UnityEditor.QuickSearchModule:UnityEditor.Search:ASIAI0B' with importer (ScriptedImporter : UnityEditor.QuickSearchModule:UnityEditor.Search:ASIAI0B)
Imported 'GUID: 450a5bff12481484c862ad1ab592a858' -> (Import Result ID: 'c41ae28c23f051970585c792d165a17e') in 0.007 seconds [static and dynamic dependencies]. Details - ImportResultOutputID=6dc7468db68c27a7a26b6ed8fdcda43f DependenciesID=c0f89538f0a5d7c7ddaebaa5bd300d90 StaticDependenciesID=a0e29d57591ee47bdb75f70677f23ca9 
Number of updated asset objects reloaded before import = 0
Number of asset objects unloaded after import = 3
========================================================================
Received Import Request.
  Time of request: 2026-10-01T15:25:34.4719199Z
  Time since last request: 0.000225 seconds.
  importAddress: GUID: 71c45f80bffdb9145ad2c456254c862e - Path: Packages/com.unity.collab-proxy/Editor/Assets/Images/d_iconlockedlocaloverlay.png - Importer: ScriptedImporter/UnityEditor.QuickSearchModule:UnityEditor.Search:ASIAI0B
Importing 'GUID: 71c45f80bffdb9145ad2c456254c862e - Path: Packages/com.unity.collab-proxy/Editor/Assets/Images/d_iconlockedlocaloverlay.png - Importer: ScriptedImporter/UnityEditor.QuickSearchModule:UnityEditor.Search:ASIAI0B' with importer (ScriptedImporter : UnityEditor.QuickSearchModule:UnityEditor.Search:ASIAI0B)
Imported 'GUID: 71c45f80bffdb9145ad2c456254c862e' -> (Import Result ID: '545627648aba5bfa70dee0ef165bc643') in 0.005 seconds [static and dynamic dependencies]. Details - ImportResultOutputID=2fe70ebc34858f2e6495a0b4341e2393 DependenciesID=b3ffbc3b82e8a57228d83310d367476d StaticDependenciesID=2e9a08df8f2e8562999a569088626c34 
Number of updated asset objects reloaded before import = 0
Number of asset objects unloaded after import = 1
========================================================================
Received Import Request.
  Time of request: 2026-10-01T15:25:34.4776547Z
  Time since last request: 0.0002828 seconds.
  importAddress: GUID: f7adc828ed70a485db62c459bdf09525 - Path: Packages/com.unity.collab-proxy/Editor/Assets/Images/d_iconlock.png - Importer: ScriptedImporter/UnityEditor.QuickSearchModule:UnityEditor.Search:ASIAI0B
Importing 'GUID: f7adc828ed70a485db62c459bdf09525 - Path: Packages/com.unity.collab-proxy/Editor/Assets/Images/d_iconlock.png - Importer: ScriptedImporter/UnityEditor.QuickSearchModule:UnityEditor.Search:ASIAI0B' with importer (ScriptedImporter : UnityEditor.QuickSearchModule:UnityEditor.Search:ASIAI0B)
Imported 'GUID: f7adc828ed70a485db62c459bdf09525' -> (Import Result ID: '23e2dc23a4b648ccd3466364b099a90b') in 0.006 seconds [static and dynamic dependencies]. Details - ImportResultOutputID=c6c3f95544eadbf3027a1df73e02c28a DependenciesID=0ef3dbad60952441a91f7c1f47d08c90 StaticDependenciesID=3fd02a8461b3325ee31da87ae6878917 
Number of updated asset objects reloaded before import = 0
Number of asset objects unloaded after import = 3
========================================================================
Received Import Request.
  Time of request: 2026-10-01T15:25:34.4845103Z
  Time since last request: 0.0002639 seconds.
  importAddress: GUID: 68302c8c48e3cee4aad72dbbf7894781 - Path: Packages/com.unity.collab-proxy/Editor/Assets/Images/d_iconpendingchanges@2x.png - Importer: ScriptedImporter/UnityEditor.QuickSearchModule:UnityEditor.Search:ASIAI0B
Importing 'GUID: 68302c8c48e3cee4aad72dbbf7894781 - Path: Packages/com.unity.collab-proxy/Editor/Assets/Images/d_iconpendingchanges@2x.png - Importer: ScriptedImporter/UnityEditor.QuickSearchModule:UnityEditor.Search:ASIAI0B' with importer (ScriptedImporter : UnityEditor.QuickSearchModule:UnityEditor.Search:ASIAI0B)
Imported 'GUID: 68302c8c48e3cee4aad72dbbf7894781' -> (Import Result ID: '201980bab916fe0b668b051a3fb66b0a') in 0.006 seconds [static and dynamic dependencies]. Details - ImportResultOutputID=44d79024b9c86ac08e61e561716fd152 DependenciesID=53c799ed611a5a4d50ee1a98c6343a7d StaticDependenciesID=1d13112772df9de454dd7fad4bf24d91 
Number of updated asset objects reloaded before import = 0
Number of asset objects unloaded after import = 3
========================================================================
Received Import Request.
  Time of request: 2026-10-01T15:25:34.4907883Z
  Time since last request: 0.0002338 seconds.
  importAddress: GUID: f82dfc5fc3c5a8f4080a3550427019c8 - Path: Packages/com.unity.collab-proxy/Editor/Assets/Images/d_iconoutofsync@2x.png - Importer: ScriptedImporter/UnityEditor.QuickSearchModule:UnityEditor.Search:ASIAI0B
Importing 'GUID: f82dfc5fc3c5a8f4080a3550427019c8 - Path: Packages/com.unity.collab-proxy/Editor/Assets/Images/d_iconoutofsync@2x.png - Importer: ScriptedImporter/UnityEditor.QuickSearchModule:UnityEditor.Search:ASIAI0B' with importer (ScriptedImporter : UnityEditor.QuickSearchModule:UnityEditor.Search:ASIAI0B)
Imported 'GUID: f82dfc5fc3c5a8f4080a3550427019c8' -> (Import Result ID: '9483c76daaf4b0b95bae0b2b05e8a739') in 0.005 seconds [static and dynamic dependencies]. Details - ImportResultOutputID=77db89f932be16d1c4d9a7c9c02b390b DependenciesID=8282d8b1c8f6c3c73b4918f49942338a StaticDependenciesID=24e1dae767cf71f4bece5342c99b734c 
Number of updated asset objects reloaded before import = 0
Number of asset objects unloaded after import = 1
========================================================================
Received Import Request.
  Time of request: 2026-10-01T15:25:34.4966103Z
  Time since last request: 0.0003151 seconds.
  importAddress: GUID: 16e2437bc79d04055b65b968f4eba9c0 - Path: Packages/com.unity.collab-proxy/Editor/Assets/Images/d_iconpendingchangesview@2x.png - Importer: ScriptedImporter/UnityEditor.QuickSearchModule:UnityEditor.Search:ASIAI0B
Importing 'GUID: 16e2437bc79d04055b65b968f4eba9c0 - Path: Packages/com.unity.collab-proxy/Editor/Assets/Images/d_iconpendingchangesview@2x.png - Importer: ScriptedImporter/UnityEditor.QuickSearchModule:UnityEditor.Search:ASIAI0B' with importer (ScriptedImporter : UnityEditor.QuickSearchModule:UnityEditor.Search:ASIAI0B)
Imported 'GUID: 16e2437bc79d04055b65b968f4eba9c0' -> (Import Result ID: '1561fbccbf855e6ffe235e5809230be7') in 0.008 seconds [static and dynamic dependencies]. Details - ImportResultOutputID=3cfebf72c5bde07b960f66054c9e7ae5 DependenciesID=ff63f18a3018d1105a0c67e1086c4e09 StaticDependenciesID=0f64677e272b0915e934cf6cc316ccd8 
Number of updated asset objects reloaded before import = 0
Number of asset objects unloaded after import = 3
========================================================================
Received Import Request.
  Time of request: 2026-10-01T15:25:34.5050205Z
  Time since last request: 0.0002128 seconds.
  importAddress: GUID: 36564eb85f1bdf2409df96325231cb6c - Path: Packages/com.unity.collab-proxy/Editor/Assets/Images/d_iconrepository@2x.png - Importer: ScriptedImporter/UnityEditor.QuickSearchModule:UnityEditor.Search:ASIAI0B
Importing 'GUID: 36564eb85f1bdf2409df96325231cb6c - Path: Packages/com.unity.collab-proxy/Editor/Assets/Images/d_iconrepository@2x.png - Importer: ScriptedImporter/UnityEditor.QuickSearchModule:UnityEditor.Search:ASIAI0B' with importer (ScriptedImporter : UnityEditor.QuickSearchModule:UnityEditor.Search:ASIAI0B)
Imported 'GUID: 36564eb85f1bdf2409df96325231cb6c' -> (Import Result ID: '69063f18a7236ad96156ddeaf128f930') in 0.007 seconds [static and dynamic dependencies]. Details - ImportResultOutputID=79ab8cea33eb53a17a57a04ed21decd3 DependenciesID=5f526e5fd7031782849bf4d7938d7093 StaticDependenciesID=9bb2947d9195720db272981d9bdf2361 
Number of updated asset objects reloaded before import = 0
Number of asset objects unloaded after import = 3
========================================================================
Received Import Request.
  Time of request: 2026-10-01T15:25:34.5123002Z
  Time since last request: 0.0000595 seconds.
  importAddress: GUID: 229e2995d63f84938880b35fec07c4b2 - Path: Packages/com.unity.collab-proxy/Editor/Assets/Images/d_iconlast@2x.png - Importer: ScriptedImporter/UnityEditor.QuickSearchModule:UnityEditor.Search:ASIAI0B
Importing 'GUID: 229e2995d63f84938880b35fec07c4b2 - Path: Packages/com.unity.collab-proxy/Editor/Assets/Images/d_iconlast@2x.png - Importer: ScriptedImporter/UnityEditor.QuickSearchModule:UnityEditor.Search:ASIAI0B' with importer (ScriptedImporter : UnityEditor.QuickSearchModule:UnityEditor.Search:ASIAI0B)
Imported 'GUID: 229e2995d63f84938880b35fec07c4b2' -> (Import Result ID: '46b5392f1fddcb2a87b4eecbb0b09c22') in 0.005 seconds [static and dynamic dependencies]. Details - ImportResultOutputID=ca51064b3a8be397340b00fc24e425a9 DependenciesID=6bdb3f739bfeb86133f39c4cada9fd51 StaticDependenciesID=3ea30e56a9b6d2ffc223f8464665131c 
Number of updated asset objects reloaded before import = 0
Number of asset objects unloaded after import = 3
========================================================================
Received Import Request.
  Time of request: 2026-10-01T15:25:34.5181779Z
  Time since last request: 0.0002281 seconds.
  importAddress: GUID: 51582ae5ea51fa14996791a550f89473 - Path: Packages/com.unity.collab-proxy/Editor/Assets/Images/d_iconplasticnotifyconflict.png - Importer: ScriptedImporter/UnityEditor.QuickSearchModule:UnityEditor.Search:ASIAI0B
Importing 'GUID: 51582ae5ea51fa14996791a550f89473 - Path: Packages/com.unity.collab-proxy/Editor/Assets/Images/d_iconplasticnotifyconflict.png - Importer: ScriptedImporter/UnityEditor.QuickSearchModule:UnityEditor.Search:ASIAI0B' with importer (ScriptedImporter : UnityEditor.QuickSearchModule:UnityEditor.Search:ASIAI0B)
Imported 'GUID: 51582ae5ea51fa14996791a550f89473' -> (Import Result ID: 'e4e8c6dbb85c42d2407b8d73e1ebac3f') in 0.006 seconds [static and dynamic dependencies]. Details - ImportResultOutputID=7916435831b09333f121d49c270aca46 DependenciesID=73ce3efc8506568189de03c4325ad0f1 StaticDependenciesID=015446ffdbda40abd4b17492a0637354 
Number of updated asset objects reloaded before import = 0
Number of asset objects unloaded after import = 1
========================================================================
Received Import Request.
  Time of request: 2026-10-01T15:25:34.5242988Z
  Time since last request: 0.0002525 seconds.
  importAddress: GUID: e27bb56b83f03421880673ee2b951102 - Path: Packages/com.unity.collab-proxy/Editor/Assets/Images/d_iconmovedoverlay@2x.png - Importer: ScriptedImporter/UnityEditor.QuickSearchModule:UnityEditor.Search:ASIAI0B
Importing 'GUID: e27bb56b83f03421880673ee2b951102 - Path: Packages/com.unity.collab-proxy/Editor/Assets/Images/d_iconmovedoverlay@2x.png - Importer: ScriptedImporter/UnityEditor.QuickSearchModule:UnityEditor.Search:ASIAI0B' with importer (ScriptedImporter : UnityEditor.QuickSearchModule:UnityEditor.Search:ASIAI0B)
Imported 'GUID: e27bb56b83f03421880673ee2b951102' -> (Import Result ID: 'd1ab555ff42eacafee78d17400b81316') in 0.008 seconds [static and dynamic dependencies]. Details - ImportResultOutputID=927b8171ff98113b702a2213d8fb4f8d DependenciesID=95ab191cb2c23e25effc20157022d0d7 StaticDependenciesID=d7eadbf3d51a21f59196874e54a145ca 
Number of updated asset objects reloaded before import = 0
Number of asset objects unloaded after import = 3
========================================================================
Received Import Request.
  Time of request: 2026-10-01T15:25:34.5397179Z
  Time since last request: 0.0073748 seconds.
  importAddress: GUID: 3999034958d54364da380a8839a11050 - Path: Packages/com.unity.collab-proxy/Editor/Assets/Images/iconcheckedoutlocaloverlay@2x.png - Importer: ScriptedImporter/UnityEditor.QuickSearchModule:UnityEditor.Search:ASIAI0B
Importing 'GUID: 3999034958d54364da380a8839a11050 - Path: Packages/com.unity.collab-proxy/Editor/Assets/Images/iconcheckedoutlocaloverlay@2x.png - Importer: ScriptedImporter/UnityEditor.QuickSearchModule:UnityEditor.Search:ASIAI0B' with importer (ScriptedImporter : UnityEditor.QuickSearchModule:UnityEditor.Search:ASIAI0B)
Imported 'GUID: 3999034958d54364da380a8839a11050' -> (Import Result ID: 'ea4ea4f41f6dfc59ee1c6f06921473f5') in 0.009 seconds [static and dynamic dependencies]. Details - ImportResultOutputID=fb251a72dbba149c0ba310b3b9d056e6 DependenciesID=912f8e319aefbde6796b314cb3565dc7 StaticDependenciesID=90265c7509ccffe012c65d1e6fd2598c 
Number of updated asset objects reloaded before import = 0
Number of asset objects unloaded after import = 1
========================================================================
Received Import Request.
  Time of request: 2026-10-01T15:25:34.5492032Z
  Time since last request: 0.000296 seconds.
  importAddress: GUID: 897c3a3f5c4038345a7143573bbb4a40 - Path: Packages/com.unity.collab-proxy/Editor/Assets/Images/d_step2.png - Importer: ScriptedImporter/UnityEditor.QuickSearchModule:UnityEditor.Search:ASIAI0B
Importing 'GUID: 897c3a3f5c4038345a7143573bbb4a40 - Path: Packages/com.unity.collab-proxy/Editor/Assets/Images/d_step2.png - Importer: ScriptedImporter/UnityEditor.QuickSearchModule:UnityEditor.Search:ASIAI0B' with importer (ScriptedImporter : UnityEditor.QuickSearchModule:UnityEditor.Search:ASIAI0B)
Imported 'GUID: 897c3a3f5c4038345a7143573bbb4a40' -> (Import Result ID: '275548617438dc2d387d1e1e69ef09ab') in 0.005 seconds [static and dynamic dependencies]. Details - ImportResultOutputID=af53c79dcc73d6b5e010e56d7ca6eed2 DependenciesID=49c44ddb6f507c26504f105ab1f13dbe StaticDependenciesID=8b43177df6e5353daf5ea9c734a6d809 
Number of updated asset objects reloaded before import = 0
Number of asset objects unloaded after import = 1
========================================================================
Received Import Request.
  Time of request: 2026-10-01T15:25:34.5543989Z
  Time since last request: 0.0002265 seconds.
  importAddress: GUID: ab97695f01bc84c4b93e8440531417e7 - Path: Packages/com.unity.collab-proxy/Editor/Assets/Images/iconbrex@2x.png - Importer: ScriptedImporter/UnityEditor.QuickSearchModule:UnityEditor.Search:ASIAI0B
Importing 'GUID: ab97695f01bc84c4b93e8440531417e7 - Path: Packages/com.unity.collab-proxy/Editor/Assets/Images/iconbrex@2x.png - Importer: ScriptedImporter/UnityEditor.QuickSearchModule:UnityEditor.Search:ASIAI0B' with importer (ScriptedImporter : UnityEditor.QuickSearchModule:UnityEditor.Search:ASIAI0B)
Imported 'GUID: ab97695f01bc84c4b93e8440531417e7' -> (Import Result ID: '39c1d523f63301a5d33d97f6c7b9805e') in 0.005 seconds [static and dynamic dependencies]. Details - ImportResultOutputID=080606ae035ed84f9fb2a577e229bf54 DependenciesID=e0d34c4c3fb5add37486d9deb7775df9 StaticDependenciesID=fc44f99afc4aa96987152773ea2ae345 
Number of updated asset objects reloaded before import = 0
Number of asset objects unloaded after import = 3
========================================================================
Received Import Request.
  Time of request: 2026-10-01T15:25:34.5603431Z
  Time since last request: 0.0003608 seconds.
  importAddress: GUID: 752ba7759bdbd45c59b7e7df302ea223 - Path: Packages/com.unity.collab-proxy/Editor/Assets/Images/iconarrowdown@2x.png - Importer: ScriptedImporter/UnityEditor.QuickSearchModule:UnityEditor.Search:ASIAI0B
Importing 'GUID: 752ba7759bdbd45c59b7e7df302ea223 - Path: Packages/com.unity.collab-proxy/Editor/Assets/Images/iconarrowdown@2x.png - Importer: ScriptedImporter/UnityEditor.QuickSearchModule:UnityEditor.Search:ASIAI0B' with importer (ScriptedImporter : UnityEditor.QuickSearchModule:UnityEditor.Search:ASIAI0B)
Imported 'GUID: 752ba7759bdbd45c59b7e7df302ea223' -> (Import Result ID: '900d2c2d98d9b6baa46af80c1cd165b4') in 0.006 seconds [static and dynamic dependencies]. Details - ImportResultOutputID=b32c3954119f27b825580ddf434bd39d DependenciesID=dcdf38f8e7ddae7c51e4a96ad5757203 StaticDependenciesID=9927a9c9e58953c4e0b45c1d0b6f4f6b 
Number of updated asset objects reloaded before import = 0
Number of asset objects unloaded after import = 3
========================================================================
Received Import Request.
  Time of request: 2026-10-01T15:25:34.5667883Z
  Time since last request: 0.0001899 seconds.
  importAddress: GUID: 59d17703fae374169bc28ce046728590 - Path: Packages/com.unity.collab-proxy/Editor/Assets/Images/iconchangesets@2x.png - Importer: ScriptedImporter/UnityEditor.QuickSearchModule:UnityEditor.Search:ASIAI0B
Importing 'GUID: 59d17703fae374169bc28ce046728590 - Path: Packages/com.unity.collab-proxy/Editor/Assets/Images/iconchangesets@2x.png - Importer: ScriptedImporter/UnityEditor.QuickSearchModule:UnityEditor.Search:ASIAI0B' with importer (ScriptedImporter : UnityEditor.QuickSearchModule:UnityEditor.Search:ASIAI0B)
Imported 'GUID: 59d17703fae374169bc28ce046728590' -> (Import Result ID: '7de0291416650ae531c24ba66addade7') in 0.005 seconds [static and dynamic dependencies]. Details - ImportResultOutputID=34fe0556d8a74ec4572abb0c398b91ad DependenciesID=6b1b12a736d36873667ce0bf01a3af1b StaticDependenciesID=4043010817d11a0b51c33cfa0ece6eea 
Number of updated asset objects reloaded before import = 0
Number of asset objects unloaded after import = 3
========================================================================
Received Import Request.
  Time of request: 2026-10-01T15:25:34.5727036Z
  Time since last request: 0.0002144 seconds.
  importAddress: GUID: 0ff35d4ec6d381941bdbe1fb4b6dbceb - Path: Packages/com.unity.collab-proxy/Editor/Assets/Images/iconclipboard@2x.png - Importer: ScriptedImporter/UnityEditor.QuickSearchModule:UnityEditor.Search:ASIAI0B
Importing 'GUID: 0ff35d4ec6d381941bdbe1fb4b6dbceb - Path: Packages/com.unity.collab-proxy/Editor/Assets/Images/iconclipboard@2x.png - Importer: ScriptedImporter/UnityEditor.QuickSearchModule:UnityEditor.Search:ASIAI0B' with importer (ScriptedImporter : UnityEditor.QuickSearchModule:UnityEditor.Search:ASIAI0B)
Imported 'GUID: 0ff35d4ec6d381941bdbe1fb4b6dbceb' -> (Import Result ID: '174c19ea3e398ca85dbd4b77d05ace5e') in 0.008 seconds [static and dynamic dependencies]. Details - ImportResultOutputID=eb8841f4dc7df056f33d10080641e165 DependenciesID=fd128026f11b6eff031b9905f19aafd0 StaticDependenciesID=46ee640e9645b6bcdf7c3927cf2f0c83 
Number of updated asset objects reloaded before import = 0
Number of asset objects unloaded after import = 3
========================================================================
Received Import Request.
  Time of request: 2026-10-01T15:25:34.5816344Z
  Time since last request: 0.0002481 seconds.
  importAddress: GUID: 074c5a73ef68b42feb9b39c318715bc8 - Path: Packages/com.unity.collab-proxy/Editor/Assets/Images/d_RGBAAll.png - Importer: ScriptedImporter/UnityEditor.QuickSearchModule:UnityEditor.Search:ASIAI0B
Importing 'GUID: 074c5a73ef68b42feb9b39c318715bc8 - Path: Packages/com.unity.collab-proxy/Editor/Assets/Images/d_RGBAAll.png - Importer: ScriptedImporter/UnityEditor.QuickSearchModule:UnityEditor.Search:ASIAI0B' with importer (ScriptedImporter : UnityEditor.QuickSearchModule:UnityEditor.Search:ASIAI0B)
Imported 'GUID: 074c5a73ef68b42feb9b39c318715bc8' -> (Import Result ID: 'cf6cfca6078e1c748ac2b5a8688040ad') in 0.005 seconds [static and dynamic dependencies]. Details - ImportResultOutputID=3e00f7a392ccdbd864be0044113bece2 DependenciesID=b77d9b2abf9ea6245c2561547d58a89f StaticDependenciesID=97da43d02f252f69e0fbc21ffae148f4 
Number of updated asset objects reloaded before import = 0
Number of asset objects unloaded after import = 3
========================================================================
Received Import Request.
  Time of request: 2026-10-01T15:25:34.5874953Z
  Time since last request: 0.0001932 seconds.
  importAddress: GUID: 46930b20180b59e46b73494adf53abbb - Path: Packages/com.unity.collab-proxy/Editor/Assets/Images/d_step3.png - Importer: ScriptedImporter/UnityEditor.QuickSearchModule:UnityEditor.Search:ASIAI0B
Importing 'GUID: 46930b20180b59e46b73494adf53abbb - Path: Packages/com.unity.collab-proxy/Editor/Assets/Images/d_step3.png - Importer: ScriptedImporter/UnityEditor.QuickSearchModule:UnityEditor.Search:ASIAI0B' with importer (ScriptedImporter : UnityEditor.QuickSearchModule:UnityEditor.Search:ASIAI0B)
Imported 'GUID: 46930b20180b59e46b73494adf53abbb' -> (Import Result ID: 'd19c8d139998394f5ab3876d5a513bbd') in 0.005 seconds [static and dynamic dependencies]. Details - ImportResultOutputID=8d55aa34ed4e81757bc6d3b05322ebab DependenciesID=769655c4e073ffc4a70b36a2d1dfa8f8 StaticDependenciesID=f638ea6c944d0eb41ba3205b424a9981 
Number of updated asset objects reloaded before import = 0
Number of asset objects unloaded after import = 1
========================================================================
Received Import Request.
  Time of request: 2026-10-01T15:25:34.5932279Z
  Time since last request: 0.0002441 seconds.
  importAddress: GUID: 602b72d4617c3694aa94419fc1b68e04 - Path: Packages/com.unity.collab-proxy/Editor/Assets/Images/d_refresh@2x.png - Importer: ScriptedImporter/UnityEditor.QuickSearchModule:UnityEditor.Search:ASIAI0B
Importing 'GUID: 602b72d4617c3694aa94419fc1b68e04 - Path: Packages/com.unity.collab-proxy/Editor/Assets/Images/d_refresh@2x.png - Importer: ScriptedImporter/UnityEditor.QuickSearchModule:UnityEditor.Search:ASIAI0B' with importer (ScriptedImporter : UnityEditor.QuickSearchModule:UnityEditor.Search:ASIAI0B)
Imported 'GUID: 602b72d4617c3694aa94419fc1b68e04' -> (Import Result ID: '1b34b132b3cb83267674ceab50bda214') in 0.005 seconds [static and dynamic dependencies]. Details - ImportResultOutputID=73fd6db999da65f0074c6a8c70570d94 DependenciesID=d1e5a9e6c2189fd1f9be7801e8591e1a StaticDependenciesID=775ae6454902dc7b6899a23885545ab7 
Number of updated asset objects reloaded before import = 0
Number of asset objects unloaded after import = 1
========================================================================
Received Import Request.
  Time of request: 2026-10-01T15:25:34.5985741Z
  Time since last request: 0.0002865 seconds.
  importAddress: GUID: d452c24a7410847ddac09d8ef2fbad23 - Path: Packages/com.unity.collab-proxy/Editor/Assets/Images/d_RGBABlue@2x.png - Importer: ScriptedImporter/UnityEditor.QuickSearchModule:UnityEditor.Search:ASIAI0B
Importing 'GUID: d452c24a7410847ddac09d8ef2fbad23 - Path: Packages/com.unity.collab-proxy/Editor/Assets/Images/d_RGBABlue@2x.png - Importer: ScriptedImporter/UnityEditor.QuickSearchModule:UnityEditor.Search:ASIAI0B' with importer (ScriptedImporter : UnityEditor.QuickSearchModule:UnityEditor.Search:ASIAI0B)
Imported 'GUID: d452c24a7410847ddac09d8ef2fbad23' -> (Import Result ID: '1ef6efd74bc55b3872b48e331ae77ca5') in 0.007 seconds [static and dynamic dependencies]. Details - ImportResultOutputID=f29febc2b8e36d87082873bfe00a69e5 DependenciesID=1a74618c68bbf7cb4943dac53b9c04b3 StaticDependenciesID=25414e097e29756e4a03cff9d6ee1f09 
Number of updated asset objects reloaded before import = 0
Number of asset objects unloaded after import = 3
========================================================================
Received Import Request.
  Time of request: 2026-10-01T15:25:34.6057069Z
  Time since last request: 0.0002281 seconds.
  importAddress: GUID: f95f697d66d238446b1ab717def09945 - Path: Packages/com.unity.collab-proxy/Editor/Assets/Images/iconconflicted@2x.png - Importer: ScriptedImporter/UnityEditor.QuickSearchModule:UnityEditor.Search:ASIAI0B
Importing 'GUID: f95f697d66d238446b1ab717def09945 - Path: Packages/com.unity.collab-proxy/Editor/Assets/Images/iconconflicted@2x.png - Importer: ScriptedImporter/UnityEditor.QuickSearchModule:UnityEditor.Search:ASIAI0B' with importer (ScriptedImporter : UnityEditor.QuickSearchModule:UnityEditor.Search:ASIAI0B)
Imported 'GUID: f95f697d66d238446b1ab717def09945' -> (Import Result ID: '41b20dbd2367382f05e898d8f9d4f080') in 0.005 seconds [static and dynamic dependencies]. Details - ImportResultOutputID=42d45e8fcb45097981e348da39c0520c DependenciesID=62d263730bea6f810091555fe3841289 StaticDependenciesID=6f4acea4d8417b946880c2c735cc0180 
Number of updated asset objects reloaded before import = 0
Number of asset objects unloaded after import = 1
========================================================================
Received Import Request.
  Time of request: 2026-10-01T15:25:34.611239Z
  Time since last request: 0.0002354 seconds.
  importAddress: GUID: b85a4b2ec6433d04895612d791edc260 - Path: Packages/com.unity.collab-proxy/Editor/Assets/Images/icondeletedremote.png - Importer: ScriptedImporter/UnityEditor.QuickSearchModule:UnityEditor.Search:ASIAI0B
Importing 'GUID: b85a4b2ec6433d04895612d791edc260 - Path: Packages/com.unity.collab-proxy/Editor/Assets/Images/icondeletedremote.png - Importer: ScriptedImporter/UnityEditor.QuickSearchModule:UnityEditor.Search:ASIAI0B' with importer (ScriptedImporter : UnityEditor.QuickSearchModule:UnityEditor.Search:ASIAI0B)
Imported 'GUID: b85a4b2ec6433d04895612d791edc260' -> (Import Result ID: '0d6315de3bf4b66cf7b2a9c8d85153a9') in 0.005 seconds [static and dynamic dependencies]. Details - ImportResultOutputID=fef1a2f758cd7f087c21ba626f6b69eb DependenciesID=c9c7c4dbb4e46ada40e8b0e3a56bf67e StaticDependenciesID=0ba1eb02331ff361b51e26fb9dd2f4db 
Number of updated asset objects reloaded before import = 0
Number of asset objects unloaded after import = 1
========================================================================
Received Import Request.
  Time of request: 2026-10-01T15:25:34.6170321Z
  Time since last request: 0.0002705 seconds.
  importAddress: GUID: ead32eef98d0a664fb5b025c4bf013d4 - Path: Packages/com.unity.collab-proxy/Editor/Assets/Images/iconcurrentbranch@2x.png - Importer: ScriptedImporter/UnityEditor.QuickSearchModule:UnityEditor.Search:ASIAI0B
Importing 'GUID: ead32eef98d0a664fb5b025c4bf013d4 - Path: Packages/com.unity.collab-proxy/Editor/Assets/Images/iconcurrentbranch@2x.png - Importer: ScriptedImporter/UnityEditor.QuickSearchModule:UnityEditor.Search:ASIAI0B' with importer (ScriptedImporter : UnityEditor.QuickSearchModule:UnityEditor.Search:ASIAI0B)
Imported 'GUID: ead32eef98d0a664fb5b025c4bf013d4' -> (Import Result ID: 'c3849fe2f07efcf8914f1e8d23d50f7d') in 0.006 seconds [static and dynamic dependencies]. Details - ImportResultOutputID=196621fcb768ae05b96e5f55c4a4ce26 DependenciesID=9090a17a11b7dadead181f13bdb049bc StaticDependenciesID=66bc1912c553b6338a4158f15233f8b2 
Number of updated asset objects reloaded before import = 0
Number of asset objects unloaded after import = 3
========================================================================
Received Import Request.
  Time of request: 2026-10-01T15:25:34.6233692Z
  Time since last request: 0.0001792 seconds.
  importAddress: GUID: 6a9d211bea1bc4a429d86cbb2d0b0a3e - Path: Packages/com.unity.collab-proxy/Editor/Assets/Images/d_secondarytabclosehover.png - Importer: ScriptedImporter/UnityEditor.QuickSearchModule:UnityEditor.Search:ASIAI0B
Importing 'GUID: 6a9d211bea1bc4a429d86cbb2d0b0a3e - Path: Packages/com.unity.collab-proxy/Editor/Assets/Images/d_secondarytabclosehover.png - Importer: ScriptedImporter/UnityEditor.QuickSearchModule:UnityEditor.Search:ASIAI0B' with importer (ScriptedImporter : UnityEditor.QuickSearchModule:UnityEditor.Search:ASIAI0B)
Imported 'GUID: 6a9d211bea1bc4a429d86cbb2d0b0a3e' -> (Import Result ID: 'b3f8fe0fa85821fba1a6ba78b12c49a8') in 0.005 seconds [static and dynamic dependencies]. Details - ImportResultOutputID=07a9c80110661eb914001510f0509c06 DependenciesID=958480acaecb53fb05558d0e245eed16 StaticDependenciesID=eb42981370ac70d255720eecdb238fa3 
Number of updated asset objects reloaded before import = 0
Number of asset objects unloaded after import = 1
========================================================================
Received Import Request.
  Time of request: 2026-10-01T15:25:34.628878Z
  Time since last request: 0.0002644 seconds.
  importAddress: GUID: 0a08fa9ec51507e488400cee024073a7 - Path: Packages/com.unity.collab-proxy/Editor/Assets/Images/hideversioncontrol.png - Importer: ScriptedImporter/UnityEditor.QuickSearchModule:UnityEditor.Search:ASIAI0B
Importing 'GUID: 0a08fa9ec51507e488400cee024073a7 - Path: Packages/com.unity.collab-proxy/Editor/Assets/Images/hideversioncontrol.png - Importer: ScriptedImporter/UnityEditor.QuickSearchModule:UnityEditor.Search:ASIAI0B' with importer (ScriptedImporter : UnityEditor.QuickSearchModule:UnityEditor.Search:ASIAI0B)
Imported 'GUID: 0a08fa9ec51507e488400cee024073a7' -> (Import Result ID: '7c31f9381b7a1575de330644e0ba3aa4') in 0.007 seconds [static and dynamic dependencies]. Details - ImportResultOutputID=727bb3cf39efcc842ec5f13c8d4391db DependenciesID=349fedaab411f9571cc742eefbd2cebf StaticDependenciesID=5adc11eb0b7f87102f16b409bba24d27 
Number of updated asset objects reloaded before import = 0
Number of asset objects unloaded after import = 3
========================================================================
Received Import Request.
  Time of request: 2026-10-01T15:25:34.6365444Z
  Time since last request: 0.000285 seconds.
  importAddress: GUID: 6975ee4c1f40caf4da8dd733ee2cfeaf - Path: Packages/com.unity.collab-proxy/Editor/Assets/Images/d_secondarytabclose.png - Importer: ScriptedImporter/UnityEditor.QuickSearchModule:UnityEditor.Search:ASIAI0B
Importing 'GUID: 6975ee4c1f40caf4da8dd733ee2cfeaf - Path: Packages/com.unity.collab-proxy/Editor/Assets/Images/d_secondarytabclose.png - Importer: ScriptedImporter/UnityEditor.QuickSearchModule:UnityEditor.Search:ASIAI0B' with importer (ScriptedImporter : UnityEditor.QuickSearchModule:UnityEditor.Search:ASIAI0B)
Imported 'GUID: 6975ee4c1f40caf4da8dd733ee2cfeaf' -> (Import Result ID: 'bc21a1d3af99081a4a3e0d8c265c0f72') in 0.005 seconds [static and dynamic dependencies]. Details - ImportResultOutputID=3daf4edb96919b39dd06f19989dbe8e0 DependenciesID=af603d13d55bf65af7b2983423e3a85e StaticDependenciesID=eed67021df3cdd27124618e5e4e23a21 
Number of updated asset objects reloaded before import = 0
Number of asset objects unloaded after import = 1
========================================================================
Received Import Request.
  Time of request: 2026-10-01T15:25:34.6422374Z
  Time since last request: 0.0003803 seconds.
  importAddress: GUID: 259fe6e49c74eb143a9fc88f6bd3f050 - Path: Packages/com.unity.collab-proxy/Editor/Assets/Images/iconclouddriveview@2x.png - Importer: ScriptedImporter/UnityEditor.QuickSearchModule:UnityEditor.Search:ASIAI0B
Importing 'GUID: 259fe6e49c74eb143a9fc88f6bd3f050 - Path: Packages/com.unity.collab-proxy/Editor/Assets/Images/iconclouddriveview@2x.png - Importer: ScriptedImporter/UnityEditor.QuickSearchModule:UnityEditor.Search:ASIAI0B' with importer (ScriptedImporter : UnityEditor.QuickSearchModule:UnityEditor.Search:ASIAI0B)
Imported 'GUID: 259fe6e49c74eb143a9fc88f6bd3f050' -> (Import Result ID: '3c4a3026dee55dd04983a5df08bc6eb6') in 0.006 seconds [static and dynamic dependencies]. Details - ImportResultOutputID=46be48e4af5966dec7df4ffdc97a95a9 DependenciesID=e0b46cdd6283fe6c49fad3d74012758b StaticDependenciesID=75fcf4dd8c700a6ceb9910fdd1906b9b 
Number of updated asset objects reloaded before import = 0
Number of asset objects unloaded after import = 3
========================================================================
Received Import Request.
  Time of request: 2026-10-01T15:25:34.6488224Z
  Time since last request: 0.0001804 seconds.
  importAddress: GUID: be423a54b981d38428de82ad12534629 - Path: Packages/com.unity.collab-proxy/Editor/Assets/Images/d_stepok.png - Importer: ScriptedImporter/UnityEditor.QuickSearchModule:UnityEditor.Search:ASIAI0B
Importing 'GUID: be423a54b981d38428de82ad12534629 - Path: Packages/com.unity.collab-proxy/Editor/Assets/Images/d_stepok.png - Importer: ScriptedImporter/UnityEditor.QuickSearchModule:UnityEditor.Search:ASIAI0B' with importer (ScriptedImporter : UnityEditor.QuickSearchModule:UnityEditor.Search:ASIAI0B)
Imported 'GUID: be423a54b981d38428de82ad12534629' -> (Import Result ID: 'ebf191c64114c4b3ddf0e94e4d69c00f') in 0.008 seconds [static and dynamic dependencies]. Details - ImportResultOutputID=299fe267e4fcbc930f4e9007c728fc11 DependenciesID=bb23a4b2cc8a1e84cd72a8a1b14a3be3 StaticDependenciesID=b9ec9f8b8558be2ab1fa4563d84ef806 
Number of updated asset objects reloaded before import = 0
Number of asset objects unloaded after import = 1
========================================================================
Received Import Request.
  Time of request: 2026-10-01T15:25:34.6574563Z
  Time since last request: 0.0002166 seconds.
  importAddress: GUID: fbfdd7d489e0bd54f946ebc8e19db8bd - Path: Packages/com.unity.collab-proxy/Editor/Assets/Images/hideversioncontrol@2x.png - Importer: ScriptedImporter/UnityEditor.QuickSearchModule:UnityEditor.Search:ASIAI0B
Importing 'GUID: fbfdd7d489e0bd54f946ebc8e19db8bd - Path: Packages/com.unity.collab-proxy/Editor/Assets/Images/hideversioncontrol@2x.png - Importer: ScriptedImporter/UnityEditor.QuickSearchModule:UnityEditor.Search:ASIAI0B' with importer (ScriptedImporter : UnityEditor.QuickSearchModule:UnityEditor.Search:ASIAI0B)
Imported 'GUID: fbfdd7d489e0bd54f946ebc8e19db8bd' -> (Import Result ID: 'baf1150a9c4a3e1f1bf5c91157a73d78') in 0.011 seconds [static and dynamic dependencies]. Details - ImportResultOutputID=0f465637a71f991208c558b9a2973ce5 DependenciesID=efc14044f4a87f0c42e7acf78e6cf558 StaticDependenciesID=231d7b0ef8c057444416aac3320d22dc 
Number of updated asset objects reloaded before import = 0
Number of asset objects unloaded after import = 3
========================================================================
Received Import Request.
  Time of request: 2026-10-01T15:25:34.6689987Z
  Time since last request: 0.0001516 seconds.
  importAddress: GUID: 092347b12f348a6439e85218cd291ea2 - Path: Packages/com.unity.collab-proxy/Editor/Assets/Images/icondeletedremoteoverlay.png - Importer: ScriptedImporter/UnityEditor.QuickSearchModule:UnityEditor.Search:ASIAI0B
Importing 'GUID: 092347b12f348a6439e85218cd291ea2 - Path: Packages/com.unity.collab-proxy/Editor/Assets/Images/icondeletedremoteoverlay.png - Importer: ScriptedImporter/UnityEditor.QuickSearchModule:UnityEditor.Search:ASIAI0B' with importer (ScriptedImporter : UnityEditor.QuickSearchModule:UnityEditor.Search:ASIAI0B)
Imported 'GUID: 092347b12f348a6439e85218cd291ea2' -> (Import Result ID: '41064943c7bfb6df30676e5050562525') in 0.011 seconds [static and dynamic dependencies]. Details - ImportResultOutputID=f0de1d4cb88906440735c4583834bd46 DependenciesID=29ecad2fb80388ad41babf489ecfe1cc StaticDependenciesID=48347a2b0d15686cb02be4dcd6c305af 
Number of updated asset objects reloaded before import = 0
Number of asset objects unloaded after import = 3
========================================================================
Received Import Request.
  Time of request: 2026-10-01T15:25:34.681874Z
  Time since last request: 0.0000457 seconds.
  importAddress: GUID: cdb88fdb0cf46b244a667edaff21c7df - Path: Packages/com.unity.collab-proxy/Editor/Assets/Images/d_step2@2x.png - Importer: ScriptedImporter/UnityEditor.QuickSearchModule:UnityEditor.Search:ASIAI0B
Importing 'GUID: cdb88fdb0cf46b244a667edaff21c7df - Path: Packages/com.unity.collab-proxy/Editor/Assets/Images/d_step2@2x.png - Importer: ScriptedImporter/UnityEditor.QuickSearchModule:UnityEditor.Search:ASIAI0B' with importer (ScriptedImporter : UnityEditor.QuickSearchModule:UnityEditor.Search:ASIAI0B)
Imported 'GUID: cdb88fdb0cf46b244a667edaff21c7df' -> (Import Result ID: '74cacc9c9a7cc9c2cf0e494752d2c8b4') in 0.007 seconds [static and dynamic dependencies]. Details - ImportResultOutputID=cb9f96197a650ea12aa733de1ac116c0 DependenciesID=9cb406fa260d7aee17c8614617f3a048 StaticDependenciesID=95362a7299e4397aabcc158d8e9b8f6f 
Number of updated asset objects reloaded before import = 0
Number of asset objects unloaded after import = 1
========================================================================
Received Import Request.
  Time of request: 2026-10-01T15:25:34.6894815Z
  Time since last request: 0.0004418 seconds.
  importAddress: GUID: c9ed6d6ea2f9657409bfa068d4846139 - Path: Packages/com.unity.collab-proxy/Editor/Assets/Images/d_step3@2x.png - Importer: ScriptedImporter/UnityEditor.QuickSearchModule:UnityEditor.Search:ASIAI0B
Importing 'GUID: c9ed6d6ea2f9657409bfa068d4846139 - Path: Packages/com.unity.collab-proxy/Editor/Assets/Images/d_step3@2x.png - Importer: ScriptedImporter/UnityEditor.QuickSearchModule:UnityEditor.Search:ASIAI0B' with importer (ScriptedImporter : UnityEditor.QuickSearchModule:UnityEditor.Search:ASIAI0B)
Imported 'GUID: c9ed6d6ea2f9657409bfa068d4846139' -> (Import Result ID: '59a6a6422afe9cc0d382cd5ab37204ce') in 0.008 seconds [static and dynamic dependencies]. Details - ImportResultOutputID=a26e033ed16c0b5fbe666b480aca5d94 DependenciesID=a71e82a53892d30cb72c354686cee1d8 StaticDependenciesID=90fedc7044fc1a8ad8709a581ff74b8b 
Number of updated asset objects reloaded before import = 0
Number of asset objects unloaded after import = 1
========================================================================
Received Import Request.
  Time of request: 2026-10-01T15:25:34.698219Z
  Time since last request: 0.0006453 seconds.
  importAddress: GUID: 3494dc956dfd7174abc07060940a2848 - Path: Packages/com.unity.collab-proxy/Editor/Assets/Images/d_stepok@2x.png - Importer: ScriptedImporter/UnityEditor.QuickSearchModule:UnityEditor.Search:ASIAI0B
Importing 'GUID: 3494dc956dfd7174abc07060940a2848 - Path: Packages/com.unity.collab-proxy/Editor/Assets/Images/d_stepok@2x.png - Importer: ScriptedImporter/UnityEditor.QuickSearchModule:UnityEditor.Search:ASIAI0B' with importer (ScriptedImporter : UnityEditor.QuickSearchModule:UnityEditor.Search:ASIAI0B)
Imported 'GUID: 3494dc956dfd7174abc07060940a2848' -> (Import Result ID: '49cc57c48b1f95b2bf2fde2a9f953d76') in 0.006 seconds [static and dynamic dependencies]. Details - ImportResultOutputID=741f13d660d6cfd7dc4c6ea66328fdb7 DependenciesID=52e6244bb739f499e7ba1fbcd9224bb3 StaticDependenciesID=ff43996c0cd64f6909e8b4d0f04de42d 
Number of updated asset objects reloaded before import = 0
Number of asset objects unloaded after import = 1
========================================================================
Received Import Request.
  Time of request: 2026-10-01T15:25:34.7041563Z
  Time since last request: 0.0002094 seconds.
  importAddress: GUID: a6219d44b6fc910449f7c3fee45db5c5 - Path: Packages/com.unity.collab-proxy/Editor/Assets/Images/iconbranches.png - Importer: ScriptedImporter/UnityEditor.QuickSearchModule:UnityEditor.Search:ASIAI0B
Importing 'GUID: a6219d44b6fc910449f7c3fee45db5c5 - Path: Packages/com.unity.collab-proxy/Editor/Assets/Images/iconbranches.png - Importer: ScriptedImporter/UnityEditor.QuickSearchModule:UnityEditor.Search:ASIAI0B' with importer (ScriptedImporter : UnityEditor.QuickSearchModule:UnityEditor.Search:ASIAI0B)
Imported 'GUID: a6219d44b6fc910449f7c3fee45db5c5' -> (Import Result ID: '7c94255239128df9244c70466635f83a') in 0.006 seconds [static and dynamic dependencies]. Details - ImportResultOutputID=aef3abaa36822ac891b0726f8f870398 DependenciesID=19ab890209d3df91dc5f88aae28c0baf StaticDependenciesID=16b40b353f2d8ba0faffeba69f919bab 
Number of updated asset objects reloaded before import = 0
Number of asset objects unloaded after import = 1
========================================================================
Received Import Request.
  Time of request: 2026-10-01T15:25:34.710923Z
  Time since last request: 0.0002162 seconds.
  importAddress: GUID: a3e491f99ea3ad74f8731ca93e84c497 - Path: Packages/com.unity.collab-proxy/Editor/Assets/Images/icondeletedlocaloverlay@2x.png - Importer: ScriptedImporter/UnityEditor.QuickSearchModule:UnityEditor.Search:ASIAI0B
Importing 'GUID: a3e491f99ea3ad74f8731ca93e84c497 - Path: Packages/com.unity.collab-proxy/Editor/Assets/Images/icondeletedlocaloverlay@2x.png - Importer: ScriptedImporter/UnityEditor.QuickSearchModule:UnityEditor.Search:ASIAI0B' with importer (ScriptedImporter : UnityEditor.QuickSearchModule:UnityEditor.Search:ASIAI0B)
Imported 'GUID: a3e491f99ea3ad74f8731ca93e84c497' -> (Import Result ID: '22bd092d41a7af0fbf353ce09e7a9bfc') in 0.006 seconds [static and dynamic dependencies]. Details - ImportResultOutputID=aa95ca77c8fec81d65fad6160b7e2388 DependenciesID=6ee9b8ac09ecdb1bbb02f99eacc7b71c StaticDependenciesID=74040cf037c573cd8edc8a01c639e69d 
Number of updated asset objects reloaded before import = 0
Number of asset objects unloaded after import = 1
========================================================================
Received Import Request.
  Time of request: 2026-10-01T15:25:34.7172035Z
  Time since last request: 0.0002869 seconds.
  importAddress: GUID: a57d0bc93481bd844af3c2236db044f2 - Path: Packages/com.unity.collab-proxy/Editor/Assets/Images/iconaddedoverlay.png - Importer: ScriptedImporter/UnityEditor.QuickSearchModule:UnityEditor.Search:ASIAI0B
Importing 'GUID: a57d0bc93481bd844af3c2236db044f2 - Path: Packages/com.unity.collab-proxy/Editor/Assets/Images/iconaddedoverlay.png - Importer: ScriptedImporter/UnityEditor.QuickSearchModule:UnityEditor.Search:ASIAI0B' with importer (ScriptedImporter : UnityEditor.QuickSearchModule:UnityEditor.Search:ASIAI0B)
Imported 'GUID: a57d0bc93481bd844af3c2236db044f2' -> (Import Result ID: 'fe7c0fcf4465a612acfae368fae52cb7') in 0.006 seconds [static and dynamic dependencies]. Details - ImportResultOutputID=151d7df2d0e55fec5a0bdabc61dfcf20 DependenciesID=2cca3723b59c5710f500eae9b2facfc8 StaticDependenciesID=66c4d98a747af8cb9d6731951a008f2b 
Number of updated asset objects reloaded before import = 0
Number of asset objects unloaded after import = 3
========================================================================
Received Import Request.
  Time of request: 2026-10-01T15:25:34.7233513Z
  Time since last request: 0.0001831 seconds.
  importAddress: GUID: efa87fc6a7693ac48844726c5391e3ab - Path: Packages/com.unity.collab-proxy/Editor/Assets/Images/iconadd@2x.png - Importer: ScriptedImporter/UnityEditor.QuickSearchModule:UnityEditor.Search:ASIAI0B
Importing 'GUID: efa87fc6a7693ac48844726c5391e3ab - Path: Packages/com.unity.collab-proxy/Editor/Assets/Images/iconadd@2x.png - Importer: ScriptedImporter/UnityEditor.QuickSearchModule:UnityEditor.Search:ASIAI0B' with importer (ScriptedImporter : UnityEditor.QuickSearchModule:UnityEditor.Search:ASIAI0B)
Imported 'GUID: efa87fc6a7693ac48844726c5391e3ab' -> (Import Result ID: 'cb1479911e3c5bccc87eadeac6521f23') in 0.006 seconds [static and dynamic dependencies]. Details - ImportResultOutputID=c3be0a625f71b982386b6ef967d61114 DependenciesID=e08ed42d7dff47f6db253b3f0e8862d5 StaticDependenciesID=09d18b3e3ffa448b97de376b36389493 
Number of updated asset objects reloaded before import = 0
Number of asset objects unloaded after import = 3
========================================================================
Received Import Request.
  Time of request: 2026-10-01T15:25:34.730136Z
  Time since last request: 0.0002166 seconds.
  importAddress: GUID: cd221d2235472c94491e607ae42942dd - Path: Packages/com.unity.collab-proxy/Editor/Assets/Images/icondeletedlocaloverlay.png - Importer: ScriptedImporter/UnityEditor.QuickSearchModule:UnityEditor.Search:ASIAI0B
Importing 'GUID: cd221d2235472c94491e607ae42942dd - Path: Packages/com.unity.collab-proxy/Editor/Assets/Images/icondeletedlocaloverlay.png - Importer: ScriptedImporter/UnityEditor.QuickSearchModule:UnityEditor.Search:ASIAI0B' with importer (ScriptedImporter : UnityEditor.QuickSearchModule:UnityEditor.Search:ASIAI0B)
Imported 'GUID: cd221d2235472c94491e607ae42942dd' -> (Import Result ID: '654f9b718ecc6108777587292254e081') in 0.006 seconds [static and dynamic dependencies]. Details - ImportResultOutputID=80ca3d6dc4a4675b54e42b08a1c9b155 DependenciesID=41ee5d708d799a18a32bc28f48bc2eba StaticDependenciesID=888eef049922624b0ffb0e70df5fd12c 
Number of updated asset objects reloaded before import = 0
Number of asset objects unloaded after import = 3
========================================================================
Received Import Request.
  Time of request: 2026-10-01T15:25:34.7368067Z
  Time since last request: 0.0002805 seconds.
  importAddress: GUID: 229870d327005574fb840c2dd8050ec6 - Path: Packages/com.unity.collab-proxy/Editor/Assets/Images/iconclouddriveview.png - Importer: ScriptedImporter/UnityEditor.QuickSearchModule:UnityEditor.Search:ASIAI0B
Importing 'GUID: 229870d327005574fb840c2dd8050ec6 - Path: Packages/com.unity.collab-proxy/Editor/Assets/Images/iconclouddriveview.png - Importer: ScriptedImporter/UnityEditor.QuickSearchModule:UnityEditor.Search:ASIAI0B' with importer (ScriptedImporter : UnityEditor.QuickSearchModule:UnityEditor.Search:ASIAI0B)
Imported 'GUID: 229870d327005574fb840c2dd8050ec6' -> (Import Result ID: '899e38be0a675dc45779289e5426d9e4') in 0.008 seconds [static and dynamic dependencies]. Details - ImportResultOutputID=f049dbfdd68d9965455cf9fc0f68d738 DependenciesID=98d9815512101b50d62aacacc9cd8a4b StaticDependenciesID=a47778dace7ad77ae18de9bef0027f8d 
Number of updated asset objects reloaded before import = 0
Number of asset objects unloaded after import = 3
========================================================================
Received Import Request.
  Time of request: 2026-10-01T15:25:34.7449146Z
  Time since last request: 0.0003535 seconds.
  importAddress: GUID: 87480bc179519ff4da25283c61c2573b - Path: Packages/com.unity.collab-proxy/Editor/Assets/Images/iconbrex.png - Importer: ScriptedImporter/UnityEditor.QuickSearchModule:UnityEditor.Search:ASIAI0B
Importing 'GUID: 87480bc179519ff4da25283c61c2573b - Path: Packages/com.unity.collab-proxy/Editor/Assets/Images/iconbrex.png - Importer: ScriptedImporter/UnityEditor.QuickSearchModule:UnityEditor.Search:ASIAI0B' with importer (ScriptedImporter : UnityEditor.QuickSearchModule:UnityEditor.Search:ASIAI0B)
Imported 'GUID: 87480bc179519ff4da25283c61c2573b' -> (Import Result ID: 'd7c4305b6c59b6fcefd2fdd51b059e62') in 0.006 seconds [static and dynamic dependencies]. Details - ImportResultOutputID=670b544fdb13ce65d2ff9adb82f7ceba DependenciesID=ad80cd7fada588798ecedf484be1fec6 StaticDependenciesID=4cd7249d01c276b8e1b784d476457e9b 
Number of updated asset objects reloaded before import = 0
Number of asset objects unloaded after import = 3
========================================================================
Received Import Request.
  Time of request: 2026-10-01T15:25:34.7518216Z
  Time since last request: 0.0001536 seconds.
  importAddress: GUID: 309b1d5a294fd6c43ae9cf77656c1852 - Path: Packages/com.unity.collab-proxy/Editor/Assets/Images/iconconflictresolvedoverlay@2x.png - Importer: ScriptedImporter/UnityEditor.QuickSearchModule:UnityEditor.Search:ASIAI0B
Importing 'GUID: 309b1d5a294fd6c43ae9cf77656c1852 - Path: Packages/com.unity.collab-proxy/Editor/Assets/Images/iconconflictresolvedoverlay@2x.png - Importer: ScriptedImporter/UnityEditor.QuickSearchModule:UnityEditor.Search:ASIAI0B' with importer (ScriptedImporter : UnityEditor.QuickSearchModule:UnityEditor.Search:ASIAI0B)
Imported 'GUID: 309b1d5a294fd6c43ae9cf77656c1852' -> (Import Result ID: 'bb21566097da20c6932800cbff7bc66b') in 0.006 seconds [static and dynamic dependencies]. Details - ImportResultOutputID=58283e68b8c86fa620821626cb9da8fe DependenciesID=a91d4d552d948ea0209912079c88d9d6 StaticDependenciesID=b595ba1d321018a63e3ed2885207f4ee 
Number of updated asset objects reloaded before import = 0
Number of asset objects unloaded after import = 1
========================================================================
Received Import Request.
  Time of request: 2026-10-01T15:25:34.7578037Z
  Time since last request: 0.0002679 seconds.
  importAddress: GUID: e45389a8a97044d4caf408f252370632 - Path: Packages/com.unity.collab-proxy/Editor/Assets/Images/iconbranches@2x.png - Importer: ScriptedImporter/UnityEditor.QuickSearchModule:UnityEditor.Search:ASIAI0B
Importing 'GUID: e45389a8a97044d4caf408f252370632 - Path: Packages/com.unity.collab-proxy/Editor/Assets/Images/iconbranches@2x.png - Importer: ScriptedImporter/UnityEditor.QuickSearchModule:UnityEditor.Search:ASIAI0B' with importer (ScriptedImporter : UnityEditor.QuickSearchModule:UnityEditor.Search:ASIAI0B)
Imported 'GUID: e45389a8a97044d4caf408f252370632' -> (Import Result ID: '621e9c7fb10f7e49d33c2b05b062c456') in 0.006 seconds [static and dynamic dependencies]. Details - ImportResultOutputID=3792ec10f255758f3a971dca87e5feb9 DependenciesID=c4092020086781b704bf654ba094781a StaticDependenciesID=c5dadea1c6ce9a113b8508be74099cfb 
Number of updated asset objects reloaded before import = 0
Number of asset objects unloaded after import = 1
========================================================================
Received Import Request.
  Time of request: 2026-10-01T15:25:34.7637812Z
  Time since last request: 0.0002351 seconds.
  importAddress: GUID: 13527793884104b46b7446fd7464c3ed - Path: Packages/com.unity.collab-proxy/Editor/Assets/Images/iconclosebutton.png - Importer: ScriptedImporter/UnityEditor.QuickSearchModule:UnityEditor.Search:ASIAI0B
Importing 'GUID: 13527793884104b46b7446fd7464c3ed - Path: Packages/com.unity.collab-proxy/Editor/Assets/Images/iconclosebutton.png - Importer: ScriptedImporter/UnityEditor.QuickSearchModule:UnityEditor.Search:ASIAI0B' with importer (ScriptedImporter : UnityEditor.QuickSearchModule:UnityEditor.Search:ASIAI0B)
Imported 'GUID: 13527793884104b46b7446fd7464c3ed' -> (Import Result ID: '077ddef9e9172566d9d487f08bcaf383') in 0.005 seconds [static and dynamic dependencies]. Details - ImportResultOutputID=920625e38e14ef3967defffde3d3b691 DependenciesID=b86eb4f72659aafa980709d86312f90b StaticDependenciesID=fe86e10f13885989c9b6eaed6645ffa6 
Number of updated asset objects reloaded before import = 0
Number of asset objects unloaded after import = 1
========================================================================
Received Import Request.
  Time of request: 2026-10-01T15:25:34.7693552Z
  Time since last request: 0.0002355 seconds.
  importAddress: GUID: 14e91e4835bce49a0b49a84da2532484 - Path: Packages/com.unity.collab-proxy/Editor/Assets/Images/d_RGBABlue.png - Importer: ScriptedImporter/UnityEditor.QuickSearchModule:UnityEditor.Search:ASIAI0B
Importing 'GUID: 14e91e4835bce49a0b49a84da2532484 - Path: Packages/com.unity.collab-proxy/Editor/Assets/Images/d_RGBABlue.png - Importer: ScriptedImporter/UnityEditor.QuickSearchModule:UnityEditor.Search:ASIAI0B' with importer (ScriptedImporter : UnityEditor.QuickSearchModule:UnityEditor.Search:ASIAI0B)
Imported 'GUID: 14e91e4835bce49a0b49a84da2532484' -> (Import Result ID: 'e38fe7e0e3b0b1d9c94d8d7c09bd0c13') in 0.008 seconds [static and dynamic dependencies]. Details - ImportResultOutputID=def422739c64cc075a3e50872165e70a DependenciesID=862071f9d12c7dd7d904e8c936704d3c StaticDependenciesID=ce27bf5c3ee46c7291e51b8b4b3ad4db 
Number of updated asset objects reloaded before import = 0
Number of asset objects unloaded after import = 3
========================================================================
Received Import Request.
  Time of request: 2026-10-01T15:25:34.7775924Z
  Time since last request: 0.000251 seconds.
  importAddress: GUID: 425970578f3342a43b40545d1ac8a25d - Path: Packages/com.unity.collab-proxy/Editor/Assets/Images/iconbranch@2x.png - Importer: ScriptedImporter/UnityEditor.QuickSearchModule:UnityEditor.Search:ASIAI0B
Importing 'GUID: 425970578f3342a43b40545d1ac8a25d - Path: Packages/com.unity.collab-proxy/Editor/Assets/Images/iconbranch@2x.png - Importer: ScriptedImporter/UnityEditor.QuickSearchModule:UnityEditor.Search:ASIAI0B' with importer (ScriptedImporter : UnityEditor.QuickSearchModule:UnityEditor.Search:ASIAI0B)
Imported 'GUID: 425970578f3342a43b40545d1ac8a25d' -> (Import Result ID: '0cf9879423e28a045b8dc6af2b12b1bc') in 0.006 seconds [static and dynamic dependencies]. Details - ImportResultOutputID=e120b11ccfa3dde963176718f04ded1d DependenciesID=1ebdd91fc76a774e07fbcb18d323257e StaticDependenciesID=8001cf59ec4b44b81a3383ea0a893cf5 
Number of updated asset objects reloaded before import = 0
Number of asset objects unloaded after import = 3
========================================================================
Received Import Request.
  Time of request: 2026-10-01T15:25:34.7836216Z
  Time since last request: 0.000275 seconds.
  importAddress: GUID: 9a1ab8af8c446204e989a90f18305caf - Path: Packages/com.unity.collab-proxy/Editor/Assets/Images/iconaddedlocal.png - Importer: ScriptedImporter/UnityEditor.QuickSearchModule:UnityEditor.Search:ASIAI0B
Importing 'GUID: 9a1ab8af8c446204e989a90f18305caf - Path: Packages/com.unity.collab-proxy/Editor/Assets/Images/iconaddedlocal.png - Importer: ScriptedImporter/UnityEditor.QuickSearchModule:UnityEditor.Search:ASIAI0B' with importer (ScriptedImporter : UnityEditor.QuickSearchModule:UnityEditor.Search:ASIAI0B)
Imported 'GUID: 9a1ab8af8c446204e989a90f18305caf' -> (Import Result ID: '31b82a1cb20074fae639a4aa45472e45') in 0.005 seconds [static and dynamic dependencies]. Details - ImportResultOutputID=1a8d61fba1f8c86e14d21f58a8263fa7 DependenciesID=dd5fc9719a030f6812f2733d9ae0e2f8 StaticDependenciesID=ef8d1edd95b63eb1ef524631c11c9051 
Number of updated asset objects reloaded before import = 0
Number of asset objects unloaded after import = 1
========================================================================
Received Import Request.
  Time of request: 2026-10-01T15:25:34.7891783Z
  Time since last request: 0.0002625 seconds.
  importAddress: GUID: 38236a82ff44aaa4b972248479d5f970 - Path: Packages/com.unity.collab-proxy/Editor/Assets/Images/d_step1.png - Importer: ScriptedImporter/UnityEditor.QuickSearchModule:UnityEditor.Search:ASIAI0B
Importing 'GUID: 38236a82ff44aaa4b972248479d5f970 - Path: Packages/com.unity.collab-proxy/Editor/Assets/Images/d_step1.png - Importer: ScriptedImporter/UnityEditor.QuickSearchModule:UnityEditor.Search:ASIAI0B' with importer (ScriptedImporter : UnityEditor.QuickSearchModule:UnityEditor.Search:ASIAI0B)
Imported 'GUID: 38236a82ff44aaa4b972248479d5f970' -> (Import Result ID: '87d8018e82674c4e4939732668205d04') in 0.006 seconds [static and dynamic dependencies]. Details - ImportResultOutputID=74c736caf265a253d3a7fe84530e798d DependenciesID=83f9cb54620dc91635b6d99de547df0a StaticDependenciesID=5447f722b8b90fa4ce9db53eab101aec 
Number of updated asset objects reloaded before import = 0
Number of asset objects unloaded after import = 1
========================================================================
Received Import Request.
  Time of request: 2026-10-01T15:25:34.7957647Z
  Time since last request: 0.0002673 seconds.
  importAddress: GUID: 1318ab8bf649dcf43b922511fa5e155b - Path: Packages/com.unity.collab-proxy/Editor/Assets/Images/iconconflictresolvedoverlay.png - Importer: ScriptedImporter/UnityEditor.QuickSearchModule:UnityEditor.Search:ASIAI0B
Importing 'GUID: 1318ab8bf649dcf43b922511fa5e155b - Path: Packages/com.unity.collab-proxy/Editor/Assets/Images/iconconflictresolvedoverlay.png - Importer: ScriptedImporter/UnityEditor.QuickSearchModule:UnityEditor.Search:ASIAI0B' with importer (ScriptedImporter : UnityEditor.QuickSearchModule:UnityEditor.Search:ASIAI0B)
Imported 'GUID: 1318ab8bf649dcf43b922511fa5e155b' -> (Import Result ID: 'be50cd73975f4cb82cb7e3960679f87c') in 0.008 seconds [static and dynamic dependencies]. Details - ImportResultOutputID=f238aeed459a5c1c642a6b3e16ffd6f4 DependenciesID=7119862aee3da90c5d88886c0f5e6b8e StaticDependenciesID=06807ee4249943f49e3da67ea8f07218 
Number of updated asset objects reloaded before import = 0
Number of asset objects unloaded after import = 3
========================================================================
Received Import Request.
  Time of request: 2026-10-01T15:25:34.803822Z
  Time since last request: 0.0002313 seconds.
  importAddress: GUID: 6f11428fb25804d439c7d1c42803828a - Path: Packages/com.unity.collab-proxy/Editor/Assets/Images/iconarrowdown.png - Importer: ScriptedImporter/UnityEditor.QuickSearchModule:UnityEditor.Search:ASIAI0B
Importing 'GUID: 6f11428fb25804d439c7d1c42803828a - Path: Packages/com.unity.collab-proxy/Editor/Assets/Images/iconarrowdown.png - Importer: ScriptedImporter/UnityEditor.QuickSearchModule:UnityEditor.Search:ASIAI0B' with importer (ScriptedImporter : UnityEditor.QuickSearchModule:UnityEditor.Search:ASIAI0B)
Imported 'GUID: 6f11428fb25804d439c7d1c42803828a' -> (Import Result ID: '3bc21fbffd8d570c11eb20ca1c3bebc7') in 0.006 seconds [static and dynamic dependencies]. Details - ImportResultOutputID=ff8a050d89d67ad4a44b48419694d18a DependenciesID=c73e8749fc9618ce7a2dae8221536878 StaticDependenciesID=390da863a8f0fddf9558c36ba0f238a9 
Number of updated asset objects reloaded before import = 0
Number of asset objects unloaded after import = 3
========================================================================
Received Import Request.
  Time of request: 2026-10-01T15:25:34.8102779Z
  Time since last request: 0.0001601 seconds.
  importAddress: GUID: d1c88f142eee55b4eb2b2cfd7b3624ce - Path: Packages/com.unity.collab-proxy/Editor/Assets/Images/iconconflicted.png - Importer: ScriptedImporter/UnityEditor.QuickSearchModule:UnityEditor.Search:ASIAI0B
Importing 'GUID: d1c88f142eee55b4eb2b2cfd7b3624ce - Path: Packages/com.unity.collab-proxy/Editor/Assets/Images/iconconflicted.png - Importer: ScriptedImporter/UnityEditor.QuickSearchModule:UnityEditor.Search:ASIAI0B' with importer (ScriptedImporter : UnityEditor.QuickSearchModule:UnityEditor.Search:ASIAI0B)
Imported 'GUID: d1c88f142eee55b4eb2b2cfd7b3624ce' -> (Import Result ID: '3f5d8fe2f88b6afa67ed8b5934306272') in 0.005 seconds [static and dynamic dependencies]. Details - ImportResultOutputID=47e486f45777f6adf56ba5025a6555be DependenciesID=ec3146136bfb17f60bfaba0dd0788d73 StaticDependenciesID=e2f99a222df8b489ba9cd8ae30ab22b7 
Number of updated asset objects reloaded before import = 0
Number of asset objects unloaded after import = 1
========================================================================
Received Import Request.
  Time of request: 2026-10-01T15:25:34.8158931Z
  Time since last request: 0.0003561 seconds.
  importAddress: GUID: fea4bd4d5cc294ea59798fa81207b6d9 - Path: Packages/com.unity.collab-proxy/Editor/Assets/Images/iconclosebutton@2x.png - Importer: ScriptedImporter/UnityEditor.QuickSearchModule:UnityEditor.Search:ASIAI0B
Importing 'GUID: fea4bd4d5cc294ea59798fa81207b6d9 - Path: Packages/com.unity.collab-proxy/Editor/Assets/Images/iconclosebutton@2x.png - Importer: ScriptedImporter/UnityEditor.QuickSearchModule:UnityEditor.Search:ASIAI0B' with importer (ScriptedImporter : UnityEditor.QuickSearchModule:UnityEditor.Search:ASIAI0B)
Imported 'GUID: fea4bd4d5cc294ea59798fa81207b6d9' -> (Import Result ID: 'e4080522ca5fbcb3118d595dbbc22a29') in 0.007 seconds [static and dynamic dependencies]. Details - ImportResultOutputID=a39ae31fc7bd332790ec143d236a3da7 DependenciesID=dae9ce135aa5346d9961bee73de8fd5a StaticDependenciesID=ec2aec858191667ada65036d06351512 
Number of updated asset objects reloaded before import = 0
Number of asset objects unloaded after import = 3
========================================================================
Received Import Request.
  Time of request: 2026-10-01T15:25:34.8238624Z
  Time since last request: 0.0002245 seconds.
  importAddress: GUID: 7f8cc7cc9d461433f943c59487385f04 - Path: Packages/com.unity.collab-proxy/Editor/Assets/Images/d_RGBAGreen.png - Importer: ScriptedImporter/UnityEditor.QuickSearchModule:UnityEditor.Search:ASIAI0B
Importing 'GUID: 7f8cc7cc9d461433f943c59487385f04 - Path: Packages/com.unity.collab-proxy/Editor/Assets/Images/d_RGBAGreen.png - Importer: ScriptedImporter/UnityEditor.QuickSearchModule:UnityEditor.Search:ASIAI0B' with importer (ScriptedImporter : UnityEditor.QuickSearchModule:UnityEditor.Search:ASIAI0B)
Imported 'GUID: 7f8cc7cc9d461433f943c59487385f04' -> (Import Result ID: 'ee9969e5da0465b1bf242a9375cb5378') in 0.005 seconds [static and dynamic dependencies]. Details - ImportResultOutputID=1f1b426e30bdf53002f30c58491d03b3 DependenciesID=a45e04aa52089b672700dd9c98c6b42b StaticDependenciesID=15e2f379cbeb58d36cad3f9c38bfce50 
Number of updated asset objects reloaded before import = 0
Number of asset objects unloaded after import = 3
========================================================================
Received Import Request.
  Time of request: 2026-10-01T15:25:34.8297993Z
  Time since last request: 0.000256 seconds.
  importAddress: GUID: 02102e2fc09aa45bf8be0a509170d07f - Path: Packages/com.unity.collab-proxy/Editor/Assets/Images/d_RGBAlpha@2x.png - Importer: ScriptedImporter/UnityEditor.QuickSearchModule:UnityEditor.Search:ASIAI0B
Importing 'GUID: 02102e2fc09aa45bf8be0a509170d07f - Path: Packages/com.unity.collab-proxy/Editor/Assets/Images/d_RGBAlpha@2x.png - Importer: ScriptedImporter/UnityEditor.QuickSearchModule:UnityEditor.Search:ASIAI0B' with importer (ScriptedImporter : UnityEditor.QuickSearchModule:UnityEditor.Search:ASIAI0B)
Imported 'GUID: 02102e2fc09aa45bf8be0a509170d07f' -> (Import Result ID: 'aaa4d4193d6c7757d33f0e45ef92e7f7') in 0.012 seconds [static and dynamic dependencies]. Details - ImportResultOutputID=6501bc0012db3950c324998c06b83755 DependenciesID=91405bd27e1b5eaef3dc36b5dcf3230e StaticDependenciesID=30155c42f075889cfb421cc83b685cb2 
Number of updated asset objects reloaded before import = 0
Number of asset objects unloaded after import = 3
========================================================================
Received Import Request.
  Time of request: 2026-10-01T15:25:34.8423811Z
  Time since last request: 0.0001878 seconds.
  importAddress: GUID: 9aa4348290784b2468144a97eb15d8d7 - Path: Packages/com.unity.collab-proxy/Editor/Assets/Images/d_secondarytabclosehover@2x.png - Importer: ScriptedImporter/UnityEditor.QuickSearchModule:UnityEditor.Search:ASIAI0B
Importing 'GUID: 9aa4348290784b2468144a97eb15d8d7 - Path: Packages/com.unity.collab-proxy/Editor/Assets/Images/d_secondarytabclosehover@2x.png - Importer: ScriptedImporter/UnityEditor.QuickSearchModule:UnityEditor.Search:ASIAI0B' with importer (ScriptedImporter : UnityEditor.QuickSearchModule:UnityEditor.Search:ASIAI0B)
Imported 'GUID: 9aa4348290784b2468144a97eb15d8d7' -> (Import Result ID: 'cf6977d533c2905717206469b584fdbe') in 0.005 seconds [static and dynamic dependencies]. Details - ImportResultOutputID=4f13265ab708b253588a5ff3ee1a9ec9 DependenciesID=0db04b158dfb56d37d568b210978fded StaticDependenciesID=b9f6686059cebb5a207d1892366d96b9 
Number of updated asset objects reloaded before import = 0
Number of asset objects unloaded after import = 1
========================================================================
Received Import Request.
  Time of request: 2026-10-01T15:25:34.8480046Z
  Time since last request: 0.0002329 seconds.
  importAddress: GUID: df8c4eeadc2f24a3c8d1c1bad53d1cae - Path: Packages/com.unity.collab-proxy/Editor/Assets/Images/d_RGBARed@2x.png - Importer: ScriptedImporter/UnityEditor.QuickSearchModule:UnityEditor.Search:ASIAI0B
Importing 'GUID: df8c4eeadc2f24a3c8d1c1bad53d1cae - Path: Packages/com.unity.collab-proxy/Editor/Assets/Images/d_RGBARed@2x.png - Importer: ScriptedImporter/UnityEditor.QuickSearchModule:UnityEditor.Search:ASIAI0B' with importer (ScriptedImporter : UnityEditor.QuickSearchModule:UnityEditor.Search:ASIAI0B)
Imported 'GUID: df8c4eeadc2f24a3c8d1c1bad53d1cae' -> (Import Result ID: 'c8ab9eb4a43c0eeccb418e929497c818') in 0.009 seconds [static and dynamic dependencies]. Details - ImportResultOutputID=16c3b8bbc51c86f7c9fc181a9a2a17c1 DependenciesID=25b732865748d51dad9fdaa2f986539b StaticDependenciesID=239edc799fe57278da79692049da4c53 
Number of updated asset objects reloaded before import = 0
Number of asset objects unloaded after import = 3
========================================================================
Received Import Request.
  Time of request: 2026-10-01T15:25:34.8571949Z
  Time since last request: 0.0002752 seconds.
  importAddress: GUID: d30af1e364af1fc48be2ff2dcb0d4724 - Path: Packages/com.unity.collab-proxy/Editor/Assets/Images/iconcurrentbranch.png - Importer: ScriptedImporter/UnityEditor.QuickSearchModule:UnityEditor.Search:ASIAI0B
Importing 'GUID: d30af1e364af1fc48be2ff2dcb0d4724 - Path: Packages/com.unity.collab-proxy/Editor/Assets/Images/iconcurrentbranch.png - Importer: ScriptedImporter/UnityEditor.QuickSearchModule:UnityEditor.Search:ASIAI0B' with importer (ScriptedImporter : UnityEditor.QuickSearchModule:UnityEditor.Search:ASIAI0B)
Imported 'GUID: d30af1e364af1fc48be2ff2dcb0d4724' -> (Import Result ID: '01cdd97e4409caf9ea5c9cc305cccb09') in 0.009 seconds [static and dynamic dependencies]. Details - ImportResultOutputID=3a3b7f13909b9c5d61593a4c3497581f DependenciesID=7a01a67c779aa73b9210c729277c7a4d StaticDependenciesID=4411a96d7362e316c93d04700c44e904 
Number of updated asset objects reloaded before import = 0
Number of asset objects unloaded after import = 3
========================================================================
Received Import Request.
  Time of request: 2026-10-01T15:25:34.866866Z
  Time since last request: 0.0000402 seconds.
  importAddress: GUID: c8a69ecdf54ac8e4b873466605de27ff - Path: Packages/com.unity.collab-proxy/Editor/Assets/Images/d_step1@2x.png - Importer: ScriptedImporter/UnityEditor.QuickSearchModule:UnityEditor.Search:ASIAI0B
Importing 'GUID: c8a69ecdf54ac8e4b873466605de27ff - Path: Packages/com.unity.collab-proxy/Editor/Assets/Images/d_step1@2x.png - Importer: ScriptedImporter/UnityEditor.QuickSearchModule:UnityEditor.Search:ASIAI0B' with importer (ScriptedImporter : UnityEditor.QuickSearchModule:UnityEditor.Search:ASIAI0B)
Imported 'GUID: c8a69ecdf54ac8e4b873466605de27ff' -> (Import Result ID: 'a81f77bb030e71c27b6558916caacece') in 0.015 seconds [static and dynamic dependencies]. Details - ImportResultOutputID=183a9800b5e1abee3fc002c66fb92354 DependenciesID=93ce97637c30a73727b6619936a2488c StaticDependenciesID=f351437b5e0a1deeb6782093e4eb248d 
Number of updated asset objects reloaded before import = 0
Number of asset objects unloaded after import = 1
========================================================================
Received Import Request.
  Time of request: 2026-10-01T15:25:34.8824217Z
  Time since last request: 0.0003277 seconds.
  importAddress: GUID: fb6daef73b4fc4a12b9cbd4fb0fc4d0d - Path: Packages/com.unity.collab-proxy/Editor/Assets/Images/d_RGBAGreen@2x.png - Importer: ScriptedImporter/UnityEditor.QuickSearchModule:UnityEditor.Search:ASIAI0B
Importing 'GUID: fb6daef73b4fc4a12b9cbd4fb0fc4d0d - Path: Packages/com.unity.collab-proxy/Editor/Assets/Images/d_RGBAGreen@2x.png - Importer: ScriptedImporter/UnityEditor.QuickSearchModule:UnityEditor.Search:ASIAI0B' with importer (ScriptedImporter : UnityEditor.QuickSearchModule:UnityEditor.Search:ASIAI0B)
Imported 'GUID: fb6daef73b4fc4a12b9cbd4fb0fc4d0d' -> (Import Result ID: '01384b5b5aba78cc5ef32cdefad2a01f') in 0.007 seconds [static and dynamic dependencies]. Details - ImportResultOutputID=21b651402b903941068fd071ae4282bd DependenciesID=0be1b76ffbb65f826e6bb41cac463a82 StaticDependenciesID=3f0f7f6388b1e61ebcbdbbb0ee155c7e 
Number of updated asset objects reloaded before import = 0
Number of asset objects unloaded after import = 3
========================================================================
Received Import Request.
  Time of request: 2026-10-01T15:25:34.8959841Z
  Time since last request: 0.006253 seconds.
  importAddress: GUID: eb591dd22aae343468cc4dd017c550d0 - Path: Packages/com.unity.collab-proxy/Editor/Assets/Images/iconcheckedoutlocaloverlay.png - Importer: ScriptedImporter/UnityEditor.QuickSearchModule:UnityEditor.Search:ASIAI0B
Importing 'GUID: eb591dd22aae343468cc4dd017c550d0 - Path: Packages/com.unity.collab-proxy/Editor/Assets/Images/iconcheckedoutlocaloverlay.png - Importer: ScriptedImporter/UnityEditor.QuickSearchModule:UnityEditor.Search:ASIAI0B' with importer (ScriptedImporter : UnityEditor.QuickSearchModule:UnityEditor.Search:ASIAI0B)
Imported 'GUID: eb591dd22aae343468cc4dd017c550d0' -> (Import Result ID: '8c598e63bcf80034f33daeb3cbf2fbe7') in 0.009 seconds [static and dynamic dependencies]. Details - ImportResultOutputID=efb23e1cc57cc62cd8d53db8fc6080a7 DependenciesID=2732e08116fa7d9c0ccc1606dc212db5 StaticDependenciesID=d05616079a8f73ddb2e46caac619f7e0 
Number of updated asset objects reloaded before import = 0
Number of asset objects unloaded after import = 3
========================================================================
Received Import Request.
  Time of request: 2026-10-01T15:25:34.9053957Z
  Time since last request: 0.0004411 seconds.
  importAddress: GUID: 70e3ce8ad01f39248a3ea97a35bcf238 - Path: Packages/com.unity.collab-proxy/Editor/Assets/Images/icondeletedremote@2x.png - Importer: ScriptedImporter/UnityEditor.QuickSearchModule:UnityEditor.Search:ASIAI0B
Importing 'GUID: 70e3ce8ad01f39248a3ea97a35bcf238 - Path: Packages/com.unity.collab-proxy/Editor/Assets/Images/icondeletedremote@2x.png - Importer: ScriptedImporter/UnityEditor.QuickSearchModule:UnityEditor.Search:ASIAI0B' with importer (ScriptedImporter : UnityEditor.QuickSearchModule:UnityEditor.Search:ASIAI0B)
Imported 'GUID: 70e3ce8ad01f39248a3ea97a35bcf238' -> (Import Result ID: '5e9ea21a4c642a252fc4c0c08885a1ec') in 0.007 seconds [static and dynamic dependencies]. Details - ImportResultOutputID=3810d773a381344b48fdba7dc129fa16 DependenciesID=a3a2904f4801cbd8710e5f1916975996 StaticDependenciesID=1d8515a8d3f1726dfaaa65de5a94a09a 
Number of updated asset objects reloaded before import = 0
Number of asset objects unloaded after import = 1
========================================================================
Received Import Request.
  Time of request: 2026-10-01T15:25:34.9126162Z
  Time since last request: 0.0002977 seconds.
  importAddress: GUID: 155b8a0cbfb7948baab0167cb548c0f6 - Path: Packages/com.unity.collab-proxy/Editor/Assets/Images/iconcheckmark@2x.png - Importer: ScriptedImporter/UnityEditor.QuickSearchModule:UnityEditor.Search:ASIAI0B
Importing 'GUID: 155b8a0cbfb7948baab0167cb548c0f6 - Path: Packages/com.unity.collab-proxy/Editor/Assets/Images/iconcheckmark@2x.png - Importer: ScriptedImporter/UnityEditor.QuickSearchModule:UnityEditor.Search:ASIAI0B' with importer (ScriptedImporter : UnityEditor.QuickSearchModule:UnityEditor.Search:ASIAI0B)
Imported 'GUID: 155b8a0cbfb7948baab0167cb548c0f6' -> (Import Result ID: '591d817ee7c0b9911d2af67e0ac23089') in 0.007 seconds [static and dynamic dependencies]. Details - ImportResultOutputID=509d6a08bc8cb808ec2dd1de9abea4b5 DependenciesID=38bf696bf1097e042df2e9f3242f2aea StaticDependenciesID=2a7a94f1754a77842e4dcf378093b01a 
Number of updated asset objects reloaded before import = 0
Number of asset objects unloaded after import = 3
========================================================================
Received Import Request.
  Time of request: 2026-10-01T15:25:34.9198305Z
  Time since last request: 0.0001928 seconds.
  importAddress: GUID: a67b58d6cddcd4345b1e001340de5a76 - Path: Packages/com.unity.collab-proxy/Editor/Assets/Images/iconaddedlocal@2x.png - Importer: ScriptedImporter/UnityEditor.QuickSearchModule:UnityEditor.Search:ASIAI0B
Importing 'GUID: a67b58d6cddcd4345b1e001340de5a76 - Path: Packages/com.unity.collab-proxy/Editor/Assets/Images/iconaddedlocal@2x.png - Importer: ScriptedImporter/UnityEditor.QuickSearchModule:UnityEditor.Search:ASIAI0B' with importer (ScriptedImporter : UnityEditor.QuickSearchModule:UnityEditor.Search:ASIAI0B)
Imported 'GUID: a67b58d6cddcd4345b1e001340de5a76' -> (Import Result ID: 'db27e5f09459bec2622ea8225667b145') in 0.007 seconds [static and dynamic dependencies]. Details - ImportResultOutputID=273b4f4937a90b686b078ebfddb10340 DependenciesID=1587ed11c22becf461627555055bad5a StaticDependenciesID=8a39e618d61d6163ab21d5335efb76c2 
Number of updated asset objects reloaded before import = 0
Number of asset objects unloaded after import = 1
========================================================================
Received Import Request.
  Time of request: 2026-10-01T15:25:34.9268318Z
  Time since last request: 0.0002558 seconds.
  importAddress: GUID: 1d3607c28f2ac434d8e003c4934b2a3b - Path: Packages/com.unity.collab-proxy/Editor/Assets/Images/d_RGBAlpha.png - Importer: ScriptedImporter/UnityEditor.QuickSearchModule:UnityEditor.Search:ASIAI0B
Importing 'GUID: 1d3607c28f2ac434d8e003c4934b2a3b - Path: Packages/com.unity.collab-proxy/Editor/Assets/Images/d_RGBAlpha.png - Importer: ScriptedImporter/UnityEditor.QuickSearchModule:UnityEditor.Search:ASIAI0B' with importer (ScriptedImporter : UnityEditor.QuickSearchModule:UnityEditor.Search:ASIAI0B)
Imported 'GUID: 1d3607c28f2ac434d8e003c4934b2a3b' -> (Import Result ID: '6469f2af2429bf95e449a39996865f34') in 0.006 seconds [static and dynamic dependencies]. Details - ImportResultOutputID=5cd46768bfc2b1e009901e4e7e65e2f5 DependenciesID=ba245e5ecb6a782e00f76d8fc8e83999 StaticDependenciesID=dd123484efbdf6825650f058e47b54cd 
Number of updated asset objects reloaded before import = 0
Number of asset objects unloaded after import = 3
========================================================================
Received Import Request.
  Time of request: 2026-10-01T15:25:34.9330688Z
  Time since last request: 0.0002058 seconds.
  importAddress: GUID: c5d82e0b4fbcf42539ceffc642e631ce - Path: Packages/com.unity.collab-proxy/Editor/Assets/Images/iconchangesets.png - Importer: ScriptedImporter/UnityEditor.QuickSearchModule:UnityEditor.Search:ASIAI0B
Importing 'GUID: c5d82e0b4fbcf42539ceffc642e631ce - Path: Packages/com.unity.collab-proxy/Editor/Assets/Images/iconchangesets.png - Importer: ScriptedImporter/UnityEditor.QuickSearchModule:UnityEditor.Search:ASIAI0B' with importer (ScriptedImporter : UnityEditor.QuickSearchModule:UnityEditor.Search:ASIAI0B)
Imported 'GUID: c5d82e0b4fbcf42539ceffc642e631ce' -> (Import Result ID: '88295f30a3c39ba37aa4e16f072f8c87') in 0.005 seconds [static and dynamic dependencies]. Details - ImportResultOutputID=865f80ba885ab1b715386a4812eeeec5 DependenciesID=e2cee8f28bce75560f9e35279a70d314 StaticDependenciesID=f63fed6159434ce2e1a208c9fe526f27 
Number of updated asset objects reloaded before import = 0
Number of asset objects unloaded after import = 3
========================================================================
Received Import Request.
  Time of request: 2026-10-01T15:25:34.9386432Z
  Time since last request: 0.0002207 seconds.
  importAddress: GUID: 8d91317e8f7610f41a30fcb9c0d99196 - Path: Packages/com.unity.collab-proxy/Editor/Assets/Images/iconclipboard.png - Importer: ScriptedImporter/UnityEditor.QuickSearchModule:UnityEditor.Search:ASIAI0B
Importing 'GUID: 8d91317e8f7610f41a30fcb9c0d99196 - Path: Packages/com.unity.collab-proxy/Editor/Assets/Images/iconclipboard.png - Importer: ScriptedImporter/UnityEditor.QuickSearchModule:UnityEditor.Search:ASIAI0B' with importer (ScriptedImporter : UnityEditor.QuickSearchModule:UnityEditor.Search:ASIAI0B)
Imported 'GUID: 8d91317e8f7610f41a30fcb9c0d99196' -> (Import Result ID: '351f03e53a13fb544de2e41e650b6bf9') in 0.005 seconds [static and dynamic dependencies]. Details - ImportResultOutputID=60dd1acf23292a607e360b3f58d9920d DependenciesID=f37921ee264e62a80d3d3361826f8831 StaticDependenciesID=ebbb18b4da2a6eedd091220b9ba30cb8 
Number of updated asset objects reloaded before import = 0
Number of asset objects unloaded after import = 3
========================================================================
Received Import Request.
  Time of request: 2026-10-01T15:25:34.9442135Z
  Time since last request: 0.0002117 seconds.
  importAddress: GUID: cc036907824004dbfa9a0420b439ac67 - Path: Packages/com.unity.collab-proxy/Editor/Assets/Images/d_RGBARed.png - Importer: ScriptedImporter/UnityEditor.QuickSearchModule:UnityEditor.Search:ASIAI0B
Importing 'GUID: cc036907824004dbfa9a0420b439ac67 - Path: Packages/com.unity.collab-proxy/Editor/Assets/Images/d_RGBARed.png - Importer: ScriptedImporter/UnityEditor.QuickSearchModule:UnityEditor.Search:ASIAI0B' with importer (ScriptedImporter : UnityEditor.QuickSearchModule:UnityEditor.Search:ASIAI0B)
Imported 'GUID: cc036907824004dbfa9a0420b439ac67' -> (Import Result ID: '9dd36dab79daed2605fb2a0616332afd') in 0.006 seconds [static and dynamic dependencies]. Details - ImportResultOutputID=eabe26ab830558bf07ff71f80d7fe19b DependenciesID=e64604fa3ef7a2c7b9603d5a79ba6be9 StaticDependenciesID=fb4c4d9ed5a12ff11fae706643f67d1e 
Number of updated asset objects reloaded before import = 0
Number of asset objects unloaded after import = 3
========================================================================
Received Import Request.
  Time of request: 2026-10-01T15:25:34.9508813Z
  Time since last request: 0.0001674 seconds.
  importAddress: GUID: 5679a74364f6b4440ab7e7aed55cd95e - Path: Packages/com.unity.collab-proxy/Editor/Assets/Images/iconconflictedoverlay@2x.png - Importer: ScriptedImporter/UnityEditor.QuickSearchModule:UnityEditor.Search:ASIAI0B
Importing 'GUID: 5679a74364f6b4440ab7e7aed55cd95e - Path: Packages/com.unity.collab-proxy/Editor/Assets/Images/iconconflictedoverlay@2x.png - Importer: ScriptedImporter/UnityEditor.QuickSearchModule:UnityEditor.Search:ASIAI0B' with importer (ScriptedImporter : UnityEditor.QuickSearchModule:UnityEditor.Search:ASIAI0B)
Imported 'GUID: 5679a74364f6b4440ab7e7aed55cd95e' -> (Import Result ID: '6eca7bb0939abafa64c50898adb9e7bc') in 0.005 seconds [static and dynamic dependencies]. Details - ImportResultOutputID=9196b30a08de606b723e5f7fdedada63 DependenciesID=79c79e93ca9757e499863e651caec18c StaticDependenciesID=ebbd26d9881e7c1546727531acc71cf1 
Number of updated asset objects reloaded before import = 0
Number of asset objects unloaded after import = 1
========================================================================
Received Import Request.
  Time of request: 2026-10-01T15:25:34.9560092Z
  Time since last request: 0.000228 seconds.
  importAddress: GUID: 639dd667694184004a6f47c95ff5594b - Path: Packages/com.unity.collab-proxy/Editor/Assets/Images/d_RGBAAll@2x.png - Importer: ScriptedImporter/UnityEditor.QuickSearchModule:UnityEditor.Search:ASIAI0B
Importing 'GUID: 639dd667694184004a6f47c95ff5594b - Path: Packages/com.unity.collab-proxy/Editor/Assets/Images/d_RGBAAll@2x.png - Importer: ScriptedImporter/UnityEditor.QuickSearchModule:UnityEditor.Search:ASIAI0B' with importer (ScriptedImporter : UnityEditor.QuickSearchModule:UnityEditor.Search:ASIAI0B)
Imported 'GUID: 639dd667694184004a6f47c95ff5594b' -> (Import Result ID: 'cbbbf87ccc0af56b7d5889a3392a8c7c') in 0.006 seconds [static and dynamic dependencies]. Details - ImportResultOutputID=73d868901733ed18423383ab56898bbe DependenciesID=5bb34ff09cc7cd73e680d5085303067f StaticDependenciesID=3c47dd8987456ece367937bdacf0d8a6 
Number of updated asset objects reloaded before import = 0
Number of asset objects unloaded after import = 3
========================================================================
Received Import Request.
  Time of request: 2026-10-01T15:25:34.9623348Z
  Time since last request: 0.0002102 seconds.
  importAddress: GUID: 8ebb93c64d7a141569a153a9d4fe9ae2 - Path: Packages/com.unity.collab-proxy/Editor/Assets/Images/exclusionrule.png - Importer: ScriptedImporter/UnityEditor.QuickSearchModule:UnityEditor.Search:ASIAI0B
Importing 'GUID: 8ebb93c64d7a141569a153a9d4fe9ae2 - Path: Packages/com.unity.collab-proxy/Editor/Assets/Images/exclusionrule.png - Importer: ScriptedImporter/UnityEditor.QuickSearchModule:UnityEditor.Search:ASIAI0B' with importer (ScriptedImporter : UnityEditor.QuickSearchModule:UnityEditor.Search:ASIAI0B)
Imported 'GUID: 8ebb93c64d7a141569a153a9d4fe9ae2' -> (Import Result ID: '46a7f72793584a6da34a995611acd46c') in 0.006 seconds [static and dynamic dependencies]. Details - ImportResultOutputID=3de30a4fb68db9da7692a0cf12183742 DependenciesID=03fc42c6c315b6e48be5cb7301c86a67 StaticDependenciesID=eb0633b68b81f78edb0862b311a2de59 
Number of updated asset objects reloaded before import = 0
Number of asset objects unloaded after import = 3
========================================================================
Received Import Request.
  Time of request: 2026-10-01T15:25:34.9683174Z
  Time since last request: 0.0002145 seconds.
  importAddress: GUID: 4c635bf514a064e8d9688218d937fe77 - Path: Packages/com.unity.collab-proxy/Editor/Assets/Images/exclusionrule@2x.png - Importer: ScriptedImporter/UnityEditor.QuickSearchModule:UnityEditor.Search:ASIAI0B
Importing 'GUID: 4c635bf514a064e8d9688218d937fe77 - Path: Packages/com.unity.collab-proxy/Editor/Assets/Images/exclusionrule@2x.png - Importer: ScriptedImporter/UnityEditor.QuickSearchModule:UnityEditor.Search:ASIAI0B' with importer (ScriptedImporter : UnityEditor.QuickSearchModule:UnityEditor.Search:ASIAI0B)
Imported 'GUID: 4c635bf514a064e8d9688218d937fe77' -> (Import Result ID: '9eeab0f1c2073bdf07c1732b1126cc84') in 0.005 seconds [static and dynamic dependencies]. Details - ImportResultOutputID=37346a51ff2e1783ef31ac9bf039cea3 DependenciesID=12beb6e9043edef109ead60d48056f2a StaticDependenciesID=7d470f46b2431298223d0e9b881863a5 
Number of updated asset objects reloaded before import = 0
Number of asset objects unloaded after import = 3
========================================================================
Received Import Request.
  Time of request: 2026-10-01T15:25:34.9740692Z
  Time since last request: 0.0002115 seconds.
  importAddress: GUID: 503a763cc33a6854c86d736c5dd2515c - Path: Packages/com.unity.collab-proxy/Editor/Assets/Images/iconconflictedoverlay.png - Importer: ScriptedImporter/UnityEditor.QuickSearchModule:UnityEditor.Search:ASIAI0B
Importing 'GUID: 503a763cc33a6854c86d736c5dd2515c - Path: Packages/com.unity.collab-proxy/Editor/Assets/Images/iconconflictedoverlay.png - Importer: ScriptedImporter/UnityEditor.QuickSearchModule:UnityEditor.Search:ASIAI0B' with importer (ScriptedImporter : UnityEditor.QuickSearchModule:UnityEditor.Search:ASIAI0B)
Imported 'GUID: 503a763cc33a6854c86d736c5dd2515c' -> (Import Result ID: '72c7fc6befc8f4d03c738a818ea80b9b') in 0.008 seconds [static and dynamic dependencies]. Details - ImportResultOutputID=20d74187052ea52458c9dfc28c089088 DependenciesID=d50a98b5cc8df86eac4ee891412a6c55 StaticDependenciesID=5c289279492e05767cfd1a2b31111fb1 
Number of updated asset objects reloaded before import = 0
Number of asset objects unloaded after import = 3
========================================================================
Received Import Request.
  Time of request: 2026-10-01T15:25:34.9825279Z
  Time since last request: 0.0002047 seconds.
  importAddress: GUID: 981b1c6358520f245a69c070270eca96 - Path: Packages/com.unity.collab-proxy/Editor/Assets/Images/iconbranch.png - Importer: ScriptedImporter/UnityEditor.QuickSearchModule:UnityEditor.Search:ASIAI0B
Importing 'GUID: 981b1c6358520f245a69c070270eca96 - Path: Packages/com.unity.collab-proxy/Editor/Assets/Images/iconbranch.png - Importer: ScriptedImporter/UnityEditor.QuickSearchModule:UnityEditor.Search:ASIAI0B' with importer (ScriptedImporter : UnityEditor.QuickSearchModule:UnityEditor.Search:ASIAI0B)
Imported 'GUID: 981b1c6358520f245a69c070270eca96' -> (Import Result ID: 'bc9dad18caacd176eccaff6466f9fc7c') in 0.005 seconds [static and dynamic dependencies]. Details - ImportResultOutputID=0e29129ffebbc2aedabff7abd37a5d28 DependenciesID=73c6e2f9446a9c7a66727e8f046d103a StaticDependenciesID=dcb261dd850b77109a564dfbf4ec6a1f 
Number of updated asset objects reloaded before import = 0
Number of asset objects unloaded after import = 3
========================================================================
Received Import Request.
  Time of request: 2026-10-01T15:25:34.9881068Z
  Time since last request: 0.0002023 seconds.
  importAddress: GUID: 74ef721fef79c44489d4e3edb0ab0c01 - Path: Packages/com.unity.collab-proxy/Editor/Assets/Images/iconaddedoverlay@2x.png - Importer: ScriptedImporter/UnityEditor.QuickSearchModule:UnityEditor.Search:ASIAI0B
Importing 'GUID: 74ef721fef79c44489d4e3edb0ab0c01 - Path: Packages/com.unity.collab-proxy/Editor/Assets/Images/iconaddedoverlay@2x.png - Importer: ScriptedImporter/UnityEditor.QuickSearchModule:UnityEditor.Search:ASIAI0B' with importer (ScriptedImporter : UnityEditor.QuickSearchModule:UnityEditor.Search:ASIAI0B)
Imported 'GUID: 74ef721fef79c44489d4e3edb0ab0c01' -> (Import Result ID: '8bb0a0bcab7d0fd5335ebb0d6f3ebe2a') in 0.005 seconds [static and dynamic dependencies]. Details - ImportResultOutputID=f540bce620d60aff24d757ac7f18cdaa DependenciesID=4c73d71a068476df7a842712fba60515 StaticDependenciesID=62b2ebee9c66c25911b6e1c982baf032 
Number of updated asset objects reloaded before import = 0
Number of asset objects unloaded after import = 1
========================================================================
Received Import Request.
  Time of request: 2026-10-01T15:25:34.9937547Z
  Time since last request: 0.0002236 seconds.
  importAddress: GUID: 99d1cf315f771ae48ab6f41c99a8d7cb - Path: Packages/com.unity.collab-proxy/Editor/Assets/Images/iconadd.png - Importer: ScriptedImporter/UnityEditor.QuickSearchModule:UnityEditor.Search:ASIAI0B
Importing 'GUID: 99d1cf315f771ae48ab6f41c99a8d7cb - Path: Packages/com.unity.collab-proxy/Editor/Assets/Images/iconadd.png - Importer: ScriptedImporter/UnityEditor.QuickSearchModule:UnityEditor.Search:ASIAI0B' with importer (ScriptedImporter : UnityEditor.QuickSearchModule:UnityEditor.Search:ASIAI0B)
Imported 'GUID: 99d1cf315f771ae48ab6f41c99a8d7cb' -> (Import Result ID: '6f913ef75a07e22ee44fa506145f29e1') in 0.006 seconds [static and dynamic dependencies]. Details - ImportResultOutputID=78e29e9b28adad1b2c659b56e7d74791 DependenciesID=8401c80a1b2fe7cb0750eae21587aa7b StaticDependenciesID=9fd5ed5ba7a5cda01a1fabe2ded4c2ab 
Number of updated asset objects reloaded before import = 0
Number of asset objects unloaded after import = 3
========================================================================
Received Import Request.
  Time of request: 2026-10-01T15:25:35.0119912Z
  Time since last request: 0.0117849 seconds.
  importAddress: GUID: c7bee029a895b44cfb249d7cd63d13af - Path: Packages/com.unity.collab-proxy/Editor/Assets/Images/iconmovedoverlay@2x.png - Importer: ScriptedImporter/UnityEditor.QuickSearchModule:UnityEditor.Search:ASIAI0B
Importing 'GUID: c7bee029a895b44cfb249d7cd63d13af - Path: Packages/com.unity.collab-proxy/Editor/Assets/Images/iconmovedoverlay@2x.png - Importer: ScriptedImporter/UnityEditor.QuickSearchModule:UnityEditor.Search:ASIAI0B' with importer (ScriptedImporter : UnityEditor.QuickSearchModule:UnityEditor.Search:ASIAI0B)
Imported 'GUID: c7bee029a895b44cfb249d7cd63d13af' -> (Import Result ID: 'bb11501d777bd99b88774b0ad237572c') in 0.008 seconds [static and dynamic dependencies]. Details - ImportResultOutputID=6346e5b7a0ffd4f61cac124e888f522d DependenciesID=b8c8269574a9f5c073aeb7925d11046d StaticDependenciesID=0f505ebc0f42d10c0aaf6b704c65796e 
Number of updated asset objects reloaded before import = 0
Number of asset objects unloaded after import = 3
========================================================================
Received Import Request.
  Time of request: 2026-10-01T15:25:35.0206911Z
  Time since last request: 0.0000415 seconds.
  importAddress: GUID: 76a05d2ec901a8b49a064fe0b0674ba7 - Path: Packages/com.unity.collab-proxy/Editor/Assets/Images/iconpendingchanges.png - Importer: ScriptedImporter/UnityEditor.QuickSearchModule:UnityEditor.Search:ASIAI0B
Importing 'GUID: 76a05d2ec901a8b49a064fe0b0674ba7 - Path: Packages/com.unity.collab-proxy/Editor/Assets/Images/iconpendingchanges.png - Importer: ScriptedImporter/UnityEditor.QuickSearchModule:UnityEditor.Search:ASIAI0B' with importer (ScriptedImporter : UnityEditor.QuickSearchModule:UnityEditor.Search:ASIAI0B)
Imported 'GUID: 76a05d2ec901a8b49a064fe0b0674ba7' -> (Import Result ID: '35c852e587a1f61e3e0252c9caf1a791') in 0.009 seconds [static and dynamic dependencies]. Details - ImportResultOutputID=b2cefcc3cad0caa226995526183421a8 DependenciesID=4b993ccd19bab8349f623698cc1b2e9c StaticDependenciesID=b19772137fa23530d3495e58148ff67b 
Number of updated asset objects reloaded before import = 0
Number of asset objects unloaded after import = 3
========================================================================
Received Import Request.
  Time of request: 2026-10-01T15:25:35.029845Z
  Time since last request: 0.0002346 seconds.
  importAddress: GUID: 4cffcba66879d7a4a9da8554709e9825 - Path: Packages/com.unity.collab-proxy/Editor/Assets/Images/iconlockedremoteoverlay.png - Importer: ScriptedImporter/UnityEditor.QuickSearchModule:UnityEditor.Search:ASIAI0B
Importing 'GUID: 4cffcba66879d7a4a9da8554709e9825 - Path: Packages/com.unity.collab-proxy/Editor/Assets/Images/iconlockedremoteoverlay.png - Importer: ScriptedImporter/UnityEditor.QuickSearchModule:UnityEditor.Search:ASIAI0B' with importer (ScriptedImporter : UnityEditor.QuickSearchModule:UnityEditor.Search:ASIAI0B)
Imported 'GUID: 4cffcba66879d7a4a9da8554709e9825' -> (Import Result ID: 'a8d7cf94d50fb3c9829316ca290721c8') in 0.007 seconds [static and dynamic dependencies]. Details - ImportResultOutputID=74ef90ace3efcbf5eeddcc69a743a932 DependenciesID=54add6c55fc1e3a0e7f56519237b5078 StaticDependenciesID=ffd15e8378fe745d08eef9fdee1ee53c 
Number of updated asset objects reloaded before import = 0
Number of asset objects unloaded after import = 3
========================================================================
Received Import Request.
  Time of request: 2026-10-01T15:25:35.0381753Z
  Time since last request: 0.0003979 seconds.
  importAddress: GUID: 42540fa3b3cef1340bebdf077d0e2030 - Path: Packages/com.unity.collab-proxy/Editor/Assets/Images/iconlabel.png - Importer: ScriptedImporter/UnityEditor.QuickSearchModule:UnityEditor.Search:ASIAI0B
Importing 'GUID: 42540fa3b3cef1340bebdf077d0e2030 - Path: Packages/com.unity.collab-proxy/Editor/Assets/Images/iconlabel.png - Importer: ScriptedImporter/UnityEditor.QuickSearchModule:UnityEditor.Search:ASIAI0B' with importer (ScriptedImporter : UnityEditor.QuickSearchModule:UnityEditor.Search:ASIAI0B)
Imported 'GUID: 42540fa3b3cef1340bebdf077d0e2030' -> (Import Result ID: '1b7783d011e8553ae14be9afd8b5c473') in 0.007 seconds [static and dynamic dependencies]. Details - ImportResultOutputID=3e070868f25c69b364aa03cb5e60fdd6 DependenciesID=12f6f4646d2920634f8012e60104422f StaticDependenciesID=47b2ad5a8aa957cc7068ad05617f1c4d 
Number of updated asset objects reloaded before import = 0
Number of asset objects unloaded after import = 3
========================================================================
Received Import Request.
  Time of request: 2026-10-01T15:25:35.0457787Z
  Time since last request: 0.000251 seconds.
  importAddress: GUID: d5c3277b1dbad9448b46c2ec87a2cef8 - Path: Packages/com.unity.collab-proxy/Editor/Assets/Images/icondeletedremoteoverlay@2x.png - Importer: ScriptedImporter/UnityEditor.QuickSearchModule:UnityEditor.Search:ASIAI0B
Importing 'GUID: d5c3277b1dbad9448b46c2ec87a2cef8 - Path: Packages/com.unity.collab-proxy/Editor/Assets/Images/icondeletedremoteoverlay@2x.png - Importer: ScriptedImporter/UnityEditor.QuickSearchModule:UnityEditor.Search:ASIAI0B' with importer (ScriptedImporter : UnityEditor.QuickSearchModule:UnityEditor.Search:ASIAI0B)
Imported 'GUID: d5c3277b1dbad9448b46c2ec87a2cef8' -> (Import Result ID: '78c1d072b00e39db82b2e34f155548c5') in 0.008 seconds [static and dynamic dependencies]. Details - ImportResultOutputID=4a3fdbcca51e036faff3116ec7b576e5 DependenciesID=76f99bbadd50eadd0304afa2642ca1c9 StaticDependenciesID=dbeaf533db50a6144833e21edd6fd17e 
Number of updated asset objects reloaded before import = 0
Number of asset objects unloaded after import = 1
========================================================================
Received Import Request.
  Time of request: 2026-10-01T15:25:35.0544672Z
  Time since last request: 0.0002163 seconds.
  importAddress: GUID: 010782d013661414a9aa675a9fbcceab - Path: Packages/com.unity.collab-proxy/Editor/Assets/Images/iconnext.png - Importer: ScriptedImporter/UnityEditor.QuickSearchModule:UnityEditor.Search:ASIAI0B
Importing 'GUID: 010782d013661414a9aa675a9fbcceab - Path: Packages/com.unity.collab-proxy/Editor/Assets/Images/iconnext.png - Importer: ScriptedImporter/UnityEditor.QuickSearchModule:UnityEditor.Search:ASIAI0B' with importer (ScriptedImporter : UnityEditor.QuickSearchModule:UnityEditor.Search:ASIAI0B)
Imported 'GUID: 010782d013661414a9aa675a9fbcceab' -> (Import Result ID: 'a910b64994dfc5e17fdd0be9eb990abb') in 0.009 seconds [static and dynamic dependencies]. Details - ImportResultOutputID=63e40ab3ae811b86f542b9914299e421 DependenciesID=3be83591c5102b0c856867d947067b38 StaticDependenciesID=022cf6d2967c01d373afbae5495d24c9 
Number of updated asset objects reloaded before import = 0
Number of asset objects unloaded after import = 3
========================================================================
Received Import Request.
  Time of request: 2026-10-01T15:25:35.0634494Z
  Time since last request: 0.0001975 seconds.
  importAddress: GUID: 232fe04bebe5e904bb0568e685bd32a6 - Path: Packages/com.unity.collab-proxy/Editor/Assets/Images/iconpendingchanges@2x.png - Importer: ScriptedImporter/UnityEditor.QuickSearchModule:UnityEditor.Search:ASIAI0B
Importing 'GUID: 232fe04bebe5e904bb0568e685bd32a6 - Path: Packages/com.unity.collab-proxy/Editor/Assets/Images/iconpendingchanges@2x.png - Importer: ScriptedImporter/UnityEditor.QuickSearchModule:UnityEditor.Search:ASIAI0B' with importer (ScriptedImporter : UnityEditor.QuickSearchModule:UnityEditor.Search:ASIAI0B)
Imported 'GUID: 232fe04bebe5e904bb0568e685bd32a6' -> (Import Result ID: '0c9e7d0625bfa31e3ec68037ef66baa7') in 0.006 seconds [static and dynamic dependencies]. Details - ImportResultOutputID=9996897110eb204b530858d9a69ff3dc DependenciesID=1ea4aaac92c9ab9811e4e15a802851ad StaticDependenciesID=48fee1fdfa709f117d4a0d09fa52d4dc 
Number of updated asset objects reloaded before import = 0
Number of asset objects unloaded after import = 3
========================================================================
Received Import Request.
  Time of request: 2026-10-01T15:25:35.0706096Z
  Time since last request: 0.0009047 seconds.
  importAddress: GUID: bac66973cba57b842965eb95154fba7e - Path: Packages/com.unity.collab-proxy/Editor/Assets/Images/iconlockretained.png - Importer: ScriptedImporter/UnityEditor.QuickSearchModule:UnityEditor.Search:ASIAI0B
Importing 'GUID: bac66973cba57b842965eb95154fba7e - Path: Packages/com.unity.collab-proxy/Editor/Assets/Images/iconlockretained.png - Importer: ScriptedImporter/UnityEditor.QuickSearchModule:UnityEditor.Search:ASIAI0B' with importer (ScriptedImporter : UnityEditor.QuickSearchModule:UnityEditor.Search:ASIAI0B)
Imported 'GUID: bac66973cba57b842965eb95154fba7e' -> (Import Result ID: '86e0fdf73bbc3b1535fdafdbff36bbb0') in 0.006 seconds [static and dynamic dependencies]. Details - ImportResultOutputID=8965cd70b889459ca4f539d741b4a318 DependenciesID=2ea4f1c9f97254d93a99e945da64ce41 StaticDependenciesID=4ad004f5e0f849e0d8c4d4b9cc64f413 
Number of updated asset objects reloaded before import = 0
Number of asset objects unloaded after import = 3
========================================================================
Received Import Request.
  Time of request: 2026-10-01T15:25:35.076709Z
  Time since last request: 0.000212 seconds.
  importAddress: GUID: 569cb7c654ca242978cdc7428c2881a3 - Path: Packages/com.unity.collab-proxy/Editor/Assets/Images/iconmergeview.png - Importer: ScriptedImporter/UnityEditor.QuickSearchModule:UnityEditor.Search:ASIAI0B
Importing 'GUID: 569cb7c654ca242978cdc7428c2881a3 - Path: Packages/com.unity.collab-proxy/Editor/Assets/Images/iconmergeview.png - Importer: ScriptedImporter/UnityEditor.QuickSearchModule:UnityEditor.Search:ASIAI0B' with importer (ScriptedImporter : UnityEditor.QuickSearchModule:UnityEditor.Search:ASIAI0B)
Imported 'GUID: 569cb7c654ca242978cdc7428c2881a3' -> (Import Result ID: 'c8dc6ae1450294d832c22438c6b10acf') in 0.006 seconds [static and dynamic dependencies]. Details - ImportResultOutputID=b26754b0a7fb9f59b76ae0a6ef90ea9c DependenciesID=bd83299a151514ce91f65471e2404f2c StaticDependenciesID=f2f05126e045a6420cd16876f726f9f4 
Number of updated asset objects reloaded before import = 0
Number of asset objects unloaded after import = 3
========================================================================
Received Import Request.
  Time of request: 2026-10-01T15:25:35.0827564Z
  Time since last request: 0.0002115 seconds.
  importAddress: GUID: 636d03a8834e3ed4cac3a1cb4b82deaf - Path: Packages/com.unity.collab-proxy/Editor/Assets/Images/iconoutofsync.png - Importer: ScriptedImporter/UnityEditor.QuickSearchModule:UnityEditor.Search:ASIAI0B
Importing 'GUID: 636d03a8834e3ed4cac3a1cb4b82deaf - Path: Packages/com.unity.collab-proxy/Editor/Assets/Images/iconoutofsync.png - Importer: ScriptedImporter/UnityEditor.QuickSearchModule:UnityEditor.Search:ASIAI0B' with importer (ScriptedImporter : UnityEditor.QuickSearchModule:UnityEditor.Search:ASIAI0B)
Imported 'GUID: 636d03a8834e3ed4cac3a1cb4b82deaf' -> (Import Result ID: '6b34f73ca44e2e8865235b8c50e13013') in 0.007 seconds [static and dynamic dependencies]. Details - ImportResultOutputID=b706af66c8278365b89aa0750e87f9ce DependenciesID=346d7e255cc585e999f228e4857bf1aa StaticDependenciesID=d06c9a9c1e2064508ed2287dc85a8174 
Number of updated asset objects reloaded before import = 0
Number of asset objects unloaded after import = 1
========================================================================
Received Import Request.
  Time of request: 2026-10-01T15:25:35.090657Z
  Time since last request: 0.0002843 seconds.
  importAddress: GUID: 52a825037e457964f9c91a99d4522f14 - Path: Packages/com.unity.collab-proxy/Editor/Assets/Images/iconignoredoverlay.png - Importer: ScriptedImporter/UnityEditor.QuickSearchModule:UnityEditor.Search:ASIAI0B
Importing 'GUID: 52a825037e457964f9c91a99d4522f14 - Path: Packages/com.unity.collab-proxy/Editor/Assets/Images/iconignoredoverlay.png - Importer: ScriptedImporter/UnityEditor.QuickSearchModule:UnityEditor.Search:ASIAI0B' with importer (ScriptedImporter : UnityEditor.QuickSearchModule:UnityEditor.Search:ASIAI0B)
Imported 'GUID: 52a825037e457964f9c91a99d4522f14' -> (Import Result ID: '6b7017129c4d771c6c9bca998ff6fb55') in 0.006 seconds [static and dynamic dependencies]. Details - ImportResultOutputID=6cc846dbcda7ea97061fdd40ca194c4e DependenciesID=a0405cfe157844804ce6591fd90bce09 StaticDependenciesID=2a26e987223e10d060ef6a2ce8d695f9 
Number of updated asset objects reloaded before import = 0
Number of asset objects unloaded after import = 3
========================================================================
Received Import Request.
  Time of request: 2026-10-01T15:25:35.0972863Z
  Time since last request: 0.0002087 seconds.
  importAddress: GUID: 830164d71b9d60c40b606822b957d10b - Path: Packages/com.unity.collab-proxy/Editor/Assets/Images/iconinfobellnotification@2x.png - Importer: ScriptedImporter/UnityEditor.QuickSearchModule:UnityEditor.Search:ASIAI0B
Importing 'GUID: 830164d71b9d60c40b606822b957d10b - Path: Packages/com.unity.collab-proxy/Editor/Assets/Images/iconinfobellnotification@2x.png - Importer: ScriptedImporter/UnityEditor.QuickSearchModule:UnityEditor.Search:ASIAI0B' with importer (ScriptedImporter : UnityEditor.QuickSearchModule:UnityEditor.Search:ASIAI0B)
Imported 'GUID: 830164d71b9d60c40b606822b957d10b' -> (Import Result ID: '8e7f033b3d34c4ab28557f3551a1d4be') in 0.007 seconds [static and dynamic dependencies]. Details - ImportResultOutputID=4ecb320bd4b0edd31f0c5ded030df674 DependenciesID=cec3a82aaa101f3e7f2406333b4aee23 StaticDependenciesID=feed90311f8ee799b5db0b095bedbf3b 
Number of updated asset objects reloaded before import = 0
Number of asset objects unloaded after import = 3
========================================================================
Received Import Request.
  Time of request: 2026-10-01T15:25:35.1044494Z
  Time since last request: 0.0001915 seconds.
  importAddress: GUID: ca92e845b7b4b41da8e081ca8c0ed3b8 - Path: Packages/com.unity.collab-proxy/Editor/Assets/Images/iconmergeview@2x.png - Importer: ScriptedImporter/UnityEditor.QuickSearchModule:UnityEditor.Search:ASIAI0B
Importing 'GUID: ca92e845b7b4b41da8e081ca8c0ed3b8 - Path: Packages/com.unity.collab-proxy/Editor/Assets/Images/iconmergeview@2x.png - Importer: ScriptedImporter/UnityEditor.QuickSearchModule:UnityEditor.Search:ASIAI0B' with importer (ScriptedImporter : UnityEditor.QuickSearchModule:UnityEditor.Search:ASIAI0B)
Imported 'GUID: ca92e845b7b4b41da8e081ca8c0ed3b8' -> (Import Result ID: 'd33590be1af03766ece4b05f14c3d24b') in 0.006 seconds [static and dynamic dependencies]. Details - ImportResultOutputID=ac04bbd24d4a545ed248b834b258944b DependenciesID=40f5cb1eaf4a951160b642882531f357 StaticDependenciesID=e114d2761be40006fec1cad673f73046 
Number of updated asset objects reloaded before import = 0
Number of asset objects unloaded after import = 3
========================================================================
Received Import Request.
  Time of request: 2026-10-01T15:25:35.110594Z
  Time since last request: 0.000296 seconds.
  importAddress: GUID: e9cc02852345307449379a9a877679da - Path: Packages/com.unity.collab-proxy/Editor/Assets/Images/iconpackageupdateavailable.png - Importer: ScriptedImporter/UnityEditor.QuickSearchModule:UnityEditor.Search:ASIAI0B
Importing 'GUID: e9cc02852345307449379a9a877679da - Path: Packages/com.unity.collab-proxy/Editor/Assets/Images/iconpackageupdateavailable.png - Importer: ScriptedImporter/UnityEditor.QuickSearchModule:UnityEditor.Search:ASIAI0B' with importer (ScriptedImporter : UnityEditor.QuickSearchModule:UnityEditor.Search:ASIAI0B)
Imported 'GUID: e9cc02852345307449379a9a877679da' -> (Import Result ID: '2b271feb9859c3bab9058b6735dd6bab') in 0.006 seconds [static and dynamic dependencies]. Details - ImportResultOutputID=46239f497ce3ca04d4d7cf91aa1bfe6a DependenciesID=9bcbd25007745aa68b5c62f666a67d4f StaticDependenciesID=acef9bd471457f838cd224c4dacc18f2 
Number of updated asset objects reloaded before import = 0
Number of asset objects unloaded after import = 3
========================================================================
Received Import Request.
  Time of request: 2026-10-01T15:25:35.1169576Z
  Time since last request: 0.0002104 seconds.
  importAddress: GUID: 67e680da36c60e245ab0176daa656da5 - Path: Packages/com.unity.collab-proxy/Editor/Assets/Images/iconpackageupdateavailable@2x.png - Importer: ScriptedImporter/UnityEditor.QuickSearchModule:UnityEditor.Search:ASIAI0B
Importing 'GUID: 67e680da36c60e245ab0176daa656da5 - Path: Packages/com.unity.collab-proxy/Editor/Assets/Images/iconpackageupdateavailable@2x.png - Importer: ScriptedImporter/UnityEditor.QuickSearchModule:UnityEditor.Search:ASIAI0B' with importer (ScriptedImporter : UnityEditor.QuickSearchModule:UnityEditor.Search:ASIAI0B)
Imported 'GUID: 67e680da36c60e245ab0176daa656da5' -> (Import Result ID: '53c3e03ef97cd38bd6b72a3ca5104e67') in 0.007 seconds [static and dynamic dependencies]. Details - ImportResultOutputID=dd76037c1a09d5df28c53b21f71bc2f2 DependenciesID=b86a51141365f5f330ec2504b84a4635 StaticDependenciesID=2f0e3d2e3c58d27ba059ed330e67d15e 
Number of updated asset objects reloaded before import = 0
Number of asset objects unloaded after import = 3
========================================================================
Received Import Request.
  Time of request: 2026-10-01T15:25:35.1240895Z
  Time since last request: 0.000214 seconds.
  importAddress: GUID: b43651fb085b38445ade3f9de3ab0636 - Path: Packages/com.unity.collab-proxy/Editor/Assets/Images/iconinviteusers@2x.png - Importer: ScriptedImporter/UnityEditor.QuickSearchModule:UnityEditor.Search:ASIAI0B
Importing 'GUID: b43651fb085b38445ade3f9de3ab0636 - Path: Packages/com.unity.collab-proxy/Editor/Assets/Images/iconinviteusers@2x.png - Importer: ScriptedImporter/UnityEditor.QuickSearchModule:UnityEditor.Search:ASIAI0B' with importer (ScriptedImporter : UnityEditor.QuickSearchModule:UnityEditor.Search:ASIAI0B)
Imported 'GUID: b43651fb085b38445ade3f9de3ab0636' -> (Import Result ID: 'a080e8eca39063eedbb0de8f4f1e77bb') in 0.006 seconds [static and dynamic dependencies]. Details - ImportResultOutputID=2b36e0632fb9431b9dc8ec467c305dc7 DependenciesID=f03cf7d6739c2cc402965e4ad7413dbe StaticDependenciesID=6204e22764946959b6852c2260238fb5 
Number of updated asset objects reloaded before import = 0
Number of asset objects unloaded after import = 3
========================================================================
Received Import Request.
  Time of request: 2026-10-01T15:25:35.1304186Z
  Time since last request: 0.0002364 seconds.
  importAddress: GUID: 4999348b6ce1c4d5fa3854f4e16dad48 - Path: Packages/com.unity.collab-proxy/Editor/Assets/Images/iconlast.png - Importer: ScriptedImporter/UnityEditor.QuickSearchModule:UnityEditor.Search:ASIAI0B
Importing 'GUID: 4999348b6ce1c4d5fa3854f4e16dad48 - Path: Packages/com.unity.collab-proxy/Editor/Assets/Images/iconlast.png - Importer: ScriptedImporter/UnityEditor.QuickSearchModule:UnityEditor.Search:ASIAI0B' with importer (ScriptedImporter : UnityEditor.QuickSearchModule:UnityEditor.Search:ASIAI0B)
Imported 'GUID: 4999348b6ce1c4d5fa3854f4e16dad48' -> (Import Result ID: 'e7eb2b7c9e5f9803d7770d76e8fc8865') in 0.006 seconds [static and dynamic dependencies]. Details - ImportResultOutputID=372be213569b63a476624888ce4d8fcf DependenciesID=624ffffab217a4bc5dc763b821708998 StaticDependenciesID=62a20c5c01f6751c8bfd908b6b9c271c 
Number of updated asset objects reloaded before import = 0
Number of asset objects unloaded after import = 3
========================================================================
Received Import Request.
  Time of request: 2026-10-01T15:25:35.1365014Z
  Time since last request: 0.0002779 seconds.
  importAddress: GUID: d937bd39ca592471b942d16ee8094535 - Path: Packages/com.unity.collab-proxy/Editor/Assets/Images/iconprev@2x.png - Importer: ScriptedImporter/UnityEditor.QuickSearchModule:UnityEditor.Search:ASIAI0B
Importing 'GUID: d937bd39ca592471b942d16ee8094535 - Path: Packages/com.unity.collab-proxy/Editor/Assets/Images/iconprev@2x.png - Importer: ScriptedImporter/UnityEditor.QuickSearchModule:UnityEditor.Search:ASIAI0B' with importer (ScriptedImporter : UnityEditor.QuickSearchModule:UnityEditor.Search:ASIAI0B)
Imported 'GUID: d937bd39ca592471b942d16ee8094535' -> (Import Result ID: 'c2d1b288540a252c266ab8a0fbe2767e') in 0.006 seconds [static and dynamic dependencies]. Details - ImportResultOutputID=0826b9fb9c40552ea7b150932988e693 DependenciesID=e12c10caff9015fda99a117b5d0350a3 StaticDependenciesID=25670dad3b1904b3e24727065f50efc3 
Number of updated asset objects reloaded before import = 0
Number of asset objects unloaded after import = 3
========================================================================
Received Import Request.
  Time of request: 2026-10-01T15:25:35.1426568Z
  Time since last request: 0.0002211 seconds.
  importAddress: GUID: da545229eea36164d8b8cba2f75a1143 - Path: Packages/com.unity.collab-proxy/Editor/Assets/Images/iconemptygravatar@2x.png - Importer: ScriptedImporter/UnityEditor.QuickSearchModule:UnityEditor.Search:ASIAI0B
Importing 'GUID: da545229eea36164d8b8cba2f75a1143 - Path: Packages/com.unity.collab-proxy/Editor/Assets/Images/iconemptygravatar@2x.png - Importer: ScriptedImporter/UnityEditor.QuickSearchModule:UnityEditor.Search:ASIAI0B' with importer (ScriptedImporter : UnityEditor.QuickSearchModule:UnityEditor.Search:ASIAI0B)
Imported 'GUID: da545229eea36164d8b8cba2f75a1143' -> (Import Result ID: '9201e58990e3b8a5558f3a81f190b6e0') in 0.006 seconds [static and dynamic dependencies]. Details - ImportResultOutputID=f39ef3621f9498fa4df26d4213feebb8 DependenciesID=9a4e01fc5d87ccd5c36601bdc919d006 StaticDependenciesID=c6823a2824e0d852f21f29ed72352ee0 
Number of updated asset objects reloaded before import = 0
Number of asset objects unloaded after import = 1
========================================================================
Received Import Request.
  Time of request: 2026-10-01T15:25:35.1495788Z
  Time since last request: 0.0002695 seconds.
  importAddress: GUID: 40e23f4f2fddc724db517c63f4d8990d - Path: Packages/com.unity.collab-proxy/Editor/Assets/Images/iconinviteusers.png - Importer: ScriptedImporter/UnityEditor.QuickSearchModule:UnityEditor.Search:ASIAI0B
Importing 'GUID: 40e23f4f2fddc724db517c63f4d8990d - Path: Packages/com.unity.collab-proxy/Editor/Assets/Images/iconinviteusers.png - Importer: ScriptedImporter/UnityEditor.QuickSearchModule:UnityEditor.Search:ASIAI0B' with importer (ScriptedImporter : UnityEditor.QuickSearchModule:UnityEditor.Search:ASIAI0B)
Imported 'GUID: 40e23f4f2fddc724db517c63f4d8990d' -> (Import Result ID: 'b7936cc20334ff69d4e58c5991e8e3bf') in 0.006 seconds [static and dynamic dependencies]. Details - ImportResultOutputID=91f806e9945d46859d7d6035b40f8ef3 DependenciesID=7c502d954dab63e04c4d42c01f95f275 StaticDependenciesID=3ea19eacfce798aed62dfaadc73dba9f 
Number of updated asset objects reloaded before import = 0
Number of asset objects unloaded after import = 3
========================================================================
Received Import Request.
  Time of request: 2026-10-01T15:25:35.155647Z
  Time since last request: 0.0001906 seconds.
  importAddress: GUID: 0e3e607c04fbd4d4090157ea31abb634 - Path: Packages/com.unity.collab-proxy/Editor/Assets/Images/iconedit@2x.png - Importer: ScriptedImporter/UnityEditor.QuickSearchModule:UnityEditor.Search:ASIAI0B
Importing 'GUID: 0e3e607c04fbd4d4090157ea31abb634 - Path: Packages/com.unity.collab-proxy/Editor/Assets/Images/iconedit@2x.png - Importer: ScriptedImporter/UnityEditor.QuickSearchModule:UnityEditor.Search:ASIAI0B' with importer (ScriptedImporter : UnityEditor.QuickSearchModule:UnityEditor.Search:ASIAI0B)
Imported 'GUID: 0e3e607c04fbd4d4090157ea31abb634' -> (Import Result ID: '1e2ec92fcbdfc067e42fd0afa4891217') in 0.007 seconds [static and dynamic dependencies]. Details - ImportResultOutputID=342443d189d9d98b86a1eabbbbb06095 DependenciesID=9e33a6e96c44924ccef43a2ed0df7681 StaticDependenciesID=3ae440f5b4093345092e4df6ce3737cf 
Number of updated asset objects reloaded before import = 0
Number of asset objects unloaded after import = 3
========================================================================
Received Import Request.
  Time of request: 2026-10-01T15:25:35.1629726Z
  Time since last request: 0.0002897 seconds.
  importAddress: GUID: 6d3f95684dd634b18aa9ab45b3e06cfd - Path: Packages/com.unity.collab-proxy/Editor/Assets/Images/iconlock.png - Importer: ScriptedImporter/UnityEditor.QuickSearchModule:UnityEditor.Search:ASIAI0B
Importing 'GUID: 6d3f95684dd634b18aa9ab45b3e06cfd - Path: Packages/com.unity.collab-proxy/Editor/Assets/Images/iconlock.png - Importer: ScriptedImporter/UnityEditor.QuickSearchModule:UnityEditor.Search:ASIAI0B' with importer (ScriptedImporter : UnityEditor.QuickSearchModule:UnityEditor.Search:ASIAI0B)
Imported 'GUID: 6d3f95684dd634b18aa9ab45b3e06cfd' -> (Import Result ID: 'b8ced9ebed016f8c181d6b6578ab4f68') in 0.006 seconds [static and dynamic dependencies]. Details - ImportResultOutputID=169bac6a1087724b247ecf70dda760cf DependenciesID=3b2d3bdc74e690a2d723c634a1e5950f StaticDependenciesID=8e7f1ae6d2953cb5568b22ed8b230206 
Number of updated asset objects reloaded before import = 0
Number of asset objects unloaded after import = 3
========================================================================
Received Import Request.
  Time of request: 2026-10-01T15:25:35.1692742Z
  Time since last request: 0.0001957 seconds.
  importAddress: GUID: ba96945b6a1b743579931a87e98041fe - Path: Packages/com.unity.collab-proxy/Editor/Assets/Images/iconlock@2x.png - Importer: ScriptedImporter/UnityEditor.QuickSearchModule:UnityEditor.Search:ASIAI0B
Importing 'GUID: ba96945b6a1b743579931a87e98041fe - Path: Packages/com.unity.collab-proxy/Editor/Assets/Images/iconlock@2x.png - Importer: ScriptedImporter/UnityEditor.QuickSearchModule:UnityEditor.Search:ASIAI0B' with importer (ScriptedImporter : UnityEditor.QuickSearchModule:UnityEditor.Search:ASIAI0B)
Imported 'GUID: ba96945b6a1b743579931a87e98041fe' -> (Import Result ID: '1673fe558b73dd3903a16712819636d5') in 0.006 seconds [static and dynamic dependencies]. Details - ImportResultOutputID=77f5b20c955709da6a9f210df6f54c6b DependenciesID=20e6dab10140532d1adf28424157553b StaticDependenciesID=f8ab3bd4a6206ef08ef446f376d8ab47 
Number of updated asset objects reloaded before import = 0
Number of asset objects unloaded after import = 3
========================================================================
Received Import Request.
  Time of request: 2026-10-01T15:25:35.1758026Z
  Time since last request: 0.0002167 seconds.
  importAddress: GUID: 034d3052cb4a54f028bf55f9f9115d3c - Path: Packages/com.unity.collab-proxy/Editor/Assets/Images/iconpendingchangesview.png - Importer: ScriptedImporter/UnityEditor.QuickSearchModule:UnityEditor.Search:ASIAI0B
Importing 'GUID: 034d3052cb4a54f028bf55f9f9115d3c - Path: Packages/com.unity.collab-proxy/Editor/Assets/Images/iconpendingchangesview.png - Importer: ScriptedImporter/UnityEditor.QuickSearchModule:UnityEditor.Search:ASIAI0B' with importer (ScriptedImporter : UnityEditor.QuickSearchModule:UnityEditor.Search:ASIAI0B)
Imported 'GUID: 034d3052cb4a54f028bf55f9f9115d3c' -> (Import Result ID: '976ee930744d4640a7625d447c693f16') in 0.007 seconds [static and dynamic dependencies]. Details - ImportResultOutputID=8f48f45352d75375e02bc03f3ab0473b DependenciesID=7108d1133dc7091efb133cd0b0b881ad StaticDependenciesID=0d4704209b3a294412084d2a2e7c081b 
Number of updated asset objects reloaded before import = 0
Number of asset objects unloaded after import = 3
========================================================================
Received Import Request.
  Time of request: 2026-10-01T15:25:35.1835962Z
  Time since last request: 0.00022 seconds.
  importAddress: GUID: f42a69ee6b34c4a8eb57e17686d6ab67 - Path: Packages/com.unity.collab-proxy/Editor/Assets/Images/iconhistory.png - Importer: ScriptedImporter/UnityEditor.QuickSearchModule:UnityEditor.Search:ASIAI0B
Importing 'GUID: f42a69ee6b34c4a8eb57e17686d6ab67 - Path: Packages/com.unity.collab-proxy/Editor/Assets/Images/iconhistory.png - Importer: ScriptedImporter/UnityEditor.QuickSearchModule:UnityEditor.Search:ASIAI0B' with importer (ScriptedImporter : UnityEditor.QuickSearchModule:UnityEditor.Search:ASIAI0B)
Imported 'GUID: f42a69ee6b34c4a8eb57e17686d6ab67' -> (Import Result ID: '0e2ebfa65dee6e62f3d66f8505d9e3a8') in 0.005 seconds [static and dynamic dependencies]. Details - ImportResultOutputID=7498961fe0089f79b9a958ff88804ba5 DependenciesID=9af6a06d467beb39a2ba1196c8a5596c StaticDependenciesID=a6c97cb38ca8c525a24137edb61a6df0 
Number of updated asset objects reloaded before import = 0
Number of asset objects unloaded after import = 3
========================================================================
Received Import Request.
  Time of request: 2026-10-01T15:25:35.1894663Z
  Time since last request: 0.0002015 seconds.
  importAddress: GUID: 92f52bf261791408fb5ad445ce645efb - Path: Packages/com.unity.collab-proxy/Editor/Assets/Images/icondiff@2x.png - Importer: ScriptedImporter/UnityEditor.QuickSearchModule:UnityEditor.Search:ASIAI0B
Importing 'GUID: 92f52bf261791408fb5ad445ce645efb - Path: Packages/com.unity.collab-proxy/Editor/Assets/Images/icondiff@2x.png - Importer: ScriptedImporter/UnityEditor.QuickSearchModule:UnityEditor.Search:ASIAI0B' with importer (ScriptedImporter : UnityEditor.QuickSearchModule:UnityEditor.Search:ASIAI0B)
Imported 'GUID: 92f52bf261791408fb5ad445ce645efb' -> (Import Result ID: '70126cf09f0b5952cf4d7f4d8f8aec03') in 0.006 seconds [static and dynamic dependencies]. Details - ImportResultOutputID=cf6e81e9e003954456ba26117298c432 DependenciesID=fff79da24c6809df019b1aa4d66571b9 StaticDependenciesID=b066fbdc31c9e6f93595b5d709e53cfb 
Number of updated asset objects reloaded before import = 0
Number of asset objects unloaded after import = 3
========================================================================
Received Import Request.
  Time of request: 2026-10-01T15:25:35.1961207Z
  Time since last request: 0.0001995 seconds.
  importAddress: GUID: d63fb8a8a3f06407e8e712a29a3499c0 - Path: Packages/com.unity.collab-proxy/Editor/Assets/Images/iconmovedoverlay.png - Importer: ScriptedImporter/UnityEditor.QuickSearchModule:UnityEditor.Search:ASIAI0B
Importing 'GUID: d63fb8a8a3f06407e8e712a29a3499c0 - Path: Packages/com.unity.collab-proxy/Editor/Assets/Images/iconmovedoverlay.png - Importer: ScriptedImporter/UnityEditor.QuickSearchModule:UnityEditor.Search:ASIAI0B' with importer (ScriptedImporter : UnityEditor.QuickSearchModule:UnityEditor.Search:ASIAI0B)
Imported 'GUID: d63fb8a8a3f06407e8e712a29a3499c0' -> (Import Result ID: '6bb1e05665d82082dbdc3c196f3dca0d') in 0.005 seconds [static and dynamic dependencies]. Details - ImportResultOutputID=0ac1b8c86114842a3319d374708bbcb2 DependenciesID=0594cd6592e9c8cab27df921dbd3ad42 StaticDependenciesID=ea3985b8a26926261888b68893d1b905 
Number of updated asset objects reloaded before import = 0
Number of asset objects unloaded after import = 3
========================================================================
Received Import Request.
  Time of request: 2026-10-01T15:25:35.2020158Z
  Time since last request: 0.0002316 seconds.
  importAddress: GUID: 6e0a54826ffc3ee46b0aa3e1c1575a69 - Path: Packages/com.unity.collab-proxy/Editor/Assets/Images/iconplasticnotifyconflict@2x.png - Importer: ScriptedImporter/UnityEditor.QuickSearchModule:UnityEditor.Search:ASIAI0B
Importing 'GUID: 6e0a54826ffc3ee46b0aa3e1c1575a69 - Path: Packages/com.unity.collab-proxy/Editor/Assets/Images/iconplasticnotifyconflict@2x.png - Importer: ScriptedImporter/UnityEditor.QuickSearchModule:UnityEditor.Search:ASIAI0B' with importer (ScriptedImporter : UnityEditor.QuickSearchModule:UnityEditor.Search:ASIAI0B)
Imported 'GUID: 6e0a54826ffc3ee46b0aa3e1c1575a69' -> (Import Result ID: '38b05882942ad55bddaf25d5a14b1482') in 0.005 seconds [static and dynamic dependencies]. Details - ImportResultOutputID=1baea6085914a37e2a099b31b3bfa0e7 DependenciesID=3b5bf04ef4f166af6e45615bc3e308ef StaticDependenciesID=466b98a575c06d1ee2574b6dee911232 
Number of updated asset objects reloaded before import = 0
Number of asset objects unloaded after import = 1
========================================================================
Received Import Request.
  Time of request: 2026-10-01T15:25:35.2077956Z
  Time since last request: 0.0002646 seconds.
  importAddress: GUID: 940b9d1a2dc73495da39c6d329f2b3a0 - Path: Packages/com.unity.collab-proxy/Editor/Assets/Images/iconnext@2x.png - Importer: ScriptedImporter/UnityEditor.QuickSearchModule:UnityEditor.Search:ASIAI0B
Importing 'GUID: 940b9d1a2dc73495da39c6d329f2b3a0 - Path: Packages/com.unity.collab-proxy/Editor/Assets/Images/iconnext@2x.png - Importer: ScriptedImporter/UnityEditor.QuickSearchModule:UnityEditor.Search:ASIAI0B' with importer (ScriptedImporter : UnityEditor.QuickSearchModule:UnityEditor.Search:ASIAI0B)
Imported 'GUID: 940b9d1a2dc73495da39c6d329f2b3a0' -> (Import Result ID: '5a87819721fcacfe1976cfbfc556b513') in 0.006 seconds [static and dynamic dependencies]. Details - ImportResultOutputID=112deb7fa96dc8872eb08efc4fc42c9d DependenciesID=97c586b0784632361180fcf8056ceac9 StaticDependenciesID=352465368e7212a58265352af1a10b1c 
Number of updated asset objects reloaded before import = 0
Number of asset objects unloaded after import = 3
========================================================================
Received Import Request.
  Time of request: 2026-10-01T15:25:35.2145391Z
  Time since last request: 0.0002166 seconds.
  importAddress: GUID: 96967b3953faf48f6885b45aed76490f - Path: Packages/com.unity.collab-proxy/Editor/Assets/Images/iconplasticnotifypendingchangesandincoming.png - Importer: ScriptedImporter/UnityEditor.QuickSearchModule:UnityEditor.Search:ASIAI0B
Importing 'GUID: 96967b3953faf48f6885b45aed76490f - Path: Packages/com.unity.collab-proxy/Editor/Assets/Images/iconplasticnotifypendingchangesandincoming.png - Importer: ScriptedImporter/UnityEditor.QuickSearchModule:UnityEditor.Search:ASIAI0B' with importer (ScriptedImporter : UnityEditor.QuickSearchModule:UnityEditor.Search:ASIAI0B)
Imported 'GUID: 96967b3953faf48f6885b45aed76490f' -> (Import Result ID: '5460cdaf377ddd351ac0eb7513c5d028') in 0.005 seconds [static and dynamic dependencies]. Details - ImportResultOutputID=2b9259ca24bb283e55aa5bffc6b6144e DependenciesID=557803e72cb11955c4ba9f30acf6af24 StaticDependenciesID=bc394d374cd2440d1802bf2e2fcf1404 
Number of updated asset objects reloaded before import = 0
Number of asset objects unloaded after import = 3
========================================================================
Received Import Request.
  Time of request: 2026-10-01T15:25:35.2202266Z
  Time since last request: 0.0002221 seconds.
  importAddress: GUID: a916ed6819efd014588f58e3cfc48196 - Path: Packages/com.unity.collab-proxy/Editor/Assets/Images/iconplasticnotifyconflict.png - Importer: ScriptedImporter/UnityEditor.QuickSearchModule:UnityEditor.Search:ASIAI0B
Importing 'GUID: a916ed6819efd014588f58e3cfc48196 - Path: Packages/com.unity.collab-proxy/Editor/Assets/Images/iconplasticnotifyconflict.png - Importer: ScriptedImporter/UnityEditor.QuickSearchModule:UnityEditor.Search:ASIAI0B' with importer (ScriptedImporter : UnityEditor.QuickSearchModule:UnityEditor.Search:ASIAI0B)
Imported 'GUID: a916ed6819efd014588f58e3cfc48196' -> (Import Result ID: '58df7c4929f40050f941c9d6f5c2fc6a') in 0.006 seconds [static and dynamic dependencies]. Details - ImportResultOutputID=f545b70fbad7e9774b40d4ab4915f0ee DependenciesID=30b0510fc51f15c8d092c68a63534c13 StaticDependenciesID=47e96c32d802a8be794527a92e723139 
Number of updated asset objects reloaded before import = 0
Number of asset objects unloaded after import = 1
========================================================================
Received Import Request.
  Time of request: 2026-10-01T15:25:35.226546Z
  Time since last request: 0.0003642 seconds.
  importAddress: GUID: c677bcd9111fb4514aa1a56844e9006f - Path: Packages/com.unity.collab-proxy/Editor/Assets/Images/iconincomingchangesview.png - Importer: ScriptedImporter/UnityEditor.QuickSearchModule:UnityEditor.Search:ASIAI0B
Importing 'GUID: c677bcd9111fb4514aa1a56844e9006f - Path: Packages/com.unity.collab-proxy/Editor/Assets/Images/iconincomingchangesview.png - Importer: ScriptedImporter/UnityEditor.QuickSearchModule:UnityEditor.Search:ASIAI0B' with importer (ScriptedImporter : UnityEditor.QuickSearchModule:UnityEditor.Search:ASIAI0B)
Imported 'GUID: c677bcd9111fb4514aa1a56844e9006f' -> (Import Result ID: '05910e75c43ee25e9774aa7b1ebc9ed6') in 0.005 seconds [static and dynamic dependencies]. Details - ImportResultOutputID=06b148411054e4b471a847b771c713dd DependenciesID=5deb5f78ecd2176bd36e8a4df75e34ca StaticDependenciesID=6da2d871d52b5d512557209c888536a6 
Number of updated asset objects reloaded before import = 0
Number of asset objects unloaded after import = 3
========================================================================
Received Import Request.
  Time of request: 2026-10-01T15:25:35.2324038Z
  Time since last request: 0.000197 seconds.
  importAddress: GUID: 91976e8b9ce0f0341838727acd55621c - Path: Packages/com.unity.collab-proxy/Editor/Assets/Images/iconemptygravatar.png - Importer: ScriptedImporter/UnityEditor.QuickSearchModule:UnityEditor.Search:ASIAI0B
Importing 'GUID: 91976e8b9ce0f0341838727acd55621c - Path: Packages/com.unity.collab-proxy/Editor/Assets/Images/iconemptygravatar.png - Importer: ScriptedImporter/UnityEditor.QuickSearchModule:UnityEditor.Search:ASIAI0B' with importer (ScriptedImporter : UnityEditor.QuickSearchModule:UnityEditor.Search:ASIAI0B)
Imported 'GUID: 91976e8b9ce0f0341838727acd55621c' -> (Import Result ID: '9dde6a7bfb96198fdd1e13795a45b17f') in 0.008 seconds [static and dynamic dependencies]. Details - ImportResultOutputID=079ef1daa72ba485a7fcfa99b53d00f7 DependenciesID=d77f78f9aa37ab1a770aa3e0570adae6 StaticDependenciesID=2e94ea603313d2c8d397c7fabe9255e0 
Number of updated asset objects reloaded before import = 0
Number of asset objects unloaded after import = 1
========================================================================
Received Import Request.
  Time of request: 2026-10-01T15:25:35.2404873Z
  Time since last request: 0.0002102 seconds.
  importAddress: GUID: 58f6d5934224b4bb0a67d67e45a6654b - Path: Packages/com.unity.collab-proxy/Editor/Assets/Images/iconpendingchangesview@2x.png - Importer: ScriptedImporter/UnityEditor.QuickSearchModule:UnityEditor.Search:ASIAI0B
Importing 'GUID: 58f6d5934224b4bb0a67d67e45a6654b - Path: Packages/com.unity.collab-proxy/Editor/Assets/Images/iconpendingchangesview@2x.png - Importer: ScriptedImporter/UnityEditor.QuickSearchModule:UnityEditor.Search:ASIAI0B' with importer (ScriptedImporter : UnityEditor.QuickSearchModule:UnityEditor.Search:ASIAI0B)
Imported 'GUID: 58f6d5934224b4bb0a67d67e45a6654b' -> (Import Result ID: 'b2bbe888bf162edb321ea1c9661efb22') in 0.006 seconds [static and dynamic dependencies]. Details - ImportResultOutputID=e79f83951a572241a027e85e89c5b575 DependenciesID=b2206e1771f33534c8047a0daf973554 StaticDependenciesID=3e1950e46a8aa61ec3368986f8e5413e 
Number of updated asset objects reloaded before import = 0
Number of asset objects unloaded after import = 3
========================================================================
Received Import Request.
  Time of request: 2026-10-01T15:25:35.246558Z
  Time since last request: 0.0002361 seconds.
  importAddress: GUID: 08c1bc2a008284ed6987b801a480e64a - Path: Packages/com.unity.collab-proxy/Editor/Assets/Images/iconhistory@2x.png - Importer: ScriptedImporter/UnityEditor.QuickSearchModule:UnityEditor.Search:ASIAI0B
Importing 'GUID: 08c1bc2a008284ed6987b801a480e64a - Path: Packages/com.unity.collab-proxy/Editor/Assets/Images/iconhistory@2x.png - Importer: ScriptedImporter/UnityEditor.QuickSearchModule:UnityEditor.Search:ASIAI0B' with importer (ScriptedImporter : UnityEditor.QuickSearchModule:UnityEditor.Search:ASIAI0B)
Imported 'GUID: 08c1bc2a008284ed6987b801a480e64a' -> (Import Result ID: 'edc6619455d6545428f8445091e1ffc3') in 0.006 seconds [static and dynamic dependencies]. Details - ImportResultOutputID=5d26978fc7c22d8ae87602943fc42e05 DependenciesID=ed576420f39735b70e3c2d0c3f89765e StaticDependenciesID=fb8a03a56909634eb3e69d2971370353 
Number of updated asset objects reloaded before import = 0
Number of asset objects unloaded after import = 3
========================================================================
Received Import Request.
  Time of request: 2026-10-01T15:25:35.2527116Z
  Time since last request: 0.0002143 seconds.
  importAddress: GUID: 28080b664b5d94db885a04224cf2967c - Path: Packages/com.unity.collab-proxy/Editor/Assets/Images/iconoriginalsize@2x.png - Importer: ScriptedImporter/UnityEditor.QuickSearchModule:UnityEditor.Search:ASIAI0B
Importing 'GUID: 28080b664b5d94db885a04224cf2967c - Path: Packages/com.unity.collab-proxy/Editor/Assets/Images/iconoriginalsize@2x.png - Importer: ScriptedImporter/UnityEditor.QuickSearchModule:UnityEditor.Search:ASIAI0B' with importer (ScriptedImporter : UnityEditor.QuickSearchModule:UnityEditor.Search:ASIAI0B)
Imported 'GUID: 28080b664b5d94db885a04224cf2967c' -> (Import Result ID: 'f38c9875669920820602c2ec4ca2e276') in 0.005 seconds [static and dynamic dependencies]. Details - ImportResultOutputID=4af66672c3731b773ab57cf4162e3c6b DependenciesID=fb68209f65aec0988def878130c396d1 StaticDependenciesID=00325e6f305f6297d4eb76864ae85f10 
Number of updated asset objects reloaded before import = 0
Number of asset objects unloaded after import = 3
========================================================================
Received Import Request.
  Time of request: 2026-10-01T15:25:35.2586241Z
  Time since last request: 0.0002206 seconds.
  importAddress: GUID: e4517bb2f521d99439ec9981a44a87ec - Path: Packages/com.unity.collab-proxy/Editor/Assets/Images/iconoutofsyncoverlay.png - Importer: ScriptedImporter/UnityEditor.QuickSearchModule:UnityEditor.Search:ASIAI0B
Importing 'GUID: e4517bb2f521d99439ec9981a44a87ec - Path: Packages/com.unity.collab-proxy/Editor/Assets/Images/iconoutofsyncoverlay.png - Importer: ScriptedImporter/UnityEditor.QuickSearchModule:UnityEditor.Search:ASIAI0B' with importer (ScriptedImporter : UnityEditor.QuickSearchModule:UnityEditor.Search:ASIAI0B)
Imported 'GUID: e4517bb2f521d99439ec9981a44a87ec' -> (Import Result ID: '228fa452736f12872c4711b843ad23e5') in 0.006 seconds [static and dynamic dependencies]. Details - ImportResultOutputID=8e6f468b4d4db13cc0dda632bf092d4d DependenciesID=b4974e4d4518e77efcfde1b03fdbd917 StaticDependenciesID=dfa83e97afb4f61703c4562d3f106923 
Number of updated asset objects reloaded before import = 0
Number of asset objects unloaded after import = 3
========================================================================
Received Import Request.
  Time of request: 2026-10-01T15:25:35.2647448Z
  Time since last request: 0.0002555 seconds.
  importAddress: GUID: eb1c900f0d4a3ee42a9a49630bf88a12 - Path: Packages/com.unity.collab-proxy/Editor/Assets/Images/iconplasticnotifypendingchanges@2x.png - Importer: ScriptedImporter/UnityEditor.QuickSearchModule:UnityEditor.Search:ASIAI0B
Importing 'GUID: eb1c900f0d4a3ee42a9a49630bf88a12 - Path: Packages/com.unity.collab-proxy/Editor/Assets/Images/iconplasticnotifypendingchanges@2x.png - Importer: ScriptedImporter/UnityEditor.QuickSearchModule:UnityEditor.Search:ASIAI0B' with importer (ScriptedImporter : UnityEditor.QuickSearchModule:UnityEditor.Search:ASIAI0B)
Imported 'GUID: eb1c900f0d4a3ee42a9a49630bf88a12' -> (Import Result ID: '850003dd724fcdc7e0824a9b9b71f985') in 0.007 seconds [static and dynamic dependencies]. Details - ImportResultOutputID=284e6fc23ccc26951a5f2738951e929b DependenciesID=e3a0b675efe18a9e7d5f0ded6db4789a StaticDependenciesID=bf997f838feaa859babc64ccd6de26f0 
Number of updated asset objects reloaded before import = 0
Number of asset objects unloaded after import = 3
========================================================================
Received Import Request.
  Time of request: 2026-10-01T15:25:35.2718312Z
  Time since last request: 0.0002243 seconds.
  importAddress: GUID: 1844d3d99090a0b43b60a5f1ff821467 - Path: Packages/com.unity.collab-proxy/Editor/Assets/Images/iconlockretained@2x.png - Importer: ScriptedImporter/UnityEditor.QuickSearchModule:UnityEditor.Search:ASIAI0B
Importing 'GUID: 1844d3d99090a0b43b60a5f1ff821467 - Path: Packages/com.unity.collab-proxy/Editor/Assets/Images/iconlockretained@2x.png - Importer: ScriptedImporter/UnityEditor.QuickSearchModule:UnityEditor.Search:ASIAI0B' with importer (ScriptedImporter : UnityEditor.QuickSearchModule:UnityEditor.Search:ASIAI0B)
Imported 'GUID: 1844d3d99090a0b43b60a5f1ff821467' -> (Import Result ID: '090c83b32b414a442ce14e4f216a18ab') in 0.006 seconds [static and dynamic dependencies]. Details - ImportResultOutputID=60ede01b40bc8212bfc40e6343ba5495 DependenciesID=3c2bed5cc0197fc9174d5ade22d0a3a9 StaticDependenciesID=992e57e115ad45cd9a9f61905b12ab66 
Number of updated asset objects reloaded before import = 0
Number of asset objects unloaded after import = 3
========================================================================
Received Import Request.
  Time of request: 2026-10-01T15:25:35.2777861Z
  Time since last request: 0.0001967 seconds.
  importAddress: GUID: c8396bd7e257d6b4b8d1d72fdb7a2684 - Path: Packages/com.unity.collab-proxy/Editor/Assets/Images/iconlabel@2x.png - Importer: ScriptedImporter/UnityEditor.QuickSearchModule:UnityEditor.Search:ASIAI0B
Importing 'GUID: c8396bd7e257d6b4b8d1d72fdb7a2684 - Path: Packages/com.unity.collab-proxy/Editor/Assets/Images/iconlabel@2x.png - Importer: ScriptedImporter/UnityEditor.QuickSearchModule:UnityEditor.Search:ASIAI0B' with importer (ScriptedImporter : UnityEditor.QuickSearchModule:UnityEditor.Search:ASIAI0B)
Imported 'GUID: c8396bd7e257d6b4b8d1d72fdb7a2684' -> (Import Result ID: '50efed1d9a8abba97d0424123daa8049') in 0.005 seconds [static and dynamic dependencies]. Details - ImportResultOutputID=eec2fff044ccaafcff343b9a7d5bbc7d DependenciesID=f3d100bef60f8d47d78c16608c511da3 StaticDependenciesID=c14597d408cd656f75b3058ad32f6436 
Number of updated asset objects reloaded before import = 0
Number of asset objects unloaded after import = 3
========================================================================
Received Import Request.
  Time of request: 2026-10-01T15:25:35.2836093Z
  Time since last request: 0.0002195 seconds.
  importAddress: GUID: 8c6487f945627471fb8a5adb32901fe8 - Path: Packages/com.unity.collab-proxy/Editor/Assets/Images/iconfirst@2x.png - Importer: ScriptedImporter/UnityEditor.QuickSearchModule:UnityEditor.Search:ASIAI0B
Importing 'GUID: 8c6487f945627471fb8a5adb32901fe8 - Path: Packages/com.unity.collab-proxy/Editor/Assets/Images/iconfirst@2x.png - Importer: ScriptedImporter/UnityEditor.QuickSearchModule:UnityEditor.Search:ASIAI0B' with importer (ScriptedImporter : UnityEditor.QuickSearchModule:UnityEditor.Search:ASIAI0B)
Imported 'GUID: 8c6487f945627471fb8a5adb32901fe8' -> (Import Result ID: 'eb7d83fbd0374babdca1f85dbd5c378b') in 0.005 seconds [static and dynamic dependencies]. Details - ImportResultOutputID=26f750e12e60817bd7e086dc740c3a18 DependenciesID=b7ad1fab883f65c420a5f95b0705cdad StaticDependenciesID=75a0d54e81e348f16aa364f01f2452ee 
Number of updated asset objects reloaded before import = 0
Number of asset objects unloaded after import = 3
========================================================================
Received Import Request.
  Time of request: 2026-10-01T15:25:35.2893884Z
  Time since last request: 0.000226 seconds.
  importAddress: GUID: dcb2ee37925b97e438ae244996d81a55 - Path: Packages/com.unity.collab-proxy/Editor/Assets/Images/iconplasticview.png - Importer: ScriptedImporter/UnityEditor.QuickSearchModule:UnityEditor.Search:ASIAI0B
Importing 'GUID: dcb2ee37925b97e438ae244996d81a55 - Path: Packages/com.unity.collab-proxy/Editor/Assets/Images/iconplasticview.png - Importer: ScriptedImporter/UnityEditor.QuickSearchModule:UnityEditor.Search:ASIAI0B' with importer (ScriptedImporter : UnityEditor.QuickSearchModule:UnityEditor.Search:ASIAI0B)
Imported 'GUID: dcb2ee37925b97e438ae244996d81a55' -> (Import Result ID: 'd991f25ef3867ab5567f1ff180b18093') in 0.006 seconds [static and dynamic dependencies]. Details - ImportResultOutputID=6c710648acf86bb0c6bc171720964749 DependenciesID=47a1fb97b13141722335362a15b7b3df StaticDependenciesID=b2aba09edda88637dfbdf342267dd5ea 
Number of updated asset objects reloaded before import = 0
Number of asset objects unloaded after import = 1
========================================================================
Received Import Request.
  Time of request: 2026-10-01T15:25:35.2954221Z
  Time since last request: 0.0002198 seconds.
  importAddress: GUID: 1463dc66197dc49609f516a8540465f0 - Path: Packages/com.unity.collab-proxy/Editor/Assets/Images/iconoriginalsize.png - Importer: ScriptedImporter/UnityEditor.QuickSearchModule:UnityEditor.Search:ASIAI0B
Importing 'GUID: 1463dc66197dc49609f516a8540465f0 - Path: Packages/com.unity.collab-proxy/Editor/Assets/Images/iconoriginalsize.png - Importer: ScriptedImporter/UnityEditor.QuickSearchModule:UnityEditor.Search:ASIAI0B' with importer (ScriptedImporter : UnityEditor.QuickSearchModule:UnityEditor.Search:ASIAI0B)
Imported 'GUID: 1463dc66197dc49609f516a8540465f0' -> (Import Result ID: '6342eb477d67c6d5efeba1082cd17303') in 0.006 seconds [static and dynamic dependencies]. Details - ImportResultOutputID=0dfbed6d25ab2b3ea0e8eb94d5fba6e7 DependenciesID=e4fc50078ed511e68af22f495e5a322a StaticDependenciesID=80525a9ccb462aeec5771523562ad243 
Number of updated asset objects reloaded before import = 0
Number of asset objects unloaded after import = 3
========================================================================
Received Import Request.
  Time of request: 2026-10-01T15:25:35.3016407Z
  Time since last request: 0.0002336 seconds.
  importAddress: GUID: b528c1b33a65cf94ea74f830b54c9acb - Path: Packages/com.unity.collab-proxy/Editor/Assets/Images/iconlockedlocaloverlay@2x.png - Importer: ScriptedImporter/UnityEditor.QuickSearchModule:UnityEditor.Search:ASIAI0B
Importing 'GUID: b528c1b33a65cf94ea74f830b54c9acb - Path: Packages/com.unity.collab-proxy/Editor/Assets/Images/iconlockedlocaloverlay@2x.png - Importer: ScriptedImporter/UnityEditor.QuickSearchModule:UnityEditor.Search:ASIAI0B' with importer (ScriptedImporter : UnityEditor.QuickSearchModule:UnityEditor.Search:ASIAI0B)
Imported 'GUID: b528c1b33a65cf94ea74f830b54c9acb' -> (Import Result ID: 'b19a0b9fbfc035e5d291b3ff683eedd1') in 0.005 seconds [static and dynamic dependencies]. Details - ImportResultOutputID=9cd02ccff75775c33ca8e210453b067f DependenciesID=1bfd6f269049ad7d1e5ef9233d1737c0 StaticDependenciesID=c32e08c5a1698f58aa2aedc71225cb46 
Number of updated asset objects reloaded before import = 0
Number of asset objects unloaded after import = 1
========================================================================
Received Import Request.
  Time of request: 2026-10-01T15:25:35.3072512Z
  Time since last request: 0.0002259 seconds.
  importAddress: GUID: ced976fb9a7ad40a59f3e4f458c96080 - Path: Packages/com.unity.collab-proxy/Editor/Assets/Images/icondiff.png - Importer: ScriptedImporter/UnityEditor.QuickSearchModule:UnityEditor.Search:ASIAI0B
Importing 'GUID: ced976fb9a7ad40a59f3e4f458c96080 - Path: Packages/com.unity.collab-proxy/Editor/Assets/Images/icondiff.png - Importer: ScriptedImporter/UnityEditor.QuickSearchModule:UnityEditor.Search:ASIAI0B' with importer (ScriptedImporter : UnityEditor.QuickSearchModule:UnityEditor.Search:ASIAI0B)
Imported 'GUID: ced976fb9a7ad40a59f3e4f458c96080' -> (Import Result ID: '64401f6b58fc3ac3a52116f3f16d7ef3') in 0.008 seconds [static and dynamic dependencies]. Details - ImportResultOutputID=dd30f4aa1f786b003400ae3187b64a75 DependenciesID=77cdce8d8d9e682223c94f1e6928d44d StaticDependenciesID=d3fa2184980da68618f8a802ee7faf8e 
Number of updated asset objects reloaded before import = 0
Number of asset objects unloaded after import = 3
========================================================================
Received Import Request.
  Time of request: 2026-10-01T15:25:35.3157272Z
  Time since last request: 0.0003152 seconds.
  importAddress: GUID: d80583d4126ca4f74bd2c5e97e49f70d - Path: Packages/com.unity.collab-proxy/Editor/Assets/Images/iconfirst.png - Importer: ScriptedImporter/UnityEditor.QuickSearchModule:UnityEditor.Search:ASIAI0B
Importing 'GUID: d80583d4126ca4f74bd2c5e97e49f70d - Path: Packages/com.unity.collab-proxy/Editor/Assets/Images/iconfirst.png - Importer: ScriptedImporter/UnityEditor.QuickSearchModule:UnityEditor.Search:ASIAI0B' with importer (ScriptedImporter : UnityEditor.QuickSearchModule:UnityEditor.Search:ASIAI0B)
Imported 'GUID: d80583d4126ca4f74bd2c5e97e49f70d' -> (Import Result ID: 'bb11b2df6b314e097a9ea4b800c8153e') in 0.008 seconds [static and dynamic dependencies]. Details - ImportResultOutputID=f05b1c5542e42a4607b22184253db7df DependenciesID=2385e75bb22d4182785593d1b7cda316 StaticDependenciesID=288f9d11e1faec03c38eea0d7d70a7c4 
Number of updated asset objects reloaded before import = 0
Number of asset objects unloaded after import = 3
========================================================================
Received Import Request.
  Time of request: 2026-10-01T15:25:35.3240292Z
  Time since last request: 0.0001833 seconds.
  importAddress: GUID: f73a7d8758d7be04588b15637d94b5a8 - Path: Packages/com.unity.collab-proxy/Editor/Assets/Images/iconlockedremoteoverlay@2x.png - Importer: ScriptedImporter/UnityEditor.QuickSearchModule:UnityEditor.Search:ASIAI0B
Importing 'GUID: f73a7d8758d7be04588b15637d94b5a8 - Path: Packages/com.unity.collab-proxy/Editor/Assets/Images/iconlockedremoteoverlay@2x.png - Importer: ScriptedImporter/UnityEditor.QuickSearchModule:UnityEditor.Search:ASIAI0B' with importer (ScriptedImporter : UnityEditor.QuickSearchModule:UnityEditor.Search:ASIAI0B)
Imported 'GUID: f73a7d8758d7be04588b15637d94b5a8' -> (Import Result ID: 'a9efb99d07bd07985cabcbe04444f7c4') in 0.007 seconds [static and dynamic dependencies]. Details - ImportResultOutputID=a11315a3d17622cd81596ceb412faa20 DependenciesID=0bef0e286d14edef3bcbb93b185892ee StaticDependenciesID=48368111e02221dc4afcc41dc121cce6 
Number of updated asset objects reloaded before import = 0
Number of asset objects unloaded after import = 1
========================================================================
Received Import Request.
  Time of request: 2026-10-01T15:25:35.3317761Z
  Time since last request: 0.0002493 seconds.
  importAddress: GUID: 2f46ec0fe83ef4781ae320b04343d69b - Path: Packages/com.unity.collab-proxy/Editor/Assets/Images/iconheckmark.png - Importer: ScriptedImporter/UnityEditor.QuickSearchModule:UnityEditor.Search:ASIAI0B
Importing 'GUID: 2f46ec0fe83ef4781ae320b04343d69b - Path: Packages/com.unity.collab-proxy/Editor/Assets/Images/iconheckmark.png - Importer: ScriptedImporter/UnityEditor.QuickSearchModule:UnityEditor.Search:ASIAI0B' with importer (ScriptedImporter : UnityEditor.QuickSearchModule:UnityEditor.Search:ASIAI0B)
Imported 'GUID: 2f46ec0fe83ef4781ae320b04343d69b' -> (Import Result ID: 'a291711b11d8fb135dda3a7d04e4b297') in 0.008 seconds [static and dynamic dependencies]. Details - ImportResultOutputID=17663f7e83945b159f9c5191ee272b66 DependenciesID=38cab7e1ff181891f8bb9a1f10efba90 StaticDependenciesID=ce2f6d36089c55e8127cf04e04a8de70 
Number of updated asset objects reloaded before import = 0
Number of asset objects unloaded after import = 3
========================================================================
Received Import Request.
  Time of request: 2026-10-01T15:25:35.340325Z
  Time since last request: 0.0002512 seconds.
  importAddress: GUID: 42d4aab7d8dc3481eb811bb48a8c8485 - Path: Packages/com.unity.collab-proxy/Editor/Assets/Images/iconprev.png - Importer: ScriptedImporter/UnityEditor.QuickSearchModule:UnityEditor.Search:ASIAI0B
Importing 'GUID: 42d4aab7d8dc3481eb811bb48a8c8485 - Path: Packages/com.unity.collab-proxy/Editor/Assets/Images/iconprev.png - Importer: ScriptedImporter/UnityEditor.QuickSearchModule:UnityEditor.Search:ASIAI0B' with importer (ScriptedImporter : UnityEditor.QuickSearchModule:UnityEditor.Search:ASIAI0B)
Imported 'GUID: 42d4aab7d8dc3481eb811bb48a8c8485' -> (Import Result ID: '743b5c7841421f25e51d9d76e91a5519') in 0.006 seconds [static and dynamic dependencies]. Details - ImportResultOutputID=38f990d886244a68a16f55ca12231aa6 DependenciesID=1d34740fa0237eb54627a914c3aced9d StaticDependenciesID=6c2b25872c5c0a686540396ba0694bb2 
Number of updated asset objects reloaded before import = 0
Number of asset objects unloaded after import = 3
========================================================================
Received Import Request.
  Time of request: 2026-10-01T15:25:35.3465431Z
  Time since last request: 0.0002176 seconds.
  importAddress: GUID: fcbeb36f6ab89fb498ccbbc3bc2ef51c - Path: Packages/com.unity.collab-proxy/Editor/Assets/Images/iconignoredoverlay@2x.png - Importer: ScriptedImporter/UnityEditor.QuickSearchModule:UnityEditor.Search:ASIAI0B
Importing 'GUID: fcbeb36f6ab89fb498ccbbc3bc2ef51c - Path: Packages/com.unity.collab-proxy/Editor/Assets/Images/iconignoredoverlay@2x.png - Importer: ScriptedImporter/UnityEditor.QuickSearchModule:UnityEditor.Search:ASIAI0B' with importer (ScriptedImporter : UnityEditor.QuickSearchModule:UnityEditor.Search:ASIAI0B)
Imported 'GUID: fcbeb36f6ab89fb498ccbbc3bc2ef51c' -> (Import Result ID: '1e06a7732ffcf0e1f82e45f612e429bf') in 0.005 seconds [static and dynamic dependencies]. Details - ImportResultOutputID=ee87742f892b3db5c69056b7ce62ea6e DependenciesID=b940c72c7de3da1518482b20283a873d StaticDependenciesID=a4b24602bd7c5e7ec0206cac5d2eceab 
Number of updated asset objects reloaded before import = 0
Number of asset objects unloaded after import = 3
========================================================================
Received Import Request.
  Time of request: 2026-10-01T15:25:35.3520096Z
  Time since last request: 0.0002115 seconds.
  importAddress: GUID: 9a9269fb6330f4ae1964f9eb1c203537 - Path: Packages/com.unity.collab-proxy/Editor/Assets/Images/iconplasticnotifypendingchangesandincoming@2x.png - Importer: ScriptedImporter/UnityEditor.QuickSearchModule:UnityEditor.Search:ASIAI0B
Importing 'GUID: 9a9269fb6330f4ae1964f9eb1c203537 - Path: Packages/com.unity.collab-proxy/Editor/Assets/Images/iconplasticnotifypendingchangesandincoming@2x.png - Importer: ScriptedImporter/UnityEditor.QuickSearchModule:UnityEditor.Search:ASIAI0B' with importer (ScriptedImporter : UnityEditor.QuickSearchModule:UnityEditor.Search:ASIAI0B)
Imported 'GUID: 9a9269fb6330f4ae1964f9eb1c203537' -> (Import Result ID: '83e904097056a190dd34bddaee8dba21') in 0.006 seconds [static and dynamic dependencies]. Details - ImportResultOutputID=457e61aefce28e25f411955f40be1eb9 DependenciesID=2af499a7cb2e03f1732395c90e38a3fe StaticDependenciesID=0b317d85c17f99d192684b749c632474 
Number of updated asset objects reloaded before import = 0
Number of asset objects unloaded after import = 3
========================================================================
Received Import Request.
  Time of request: 2026-10-01T15:25:35.358231Z
  Time since last request: 0.0002213 seconds.
  importAddress: GUID: 120bf54dff785a0429b068b814e9c12a - Path: Packages/com.unity.collab-proxy/Editor/Assets/Images/iconmergelink.png - Importer: ScriptedImporter/UnityEditor.QuickSearchModule:UnityEditor.Search:ASIAI0B
Importing 'GUID: 120bf54dff785a0429b068b814e9c12a - Path: Packages/com.unity.collab-proxy/Editor/Assets/Images/iconmergelink.png - Importer: ScriptedImporter/UnityEditor.QuickSearchModule:UnityEditor.Search:ASIAI0B' with importer (ScriptedImporter : UnityEditor.QuickSearchModule:UnityEditor.Search:ASIAI0B)
Imported 'GUID: 120bf54dff785a0429b068b814e9c12a' -> (Import Result ID: '226697c9bc8b1cb715a9356456ef5ec0') in 0.005 seconds [static and dynamic dependencies]. Details - ImportResultOutputID=7fc478be5d54564115fa3926dc82d2a8 DependenciesID=0bef741dec284bf771f937b2938149cb StaticDependenciesID=6b452014f763f9f71328356799422f96 
Number of updated asset objects reloaded before import = 0
Number of asset objects unloaded after import = 1
========================================================================
Received Import Request.
  Time of request: 2026-10-01T15:25:35.3632796Z
  Time since last request: 0.0002529 seconds.
  importAddress: GUID: ae869fe6797f4454cbbf417d87ff637c - Path: Packages/com.unity.collab-proxy/Editor/Assets/Images/iconplasticnotifyincoming@2x.png - Importer: ScriptedImporter/UnityEditor.QuickSearchModule:UnityEditor.Search:ASIAI0B
Importing 'GUID: ae869fe6797f4454cbbf417d87ff637c - Path: Packages/com.unity.collab-proxy/Editor/Assets/Images/iconplasticnotifyincoming@2x.png - Importer: ScriptedImporter/UnityEditor.QuickSearchModule:UnityEditor.Search:ASIAI0B' with importer (ScriptedImporter : UnityEditor.QuickSearchModule:UnityEditor.Search:ASIAI0B)
Imported 'GUID: ae869fe6797f4454cbbf417d87ff637c' -> (Import Result ID: '39f82a580ae832d9f91a75012065a9b4') in 0.004 seconds [static and dynamic dependencies]. Details - ImportResultOutputID=65dbadc68639a0076d75565d5a4d8fe8 DependenciesID=3c636a9725ce383b7f320ed0fe9937a4 StaticDependenciesID=db000ed16c8376327a56dffab55d9085 
Number of updated asset objects reloaded before import = 0
Number of asset objects unloaded after import = 1
========================================================================
Received Import Request.
  Time of request: 2026-10-01T15:25:35.3680455Z
  Time since last request: 0.0002271 seconds.
  importAddress: GUID: b6073d723b6ef3f429aa7e1d0f3db44f - Path: Packages/com.unity.collab-proxy/Editor/Assets/Images/iconlockedlocaloverlay.png - Importer: ScriptedImporter/UnityEditor.QuickSearchModule:UnityEditor.Search:ASIAI0B
Importing 'GUID: b6073d723b6ef3f429aa7e1d0f3db44f - Path: Packages/com.unity.collab-proxy/Editor/Assets/Images/iconlockedlocaloverlay.png - Importer: ScriptedImporter/UnityEditor.QuickSearchModule:UnityEditor.Search:ASIAI0B' with importer (ScriptedImporter : UnityEditor.QuickSearchModule:UnityEditor.Search:ASIAI0B)
Imported 'GUID: b6073d723b6ef3f429aa7e1d0f3db44f' -> (Import Result ID: '74b2658b5dbc882a5f3bfc03d5769ee3') in 0.005 seconds [static and dynamic dependencies]. Details - ImportResultOutputID=489cc709d14bd9d4ea53726a4112652c DependenciesID=684d07c792fd75b4e3a3a678e2521ab7 StaticDependenciesID=accafc53527fc35411f01dd8f0505394 
Number of updated asset objects reloaded before import = 0
Number of asset objects unloaded after import = 3
========================================================================
Received Import Request.
  Time of request: 2026-10-01T15:25:35.3733964Z
  Time since last request: 0.0002129 seconds.
  importAddress: GUID: d7094718bdac022428dd29244922d06b - Path: Packages/com.unity.collab-proxy/Editor/Assets/Images/iconoutofsync@2x.png - Importer: ScriptedImporter/UnityEditor.QuickSearchModule:UnityEditor.Search:ASIAI0B
Importing 'GUID: d7094718bdac022428dd29244922d06b - Path: Packages/com.unity.collab-proxy/Editor/Assets/Images/iconoutofsync@2x.png - Importer: ScriptedImporter/UnityEditor.QuickSearchModule:UnityEditor.Search:ASIAI0B' with importer (ScriptedImporter : UnityEditor.QuickSearchModule:UnityEditor.Search:ASIAI0B)
Imported 'GUID: d7094718bdac022428dd29244922d06b' -> (Import Result ID: 'dc150dac05c0d2697ae51b7c2ef52fce') in 0.006 seconds [static and dynamic dependencies]. Details - ImportResultOutputID=3dc9f8607f2d85d2d3c6c1021bdd3fdf DependenciesID=d1352cff14621ada03c618adda84b589 StaticDependenciesID=ec05b3c805f302eee76590945f81c98c 
Number of updated asset objects reloaded before import = 0
Number of asset objects unloaded after import = 1
========================================================================
Received Import Request.
  Time of request: 2026-10-01T15:25:35.3792918Z
  Time since last request: 0.0002156 seconds.
  importAddress: GUID: 3cbf8d5b4d364724baa11fed1344d029 - Path: Packages/com.unity.collab-proxy/Editor/Assets/Images/iconedit.png - Importer: ScriptedImporter/UnityEditor.QuickSearchModule:UnityEditor.Search:ASIAI0B
Importing 'GUID: 3cbf8d5b4d364724baa11fed1344d029 - Path: Packages/com.unity.collab-proxy/Editor/Assets/Images/iconedit.png - Importer: ScriptedImporter/UnityEditor.QuickSearchModule:UnityEditor.Search:ASIAI0B' with importer (ScriptedImporter : UnityEditor.QuickSearchModule:UnityEditor.Search:ASIAI0B)
Imported 'GUID: 3cbf8d5b4d364724baa11fed1344d029' -> (Import Result ID: 'ac7d2f90bc4f34bb758eb058349932d2') in 0.005 seconds [static and dynamic dependencies]. Details - ImportResultOutputID=05b7165a3c3490e23c2ea59d6ce1040e DependenciesID=a652546fc6f446097eea636886ae0885 StaticDependenciesID=91a5f2b0c9405b7ece93c5b6275197fc 
Number of updated asset objects reloaded before import = 0
Number of asset objects unloaded after import = 3
========================================================================
Received Import Request.
  Time of request: 2026-10-01T15:25:35.3849021Z
  Time since last request: 0.0002026 seconds.
  importAddress: GUID: 94fe868620119564f9474f40cd6145aa - Path: Packages/com.unity.collab-proxy/Editor/Assets/Images/iconpressedclosebutton.png - Importer: ScriptedImporter/UnityEditor.QuickSearchModule:UnityEditor.Search:ASIAI0B
Importing 'GUID: 94fe868620119564f9474f40cd6145aa - Path: Packages/com.unity.collab-proxy/Editor/Assets/Images/iconpressedclosebutton.png - Importer: ScriptedImporter/UnityEditor.QuickSearchModule:UnityEditor.Search:ASIAI0B' with importer (ScriptedImporter : UnityEditor.QuickSearchModule:UnityEditor.Search:ASIAI0B)
Imported 'GUID: 94fe868620119564f9474f40cd6145aa' -> (Import Result ID: '2b594f14841ccfbfbf9b44b73c1fcc54') in 0.005 seconds [static and dynamic dependencies]. Details - ImportResultOutputID=d81a4f3f8b6611f5fd55def58bd05a1b DependenciesID=9397f3d37938238fead394986a002e03 StaticDependenciesID=45232eff34e6b47f40aab30d5b196d88 
Number of updated asset objects reloaded before import = 0
Number of asset objects unloaded after import = 1
========================================================================
Received Import Request.
  Time of request: 2026-10-01T15:25:35.3899738Z
  Time since last request: 0.0002745 seconds.
  importAddress: GUID: 97a4e2b6ae08b1140a5ba9e22953e029 - Path: Packages/com.unity.collab-proxy/Editor/Assets/Images/iconplasticview@2x.png - Importer: ScriptedImporter/UnityEditor.QuickSearchModule:UnityEditor.Search:ASIAI0B
Importing 'GUID: 97a4e2b6ae08b1140a5ba9e22953e029 - Path: Packages/com.unity.collab-proxy/Editor/Assets/Images/iconplasticview@2x.png - Importer: ScriptedImporter/UnityEditor.QuickSearchModule:UnityEditor.Search:ASIAI0B' with importer (ScriptedImporter : UnityEditor.QuickSearchModule:UnityEditor.Search:ASIAI0B)
Imported 'GUID: 97a4e2b6ae08b1140a5ba9e22953e029' -> (Import Result ID: '0320a98afe5de0bd5fd04ac7fbe98cfa') in 0.005 seconds [static and dynamic dependencies]. Details - ImportResultOutputID=af12d487e7e0fc3516e41d002b90becd DependenciesID=bf2e0db289fef749f7430840fe3a45d9 StaticDependenciesID=cb0a194432bf014ea05399f462a5a2f9 
Number of updated asset objects reloaded before import = 0
Number of asset objects unloaded after import = 1
========================================================================
Received Import Request.
  Time of request: 2026-10-01T15:25:35.3954369Z
  Time since last request: 0.0002392 seconds.
  importAddress: GUID: 1e6c9635b80f973488d8335a081c905f - Path: Packages/com.unity.collab-proxy/Editor/Assets/Images/iconplasticnotifyincoming.png - Importer: ScriptedImporter/UnityEditor.QuickSearchModule:UnityEditor.Search:ASIAI0B
Importing 'GUID: 1e6c9635b80f973488d8335a081c905f - Path: Packages/com.unity.collab-proxy/Editor/Assets/Images/iconplasticnotifyincoming.png - Importer: ScriptedImporter/UnityEditor.QuickSearchModule:UnityEditor.Search:ASIAI0B' with importer (ScriptedImporter : UnityEditor.QuickSearchModule:UnityEditor.Search:ASIAI0B)
Imported 'GUID: 1e6c9635b80f973488d8335a081c905f' -> (Import Result ID: 'e21631f4ff976c2ae5be18f12db87ff6') in 0.007 seconds [static and dynamic dependencies]. Details - ImportResultOutputID=754988fa17adae059a3d57d2a0990d09 DependenciesID=2e4ffbe03d86d5984f1cb52a17a77cb2 StaticDependenciesID=d5b943f90704a631bd52b8882119abc9 
Number of updated asset objects reloaded before import = 0
Number of asset objects unloaded after import = 1
========================================================================
Received Import Request.
  Time of request: 2026-10-01T15:25:35.4027657Z
  Time since last request: 0.0003302 seconds.
  importAddress: GUID: f3e2797165e71b443bae6264899b89d6 - Path: Packages/com.unity.collab-proxy/Editor/Assets/Images/iconplasticnotifypendingchanges.png - Importer: ScriptedImporter/UnityEditor.QuickSearchModule:UnityEditor.Search:ASIAI0B
Importing 'GUID: f3e2797165e71b443bae6264899b89d6 - Path: Packages/com.unity.collab-proxy/Editor/Assets/Images/iconplasticnotifypendingchanges.png - Importer: ScriptedImporter/UnityEditor.QuickSearchModule:UnityEditor.Search:ASIAI0B' with importer (ScriptedImporter : UnityEditor.QuickSearchModule:UnityEditor.Search:ASIAI0B)
Imported 'GUID: f3e2797165e71b443bae6264899b89d6' -> (Import Result ID: '6992b8e18dfbb37cdc54e3fed6385c74') in 0.005 seconds [static and dynamic dependencies]. Details - ImportResultOutputID=e8ee7bea033624f83199d82aa452a093 DependenciesID=61b0920a9788e230f448231b8ff7e322 StaticDependenciesID=9265f93b88ef7d0b935be356753f5f28 
Number of updated asset objects reloaded before import = 0
Number of asset objects unloaded after import = 3
========================================================================
Received Import Request.
  Time of request: 2026-10-01T15:25:35.4086476Z
  Time since last request: 0.0002799 seconds.
  importAddress: GUID: 3728580c149181a44b359e89f6edacae - Path: Packages/com.unity.collab-proxy/Editor/Assets/Images/iconoutofsyncoverlay@2x.png - Importer: ScriptedImporter/UnityEditor.QuickSearchModule:UnityEditor.Search:ASIAI0B
Importing 'GUID: 3728580c149181a44b359e89f6edacae - Path: Packages/com.unity.collab-proxy/Editor/Assets/Images/iconoutofsyncoverlay@2x.png - Importer: ScriptedImporter/UnityEditor.QuickSearchModule:UnityEditor.Search:ASIAI0B' with importer (ScriptedImporter : UnityEditor.QuickSearchModule:UnityEditor.Search:ASIAI0B)
Imported 'GUID: 3728580c149181a44b359e89f6edacae' -> (Import Result ID: '6e5741dbd287089a38e6b176c23ca831') in 0.005 seconds [static and dynamic dependencies]. Details - ImportResultOutputID=e95c7354c06bd52236cb4c9a74f5c6c0 DependenciesID=e4133a4a811e7fff90e3a436c2caec9b StaticDependenciesID=cc96738675e104e1cfb53ab10466d2ac 
Number of updated asset objects reloaded before import = 0
Number of asset objects unloaded after import = 1
========================================================================
Received Import Request.
  Time of request: 2026-10-01T15:25:35.4136342Z
  Time since last request: 0.0002839 seconds.
  importAddress: GUID: ca9343b72095cb846be99d76d069dfc0 - Path: Packages/com.unity.collab-proxy/Editor/Assets/Images/iconinfobellnotification.png - Importer: ScriptedImporter/UnityEditor.QuickSearchModule:UnityEditor.Search:ASIAI0B
Importing 'GUID: ca9343b72095cb846be99d76d069dfc0 - Path: Packages/com.unity.collab-proxy/Editor/Assets/Images/iconinfobellnotification.png - Importer: ScriptedImporter/UnityEditor.QuickSearchModule:UnityEditor.Search:ASIAI0B' with importer (ScriptedImporter : UnityEditor.QuickSearchModule:UnityEditor.Search:ASIAI0B)
Imported 'GUID: ca9343b72095cb846be99d76d069dfc0' -> (Import Result ID: 'a52f1edfdca72ad225a16bbac5e34940') in 0.005 seconds [static and dynamic dependencies]. Details - ImportResultOutputID=87319642cb2efa37e87924febf97c238 DependenciesID=564a4cc312ebec20eab77a0ec397fe1d StaticDependenciesID=ab91ff7be62e2a0641eaf5e7b388da30 
Number of updated asset objects reloaded before import = 0
Number of asset objects unloaded after import = 3
========================================================================
Received Import Request.
  Time of request: 2026-10-01T15:25:35.4194576Z
  Time since last request: 0.0002274 seconds.
  importAddress: GUID: b8263c2f8ead9485180cfeaa9bde0999 - Path: Packages/com.unity.collab-proxy/Editor/Assets/Images/iconincomingchangesview@2x.png - Importer: ScriptedImporter/UnityEditor.QuickSearchModule:UnityEditor.Search:ASIAI0B
Importing 'GUID: b8263c2f8ead9485180cfeaa9bde0999 - Path: Packages/com.unity.collab-proxy/Editor/Assets/Images/iconincomingchangesview@2x.png - Importer: ScriptedImporter/UnityEditor.QuickSearchModule:UnityEditor.Search:ASIAI0B' with importer (ScriptedImporter : UnityEditor.QuickSearchModule:UnityEditor.Search:ASIAI0B)
Imported 'GUID: b8263c2f8ead9485180cfeaa9bde0999' -> (Import Result ID: '596ff7f0c305a853f830a1f8f3beb872') in 0.006 seconds [static and dynamic dependencies]. Details - ImportResultOutputID=9f437cd4f2c005d8b4f853933a3362af DependenciesID=333fc42eb2be45cbde93e8ba53004c2b StaticDependenciesID=9fe1887f7385eeb1cdac9c65039fb4eb 
Number of updated asset objects reloaded before import = 0
Number of asset objects unloaded after import = 3
========================================================================
Received Import Request.
  Time of request: 2026-10-01T15:25:35.4258342Z
  Time since last request: 0.0002915 seconds.
  importAddress: GUID: d69b2503b822f4c3a95386e4bc0c8668 - Path: Packages/com.unity.collab-proxy/Editor/Assets/Images/iconprivateoverlay.png - Importer: ScriptedImporter/UnityEditor.QuickSearchModule:UnityEditor.Search:ASIAI0B
Importing 'GUID: d69b2503b822f4c3a95386e4bc0c8668 - Path: Packages/com.unity.collab-proxy/Editor/Assets/Images/iconprivateoverlay.png - Importer: ScriptedImporter/UnityEditor.QuickSearchModule:UnityEditor.Search:ASIAI0B' with importer (ScriptedImporter : UnityEditor.QuickSearchModule:UnityEditor.Search:ASIAI0B)
Imported 'GUID: d69b2503b822f4c3a95386e4bc0c8668' -> (Import Result ID: '135d8019da573daf457c7cb1e603b037') in 0.007 seconds [static and dynamic dependencies]. Details - ImportResultOutputID=4e8e070003c8312423949f6a69dd9fe5 DependenciesID=6b5b09fbf2e14f0512cc0d625f3a933b StaticDependenciesID=38b83537b6ea0089864f6a4dcca4521d 
Number of updated asset objects reloaded before import = 0
Number of asset objects unloaded after import = 3
Editor requested this worker to shutdown with reason: Editor is closing down
AssetImportWorkerClient::OnTransportError - code=2 error=End of file
AcceleratorClientConnectionCallback - disconnected - :0
AssetImportWorker is now disconnected from the server
Process exiting
[ExitDontLaunchBugReporter] Exiting without the bug reporter. Application will exit with return code 0
