VBCSCompilerPreWarmer: watching VBCSCompiler (PID 25088)
VBCSCompilerPreWarmer: pre-warm launched (dotnet PID 12216)
VBCSCompiler prewarm took 45.85 ms
[Licensing::Module] Trying to connect to existing licensing client channel...
[Licensing::IpcConnector] Successfully connected to: "LicenseClient-aj200" at "2026-10-01T15:22:34.4034672Z"
Built from '6000.6/staging' branch; Version is '6000.6.4f1 (12bfff696524) revision 1228799'; Using compiler version '194234433'; Build Type 'Release'
OS: 'Windows 10  (10.0.19045) 64bit Professional' Language: 'en' Physical Memory: 65465 MB
BatchMode: 0, IsHumanControllingUs: 1, StartBugReporterOnCrash: 1, Is64bit: 1
System  architecture: x64
Process architecture: x64
Date: 2026-10-01T15:22:34Z

COMMAND LINE ARGUMENTS:
C:\Program Files\Unity\Hub\Editor\6000.6.4f1\Editor\Unity.exe
-projectpath
C:\Users\aj200\Documents\GitHub\My-Projects\Completed Projects\Heart Simulations Main
-acceptSoftwareTermsForThisRunOnly
-useHub
-hubIPC
-cloudEnvironment
production
-buildTarget
StandaloneWindows64
-licensingIpc
LicenseClient-aj200
-hubSessionId
a1e70c3b-4794-4761-8590-8b1a3a51d73f
-accessToken
U8pGh4b8bFiWXcvbey0rqhoIErzDw1hChnICkq77lF000ff
Successfully changed project path to: C:\Users\aj200\Documents\GitHub\My-Projects\Completed Projects\Heart Simulations Main
C:/Users/aj200/Documents/GitHub/My-Projects/Completed Projects/Heart Simulations Main
[UnityMemory] Configuration Parameters - Can be set up in boot.config
    "memorysetup-temp-allocator-size-gi-baking-worker=262144"
    "memorysetup-temp-allocator-size-gi-baking-worker=262144"
    "memorysetup-temp-allocator-size-gi-baking-worker=262144"
    "memorysetup-temp-allocator-size-gi-baking-worker=262144"
    "memorysetup-temp-allocator-size-gi-baking-worker=262144"
    "memorysetup-temp-allocator-size-nav-mesh-worker=65536"
    "memorysetup-temp-allocator-size-audio-worker=65536"
    "memorysetup-temp-allocator-size-cloud-worker=32768"
    "memorysetup-temp-allocator-size-gfx=262144"
    "memorysetup-remapper-allocator-initial-capacity=32768"
    "memorysetup-temp-allocator-size-preload-manager=33554432"
    "memorysetup-allocator-temp-initial-block-size-main=262144"
    "memorysetup-allocator-temp-initial-block-size-worker=262144"
    "memorysetup-temp-allocator-size-job-worker=262144"
    "memorysetup-temp-allocator-size-background-worker=32768"
    "memorysetup-bucket-allocator-granularity=16"
    "memorysetup-bucket-allocator-bucket-count=8"
    "memorysetup-bucket-allocator-block-size=33554432"
    "memorysetup-bucket-allocator-block-count=8"
    "memorysetup-main-allocator-block-size=16777216"
    "memorysetup-thread-allocator-block-size=16777216"
    "memorysetup-main-allocator-mimalloc-enabled=1"
    "memorysetup-gfx-main-allocator-block-size=16777216"
    "memorysetup-gfx-thread-allocator-block-size=16777216"
    "memorysetup-cache-allocator-block-size=4194304"
    "memorysetup-typetree-allocator-block-size=2097152"
    "memorysetup-profiler-bucket-allocator-granularity=16"
    "memorysetup-profiler-bucket-allocator-bucket-count=8"
    "memorysetup-profiler-bucket-allocator-block-size=33554432"
    "memorysetup-profiler-bucket-allocator-block-count=8"
    "memorysetup-profiler-allocator-block-size=16777216"
    "memorysetup-profiler-editor-allocator-block-size=1048576"
    "memorysetup-temp-allocator-size-main=16777216"
    "memorysetup-job-temp-allocator-block-size=2097152"
    "memorysetup-job-temp-allocator-block-size-background=1048576"
    "memorysetup-job-temp-allocator-reduction-small-platforms=262144"
Player connection [6708]  Target information:

Player connection [6708]  * "[IP] 192.168.1.10 [Port] 55506 [Flags] 2 [Guid] 2091404047 [EditorId] 2091404047 [Version] 1048832 [Id] WindowsEditor(7,ANDREY-PC) [Debug] 1 [PackageName] WindowsEditor [ProjectName] Editor" 

Player connection [6708]  * "[IP] 25.3.118.3 [Port] 55506 [Flags] 2 [Guid] 2091404047 [EditorId] 2091404047 [Version] 1048832 [Id] WindowsEditor(7,ANDREY-PC) [Debug] 1 [PackageName] WindowsEditor [ProjectName] Editor" 

Player connection [6708]  * "[IP] 169.254.151.28 [Port] 55506 [Flags] 2 [Guid] 2091404047 [EditorId] 2091404047 [Version] 1048832 [Id] WindowsEditor(7,ANDREY-PC) [Debug] 1 [PackageName] WindowsEditor [ProjectName] Editor" 

Player connection [6708]  * "[IP] 192.168.208.1 [Port] 55506 [Flags] 2 [Guid] 2091404047 [EditorId] 2091404047 [Version] 1048832 [Id] WindowsEditor(7,ANDREY-PC) [Debug] 1 [PackageName] WindowsEditor [ProjectName] Editor" 

Player connection [6708]  * "[IP] 169.254.83.107 [Port] 55506 [Flags] 2 [Guid] 2091404047 [EditorId] 2091404047 [Version] 1048832 [Id] WindowsEditor(7,ANDREY-PC) [Debug] 1 [PackageName] WindowsEditor [ProjectName] Editor" 

Player connection [6708] Host joined multi-casting on [225.0.0.222:54997]...
Player connection [6708] Host joined alternative multi-casting on [225.0.0.222:34997]...
Input System module state changed to: Initialized.
[Physics::Module] Initialized fallback backend.
[Physics::Module] Id: 0xdecafbad
[Package Manager] Connected to IPC stream "Upm-25328" after 0.3 seconds.
[Licensing::Module] Licensing is not yet initialized.
[Licensing::Client] Error: HandshakeResponse reported an error:
	ResponseCode: 505
	ResponseStatus: Unsupported protocol version '1.18.3'.
[Licensing::Module] Error: Failed to handshake to channel: "LicenseClient-aj200"
[Licensing::IpcConnector] LicenseClient-aj200 channel disconnected successfully.
[Licensing::IpcConnector] Successfully connected to: "LicenseClient-aj200-6000.6.4" at "2026-10-01T15:22:35.6780677Z"
[Licensing::Client] Code 10 while verifying Licensing Client signature (process Id: 32744, path: "C:/Program Files/Unity/Hub/Editor/6000.6.4f1/Editor/Data/Resources/Licensing/Client/Unity.Licensing.Client.exe")
[Licensing::Module] LicensingClient has failed validation; ignoring
[Licensing::Client] Handshaking with LicensingClient:
  Version:                 1.18.3+d7ffd15
  Session Id:              801c928cab594bdd91922c2c8c5e5e1c
  Correlation Id:          ef5f12bbf7e4fe0188f30e453f575f3a
  External correlation Id: 3745645827051222154
  Machine Id:              YWz3ZyaX2jLTofhQi0Q7eLW2Y1Y=
[Licensing::Module] Successfully connected to LicensingClient on channel: "LicenseClient-aj200-6000.6.4" (connect: 0.00s, validation: 0.03s, handshake: 0.01s)
[Licensing::IpcConnector] Successfully connected to: "LicenseClient-aj200-6000.6.4-notifications" at "2026-10-01T15:22:35.7142554Z"
[Licensing::Client] Successfully updated the access token
[Licensing::Module] Successfully updated the access token U8pGh4b8bF...
[Licensing::Client] Successfully resolved entitlement details
[Licensing::Module] License group:
  Id: 4520222-UnityPersXXXX
  Product: Unity Personal
  Type: Assigned
  Expiration: Unlimited
[Licensing::Client] Successfully updated license, isAsync: True, time: 0.00
[Licensing::Client] Successfully resolved entitlement details
[Licensing::Module] Licensing Background thread has ended after 1.33s
[Licensing::Module] Licensing is initialized (took 0.81s).
[Licensing::Client] Successfully resolved entitlement details
Library Redirect Path: Library/
Rebuilding Library because the metadata folder could not be found!
Initialising UDS system complete:
  - System type: Client
  - Resource namespace: 2a654650c90e2b237d929828e1a64be9
  - Shared memory size: 1073741824
  - Command buffer id: 1052576
  - Command buffer size: 8192
  - Hashmap size: 4194304
  - Service connected: false
Launching Unity Data Store - C:/Program Files/Unity/Hub/Editor/6000.6.4f1/Editor/Data/Tools/Unity.DataStore.exe 
Unity Data Store artifact dir = Library/DataStore, working dir = C:/Users/aj200/Documents/GitHub/My-Projects/Completed Projects/Heart Simulations MainSerialized file "ProjectSettings/DynamicsManager.asset" contains a PhysicsManager object at version 11, below the supported minimum (13). Open and re-save the file to upgrade.
Unity Data Store initialise timeout, continuing as client processing.
Targeting platform: StandaloneWindows64
[Physics::Module] Selected backend (deferred post-plugins).
[Physics::Module] Name: PhysX
[Physics::Module] Id: 0xf2b8ea05
[Physics::Module] SDK Version: 4.1.2
[Physics::Module] Integration Version: 1.0.0
[Physics::Module] Threading Mode: Multi-Threaded
Initialize engine version: 6000.6.4f1 (12bfff696524)
[EntityIdStore] init: VM path (explicit commit), pageSize=4096, blockCount=1048576, entitiesPerBlock=256, slots reserved=4294967296 bytes
[Subsystems] Discovering subsystems at path C:/Program Files/Unity/Hub/Editor/6000.6.4f1/Editor/Data/Resources/UnitySubsystems
[Subsystems] Discovering subsystems at path C:/Users/aj200/Documents/GitHub/My-Projects/Completed Projects/Heart Simulations Main/Assets
GfxDevice: creating device client; kGfxThreadingModeThreaded
Direct3D:
    Version:  Direct3D 11.0 [level 11.1]
    Renderer: NVIDIA GeForce RTX 3080 (ID=0x2216)
    Vendor:   NVIDIA
    VRAM:     10053 MB
    Driver:   32.0.16.1714
Shader 'Standard': fallback shader 'VertexLit' not found
Shader 'Hidden/Internal-GUIRoundedRect': fallback shader 'Hidden/Internal-GUITextureClip' not found
Shader 'Hidden/Internal-GUIRoundedRectWithColorPerBorder': fallback shader 'Hidden/Internal-GUITextureClip' not found
Initialize mono
Mono path[0] = 'C:/Program Files/Unity/Hub/Editor/6000.6.4f1/Editor/Data/Managed'
Mono path[1] = 'C:/Program Files/Unity/Hub/Editor/6000.6.4f1/Editor/Data/BCLExtensions/runtime/netstandard2.1'
Mono path[2] = 'C:/Program Files/Unity/Hub/Editor/6000.6.4f1/Editor/Data/MonoBleedingEdge/lib/mono/unityjit-win32'
Mono config path = 'C:/Program Files/Unity/Hub/Editor/6000.6.4f1/Editor/Data/MonoBleedingEdge/etc'
Using monoOptions --debugger-agent=transport=dt_socket,embedding=1,server=y,suspend=n,address=127.0.0.1:56328
CodeReloadManager initialized
ImportWorker Server TCP listen port: 0
AcceleratorClientConnectionCallback - disconnected - :0
Begin MonoManager ReloadAssembly
Registering precompiled unity dll's ...
Register platform support module: C:/Program Files/Unity/Hub/Editor/6000.6.4f1/Editor/Data/PlaybackEngines/WindowsStandaloneSupport/UnityEditor.WindowsStandalone.Extensions.dll
Registered in 0.003191 seconds.
Native extension for WindowsStandalone target not found
Package Manager log level set to [2]
ScheduleIndexationOnStartup MainProcess:False IndexOnStartup:False
Scripting: successfully reloaded assembly
- Finished resetting the current domain, in  1.004 seconds
Domain Reload Profiling: 1886ms
	BeginReloadAssembly (229ms)
		CreateAndSetChildDomain (14ms)
	RebuildCommonClasses (8ms)
	RebuildNativeTypeToScriptingClass (25ms)
	initialDomainReloadingComplete (101ms)
	LoadAllAssembliesAndSetupDomain (518ms)
		LoadAssemblies (208ms)
		TypeCache.Refresh (357ms)
			TypeCache.ScanAssembly (336ms)
		AnalyzeDomain (1ms)
	FinalizeReload (1005ms)
		SetupLoadedEditorAssemblies (0ms)
			InitializePlatformSupportModulesInManaged (3ms)
			BeforeProcessingInitializeOnLoad (154ms)
			ProcessInitializeOnLoadAttributes (219ms)
			ProcessInitializeOnLoadMethodAttributes (324ms)
[Licensing::Client] Successfully resolved entitlement details
Application.AssetDatabase Initial Refresh Start
Packages were changed.
Update Mode: updateDependencies

The following packages were added:
  com.unity.modules.adaptiveperformance@1.0.0
  com.unity.modules.physicscore2d@1.0.0
  com.unity.modules.tetgen@1.0.0
  com.unity.modules.timelinefoundation@1.0.0
  com.unity.modules.vectorgraphics@1.0.0
  com.unity.modules.accessibility@1.0.0
  com.unity.multiplayer.center@2.0.1
The following packages were updated:
  com.unity.ai.navigation from version 1.1.6 to 2.0.14
  com.unity.collab-proxy from version 2.7.1 to 2.13.6
  com.unity.ide.rider from version 3.0.36 to 3.0.38
  com.unity.ide.visualstudio from version 2.0.22 to 2.0.26
  com.unity.test-framework from version 1.1.33 to 1.8.0
  com.unity.timeline from version 1.7.7 to 6.6.0
  com.unity.ugui from version 1.0.0 to 2.6.0
The following packages were removed:
  com.unity.textmeshpro@3.0.7
  com.unity.toolchain.win-x86_64-linux-x86_64@2.0.11
  com.unity.modules.vr@1.0.0
[Package Manager] Done resolving packages in 24.98 seconds
[Licensing::Client] Successfully resolved entitlement details
[Package Manager] Lock file was modified
[Package Manager] Registered 48 packages:
  Packages from [https://packages.unity.com]:
    com.unity.ai.navigation@2.0.14 (location: C:\Users\aj200\Documents\GitHub\My-Projects\Completed Projects\Heart Simulations Main\Library\PackageCache\com.unity.ai.navigation@134dd6a3b97b)
    com.unity.collab-proxy@2.13.6 (location: C:\Users\aj200\Documents\GitHub\My-Projects\Completed Projects\Heart Simulations Main\Library\PackageCache\com.unity.collab-proxy@4628d2ba6ea4)
    com.unity.ide.rider@3.0.38 (location: C:\Users\aj200\Documents\GitHub\My-Projects\Completed Projects\Heart Simulations Main\Library\PackageCache\com.unity.ide.rider@1f60b3138684)
    com.unity.ide.visualstudio@2.0.26 (location: C:\Users\aj200\Documents\GitHub\My-Projects\Completed Projects\Heart Simulations Main\Library\PackageCache\com.unity.ide.visualstudio@a99d56dec63f)
    com.unity.ide.vscode@1.2.5 (location: C:\Users\aj200\Documents\GitHub\My-Projects\Completed Projects\Heart Simulations Main\Library\PackageCache\com.unity.ide.vscode@82e68656b7bd)
  Built-in packages:
    com.unity.multiplayer.center@2.0.1 (location: C:\Users\aj200\Documents\GitHub\My-Projects\Completed Projects\Heart Simulations Main\Library\PackageCache\com.unity.multiplayer.center@549886182930)
    com.unity.test-framework@1.8.0 (location: C:\Users\aj200\Documents\GitHub\My-Projects\Completed Projects\Heart Simulations Main\Library\PackageCache\com.unity.test-framework@80f691d4262b)
    com.unity.timeline@6.6.0 (location: C:\Users\aj200\Documents\GitHub\My-Projects\Completed Projects\Heart Simulations Main\Library\PackageCache\com.unity.timeline@c56d56b0070b)
    com.unity.ugui@2.6.0 (location: C:\Users\aj200\Documents\GitHub\My-Projects\Completed Projects\Heart Simulations Main\Library\PackageCache\com.unity.ugui@0727b404f3a0)
    com.unity.modules.accessibility@1.0.0 (location: C:\Users\aj200\Documents\GitHub\My-Projects\Completed Projects\Heart Simulations Main\Library\PackageCache\com.unity.modules.accessibility)
    com.unity.modules.adaptiveperformance@1.0.0 (location: C:\Users\aj200\Documents\GitHub\My-Projects\Completed Projects\Heart Simulations Main\Library\PackageCache\com.unity.modules.adaptiveperformance)
    com.unity.modules.ai@1.0.0 (location: C:\Users\aj200\Documents\GitHub\My-Projects\Completed Projects\Heart Simulations Main\Library\PackageCache\com.unity.modules.ai)
    com.unity.modules.androidjni@1.0.0 (location: C:\Users\aj200\Documents\GitHub\My-Projects\Completed Projects\Heart Simulations Main\Library\PackageCache\com.unity.modules.androidjni)
    com.unity.modules.animation@1.0.0 (location: C:\Users\aj200\Documents\GitHub\My-Projects\Completed Projects\Heart Simulations Main\Library\PackageCache\com.unity.modules.animation)
    com.unity.modules.assetbundle@1.0.0 (location: C:\Users\aj200\Documents\GitHub\My-Projects\Completed Projects\Heart Simulations Main\Library\PackageCache\com.unity.modules.assetbundle)
    com.unity.modules.audio@1.0.0 (location: C:\Users\aj200\Documents\GitHub\My-Projects\Completed Projects\Heart Simulations Main\Library\PackageCache\com.unity.modules.audio)
    com.unity.modules.cloth@1.0.0 (location: C:\Users\aj200\Documents\GitHub\My-Projects\Completed Projects\Heart Simulations Main\Library\PackageCache\com.unity.modules.cloth)
    com.unity.modules.director@1.0.0 (location: C:\Users\aj200\Documents\GitHub\My-Projects\Completed Projects\Heart Simulations Main\Library\PackageCache\com.unity.modules.director)
    com.unity.modules.imageconversion@1.0.0 (location: C:\Users\aj200\Documents\GitHub\My-Projects\Completed Projects\Heart Simulations Main\Library\PackageCache\com.unity.modules.imageconversion)
    com.unity.modules.imgui@1.0.0 (location: C:\Users\aj200\Documents\GitHub\My-Projects\Completed Projects\Heart Simulations Main\Library\PackageCache\com.unity.modules.imgui)
    com.unity.modules.jsonserialize@1.0.0 (location: C:\Users\aj200\Documents\GitHub\My-Projects\Completed Projects\Heart Simulations Main\Library\PackageCache\com.unity.modules.jsonserialize)
    com.unity.modules.particlesystem@1.0.0 (location: C:\Users\aj200\Documents\GitHub\My-Projects\Completed Projects\Heart Simulations Main\Library\PackageCache\com.unity.modules.particlesystem)
    com.unity.modules.physics@1.0.0 (location: C:\Users\aj200\Documents\GitHub\My-Projects\Completed Projects\Heart Simulations Main\Library\PackageCache\com.unity.modules.physics)
    com.unity.modules.physics2d@1.0.0 (location: C:\Users\aj200\Documents\GitHub\My-Projects\Completed Projects\Heart Simulations Main\Library\PackageCache\com.unity.modules.physics2d)
    com.unity.modules.physicscore2d@1.0.0 (location: C:\Users\aj200\Documents\GitHub\My-Projects\Completed Projects\Heart Simulations Main\Library\PackageCache\com.unity.modules.physicscore2d)
    com.unity.modules.screencapture@1.0.0 (location: C:\Users\aj200\Documents\GitHub\My-Projects\Completed Projects\Heart Simulations Main\Library\PackageCache\com.unity.modules.screencapture)
    com.unity.modules.terrain@1.0.0 (location: C:\Users\aj200\Documents\GitHub\My-Projects\Completed Projects\Heart Simulations Main\Library\PackageCache\com.unity.modules.terrain)
    com.unity.modules.terrainphysics@1.0.0 (location: C:\Users\aj200\Documents\GitHub\My-Projects\Completed Projects\Heart Simulations Main\Library\PackageCache\com.unity.modules.terrainphysics)
    com.unity.modules.tetgen@1.0.0 (location: C:\Users\aj200\Documents\GitHub\My-Projects\Completed Projects\Heart Simulations Main\Library\PackageCache\com.unity.modules.tetgen)
    com.unity.modules.tilemap@1.0.0 (location: C:\Users\aj200\Documents\GitHub\My-Projects\Completed Projects\Heart Simulations Main\Library\PackageCache\com.unity.modules.tilemap)
    com.unity.modules.timelinefoundation@1.0.0 (location: C:\Users\aj200\Documents\GitHub\My-Projects\Completed Projects\Heart Simulations Main\Library\PackageCache\com.unity.modules.timelinefoundation)
    com.unity.modules.ui@1.0.0 (location: C:\Users\aj200\Documents\GitHub\My-Projects\Completed Projects\Heart Simulations Main\Library\PackageCache\com.unity.modules.ui)
    com.unity.modules.uielements@1.0.0 (location: C:\Users\aj200\Documents\GitHub\My-Projects\Completed Projects\Heart Simulations Main\Library\PackageCache\com.unity.modules.uielements)
    com.unity.modules.umbra@1.0.0 (location: C:\Users\aj200\Documents\GitHub\My-Projects\Completed Projects\Heart Simulations Main\Library\PackageCache\com.unity.modules.umbra)
    com.unity.modules.unityanalytics@1.0.0 (location: C:\Users\aj200\Documents\GitHub\My-Projects\Completed Projects\Heart Simulations Main\Library\PackageCache\com.unity.modules.unityanalytics)
    com.unity.modules.unitywebrequest@1.0.0 (location: C:\Users\aj200\Documents\GitHub\My-Projects\Completed Projects\Heart Simulations Main\Library\PackageCache\com.unity.modules.unitywebrequest)
    com.unity.modules.unitywebrequestassetbundle@1.0.0 (location: C:\Users\aj200\Documents\GitHub\My-Projects\Completed Projects\Heart Simulations Main\Library\PackageCache\com.unity.modules.unitywebrequestassetbundle)
    com.unity.modules.unitywebrequestaudio@1.0.0 (location: C:\Users\aj200\Documents\GitHub\My-Projects\Completed Projects\Heart Simulations Main\Library\PackageCache\com.unity.modules.unitywebrequestaudio)
    com.unity.modules.unitywebrequesttexture@1.0.0 (location: C:\Users\aj200\Documents\GitHub\My-Projects\Completed Projects\Heart Simulations Main\Library\PackageCache\com.unity.modules.unitywebrequesttexture)
    com.unity.modules.unitywebrequestwww@1.0.0 (location: C:\Users\aj200\Documents\GitHub\My-Projects\Completed Projects\Heart Simulations Main\Library\PackageCache\com.unity.modules.unitywebrequestwww)
    com.unity.modules.vectorgraphics@1.0.0 (location: C:\Users\aj200\Documents\GitHub\My-Projects\Completed Projects\Heart Simulations Main\Library\PackageCache\com.unity.modules.vectorgraphics)
    com.unity.modules.vehicles@1.0.0 (location: C:\Users\aj200\Documents\GitHub\My-Projects\Completed Projects\Heart Simulations Main\Library\PackageCache\com.unity.modules.vehicles)
    com.unity.modules.video@1.0.0 (location: C:\Users\aj200\Documents\GitHub\My-Projects\Completed Projects\Heart Simulations Main\Library\PackageCache\com.unity.modules.video)
    com.unity.modules.wind@1.0.0 (location: C:\Users\aj200\Documents\GitHub\My-Projects\Completed Projects\Heart Simulations Main\Library\PackageCache\com.unity.modules.wind)
    com.unity.modules.xr@1.0.0 (location: C:\Users\aj200\Documents\GitHub\My-Projects\Completed Projects\Heart Simulations Main\Library\PackageCache\com.unity.modules.xr)
    com.unity.modules.subsystems@1.0.0 (location: C:\Users\aj200\Documents\GitHub\My-Projects\Completed Projects\Heart Simulations Main\Library\PackageCache\com.unity.modules.subsystems)
    com.unity.modules.hierarchycore@1.0.0 (location: C:\Users\aj200\Documents\GitHub\My-Projects\Completed Projects\Heart Simulations Main\Library\PackageCache\com.unity.modules.hierarchycore)
    com.unity.ext.nunit@2.1.0 (location: C:\Users\aj200\Documents\GitHub\My-Projects\Completed Projects\Heart Simulations Main\Library\PackageCache\com.unity.ext.nunit@0198eae3b53e)
[Package Manager] com.unity.ide.vscode is deprecated: Visual Studio Code package is not supported anymore. You can continue to use it, but we won't provide any update anymore.
[Subsystems] No new subsystems found in resolved package list.
[Package Manager] Done registering packages in 0.00 seconds
Directory monitor buffer overflow for 'Packages'Next Refresh will do full enumeration.Directory monitor buffer overflow for 'Packages'Next Refresh will do full enumeration.Directory monitor buffer overflow for 'Packages'Next Refresh will do full enumeration.Directory monitor buffer overflow for 'Packages'Next Refresh will do full enumeration.Directory monitor buffer overflow for 'Packages'Next Refresh will do full enumeration.Serialized file "ProjectSettings/DynamicsManager.asset" contains a PhysicsManager object at version 11, below the supported minimum (13). Open and re-save the file to upgrade.
AcceleratorClientConnectionCallback - disconnected - :0
Directory monitor buffer overflow for 'Packages'Next Refresh will do full enumeration.[API Updater] Failed to read assembly dependency graph (Library/APIUpdater/project-dependencies.graph). Message: Invalid signature (20-00-00-00) found (Expected: 55-41-44-47).

DependencyGraph file is either corrupted or from a previous version of Unity. If you observe inexplicable runtime/compilation errors, please delete `Library/` folder and reopen the project.
[API Updater] Processing imported assemblies took 181 ms (0/0 assembly(ies)).
Assembly Updater Post Process Assets time: 0.183776s
[ScriptCompilation] Requested script compilation because: Assembly Definition File(s) changed
[ScriptCompilation] Requested script compilation because: AssetDatabase observed changes in script compilation related files
Clearing Bee directory 'Library/Bee', since bee backend hash ('Library/Bee/bee_backend.info') is different, previous hash was ead942a3ab18721cde8377345cd070cc449d3a0ae16ee4c6f53966103cef7dd6 (Unity version: 2022.3.62f1), current hash is e964caead079a718c47ba66ea42b0d4607cc15c554aca9c172b5c4b0d7e0cf7a (Unity version: 6000.6.4f1).
Starting: C:\Program Files\Unity\Hub\Editor\6000.6.4f1\Editor\Data\Tools\BuildPipeline\bee_backend.exe --ipc --defer-dag-verification --dagfile="Library/Bee/1900b0aE.dag" --continue-on-failure --profile="Library/Bee/backend1.traceevents" ScriptAssemblies
WorkingDir: C:/Users/aj200/Documents/GitHub/My-Projects/Completed Projects/Heart Simulations Main
ExitCode: 4 Duration: 0s228ms
[             ] Require frontend run.  Library/Bee/1900b0aE.dag couldn't be loaded
Starting: C:\Program Files\Unity\Hub\Editor\6000.6.4f1\Editor\Data\DotNetSdk\dotnet.exe "C:\Program Files\Unity\Hub\Editor\6000.6.4f1\Editor\Data\Tools\BuildPipeline\ScriptCompilationBuildProgram.exe" "Library/Bee/1900b0aE.dag.json" "Library/Bee/1900b0aE-inputdata.json" "Library\Bee\buildprogram0.traceevents"
WorkingDir: C:/Users/aj200/Documents/GitHub/My-Projects/Completed Projects/Heart Simulations Main
ExitCode: 0 Duration: 0s999ms
Starting: C:\Program Files\Unity\Hub\Editor\6000.6.4f1\Editor\Data\Tools\BuildPipeline\bee_backend.exe --ipc --defer-dag-verification --dagfile="Library/Bee/1900b0aE.dag" --continue-on-failure --dagfilejson="Library\Bee\1900b0aE.dag.json" --profile="Library/Bee/backend2.traceevents" ScriptAssemblies
WorkingDir: C:/Users/aj200/Documents/GitHub/My-Projects/Completed Projects/Heart Simulations Main
ExitCode: 0 Duration: 1m:00s
Finished compiling graph: 421 nodes, 5563 flattened edges (5051 ToBuild, 48 ToUse), maximum node priority 273
[  1/418    0s] WriteText Library/Bee/artifacts/1900b0aE.dag/UnityEngine.TestRunner.rsp2
[  2/418    0s] WriteText Library/Bee/artifacts/1900b0aE.dag/UnityEngine.TestRunner.UnityAdditionalFile.txt
[  3/418    0s] MovedFromExtractor Library/Bee/artifacts/mvdfrm/UnityEngine.SpriteMaskModule.dll_8290BA2F05CC859F.mvfrm
[  4/418    0s] MovedFromExtractor Library/Bee/artifacts/mvdfrm/UnityEngine.ScreenCaptureModule.dll_B8433D09E89F23B0.mvfrm
[  5/418    0s] MovedFromExtractor Library/Bee/artifacts/mvdfrm/UnityEngine.SubstanceModule.dll_778C2EE099DDD9B6.mvfrm
[  6/418    0s] MovedFromExtractor Library/Bee/artifacts/mvdfrm/UnityEngine.ShaderVariantAnalyticsModule.dll_E4BD3E0A0E3475B4.mvfrm
[  7/418    0s] MovedFromExtractor Library/Bee/artifacts/mvdfrm/UnityEngine.StreamingModule.dll_9AE11A974E8ADBA8.mvfrm
[  8/418    0s] MovedFromExtractor Library/Bee/artifacts/mvdfrm/UnityEngine.ScriptingModule.dll_FD6D860D7E8AD31D.mvfrm
[  9/418    0s] MovedFromExtractor Library/Bee/artifacts/mvdfrm/UnityEngine.SubsystemsModule.dll_ED3E2090D4146DB2.mvfrm
[ 10/418    0s] MovedFromExtractor Library/Bee/artifacts/mvdfrm/UnityEngine.SpriteShapeModule.dll_8D6FCFC2D20C84E2.mvfrm
[ 11/418    0s] MovedFromExtractor Library/Bee/artifacts/mvdfrm/UnityEngine.RuntimeInitializeOnLoadManagerInitializerModule.dll_AB33996063700AC8.mvfrm
[ 12/418    0s] MovedFromExtractor Library/Bee/artifacts/mvdfrm/UnityEngine.RenderAs2DModule.dll_07D7496336A29E98.mvfrm
[ 13/418    0s] MovedFromExtractor Library/Bee/artifacts/mvdfrm/UnityEngine.PhysicsModule.dll_BBA91995A0C2392D.mvfrm
[ 14/418    0s] MovedFromExtractor Library/Bee/artifacts/mvdfrm/UnityEngine.PropertiesModule.dll_C69F86DD57485461.mvfrm
[ 15/418    0s] MovedFromExtractor Library/Bee/artifacts/mvdfrm/UnityEngine.PhysicsBackendPhysXModule.dll_F07214F64631E9CF.mvfrm
[ 16/418    0s] MovedFromExtractor Library/Bee/artifacts/mvdfrm/UnityEngine.PhysicsCore2DModule.dll_2C07DDF4339C8BAE.mvfrm
[ 17/418    0s] MovedFromExtractor Library/Bee/artifacts/mvdfrm/UnityEngine.Physics2DModule.dll_32F21D37A0001BFF.mvfrm
[ 18/418    0s] MovedFromExtractor Library/Bee/artifacts/mvdfrm/UnityEngine.PerformanceReportingModule.dll_9844773344C4354C.mvfrm
[ 19/418    0s] MovedFromExtractor Library/Bee/artifacts/mvdfrm/UnityEngine.ManagedKernelModule.dll_60FA3ECDC42CC5D2.mvfrm
[ 20/418    0s] MovedFromExtractor Library/Bee/artifacts/mvdfrm/UnityEngine.ParticleSystemModule.dll_9D0925471FD32CD3.mvfrm
[ 21/418    0s] MovedFromExtractor Library/Bee/artifacts/mvdfrm/UnityEngine.MathematicsModule.dll_9923504190E2440C.mvfrm
[ 22/418    0s] MovedFromExtractor Library/Bee/artifacts/mvdfrm/UnityEngine.LocalizationModule.dll_6C927C147AA50DD7.mvfrm
[ 23/418    0s] MovedFromExtractor Library/Bee/artifacts/mvdfrm/UnityEngine.MarshallingModule.dll_1C7740FD00927A2A.mvfrm
[ 24/418    0s] MovedFromExtractor Library/Bee/artifacts/mvdfrm/UnityEngine.JSONSerializeModule.dll_9E5B8F84D432F74E.mvfrm
[ 25/418    0s] MovedFromExtractor Library/Bee/artifacts/mvdfrm/UnityEngine.InsightsModule.dll_A1A66D871FBF6C69.mvfrm
[ 26/418    0s] MovedFromExtractor Library/Bee/artifacts/mvdfrm/UnityEngine.InputModule.dll_48E1A52CFC5E7F80.mvfrm
[ 27/418    0s] MovedFromExtractor Library/Bee/artifacts/mvdfrm/UnityEngine.InputForUIModule.dll_9C16A1B8447D8CE1.mvfrm
[ 28/418    0s] MovedFromExtractor Library/Bee/artifacts/mvdfrm/UnityEngine.ImageConversionModule.dll_2E9CA41FDC570677.mvfrm
[ 29/418    0s] MovedFromExtractor Library/Bee/artifacts/mvdfrm/UnityEngine.InputLegacyModule.dll_0553BD86B45C02C9.mvfrm
[ 30/418    0s] MovedFromExtractor Library/Bee/artifacts/mvdfrm/UnityEngine.IMGUIModule.dll_1ACB7CE34C57EEBD.mvfrm
[ 31/418    0s] MovedFromExtractor Library/Bee/artifacts/mvdfrm/UnityEngine.HotReloadModule.dll_6794EB4CDA363FEC.mvfrm
[ 32/418    0s] MovedFromExtractor Library/Bee/artifacts/mvdfrm/UnityEngine.IdentifiersModule.dll_4C982A5DDEE31AF0.mvfrm
[ 33/418    0s] MovedFromExtractor Library/Bee/artifacts/mvdfrm/UnityEngine.GridModule.dll_C991891F93146984.mvfrm
[ 34/418    0s] MovedFromExtractor Library/Bee/artifacts/mvdfrm/UnityEngine.HierarchyCoreModule.dll_B55EA32343A4EFBA.mvfrm
[ 35/418    0s] MovedFromExtractor Library/Bee/artifacts/mvdfrm/UnityEngine.GameCenterModule.dll_9964479EE45CF025.mvfrm
[ 36/418    0s] MovedFromExtractor Library/Bee/artifacts/mvdfrm/UnityEngine.GIModule.dll_7EE4FAF19E72E690.mvfrm
[ 37/418    0s] MovedFromExtractor Library/Bee/artifacts/mvdfrm/UnityEngine.GraphicsStateCollectionSerializerModule.dll_589A8422BF022DEC.mvfrm
[ 38/418    0s] MovedFromExtractor Library/Bee/artifacts/mvdfrm/UnityEngine.DirectorModule.dll_07DFA4F695421CEA.mvfrm
[ 39/418    0s] MovedFromExtractor Library/Bee/artifacts/mvdfrm/UnityEngine.MultiplayerModule.dll_F3B6BEF4D531DA50.mvfrm
[ 40/418    0s] MovedFromExtractor Library/Bee/artifacts/mvdfrm/UnityEngine.DSPGraphModule.dll_0D31066007A2EE0B.mvfrm
[ 41/418    0s] MovedFromExtractor Library/Bee/artifacts/mvdfrm/UnityEngine.ClusterInputModule.dll_2E45B1C1E3291ADE.mvfrm
[ 42/418    0s] MovedFromExtractor Library/Bee/artifacts/mvdfrm/UnityEngine.CrashReportingModule.dll_49F6DBFAB1C1A145.mvfrm
[ 43/418    0s] MovedFromExtractor Library/Bee/artifacts/mvdfrm/UnityEngine.ClusterRendererModule.dll_C2AAA66F5A324E83.mvfrm
[ 44/418    0s] MovedFromExtractor Library/Bee/artifacts/mvdfrm/UnityEngine.ContentLoadModule.dll_0D24FBA8EAECF4C5.mvfrm
[ 45/418    0s] MovedFromExtractor Library/Bee/artifacts/mvdfrm/UnityEngine.CoreModule.dll_EC206D317ABFD38D.mvfrm
[ 46/418    0s] MovedFromExtractor Library/Bee/artifacts/mvdfrm/UnityEngine.ClothModule.dll_49543A77604339C0.mvfrm
[ 47/418    0s] MovedFromExtractor Library/Bee/artifacts/mvdfrm/UnityEngine.BurstModule.dll_4B63CED4AD7C72C6.mvfrm
[ 48/418    0s] MovedFromExtractor Library/Bee/artifacts/mvdfrm/UnityEngine.AudioModule.dll_E26BDD7C86265ADC.mvfrm
[ 49/418    0s] MovedFromExtractor Library/Bee/artifacts/mvdfrm/UnityEngine.AndroidJNIModule.dll_6F16FD841E1BFF34.mvfrm
[ 50/418    0s] MovedFromExtractor Library/Bee/artifacts/mvdfrm/UnityEngine.AIModule.dll_E6A8B1E402C3FE76.mvfrm
[ 51/418    0s] MovedFromExtractor Library/Bee/artifacts/mvdfrm/UnityEngine.AssetBundleModule.dll_740EA2681C6A4CD8.mvfrm
[ 52/418    0s] MovedFromExtractor Library/Bee/artifacts/mvdfrm/UnityEngine.AdaptivePerformanceModule.dll_165E2D696375A710.mvfrm
[ 53/418    0s] MovedFromExtractor Library/Bee/artifacts/mvdfrm/UnityEngine.AccessibilityModule.dll_3E440648D4F796C4.mvfrm
[ 54/418    0s] MovedFromExtractor Library/Bee/artifacts/mvdfrm/UnityEngine.AnimationModule.dll_E64C2D46FF03246A.mvfrm
[ 55/418    0s] MovedFromExtractor Library/Bee/artifacts/mvdfrm/UnityEngine.ARModule.dll_A01B76E75FE15D3F.mvfrm
[ 56/418    0s] MovedFromExtractor Library/Bee/artifacts/mvdfrm/UnityEditor.dll_19A8A4B1D1471393.mvfrm
[ 57/418    0s] MovedFromExtractor Library/Bee/artifacts/mvdfrm/UnityEditor.UnityConnectModule.dll_AEA93CAC31A14818.mvfrm
[ 58/418    0s] MovedFromExtractor Library/Bee/artifacts/mvdfrm/UnityEditor.UmbraModule.dll_9713CD30E1CFD5AA.mvfrm
[ 59/418    0s] MovedFromExtractor Library/Bee/artifacts/mvdfrm/UnityEditor.VFXModule.dll_67286CA2A2B85229.mvfrm
[ 60/418    0s] MovedFromExtractor Library/Bee/artifacts/mvdfrm/UnityEditor.XRModule.dll_293EA80C1E82A32D.mvfrm
[ 61/418    0s] MovedFromExtractor Library/Bee/artifacts/mvdfrm/UnityEditor.UIToolkitAuthoringModule.dll_9EF2447C77DFA760.mvfrm
[ 62/418    0s] MovedFromExtractor Library/Bee/artifacts/mvdfrm/UnityEditor.VideoModule.dll_4148A583173B45DC.mvfrm
[ 63/418    0s] MovedFromExtractor Library/Bee/artifacts/mvdfrm/UnityEditor.VectorGraphicsModule.dll_792BF9E095ED0F11.mvfrm
[ 64/418    0s] MovedFromExtractor Library/Bee/artifacts/mvdfrm/UnityEditor.UIBuilderModule.dll_6C4F5E3A975EC8F8.mvfrm
[ 65/418    0s] MovedFromExtractor Library/Bee/artifacts/mvdfrm/UnityEditor.U2DModule.dll_93011785D854B288.mvfrm
[ 66/418    0s] MovedFromExtractor Library/Bee/artifacts/mvdfrm/UnityEditor.UIElementsSamplesModule.dll_77E11AE6E94C00EF.mvfrm
[ 67/418    0s] MovedFromExtractor Library/Bee/artifacts/mvdfrm/UnityEditor.TreeModule.dll_26AB8EED5A7FFDA1.mvfrm
[ 68/418    0s] MovedFromExtractor Library/Bee/artifacts/mvdfrm/UnityEditor.UIAutomationModule.dll_64101E26A9312BBE.mvfrm
[ 69/418    0s] MovedFromExtractor Library/Bee/artifacts/mvdfrm/UnityEditor.UIElementsModule.dll_F0CE14B0D4FC905E.mvfrm
[ 70/418    0s] MovedFromExtractor Library/Bee/artifacts/mvdfrm/UnityEditor.TilemapModule.dll_827143DB292E7BDF.mvfrm
[ 71/418    0s] MovedFromExtractor Library/Bee/artifacts/mvdfrm/UnityEditor.TimelineFoundationModule.dll_6DE12EFBF3AB88D7.mvfrm
[ 72/418    0s] MovedFromExtractor Library/Bee/artifacts/mvdfrm/UnityEditor.TextCoreTextEngineModule.dll_B383E660E8DCDCBE.mvfrm
[ 73/418    0s] MovedFromExtractor Library/Bee/artifacts/mvdfrm/UnityEditor.TextRenderingModule.dll_5541BCED26DE2080.mvfrm
[ 74/418    0s] MovedFromExtractor Library/Bee/artifacts/mvdfrm/UnityEditor.TextCoreFontEngineModule.dll_6B9BAFEF595923A0.mvfrm
[ 75/418    0s] MovedFromExtractor Library/Bee/artifacts/mvdfrm/UnityEditor.SyntaxTreeModule.dll_3E1F13292DD45664.mvfrm
[ 76/418    0s] MovedFromExtractor Library/Bee/artifacts/mvdfrm/UnityEditor.TerrainModule.dll_E374DC5A11719AD6.mvfrm
[ 77/418    0s] MovedFromExtractor Library/Bee/artifacts/mvdfrm/UnityEditor.SubstanceModule.dll_C1A63DF7B45E27D1.mvfrm
[ 78/418    0s] MovedFromExtractor Library/Bee/artifacts/mvdfrm/UnityEditor.SpriteMaskModule.dll_81E24CE703886C54.mvfrm
[ 79/418    0s] MovedFromExtractor Library/Bee/artifacts/mvdfrm/UnityEditor.SpriteShapeModule.dll_87AA0033BFD2745D.mvfrm
[ 80/418    0s] MovedFromExtractor Library/Bee/artifacts/mvdfrm/UnityEditor.SketchUpModule.dll_F4DDC7C65CA8E17A.mvfrm
[ 81/418    0s] MovedFromExtractor Library/Bee/artifacts/mvdfrm/UnityEditor.ShaderPreprocessorModule.dll_8E80B9925781F637.mvfrm
[ 82/418    0s] MovedFromExtractor Library/Bee/artifacts/mvdfrm/UnityEditor.ShaderFoundryModule.dll_4A7E6AF4F730EBB5.mvfrm
[ 83/418    0s] MovedFromExtractor Library/Bee/artifacts/mvdfrm/UnityEditor.ShaderCompilationModule.dll_83AF7D5ECC4FF5BF.mvfrm
[ 84/418    0s] MovedFromExtractor Library/Bee/artifacts/mvdfrm/UnityEditor.ShaderBuildSettingsModule.dll_5DF4DF5BFB2F854D.mvfrm
[ 85/418    0s] MovedFromExtractor Library/Bee/artifacts/mvdfrm/UnityEditor.SceneViewModule.dll_5676942619C91CD2.mvfrm
[ 86/418    0s] MovedFromExtractor Library/Bee/artifacts/mvdfrm/UnityEditor.SceneTemplateModule.dll_0B9E9AB1D4816F27.mvfrm
[ 87/418    0s] MovedFromExtractor Library/Bee/artifacts/mvdfrm/UnityEditor.SafeModeModule.dll_0CC8E27611774563.mvfrm
[ 88/418    0s] MovedFromExtractor Library/Bee/artifacts/mvdfrm/UnityEditor.QuickInstallModule.dll_924E7D754E43D131.mvfrm
[ 89/418    0s] MovedFromExtractor Library/Bee/artifacts/mvdfrm/UnityEditor.QuickSearchModule.dll_30256F76BA0397E6.mvfrm
[ 90/418    0s] MovedFromExtractor Library/Bee/artifacts/mvdfrm/UnityEditor.PresetsUIModule.dll_D32CEA0026FEA7C9.mvfrm
[ 91/418    0s] MovedFromExtractor Library/Bee/artifacts/mvdfrm/UnityEditor.PlayModeModule.dll_52BCD42FB04054CA.mvfrm
[ 92/418    0s] MovedFromExtractor Library/Bee/artifacts/mvdfrm/UnityEditor.PropertiesModule.dll_C5F1199555043B16.mvfrm
[ 93/418    0s] MovedFromExtractor Library/Bee/artifacts/mvdfrm/UnityEditor.PhysicsModule.dll_C92E60EB3BB351E8.mvfrm
[ 94/418    0s] MovedFromExtractor Library/Bee/artifacts/mvdfrm/UnityEditor.PhysicsCore2DModule.dll_9FC6EBCCBAA40889.mvfrm
[ 95/418    0s] MovedFromExtractor Library/Bee/artifacts/mvdfrm/UnityEditor.Physics2DModule.dll_7D0C2C4EBA806A1A.mvfrm
[ 96/418    0s] MovedFromExtractor Library/Bee/artifacts/mvdfrm/UnityEditor.MultiplayerModule.dll_EDF0EF65C2F7C9CB.mvfrm
[ 97/418    0s] MovedFromExtractor Library/Bee/artifacts/mvdfrm/UnityEditor.MathematicsModule.dll_935D80B27EA83387.mvfrm
[ 98/418    0s] MovedFromExtractor Library/Bee/artifacts/mvdfrm/UnityEditor.MediaModule.dll_E7FF3AA9D2F5B2C5.mvfrm
[ 99/418    0s] MovedFromExtractor Library/Bee/artifacts/mvdfrm/UnityEditor.LightingModule.dll_06D059F264630E8F.mvfrm
[100/418    0s] MovedFromExtractor Library/Bee/artifacts/mvdfrm/UnityEditor.HierarchyModule.dll_053AB7F9E2858E86.mvfrm
[101/418    0s] MovedFromExtractor Library/Bee/artifacts/mvdfrm/UnityEditor.GridModule.dll_A670B5CCEB0EFE59.mvfrm
[102/418    0s] MovedFromExtractor Library/Bee/artifacts/mvdfrm/UnityEditor.GridAndSnapModule.dll_AECED4EAE491587C.mvfrm
[103/418    0s] MovedFromExtractor Library/Bee/artifacts/mvdfrm/UnityEditor.GraphicsStateCollectionSerializerModule.dll_4FA6B732F202E487.mvfrm
[104/418    0s] MovedFromExtractor Library/Bee/artifacts/mvdfrm/UnityEditor.GraphViewModule.dll_17C6B11E24A64FC4.mvfrm
[105/418    0s] MovedFromExtractor Library/Bee/artifacts/mvdfrm/UnityEditor.GenericRemoteModule.dll_480469FCBDA33C9E.mvfrm
[106/418    0s] MovedFromExtractor Library/Bee/artifacts/mvdfrm/UnityEditor.GraphToolkitModule.dll_CF4C13E0FD6C9183.mvfrm
[107/418    0s] MovedFromExtractor Library/Bee/artifacts/mvdfrm/UnityEditor.GIModule.dll_4076696232F5B2C5.mvfrm
[108/418    0s] MovedFromExtractor Library/Bee/artifacts/mvdfrm/UnityEngine.UnityConsentModule.dll_6DAE57E73933DF13.mvfrm
[109/418    0s] MovedFromExtractor Library/Bee/artifacts/mvdfrm/UnityEditor.EmbreeModule.dll_75A799D7416290EB.mvfrm
[110/418    0s] MovedFromExtractor Library/Bee/artifacts/mvdfrm/UnityEditor.DiagnosticsModule.dll_A515EE69612C9B8D.mvfrm
[111/418    0s] MovedFromExtractor Library/Bee/artifacts/mvdfrm/UnityEditor.EditorToolbarModule.dll_E7FF29F3D594C4EF.mvfrm
[112/418    0s] MovedFromExtractor Library/Bee/artifacts/mvdfrm/UnityEditor.DeviceSimulatorModule.dll_BCFDE3FDEA7740FF.mvfrm
[113/418    0s] MovedFromExtractor Library/Bee/artifacts/mvdfrm/UnityEditor.CoreBusinessMetricsModule.dll_D5B9922D4E778305.mvfrm
[114/418    0s] MovedFromExtractor Library/Bee/artifacts/mvdfrm/UnityEditor.ContentLoadModule.dll_075F2C19D8B2E440.mvfrm
[115/418    0s] MovedFromExtractor Library/Bee/artifacts/mvdfrm/UnityEditor.CoreModule.dll_C8FF99DED2BA6862.mvfrm
[116/418    0s] MovedFromExtractor Library/Bee/artifacts/mvdfrm/UnityEditor.ClothModule.dll_83277E132EC6091B.mvfrm
[117/418    0s] MovedFromExtractor Library/Bee/artifacts/mvdfrm/UnityEditor.BurstModule.dll_853712707BFF4221.mvfrm
[118/418    0s] MovedFromExtractor Library/Bee/artifacts/mvdfrm/UnityEditor.BuildProfileModule.dll_B36F2F360CBD62FE.mvfrm
[119/418    0s] MovedFromExtractor Library/Bee/artifacts/mvdfrm/UnityEditor.AssetComplianceModule.dll_F5D8F3EC6533252C.mvfrm
[120/418    0s] MovedFromExtractor Library/Bee/artifacts/mvdfrm/UnityEditor.BuildAnalysisModule.dll_0A4C51A3FDD91BBB.mvfrm
[121/418    0s] MovedFromExtractor Library/Bee/artifacts/mvdfrm/UnityEditor.AIModule.dll_A83A20549746CAAB.mvfrm
[122/418    0s] MovedFromExtractor Library/Bee/artifacts/mvdfrm/UnityEditor.AnimationWindowModule.dll_5861D7D6200531B5.mvfrm
[123/418    0s] MovedFromExtractor Library/Bee/artifacts/mvdfrm/UnityEditor.AccessibilityModule.dll_B20314215BFF139F.mvfrm
[124/418    0s] MovedFromExtractor Library/Bee/artifacts/mvdfrm/UnityEditor.AdaptivePerformanceModule.dll_55CE98B32830540B.mvfrm
[125/418    0s] MovedFromExtractor Library/Bee/artifacts/mvdfrm/Unity.Scripting.dll_DE47C345DB6FB2D6.mvfrm
[126/418    0s] MovedFromExtractor Library/Bee/artifacts/mvdfrm/UnityEngine.XRModule.dll_67AD399B89FFD6F8.mvfrm
[127/418    0s] MovedFromExtractor Library/Bee/artifacts/mvdfrm/UnityEngine.dll_4C4CEB8A2FBAA078.mvfrm
[128/418    0s] MovedFromExtractor Library/Bee/artifacts/mvdfrm/UnityEngine.VideoModule.dll_077561E748B87681.mvfrm
[129/418    0s] MovedFromExtractor Library/Bee/artifacts/mvdfrm/UnityEngine.VirtualTexturingModule.dll_903AA6E08ABEFFEB.mvfrm
[130/418    0s] MovedFromExtractor Library/Bee/artifacts/mvdfrm/UnityEngine.VehiclesModule.dll_7FA29E760F6BEC85.mvfrm
[131/418    0s] MovedFromExtractor Library/Bee/artifacts/mvdfrm/UnityEngine.WindModule.dll_626F485A0BF651F6.mvfrm
[132/418    0s] MovedFromExtractor Library/Bee/artifacts/mvdfrm/UnityEngine.VFXModule.dll_734A0EF61268602E.mvfrm
[133/418    0s] MovedFromExtractor Library/Bee/artifacts/mvdfrm/UnityEngine.UnityWebRequestWWWModule.dll_FCA5A70FEB9A57F5.mvfrm
[134/418    0s] MovedFromExtractor Library/Bee/artifacts/mvdfrm/UnityEngine.VectorGraphicsModule.dll_34505B7BB1D9A31C.mvfrm
[135/418    0s] MovedFromExtractor Library/Bee/artifacts/mvdfrm/UnityEngine.UnityWebRequestTextureModule.dll_2403205962683A39.mvfrm
[136/418    0s] MovedFromExtractor Library/Bee/artifacts/mvdfrm/UnityEngine.UnityWebRequestModule.dll_403BABC9E74BA0F6.mvfrm
[137/418    0s] MovedFromExtractor Library/Bee/artifacts/mvdfrm/UnityEngine.UnityWebRequestAssetBundleModule.dll_3826274F3AB6A4E0.mvfrm
[138/418    0s] MovedFromExtractor Library/Bee/artifacts/mvdfrm/UnityEditor.ProjectAuditorModule.dll_2C996E11587F5E28.mvfrm
[139/418    0s] MovedFromExtractor Library/Bee/artifacts/mvdfrm/UnityEngine.UnityWebRequestAudioModule.dll_1040CB11CB2EFFE4.mvfrm
[140/418    0s] MovedFromExtractor Library/Bee/artifacts/mvdfrm/UnityEngine.UnityCurlModule.dll_1968CE786F171657.mvfrm
[141/418    0s] MovedFromExtractor Library/Bee/artifacts/mvdfrm/UnityEngine.UnityConnectModule.dll_9C08C0BB2C2948C3.mvfrm
[142/418    0s] MovedFromExtractor Library/Bee/artifacts/mvdfrm/UnityEngine.UnityAnalyticsModule.dll_BCA89610CBFA7ECF.mvfrm
[143/418    0s] MovedFromExtractor Library/Bee/artifacts/mvdfrm/UnityEngine.UnityAnalyticsCommonModule.dll_338334775EACD3AA.mvfrm
[144/418    0s] MovedFromExtractor Library/Bee/artifacts/mvdfrm/UnityEngine.UmbraModule.dll_5D408995134D064F.mvfrm
[145/418    0s] MovedFromExtractor Library/Bee/artifacts/mvdfrm/UnityEngine.UIModule.dll_E21C50115F0B0422.mvfrm
[146/418    0s] MovedFromExtractor Library/Bee/artifacts/mvdfrm/UnityEngine.U2DRuntimeModule.dll_BE1A7157A46FE3BF.mvfrm
[147/418    0s] MovedFromExtractor Library/Bee/artifacts/mvdfrm/UnityEngine.TextCoreTextEngineModule.dll_31E361B3FBDA9B89.mvfrm
[148/418    0s] MovedFromExtractor Library/Bee/artifacts/mvdfrm/UnityEngine.TimelineFoundationModule.dll_EC40AA4F06A947A2.mvfrm
[149/418    0s] MovedFromExtractor Library/Bee/artifacts/mvdfrm/UnityEngine.UIElementsModule.dll_F17C81F8D740A9A9.mvfrm
[150/418    0s] WriteText Library/Bee/artifacts/1900b0aE.dag/UnityEngine.TestRunner.dll.mvfrm.rsp
[151/418    0s] WriteText Library/Bee/artifacts/1900b0aE.dag/UnityEngine.TestRunner.rsp
[152/418    0s] MovedFromExtractor Library/Bee/artifacts/mvdfrm/UnityEngine.TilemapModule.dll_74EBFC858E3D6324.mvfrm
[153/418    0s] WriteText Library/Bee/artifacts/1900b0aE.dag/UnityEngine.UI.UnityAdditionalFile.txt
[154/418    0s] WriteText Library/Bee/artifacts/1900b0aE.dag/UnityEngine.UI.rsp2
[155/418    0s] WriteText Library/Bee/artifacts/1900b0aE.dag/UnityEditor.TestRunner.UnityAdditionalFile.txt
[156/418    0s] WriteText Library/Bee/artifacts/1900b0aE.dag/UnityEditor.TestRunner.rsp2
[157/418    0s] MovedFromExtractor Library/Bee/artifacts/mvdfrm/UnityEngine.TextCoreFontEngineModule.dll_E9FB2B426C56E26B.mvfrm
[158/418    0s] MovedFromExtractor Library/Bee/artifacts/mvdfrm/UnityEngine.TextRenderingModule.dll_E182AF149FD6A3A5.mvfrm
[159/418    0s] MovedFromExtractor Library/Bee/artifacts/mvdfrm/UnityEngine.TetgenModule.dll_C5A791DB9BDF991B.mvfrm
[160/418    0s] MovedFromExtractor Library/Bee/artifacts/mvdfrm/UnityEngine.TerrainPhysicsModule.dll_9D83CE1A39162760.mvfrm
[161/418    0s] MovedFromExtractor Library/Bee/artifacts/mvdfrm/UnityEngine.TerrainModule.dll_D5EF95047680821B.mvfrm
[162/418    0s] MovedFromExtractor Library/Bee/artifacts/mvdfrm/UnityEngine.TLSModule.dll_F26B76873BFAF6C1.mvfrm
[163/418    0s] MovedFromExtractor Library/Bee/artifacts/mvdfrm/UnityEditor.WindowsStandalone.Extensions.dll_549CB504C121E15E.mvfrm
[164/418    0s] WriteText Library/Bee/artifacts/1900b0aE.dag/UnityEngine.UI.dll.mvfrm.rsp
[165/418    0s] WriteText Library/Bee/artifacts/1900b0aE.dag/UnityEngine.UI.rsp
[166/418    0s] MovedFromExtractor Library/Bee/artifacts/mvdfrm/Unity.Plastic.Newtonsoft.Json.dll_ED3944E5E8A516CB.mvfrm
[167/418    0s] WriteText Library/Bee/artifacts/1900b0aE.dag/UnityEditor.TestRunner.rsp
[168/418    0s] WriteText Library/Bee/artifacts/1900b0aE.dag/UnityEditor.UI.rsp2
[169/418    0s] WriteText Library/Bee/artifacts/1900b0aE.dag/UnityEditor.UI.UnityAdditionalFile.txt
[170/418    0s] WriteText Library/Bee/artifacts/1900b0aE.dag/UnityEditor.UI.dll.mvfrm.rsp
[171/418    0s] WriteText Library/Bee/artifacts/1900b0aE.dag/UnityEditor.UI.rsp
[172/418    0s] WriteText Library/Bee/artifacts/1900b0aE.dag/Unity.InternalAPIEngineBridge.004.UnityAdditionalFile.txt
[173/418    0s] WriteText Library/Bee/artifacts/1900b0aE.dag/Unity.InternalAPIEngineBridge.004.rsp2
[174/418    0s] WriteText Library/Bee/artifacts/1900b0aE.dag/Unity.AI.Navigation.Editor.ConversionSystem.UnityAdditionalFile.txt
[175/418    0s] WriteText Library/Bee/artifacts/1900b0aE.dag/Unity.AI.Navigation.rsp2
[176/418    0s] WriteText Library/Bee/artifacts/1900b0aE.dag/Unity.AI.Navigation.Editor.ConversionSystem.rsp2
[177/418    0s] WriteText Library/Bee/artifacts/1900b0aE.dag/Unity.AI.Navigation.UnityAdditionalFile.txt
[178/418    0s] WriteText Library/Bee/artifacts/1900b0aE.dag/Unity.InternalAPIEngineBridge.004.dll.mvfrm.rsp
[179/418    0s] WriteText Library/Bee/artifacts/1900b0aE.dag/Unity.AI.Navigation.dll.mvfrm.rsp
[180/418    0s] WriteText Library/Bee/artifacts/1900b0aE.dag/Unity.InternalAPIEngineBridge.004.rsp
[181/418    0s] WriteText Library/Bee/artifacts/1900b0aE.dag/Unity.AI.Navigation.Editor.ConversionSystem.dll.mvfrm.rsp
[182/418    0s] WriteText Library/Bee/artifacts/1900b0aE.dag/Unity.PlasticSCM.Editor.UnityAdditionalFile.txt
[183/418    0s] WriteText Library/Bee/artifacts/1900b0aE.dag/Unity.AI.Navigation.rsp
[184/418    0s] WriteText Library/Bee/artifacts/1900b0aE.dag/Unity.PlasticSCM.Editor.rsp2
[185/418    0s] WriteText Library/Bee/artifacts/1900b0aE.dag/Unity.AI.Navigation.Editor.ConversionSystem.rsp
[186/418    0s] WriteText Library/Bee/artifacts/1900b0aE.dag/Unity.TextMeshPro.rsp2
[187/418    0s] WriteText Library/Bee/artifacts/1900b0aE.dag/Unity.TextMeshPro.UnityAdditionalFile.txt
[188/418    0s] WriteText Library/Bee/artifacts/1900b0aE.dag/Unity.PlasticSCM.Editor.dll.mvfrm.rsp
[189/418    0s] WriteText Library/Bee/artifacts/1900b0aE.dag/Unity.Multiplayer.Center.Common.UnityAdditionalFile.txt
[190/418    0s] WriteText Library/Bee/artifacts/1900b0aE.dag/Unity.Multiplayer.Center.Common.rsp2
[191/418    0s] WriteText Library/Bee/artifacts/1900b0aE.dag/Unity.Timeline.UnityAdditionalFile.txt
[192/418    0s] WriteText Library/Bee/artifacts/1900b0aE.dag/Unity.Timeline.rsp2
[193/418    0s] WriteText Library/Bee/artifacts/1900b0aE.dag/Unity.PlasticSCM.Editor.rsp
[194/418    0s] WriteText Library/Bee/artifacts/1900b0aE.dag/Unity.AI.Navigation.Editor.UnityAdditionalFile.txt
[195/418    0s] WriteText Library/Bee/artifacts/1900b0aE.dag/Unity.AI.Navigation.Editor.rsp2
[196/418    0s] WriteText Library/Bee/artifacts/1900b0aE.dag/Unity.TextMeshPro.dll.mvfrm.rsp
[197/418    0s] WriteText Library/Bee/artifacts/1900b0aE.dag/Unity.TextMeshPro.rsp
[198/418    0s] WriteText Library/Bee/artifacts/1900b0aE.dag/Unity.Multiplayer.Center.Common.dll.mvfrm.rsp
[199/418    0s] WriteText Library/Bee/artifacts/1900b0aE.dag/Unity.AI.Navigation.Editor.dll.mvfrm.rsp
[200/418    0s] WriteText Library/Bee/artifacts/1900b0aE.dag/Unity.Timeline.dll.mvfrm.rsp
[201/418    0s] WriteText Library/Bee/artifacts/1900b0aE.dag/Unity.Multiplayer.Center.Common.rsp
[202/418    0s] WriteText Library/Bee/artifacts/1900b0aE.dag/Unity.AI.Navigation.Editor.rsp
[203/418    0s] WriteText Library/Bee/artifacts/1900b0aE.dag/Unity.Timeline.rsp
[204/418    0s] WriteText Library/Bee/artifacts/1900b0aE.dag/UnityEditor.TestRunner.dll.mvfrm.rsp
[205/418    0s] WriteText Library/Bee/artifacts/1900b0aE.dag/Unity.Rider.Editor.UnityAdditionalFile.txt
[206/418    0s] WriteText Library/Bee/artifacts/1900b0aE.dag/Unity.VisualStudio.Editor.rsp2
[207/418    0s] WriteText Library/Bee/artifacts/1900b0aE.dag/Unity.VisualStudio.Editor.UnityAdditionalFile.txt
[208/418    0s] WriteText Library/Bee/artifacts/1900b0aE.dag/Unity.VSCode.Editor.rsp2
[209/418    0s] WriteText Library/Bee/artifacts/1900b0aE.dag/Unity.Rider.Editor.rsp2
[210/418    0s] WriteText Library/Bee/artifacts/1900b0aE.dag/Unity.VSCode.Editor.UnityAdditionalFile.txt
[211/418    0s] WriteText Library/Bee/artifacts/1900b0aE.dag/Unity.PlasticSCM.Editor.Assistant.UnityAdditionalFile.txt
[212/418    0s] WriteText Library/Bee/artifacts/1900b0aE.dag/Unity.Timeline.Editor.rsp2
[213/418    0s] WriteText Library/Bee/artifacts/1900b0aE.dag/Unity.Multiplayer.Center.Editor.rsp2
[214/418    0s] WriteText Library/Bee/artifacts/1900b0aE.dag/Unity.Multiplayer.Center.Editor.UnityAdditionalFile.txt
[215/418    0s] WriteText Library/Bee/artifacts/1900b0aE.dag/Unity.AI.Navigation.Updater.rsp2
[216/418    0s] WriteText Library/Bee/artifacts/1900b0aE.dag/Unity.AI.Navigation.Updater.UnityAdditionalFile.txt
[217/418    0s] WriteText Library/Bee/artifacts/1900b0aE.dag/UnityEditor.UI.Analytics.rsp2
[218/418    0s] WriteText Library/Bee/artifacts/1900b0aE.dag/UnityEditor.UI.Analytics.UnityAdditionalFile.txt
[219/418    0s] WriteText Library/Bee/artifacts/1900b0aE.dag/Unity.Timeline.Editor.UnityAdditionalFile.txt
[220/418    0s] WriteText Library/Bee/artifacts/1900b0aE.dag/Unity.TextMeshPro.Editor.rsp2
[221/418    0s] WriteText Library/Bee/artifacts/1900b0aE.dag/Unity.TextMeshPro.Editor.UnityAdditionalFile.txt
[222/418    0s] WriteText Library/Bee/artifacts/1900b0aE.dag/Unity.PlasticSCM.Editor.Assistant.rsp2
[223/418    0s] WriteText Library/Bee/artifacts/1900b0aE.dag/Unity.Rider.Editor.dll.mvfrm.rsp
[224/418    0s] WriteText Library/Bee/artifacts/1900b0aE.dag/Unity.VSCode.Editor.dll.mvfrm.rsp
[225/418    0s] WriteText Library/Bee/artifacts/1900b0aE.dag/Unity.VisualStudio.Editor.dll.mvfrm.rsp
[226/418    0s] WriteText Library/Bee/artifacts/1900b0aE.dag/UnityEditor.UI.Analytics.dll.mvfrm.rsp
[227/418    0s] WriteText Library/Bee/artifacts/1900b0aE.dag/Unity.TextMeshPro.Editor.dll.mvfrm.rsp
[228/418    0s] WriteText Library/Bee/artifacts/1900b0aE.dag/Unity.Multiplayer.Center.Editor.dll.mvfrm.rsp
[229/418    0s] WriteText Library/Bee/artifacts/1900b0aE.dag/Unity.Timeline.Editor.dll.mvfrm.rsp
[230/418    0s] WriteText Library/Bee/artifacts/1900b0aE.dag/Unity.PlasticSCM.Editor.Assistant.dll.mvfrm.rsp
[231/418    0s] WriteText Library/Bee/artifacts/1900b0aE.dag/Unity.AI.Navigation.Updater.dll.mvfrm.rsp
[232/418    0s] WriteText Library/Bee/artifacts/1900b0aE.dag/Unity.Rider.Editor.rsp
[233/418    0s] WriteText Library/Bee/artifacts/1900b0aE.dag/Unity.VSCode.Editor.rsp
[234/418    0s] WriteText Library/Bee/artifacts/1900b0aE.dag/Unity.VisualStudio.Editor.rsp
[235/418    0s] WriteText Library/Bee/artifacts/1900b0aE.dag/Unity.TextMeshPro.Editor.rsp
[236/418    0s] WriteText Library/Bee/artifacts/1900b0aE.dag/Unity.Timeline.Editor.rsp
[237/418    0s] WriteText Library/Bee/artifacts/1900b0aE.dag/UnityEditor.UI.Analytics.rsp
[238/418    0s] WriteText Library/Bee/artifacts/1900b0aE.dag/Unity.PlasticSCM.Editor.Assistant.rsp
[239/418    0s] WriteText Library/Bee/artifacts/1900b0aE.dag/Unity.AI.Navigation.Updater.rsp
[240/418    0s] WriteText Library/Bee/artifacts/1900b0aE.dag/Unity.Multiplayer.Center.Editor.rsp
[241/418    0s] WriteText Library/Bee/artifacts/1900b0aE.dag/Assembly-CSharp.dll.mvfrm.rsp
[242/418    0s] WriteText Library/Bee/artifacts/1900b0aE.dag/Unity.CollabProxy.Editor.dll.mvfrm.rsp
[243/418    0s] WriteText Library/Bee/artifacts/1900b0aE.dag/Assembly-CSharp.UnityAdditionalFile.txt
[244/418    0s] WriteText Library/Bee/artifacts/1900b0aE.dag/Assembly-CSharp.rsp2
[245/418    0s] WriteText Library/Bee/artifacts/1900b0aE.dag/Unity.PlasticSCM.Editor.Entities.dll.mvfrm.rsp
[246/418    0s] WriteText Library/Bee/artifacts/1900b0aE.dag/Unity.PlasticSCM.Editor.Entities.UnityAdditionalFile.txt
[247/418    0s] MovedFromExtractor Library/Bee/artifacts/mvdfrm/UnityEditor.Graphs.dll_0E1FD19281FA1094.mvfrm
[248/418    0s] WriteText Library/Bee/artifacts/1900b0aE.dag/Unity.PlasticSCM.Editor.Entities.rsp2
[249/418    0s] WriteText Library/Bee/artifacts/1900b0aE.dag/Assembly-CSharp.rsp
[250/418    0s] WriteText Library/Bee/artifacts/1900b0aE.dag/Unity.CollabProxy.Editor.rsp2
[251/418    0s] WriteText Library/Bee/artifacts/1900b0aE.dag/Unity.CollabProxy.Editor.UnityAdditionalFile.txt
[252/418    0s] WriteText Library/Bee/artifacts/1900b0aE.dag/Unity.PlasticSCM.Editor.Entities.rsp
[253/418    0s] WriteText Library/Bee/artifacts/1900b0aE.dag/Unity.CollabProxy.Editor.rsp
[254/418    0s] WriteResponseFile Library/Bee/artifacts/rsp/3071285868016441895.rsp
[255/418    0s] WriteResponseFile Library/Bee/artifacts/rsp/13686715218353603589.rsp
[256/418    0s] WriteResponseFile Library/Bee/artifacts/rsp/14832617886295879631.rsp
[257/418    0s] WriteResponseFile Library/Bee/artifacts/rsp/7606483801609891643.rsp
[258/418    0s] WriteResponseFile Library/Bee/artifacts/rsp/5546506141355401238.rsp
[259/418    0s] WriteResponseFile Library/Bee/artifacts/rsp/8899139255040401798.rsp
[260/418    0s] WriteResponseFile Library/Bee/artifacts/rsp/10678863128556690338.rsp
[261/418    0s] WriteResponseFile Library/Bee/artifacts/rsp/10292501669419677951.rsp
[262/418    0s] WriteResponseFile Library/Bee/artifacts/rsp/3938377011463375229.rsp
[263/418    0s] WriteResponseFile Library/Bee/artifacts/rsp/2655319114021734818.rsp
[264/418    0s] WriteResponseFile Library/Bee/artifacts/rsp/16285879237017002407.rsp
[265/418    0s] WriteResponseFile Library/Bee/artifacts/rsp/12812556936427222528.rsp
[266/418    0s] WriteResponseFile Library/Bee/artifacts/rsp/9111662996337956171.rsp
[267/418    0s] WriteResponseFile Library/Bee/artifacts/rsp/6413563044966999158.rsp
[268/418    0s] WriteResponseFile Library/Bee/artifacts/rsp/4772145154433932943.rsp
[269/418    0s] WriteResponseFile Library/Bee/artifacts/rsp/6083568660615989563.rsp
[270/418    0s] WriteResponseFile Library/Bee/artifacts/rsp/10831531723267835799.rsp
[271/418    0s] WriteResponseFile Library/Bee/artifacts/rsp/2400031028012695012.rsp
[272/418    0s] WriteResponseFile Library/Bee/artifacts/rsp/14402696373757716438.rsp
[273/418    0s] WriteResponseFile Library/Bee/artifacts/rsp/14566447020836459352.rsp
[274/418    0s] WriteResponseFile Library/Bee/artifacts/rsp/10142702499866438521.rsp
[275/418    0s] MovedFromExtractor Library/Bee/artifacts/mvdfrm/UnityEngine.AMDModule.dll_F3DBB32214CA7B6E.mvfrm
[276/418    0s] MovedFromExtractor Library/Bee/artifacts/mvdfrm/UnityEngine.HierarchyModule.dll_BB20A8E2C805406B.mvfrm
[277/418    0s] MovedFromExtractor Library/Bee/artifacts/mvdfrm/Unity.Plastic.Antlr3.Runtime.dll_4A7ACD353CCE2CCA.mvfrm
[278/418    0s] MovedFromExtractor Library/Bee/artifacts/mvdfrm/UnityEngine.NVIDIAModule.dll_CDB8B1BE9EFFAB99.mvfrm
[279/418    0s] MovedFromExtractor-Combine Library/Bee/artifacts/1900b0aE.dag/UnityEngine.TestRunner.dll.mvfrm
[           0s] Csc Library/Bee/artifacts/1900b0aE.dag/UnityEngine.TestRunner.dll (+2 others) [CacheMiss eca1562be97c046a6889112c0f823c4e00000000000000000000000000000006]
[280/418    0s] MovedFromExtractor-Combine Library/Bee/artifacts/1900b0aE.dag/UnityEngine.UI.dll.mvfrm
[           0s] Csc Library/Bee/artifacts/1900b0aE.dag/UnityEngine.UI.dll (+2 others) [CacheMiss e9276cbe8a63a72c0b87e1cb1930bf4200000000000000000000000000000006]
[281/418    0s] ILPP-Configuration Library/ilpp-configuration.nevergeneratedoutput
[282/418    3s] Csc Library/Bee/artifacts/1900b0aE.dag/UnityEngine.UI.dll (+2 others)
[           0s] Csc Library/Bee/artifacts/1900b0aE.dag/UnityEngine.UI.dll (+2 others) [CacheWrite e9276cbe8a63a72c0b87e1cb1930bf4200000000000000000000000000000006]
[283/418    3s] Csc Library/Bee/artifacts/1900b0aE.dag/UnityEngine.TestRunner.dll (+2 others)
[           0s] Csc Library/Bee/artifacts/1900b0aE.dag/UnityEngine.TestRunner.dll (+2 others) [CacheWrite eca1562be97c046a6889112c0f823c4e00000000000000000000000000000006]
[284/418    0s] MovedFromExtractor Library/Bee/artifacts/mvdfrm/UnityEngine.UI.ref.dll_08FEAA520A2EFD60.mvfrm
[285/418    0s] MovedFromExtractor Library/Bee/artifacts/mvdfrm/UnityEngine.TestRunner.ref.dll_E55D0F7C63F01D9E.mvfrm
[286/418    0s] MovedFromExtractor-Combine Library/Bee/artifacts/1900b0aE.dag/UnityEditor.TestRunner.dll.mvfrm
[286/418    0s] Csc Library/Bee/artifacts/1900b0aE.dag/UnityEditor.TestRunner.dll (+2 others) [CacheHit ca2af4e3ae62f1a79561e2b8f7d0ac5d00000000000000000000000000000006]
[287/418    0s] Csc Library/Bee/artifacts/1900b0aE.dag/UnityEditor.TestRunner.dll (+2 others)
[289/418    0s] MovedFromExtractor Library/Bee/artifacts/mvdfrm/UnityEditor.TestRunner.ref.dll_193EC4CE382CBFB3.mvfrm
[290/418    0s] ILPostProcess Library/Bee/artifacts/1900b0aE.dag/post-processed/UnityEngine.TestRunner.dll (+pdb)
Processing assembly Library/Bee/artifacts/1900b0aE.dag/UnityEngine.TestRunner.dll, with 149 defines and 287 references

processors: zzzUnity.Burst.CodeGen.BurstILPostProcessor

1 processor(s) skipped this assembly
[291/418    0s] MovedFromExtractor-Combine Library/Bee/artifacts/1900b0aE.dag/UnityEditor.UI.dll.mvfrm
[292/418    0s] CopyFiles Library/ScriptAssemblies/UnityEngine.TestRunner.pdb
[293/418    0s] ILPostProcess Library/Bee/artifacts/1900b0aE.dag/post-processed/UnityEngine.UI.dll (+pdb)
Processing assembly Library/Bee/artifacts/1900b0aE.dag/UnityEngine.UI.dll, with 153 defines and 296 references

processors: zzzUnity.Burst.CodeGen.BurstILPostProcessor

1 processor(s) skipped this assembly
[294/418    0s] CopyFiles Library/ScriptAssemblies/UnityEngine.UI.pdb
[           0s] Csc Library/Bee/artifacts/1900b0aE.dag/UnityEditor.UI.dll (+2 others) [CacheMiss 845a4fbfab338918fa9eb96f2942d7ea00000000000000000000000000000006]
[295/418    0s] CopyFiles Library/ScriptAssemblies/UnityEngine.UI.dll
[296/418    0s] CopyFiles Library/ScriptAssemblies/UnityEngine.TestRunner.dll
[297/418    3s] ILPostProcess Library/Bee/artifacts/1900b0aE.dag/post-processed/UnityEditor.TestRunner.dll (+pdb)
Processing assembly Library/Bee/artifacts/1900b0aE.dag/UnityEditor.TestRunner.dll, with 147 defines and 296 references

processors: zzzUnity.Burst.CodeGen.BurstILPostProcessor

1 processor(s) skipped this assembly
[298/418    0s] CopyFiles Library/ScriptAssemblies/UnityEditor.TestRunner.pdb
[299/418    0s] CopyFiles Library/ScriptAssemblies/UnityEditor.TestRunner.dll
[BUSY       9s] Csc Library/Bee/artifacts/1900b0aE.dag/UnityEditor.UI.dll (+2 others)
[300/418    9s] Csc Library/Bee/artifacts/1900b0aE.dag/UnityEditor.UI.dll (+2 others)
[           0s] Csc Library/Bee/artifacts/1900b0aE.dag/UnityEditor.UI.dll (+2 others) [CacheWrite 845a4fbfab338918fa9eb96f2942d7ea00000000000000000000000000000006]
[301/418    0s] MovedFromExtractor Library/Bee/artifacts/mvdfrm/UnityEditor.UI.ref.dll_4C98D3F7040CD4F5.mvfrm
[302/418    0s] MovedFromExtractor-Combine Library/Bee/artifacts/1900b0aE.dag/Unity.Multiplayer.Center.Common.dll.mvfrm
[303/418    0s] MovedFromExtractor-Combine Library/Bee/artifacts/1900b0aE.dag/Unity.InternalAPIEngineBridge.004.dll.mvfrm
[304/418    0s] MovedFromExtractor-Combine Library/Bee/artifacts/1900b0aE.dag/Unity.Rider.Editor.dll.mvfrm
[305/418    0s] MovedFromExtractor-Combine Library/Bee/artifacts/1900b0aE.dag/Unity.AI.Navigation.dll.mvfrm
[306/418    0s] MovedFromExtractor-Combine Library/Bee/artifacts/1900b0aE.dag/Unity.PlasticSCM.Editor.dll.mvfrm
[307/418    0s] MovedFromExtractor-Combine Library/Bee/artifacts/1900b0aE.dag/Unity.Timeline.dll.mvfrm
[308/418    0s] MovedFromExtractor-Combine Library/Bee/artifacts/1900b0aE.dag/Unity.AI.Navigation.Editor.ConversionSystem.dll.mvfrm
[           0s] Csc Library/Bee/artifacts/1900b0aE.dag/Unity.Multiplayer.Center.Common.dll (+2 others) [CacheMiss 15d7559acf7a906cd6d8ffc7ae19298000000000000000000000000000000006]
[           0s] Csc Library/Bee/artifacts/1900b0aE.dag/Unity.InternalAPIEngineBridge.004.dll (+2 others) [CacheMiss eb5518d9a0d925be65bfe51af8f0350d00000000000000000000000000000006]
[           0s] Csc Library/Bee/artifacts/1900b0aE.dag/Unity.AI.Navigation.dll (+2 others) [CacheMiss 850bbad813fed541cf5a96200bea18dc00000000000000000000000000000006]
[           0s] Csc Library/Bee/artifacts/1900b0aE.dag/Unity.AI.Navigation.Editor.ConversionSystem.dll (+2 others) [CacheMiss 269678a5f7d9e3d2fc78ae65df65dd6f00000000000000000000000000000006]
[           0s] Csc Library/Bee/artifacts/1900b0aE.dag/Unity.Timeline.dll (+2 others) [CacheMiss aee6f9209d22e90a4b8fa65993a919ef00000000000000000000000000000006]
[309/418    0s] MovedFromExtractor-Combine Library/Bee/artifacts/1900b0aE.dag/Unity.VSCode.Editor.dll.mvfrm
[           0s] Csc Library/Bee/artifacts/1900b0aE.dag/Unity.PlasticSCM.Editor.dll (+2 others) [CacheMiss 266146aeb34722836336603d2ea68a5f00000000000000000000000000000006]
[310/418    0s] MovedFromExtractor-Combine Library/Bee/artifacts/1900b0aE.dag/Unity.VisualStudio.Editor.dll.mvfrm
[           0s] Csc Library/Bee/artifacts/1900b0aE.dag/Unity.VisualStudio.Editor.dll (+2 others) [CacheMiss 09f2487676562cde27cb0b1c4f8b527600000000000000000000000000000006]
[311/418    2s] ILPostProcess Library/Bee/artifacts/1900b0aE.dag/post-processed/UnityEditor.UI.dll (+pdb)
Processing assembly Library/Bee/artifacts/1900b0aE.dag/UnityEditor.UI.dll, with 149 defines and 306 references

processors: zzzUnity.Burst.CodeGen.BurstILPostProcessor

1 processor(s) skipped this assembly
[           0s] Csc Library/Bee/artifacts/1900b0aE.dag/Unity.VSCode.Editor.dll (+2 others) [CacheMiss 990b275c529d22ee01b8c49fb500679000000000000000000000000000000006]
[312/418    5s] Csc Library/Bee/artifacts/1900b0aE.dag/Unity.Multiplayer.Center.Common.dll (+2 others)
[           0s] Csc Library/Bee/artifacts/1900b0aE.dag/Unity.Multiplayer.Center.Common.dll (+2 others) [CacheWrite 15d7559acf7a906cd6d8ffc7ae19298000000000000000000000000000000006]
[313/418    6s] Csc Library/Bee/artifacts/1900b0aE.dag/Unity.InternalAPIEngineBridge.004.dll (+2 others)
[314/418    0s] MovedFromExtractor Library/Bee/artifacts/mvdfrm/Unity.Multiplayer.Center.Common.ref.dll_EE36537354EA42C8.mvfrm
[           0s] Csc Library/Bee/artifacts/1900b0aE.dag/Unity.InternalAPIEngineBridge.004.dll (+2 others) [CacheWrite eb5518d9a0d925be65bfe51af8f0350d00000000000000000000000000000006]
[315/418    6s] Csc Library/Bee/artifacts/1900b0aE.dag/Unity.AI.Navigation.dll (+2 others)
[316/418    0s] MovedFromExtractor-Combine Library/Bee/artifacts/1900b0aE.dag/Unity.Multiplayer.Center.Editor.dll.mvfrm
[           0s] Csc Library/Bee/artifacts/1900b0aE.dag/Unity.AI.Navigation.dll (+2 others) [CacheWrite 850bbad813fed541cf5a96200bea18dc00000000000000000000000000000006]
[317/418    0s] MovedFromExtractor Library/Bee/artifacts/mvdfrm/Unity.InternalAPIEngineBridge.004.ref.dll_9F91F1CFF2D20E26.mvfrm
[316/418    0s] Csc Library/Bee/artifacts/1900b0aE.dag/Unity.Rider.Editor.dll (+2 others) [CacheHit 0d738f59cfa0465c93b84c62afb2a76f00000000000000000000000000000006]
[318/418    0s] Csc Library/Bee/artifacts/1900b0aE.dag/Unity.Rider.Editor.dll (+2 others)
[           0s] Csc Library/Bee/artifacts/1900b0aE.dag/Unity.Multiplayer.Center.Editor.dll (+2 others) [CacheMiss 13fc1a1983094e9c824ded9883dd97da00000000000000000000000000000006]
[320/418    0s] MovedFromExtractor-Combine Library/Bee/artifacts/1900b0aE.dag/Unity.TextMeshPro.dll.mvfrm
[321/418    0s] MovedFromExtractor Library/Bee/artifacts/mvdfrm/Unity.AI.Navigation.ref.dll_407F07063643C512.mvfrm
[           0s] Csc Library/Bee/artifacts/1900b0aE.dag/Unity.TextMeshPro.dll (+2 others) [CacheMiss 21a92f110c254ce990bdab53222d23e400000000000000000000000000000006]
[322/418    0s] MovedFromExtractor Library/Bee/artifacts/mvdfrm/Unity.Rider.Editor.ref.dll_9B5591808ABA37AF.mvfrm
[323/418    0s] ILPostProcess Library/Bee/artifacts/1900b0aE.dag/post-processed/Unity.AI.Navigation.dll (+pdb)
Processing assembly Library/Bee/artifacts/1900b0aE.dag/Unity.AI.Navigation.dll, with 149 defines and 298 references

processors: zzzUnity.Burst.CodeGen.BurstILPostProcessor

1 processor(s) skipped this assembly
[324/418    0s] ILPostProcess Library/Bee/artifacts/1900b0aE.dag/post-processed/Unity.InternalAPIEngineBridge.004.dll (+pdb)
Processing assembly Library/Bee/artifacts/1900b0aE.dag/Unity.InternalAPIEngineBridge.004.dll, with 148 defines and 298 references

processors: zzzUnity.Burst.CodeGen.BurstILPostProcessor

1 processor(s) skipped this assembly
[325/418    6s] Csc Library/Bee/artifacts/1900b0aE.dag/Unity.VSCode.Editor.dll (+2 others)
[           0s] Csc Library/Bee/artifacts/1900b0aE.dag/Unity.VSCode.Editor.dll (+2 others) [CacheWrite 990b275c529d22ee01b8c49fb500679000000000000000000000000000000006]
[326/418    0s] MovedFromExtractor Library/Bee/artifacts/mvdfrm/Unity.VSCode.Editor.ref.dll_3628369EB48E4C19.mvfrm
[327/418    0s] CopyFiles Library/ScriptAssemblies/Unity.InternalAPIEngineBridge.004.dll
[328/418    0s] CopyFiles Library/ScriptAssemblies/Unity.AI.Navigation.dll
[329/418    0s] CopyFiles Library/ScriptAssemblies/Unity.VSCode.Editor.pdb
[330/418    0s] CopyFiles Library/ScriptAssemblies/Unity.VSCode.Editor.dll
[331/418    0s] CopyFiles Library/ScriptAssemblies/Unity.InternalAPIEngineBridge.004.pdb
[332/418    0s] CopyFiles Library/ScriptAssemblies/Unity.AI.Navigation.pdb
[333/418    0s] CopyFiles Library/ScriptAssemblies/Unity.Rider.Editor.pdb
[334/418    0s] CopyFiles Library/ScriptAssemblies/Unity.Rider.Editor.dll
[335/418    0s] CopyFiles Library/ScriptAssemblies/UnityEditor.UI.pdb
[336/418    0s] CopyFiles Library/ScriptAssemblies/UnityEditor.UI.dll
[337/418   10s] Csc Library/Bee/artifacts/1900b0aE.dag/Unity.VisualStudio.Editor.dll (+2 others)
[338/418   10s] Csc Library/Bee/artifacts/1900b0aE.dag/Unity.AI.Navigation.Editor.ConversionSystem.dll (+2 others)
[           0s] Csc Library/Bee/artifacts/1900b0aE.dag/Unity.AI.Navigation.Editor.ConversionSystem.dll (+2 others) [CacheWrite 269678a5f7d9e3d2fc78ae65df65dd6f00000000000000000000000000000006]
[           0s] Csc Library/Bee/artifacts/1900b0aE.dag/Unity.VisualStudio.Editor.dll (+2 others) [CacheWrite 09f2487676562cde27cb0b1c4f8b527600000000000000000000000000000006]
[339/418    0s] MovedFromExtractor Library/Bee/artifacts/mvdfrm/Unity.AI.Navigation.Editor.ConversionSystem.ref.dll_D58562F0DF82BCBA.mvfrm
[340/418    0s] MovedFromExtractor Library/Bee/artifacts/mvdfrm/Unity.VisualStudio.Editor.ref.dll_3A975DBA53ABA4AD.mvfrm
[341/418    0s] CopyFiles Library/ScriptAssemblies/Unity.VisualStudio.Editor.pdb
[342/418    0s] CopyFiles Library/ScriptAssemblies/Unity.VisualStudio.Editor.dll
[343/418    0s] MovedFromExtractor-Combine Library/Bee/artifacts/1900b0aE.dag/Unity.AI.Navigation.Editor.dll.mvfrm
[           0s] Csc Library/Bee/artifacts/1900b0aE.dag/Unity.AI.Navigation.Editor.dll (+2 others) [CacheMiss 7fa1e5b82cbfcc51ccf986e90ad0cb6d00000000000000000000000000000006]
[344/418    0s] ILPostProcess Library/Bee/artifacts/1900b0aE.dag/post-processed/Unity.AI.Navigation.Editor.ConversionSystem.dll (+pdb)
Processing assembly Library/Bee/artifacts/1900b0aE.dag/Unity.AI.Navigation.Editor.ConversionSystem.dll, with 146 defines and 307 references

processors: zzzUnity.Burst.CodeGen.BurstILPostProcessor

1 processor(s) skipped this assembly
[345/418    4s] ILPostProcess Library/Bee/artifacts/1900b0aE.dag/post-processed/Unity.Multiplayer.Center.Common.dll (+pdb)
Processing assembly Library/Bee/artifacts/1900b0aE.dag/Unity.Multiplayer.Center.Common.dll, with 146 defines and 307 references

processors: zzzUnity.Burst.CodeGen.BurstILPostProcessor

1 processor(s) skipped this assembly
[346/418    0s] CopyFiles Library/ScriptAssemblies/Unity.AI.Navigation.Editor.ConversionSystem.pdb
[347/418    0s] CopyFiles Library/ScriptAssemblies/Unity.Multiplayer.Center.Common.pdb
[348/418    0s] CopyFiles Library/ScriptAssemblies/Unity.Multiplayer.Center.Common.dll
[349/418    0s] CopyFiles Library/ScriptAssemblies/Unity.AI.Navigation.Editor.ConversionSystem.dll
[350/418   12s] Csc Library/Bee/artifacts/1900b0aE.dag/Unity.Timeline.dll (+2 others)
[           0s] Csc Library/Bee/artifacts/1900b0aE.dag/Unity.Timeline.dll (+2 others) [CacheWrite aee6f9209d22e90a4b8fa65993a919ef00000000000000000000000000000006]
[351/418    0s] MovedFromExtractor Library/Bee/artifacts/mvdfrm/Unity.Timeline.ref.dll_621CDDF9C514DF8F.mvfrm
[352/418    0s] MovedFromExtractor-Combine Library/Bee/artifacts/1900b0aE.dag/Unity.Timeline.Editor.dll.mvfrm
[           0s] Csc Library/Bee/artifacts/1900b0aE.dag/Unity.Timeline.Editor.dll (+2 others) [CacheMiss 414d6532c3671922a45f0a3ffc82cb1100000000000000000000000000000006]
[353/418    0s] ILPostProcess Library/Bee/artifacts/1900b0aE.dag/post-processed/Unity.Timeline.dll (+pdb)
Processing assembly Library/Bee/artifacts/1900b0aE.dag/Unity.Timeline.dll, with 149 defines and 298 references

processors: zzzUnity.Burst.CodeGen.BurstILPostProcessor

1 processor(s) skipped this assembly
[354/418    0s] CopyFiles Library/ScriptAssemblies/Unity.Timeline.pdb
[355/418    0s] CopyFiles Library/ScriptAssemblies/Unity.Timeline.dll
[BUSY      12s] Csc Library/Bee/artifacts/1900b0aE.dag/Unity.Multiplayer.Center.Editor.dll (+2 others)
[356/418   12s] Csc Library/Bee/artifacts/1900b0aE.dag/Unity.Multiplayer.Center.Editor.dll (+2 others)
[357/418    7s] Csc Library/Bee/artifacts/1900b0aE.dag/Unity.AI.Navigation.Editor.dll (+2 others)
[           0s] Csc Library/Bee/artifacts/1900b0aE.dag/Unity.AI.Navigation.Editor.dll (+2 others) [CacheWrite 7fa1e5b82cbfcc51ccf986e90ad0cb6d00000000000000000000000000000006]
[           0s] Csc Library/Bee/artifacts/1900b0aE.dag/Unity.Multiplayer.Center.Editor.dll (+2 others) [CacheWrite 13fc1a1983094e9c824ded9883dd97da00000000000000000000000000000006]
[358/418    0s] MovedFromExtractor Library/Bee/artifacts/mvdfrm/Unity.AI.Navigation.Editor.ref.dll_7989A1C8D57EF9BF.mvfrm
[359/418    0s] ILPostProcess Library/Bee/artifacts/1900b0aE.dag/post-processed/Unity.Multiplayer.Center.Editor.dll (+pdb)
Processing assembly Library/Bee/artifacts/1900b0aE.dag/Unity.Multiplayer.Center.Editor.dll, with 146 defines and 308 references

processors: zzzUnity.Burst.CodeGen.BurstILPostProcessor

1 processor(s) skipped this assembly
[360/418    0s] MovedFromExtractor Library/Bee/artifacts/mvdfrm/Unity.Multiplayer.Center.Editor.ref.dll_EB1F4B6E56116D4A.mvfrm
[361/418    0s] ILPostProcess Library/Bee/artifacts/1900b0aE.dag/post-processed/Unity.AI.Navigation.Editor.dll (+pdb)
Processing assembly Library/Bee/artifacts/1900b0aE.dag/Unity.AI.Navigation.Editor.dll, with 147 defines and 309 references

processors: zzzUnity.Burst.CodeGen.BurstILPostProcessor

1 processor(s) skipped this assembly
[362/418    0s] CopyFiles Library/ScriptAssemblies/Unity.Multiplayer.Center.Editor.pdb
[363/418    0s] CopyFiles Library/ScriptAssemblies/Unity.AI.Navigation.Editor.pdb
[364/418    0s] MovedFromExtractor-Combine Library/Bee/artifacts/1900b0aE.dag/Unity.AI.Navigation.Updater.dll.mvfrm
[           0s] Csc Library/Bee/artifacts/1900b0aE.dag/Unity.AI.Navigation.Updater.dll (+2 others) [CacheMiss 33e6e92124648356fd8ccdf2a8b4b81100000000000000000000000000000006]
[365/418    0s] CopyFiles Library/ScriptAssemblies/Unity.Multiplayer.Center.Editor.dll
[366/418    0s] CopyFiles Library/ScriptAssemblies/Unity.AI.Navigation.Editor.dll
[367/418   12s] Csc Library/Bee/artifacts/1900b0aE.dag/Unity.TextMeshPro.dll (+2 others)
[           0s] Csc Library/Bee/artifacts/1900b0aE.dag/Unity.TextMeshPro.dll (+2 others) [CacheWrite 21a92f110c254ce990bdab53222d23e400000000000000000000000000000006]
[368/418    0s] MovedFromExtractor Library/Bee/artifacts/mvdfrm/Unity.TextMeshPro.ref.dll_84A4293DBDD182DB.mvfrm
[369/418    0s] MovedFromExtractor-Combine Library/Bee/artifacts/1900b0aE.dag/UnityEditor.UI.Analytics.dll.mvfrm
[370/418    0s] MovedFromExtractor-Combine Library/Bee/artifacts/1900b0aE.dag/Unity.TextMeshPro.Editor.dll.mvfrm
[           0s] Csc Library/Bee/artifacts/1900b0aE.dag/UnityEditor.UI.Analytics.dll (+2 others) [CacheMiss db333959a1f7a57f4172b6052616bc7e00000000000000000000000000000006]
[           0s] Csc Library/Bee/artifacts/1900b0aE.dag/Unity.TextMeshPro.Editor.dll (+2 others) [CacheMiss 3b15403da4cc083c1f87f73eadcd46cb00000000000000000000000000000006]
[371/418    0s] ILPostProcess Library/Bee/artifacts/1900b0aE.dag/post-processed/Unity.TextMeshPro.dll (+pdb)
Processing assembly Library/Bee/artifacts/1900b0aE.dag/Unity.TextMeshPro.dll, with 149 defines and 299 references

processors: zzzUnity.Burst.CodeGen.BurstILPostProcessor

1 processor(s) skipped this assembly
[372/418    0s] CopyFiles Library/ScriptAssemblies/Unity.TextMeshPro.pdb
[373/418    0s] CopyFiles Library/ScriptAssemblies/Unity.TextMeshPro.dll
[BUSY       6s] Csc Library/Bee/artifacts/1900b0aE.dag/Unity.AI.Navigation.Updater.dll (+2 others)
[374/418    8s] Csc Library/Bee/artifacts/1900b0aE.dag/UnityEditor.UI.Analytics.dll (+2 others)
[           0s] Csc Library/Bee/artifacts/1900b0aE.dag/UnityEditor.UI.Analytics.dll (+2 others) [CacheWrite db333959a1f7a57f4172b6052616bc7e00000000000000000000000000000006]
[375/418    0s] MovedFromExtractor Library/Bee/artifacts/mvdfrm/UnityEditor.UI.Analytics.ref.dll_3B64A5A3A726AD5D.mvfrm
[376/418    9s] Csc Library/Bee/artifacts/1900b0aE.dag/Unity.AI.Navigation.Updater.dll (+2 others)
[           0s] Csc Library/Bee/artifacts/1900b0aE.dag/Unity.AI.Navigation.Updater.dll (+2 others) [CacheWrite 33e6e92124648356fd8ccdf2a8b4b81100000000000000000000000000000006]
[377/418   28s] Csc Library/Bee/artifacts/1900b0aE.dag/Unity.PlasticSCM.Editor.dll (+2 others)
[378/418    0s] MovedFromExtractor Library/Bee/artifacts/mvdfrm/Unity.AI.Navigation.Updater.ref.dll_34B8D5B7DED6E76D.mvfrm
[           0s] Csc Library/Bee/artifacts/1900b0aE.dag/Unity.PlasticSCM.Editor.dll (+2 others) [CacheWrite 266146aeb34722836336603d2ea68a5f00000000000000000000000000000006]
[379/418    0s] MovedFromExtractor Library/Bee/artifacts/mvdfrm/Unity.PlasticSCM.Editor.ref.dll_257AEB342BE77856.mvfrm
[380/418    0s] MovedFromExtractor-Combine Library/Bee/artifacts/1900b0aE.dag/Unity.PlasticSCM.Editor.Entities.dll.mvfrm
[381/418    0s] MovedFromExtractor-Combine Library/Bee/artifacts/1900b0aE.dag/Unity.PlasticSCM.Editor.Assistant.dll.mvfrm
[382/418    0s] MovedFromExtractor-Combine Library/Bee/artifacts/1900b0aE.dag/Unity.CollabProxy.Editor.dll.mvfrm
[           0s] Csc Library/Bee/artifacts/1900b0aE.dag/Unity.PlasticSCM.Editor.Entities.dll (+2 others) [CacheMiss c991bbce6b51c9e4ade8c7c196c501fc00000000000000000000000000000006]
[           0s] Csc Library/Bee/artifacts/1900b0aE.dag/Unity.PlasticSCM.Editor.Assistant.dll (+2 others) [CacheMiss 82c580ece335eae13f1261d37a1c7ec400000000000000000000000000000006]
[           0s] Csc Library/Bee/artifacts/1900b0aE.dag/Unity.CollabProxy.Editor.dll (+2 others) [CacheMiss 295ced6f484e078f95935241bebabb6f00000000000000000000000000000006]
[383/418    0s] ILPostProcess Library/Bee/artifacts/1900b0aE.dag/post-processed/Unity.PlasticSCM.Editor.dll (+pdb)
Processing assembly Library/Bee/artifacts/1900b0aE.dag/Unity.PlasticSCM.Editor.dll, with 147 defines and 303 references

processors: zzzUnity.Burst.CodeGen.BurstILPostProcessor

1 processor(s) skipped this assembly
[384/418    0s] ILPostProcess Library/Bee/artifacts/1900b0aE.dag/post-processed/Unity.AI.Navigation.Updater.dll (+pdb)
Processing assembly Library/Bee/artifacts/1900b0aE.dag/Unity.AI.Navigation.Updater.dll, with 146 defines and 310 references

processors: zzzUnity.Burst.CodeGen.BurstILPostProcessor

1 processor(s) skipped this assembly
[385/418    0s] CopyFiles Library/ScriptAssemblies/Unity.AI.Navigation.Updater.dll
[386/418    0s] CopyFiles Library/ScriptAssemblies/Unity.PlasticSCM.Editor.pdb
[387/418    0s] CopyFiles Library/ScriptAssemblies/Unity.AI.Navigation.Updater.pdb
[388/418    0s] ILPostProcess Library/Bee/artifacts/1900b0aE.dag/post-processed/UnityEditor.UI.Analytics.dll (+pdb)
Processing assembly Library/Bee/artifacts/1900b0aE.dag/UnityEditor.UI.Analytics.dll, with 146 defines and 308 references

processors: zzzUnity.Burst.CodeGen.BurstILPostProcessor

1 processor(s) skipped this assembly
[389/418    0s] CopyFiles Library/ScriptAssemblies/UnityEditor.UI.Analytics.dll
[390/418    0s] CopyFiles Library/ScriptAssemblies/UnityEditor.UI.Analytics.pdb
[391/418    0s] CopyFiles Library/ScriptAssemblies/Unity.PlasticSCM.Editor.dll
[392/418   12s] Csc Library/Bee/artifacts/1900b0aE.dag/Unity.TextMeshPro.Editor.dll (+2 others)
[           0s] Csc Library/Bee/artifacts/1900b0aE.dag/Unity.TextMeshPro.Editor.dll (+2 others) [CacheWrite 3b15403da4cc083c1f87f73eadcd46cb00000000000000000000000000000006]
[393/418    0s] MovedFromExtractor Library/Bee/artifacts/mvdfrm/Unity.TextMeshPro.Editor.ref.dll_159E061D77A10B86.mvfrm
[394/418    0s] ILPostProcess Library/Bee/artifacts/1900b0aE.dag/post-processed/Unity.TextMeshPro.Editor.dll (+pdb)
Processing assembly Library/Bee/artifacts/1900b0aE.dag/Unity.TextMeshPro.Editor.dll, with 146 defines and 308 references

processors: zzzUnity.Burst.CodeGen.BurstILPostProcessor

1 processor(s) skipped this assembly
[395/418    0s] CopyFiles Library/ScriptAssemblies/Unity.TextMeshPro.Editor.pdb
[396/418   19s] Csc Library/Bee/artifacts/1900b0aE.dag/Unity.Timeline.Editor.dll (+2 others)
[           0s] Csc Library/Bee/artifacts/1900b0aE.dag/Unity.Timeline.Editor.dll (+2 others) [CacheWrite 414d6532c3671922a45f0a3ffc82cb1100000000000000000000000000000006]
[397/418    0s] MovedFromExtractor Library/Bee/artifacts/mvdfrm/Unity.Timeline.Editor.ref.dll_0D3D3C0B73557612.mvfrm
[398/418    0s] CopyFiles Library/ScriptAssemblies/Unity.TextMeshPro.Editor.dll
[399/418    0s] ILPostProcess Library/Bee/artifacts/1900b0aE.dag/post-processed/Unity.Timeline.Editor.dll (+pdb)
Processing assembly Library/Bee/artifacts/1900b0aE.dag/Unity.Timeline.Editor.dll, with 147 defines and 308 references

processors: zzzUnity.Burst.CodeGen.BurstILPostProcessor

1 processor(s) skipped this assembly
[400/418    0s] CopyFiles Library/ScriptAssemblies/Unity.Timeline.Editor.pdb
[401/418    0s] CopyFiles Library/ScriptAssemblies/Unity.Timeline.Editor.dll
[402/418    4s] Csc Library/Bee/artifacts/1900b0aE.dag/Unity.PlasticSCM.Editor.Assistant.dll (+2 others)
[           0s] Csc Library/Bee/artifacts/1900b0aE.dag/Unity.PlasticSCM.Editor.Assistant.dll (+2 others) [CacheWrite 82c580ece335eae13f1261d37a1c7ec400000000000000000000000000000006]
[403/418    0s] MovedFromExtractor Library/Bee/artifacts/mvdfrm/Unity.PlasticSCM.Editor.Assistant.ref.dll_8E2FBDF189F35426.mvfrm
[404/418    0s] MovedFromExtractor-Combine Library/Bee/artifacts/1900b0aE.dag/Assembly-CSharp.dll.mvfrm
[405/418    0s] ILPostProcess Library/Bee/artifacts/1900b0aE.dag/post-processed/Unity.PlasticSCM.Editor.Assistant.dll (+pdb)
Processing assembly Library/Bee/artifacts/1900b0aE.dag/Unity.PlasticSCM.Editor.Assistant.dll, with 146 defines and 308 references

processors: zzzUnity.Burst.CodeGen.BurstILPostProcessor

1 processor(s) skipped this assembly
[406/418    0s] CopyFiles Library/ScriptAssemblies/Unity.PlasticSCM.Editor.Assistant.pdb
[407/418    0s] CopyFiles Library/ScriptAssemblies/Unity.PlasticSCM.Editor.Assistant.dll
[408/418    5s] Csc Library/Bee/artifacts/1900b0aE.dag/Unity.PlasticSCM.Editor.Entities.dll (+2 others)
[           0s] Csc Library/Bee/artifacts/1900b0aE.dag/Unity.PlasticSCM.Editor.Entities.dll (+2 others) [CacheWrite c991bbce6b51c9e4ade8c7c196c501fc00000000000000000000000000000006]
[409/418    5s] Csc Library/Bee/artifacts/1900b0aE.dag/Unity.CollabProxy.Editor.dll (+2 others)
[           0s] Csc Library/Bee/artifacts/1900b0aE.dag/Unity.CollabProxy.Editor.dll (+2 others) [CacheWrite 295ced6f484e078f95935241bebabb6f00000000000000000000000000000006]
[410/418    0s] ILPostProcess Library/Bee/artifacts/1900b0aE.dag/post-processed/Unity.PlasticSCM.Editor.Entities.dll (+pdb)
Processing assembly Library/Bee/artifacts/1900b0aE.dag/Unity.PlasticSCM.Editor.Entities.dll, with 146 defines and 308 references

processors: zzzUnity.Burst.CodeGen.BurstILPostProcessor

1 processor(s) skipped this assembly
[411/418    0s] CopyFiles Library/ScriptAssemblies/Unity.PlasticSCM.Editor.Entities.pdb
[412/418    0s] CopyFiles Library/ScriptAssemblies/Unity.PlasticSCM.Editor.Entities.dll
[413/418    0s] ILPostProcess Library/Bee/artifacts/1900b0aE.dag/post-processed/Unity.CollabProxy.Editor.dll (+pdb)
Processing assembly Library/Bee/artifacts/1900b0aE.dag/Unity.CollabProxy.Editor.dll, with 146 defines and 308 references

processors: zzzUnity.Burst.CodeGen.BurstILPostProcessor

1 processor(s) skipped this assembly
[414/418    0s] CopyFiles Library/ScriptAssemblies/Unity.CollabProxy.Editor.dll
[415/418    0s] CopyFiles Library/ScriptAssemblies/Unity.CollabProxy.Editor.pdb
[416/418    2s] Csc Library/Bee/artifacts/1900b0aE.dag/Assembly-CSharp.dll (+2 others)
[417/418    0s] ILPostProcess Library/Bee/artifacts/1900b0aE.dag/post-processed/Assembly-CSharp.dll (+pdb)
Processing assembly Library/Bee/artifacts/1900b0aE.dag/Assembly-CSharp.dll, with 148 defines and 306 references

processors: zzzUnity.Burst.CodeGen.BurstILPostProcessor

1 processor(s) skipped this assembly
[418/418    0s] CopyFiles Library/ScriptAssemblies/Assembly-CSharp.pdb
[419/418    0s] CopyFiles Library/ScriptAssemblies/Assembly-CSharp.dll
*** Tundra build success (60.59 seconds - 0:01:00), 415 items updated, 418 evaluated
Total cache size 171959712
Total cache size after purge 171959712, took 00:00:00.3115171
AssetDatabase: script compilation time: 67.333508s
[Licensing::Client] Successfully resolved entitlement details
Begin MonoManager ReloadAssembly
Importing 'GUID: 00000000000000001000000000000000 - Path: Assets' with importer (DefaultImporter)
Imported 'GUID: 00000000000000001000000000000000' -> (Import Result ID: '2740a6f043b2b326bdd7512375e96e57') in 0.025 seconds [static dependencies only]. Details - ImportResultOutputID=0bd79294e96b4d95e7775c04af3ef4c2 DependenciesID=5ddfff5767c8d340f2421f4cedfc88ba StaticDependenciesID=3cc2fb38edf9553804fe976b0521b786 
Importing 'GUID: 00000000000000002000000000000000 - Path: ProjectSettings/InputManager.asset' with importer (LibraryAssetImporter)
Imported 'GUID: 00000000000000002000000000000000' -> (Import Result ID: '3dde2951db21c7fa5c5f88ba587e28ea') in 0.003 seconds [static dependencies only]. Details - ImportResultOutputID=6ef5aadfef77827e2c23b904de4fe67c DependenciesID=f86dbde199646b74987928faa3419329 StaticDependenciesID=630880620947ace528f9d1b00161e94c 
Importing 'GUID: 00000000000000003000000000000000 - Path: ProjectSettings/TagManager.asset' with importer (LibraryAssetImporter)
Imported 'GUID: 00000000000000003000000000000000' -> (Import Result ID: '528fed93981c9fd763810034d4933003') in 0.001 seconds [static dependencies only]. Details - ImportResultOutputID=f000288eab4d423778547d37d97a06b9 DependenciesID=a1ba95fe627d821b6bd35b7355a8626d StaticDependenciesID=541e5535b9b046ee52e902f232b2b837 
Importing 'GUID: 00000000000000004000000000000000 - Path: ProjectSettings/ProjectSettings.asset' with importer (LibraryAssetImporter)
Imported 'GUID: 00000000000000004000000000000000' -> (Import Result ID: '9792d31a8e78b58f9941a0842d4558ce') in 0.003 seconds [static dependencies only]. Details - ImportResultOutputID=054c890a8f4b6dddbea933bc5e4b7df4 DependenciesID=a00fae0ca44bc68ebf1c0beafc868bb8 StaticDependenciesID=e3c64566a4c20d31a501815e46b331b7 
Importing 'GUID: 00000000000000006000000000000000 - Path: ProjectSettings/AudioManager.asset' with importer (LibraryAssetImporter)
Imported 'GUID: 00000000000000006000000000000000' -> (Import Result ID: 'd25b53ab0472615b26039b37e00e5d2f') in 0.001 seconds [static dependencies only]. Details - ImportResultOutputID=d41ed101cdcb18327994de285944fd39 DependenciesID=e5df731f9f6a314ccaf45cc61551a647 StaticDependenciesID=c5714a4081f644fc93b1cffa82fe1a9d 
Importing 'GUID: 00000000000000007000000000000000 - Path: ProjectSettings/TimeManager.asset' with importer (LibraryAssetImporter)
Imported 'GUID: 00000000000000007000000000000000' -> (Import Result ID: '5516e4378c44f2f07eb05722b9d5d647') in 0.001 seconds [static dependencies only]. Details - ImportResultOutputID=888360dbe4cb337dfbc4897083ee474b DependenciesID=e78d6e5b0bffeef890fe86c1de84d821 StaticDependenciesID=bce08f7ff0e64b8d35d99ccf345b1339 
Importing 'GUID: 00000000000000008000000000000000 - Path: ProjectSettings/DynamicsManager.asset' with importer (LibraryAssetImporter)
Imported 'GUID: 00000000000000008000000000000000' -> (Import Result ID: 'fb3239cbb0807053a6dfc030ee71fa14') in 0.001 seconds [static dependencies only]. Details - ImportResultOutputID=f4e5ea74158efa9a7415a6abc5cfeedf DependenciesID=ea68f84837d6d25a2228b1a352eab42a StaticDependenciesID=4720327061e61184bce736caeca0d9c2 
Importing 'GUID: 00000000000000009000000000000000 - Path: ProjectSettings/QualitySettings.asset' with importer (LibraryAssetImporter)
Imported 'GUID: 00000000000000009000000000000000' -> (Import Result ID: 'cf4a8577a760452d3f523e7b711a025c') in 0.001 seconds [static dependencies only]. Details - ImportResultOutputID=2a108b3da874f726c62fbe5f12be4a8a DependenciesID=93ec30d6d89ebe8162084b1aaa7951ce StaticDependenciesID=8e578ce5330b0074fad166827bda1857 
Importing 'GUID: 0000000000000000b000000000000000 - Path: ProjectSettings/EditorBuildSettings.asset' with importer (LibraryAssetImporter)
Imported 'GUID: 0000000000000000b000000000000000' -> (Import Result ID: 'f594a42ced62a8e3aa30b32df92fc80c') in 0.001 seconds [static dependencies only]. Details - ImportResultOutputID=0a89a5c5f492143e0fa186859e17ba6f DependenciesID=94a6017707ffe434014d4a5112152437 StaticDependenciesID=1247f036b627c056822e8e19debaefbf 
Importing 'GUID: 0000000000000000c000000000000000 - Path: ProjectSettings/EditorSettings.asset' with importer (LibraryAssetImporter)
Imported 'GUID: 0000000000000000c000000000000000' -> (Import Result ID: 'e0950f379232c0b51afcb7483b11e375') in 0.001 seconds [static dependencies only]. Details - ImportResultOutputID=9bf1f3a6d7407228d033acb548d88253 DependenciesID=49f2bbc7fd7aead6d37fc7ebcfb660e7 StaticDependenciesID=e4a6ce60f57f5c9a1ad9e3087c2defa8 
Importing 'GUID: 00000000000000004100000000000000 - Path: ProjectSettings/NavMeshAreas.asset' with importer (LibraryAssetImporter)
Imported 'GUID: 00000000000000004100000000000000' -> (Import Result ID: '30b7390b64da80594540cd8a74dfd008') in 0.001 seconds [static dependencies only]. Details - ImportResultOutputID=431705ea786ba1fb0433b092fce391ed DependenciesID=6b40d9df46c654c7abf9a79d1b9dc6b6 StaticDependenciesID=84349aa4c4292cab51a2240df5aaed28 
Importing 'GUID: 00000000000000005100000000000000 - Path: ProjectSettings/Physics2DSettings.asset' with importer (LibraryAssetImporter)
Imported 'GUID: 00000000000000005100000000000000' -> (Import Result ID: '3829ccaf10a25f802905ad3662b0447f') in 0.001 seconds [static dependencies only]. Details - ImportResultOutputID=d4b28e6b7b96fa6bea7060628c401421 DependenciesID=0df8e2b71b2358e369eebe804de30ec5 StaticDependenciesID=1a49dde894a6fada803e7426b142e956 
Importing 'GUID: 00000000000000006100000000000000 - Path: ProjectSettings/GraphicsSettings.asset' with importer (LibraryAssetImporter)
Imported 'GUID: 00000000000000006100000000000000' -> (Import Result ID: '43516fa094da6d26669caffd99ee3cba') in 0.001 seconds [static dependencies only]. Details - ImportResultOutputID=a2dcdb8bc9503711bc0f2e2d72cfd36c DependenciesID=3b186bd4bb1067183f079caf2df3567b StaticDependenciesID=ba337b86cd67f2ae50f4313208b59a66 
Importing 'GUID: 00000000000000007100000000000000 - Path: ProjectSettings/ClusterInputManager.asset' with importer (LibraryAssetImporter)
Imported 'GUID: 00000000000000007100000000000000' -> (Import Result ID: '58bef86a03a9618787b87ad4214178f9') in 0.001 seconds [static dependencies only]. Details - ImportResultOutputID=588fc89fed83f51a5c1aa7c8db0cdfd8 DependenciesID=ee909b6333107616ae40b9dc82041097 StaticDependenciesID=8289f66611dfb03198bc5ee374a941a2 
Importing 'GUID: 0000000000000000a100000000000000 - Path: ProjectSettings/UnityConnectSettings.asset' with importer (LibraryAssetImporter)
Imported 'GUID: 0000000000000000a100000000000000' -> (Import Result ID: 'f9b8b29c6ba9c7c4ccb212754d2328ea') in 0.001 seconds [static dependencies only]. Details - ImportResultOutputID=a2c5944bc70168a38041609ba26dc022 DependenciesID=042a0aa6ec20dc8789f4784d5afaaa65 StaticDependenciesID=4fccd718f2130e1e3bb4706e3b87dc14 
Importing 'GUID: 0000000000000000b100000000000000 - Path: ProjectSettings/PresetManager.asset' with importer (LibraryAssetImporter)
Imported 'GUID: 0000000000000000b100000000000000' -> (Import Result ID: '9ef93f669e0d8524c7876667ade9609e') in 0.001 seconds [static dependencies only]. Details - ImportResultOutputID=6bbf2909d22cca2bf12a4801b098b013 DependenciesID=117b4d76704bf359f7a3dcb2401cab90 StaticDependenciesID=0b42499c08ecb6056587f457948c869e 
Importing 'GUID: 0000000000000000c100000000000000 - Path: ProjectSettings/VFXManager.asset' with importer (LibraryAssetImporter)
Imported 'GUID: 0000000000000000c100000000000000' -> (Import Result ID: '533aff575efb64105d40262af39604dd') in 0.001 seconds [static dependencies only]. Details - ImportResultOutputID=f89698b22875eebc454842245beb374c DependenciesID=4491701ace3bb97c67751ef235830416 StaticDependenciesID=919ea935155e12fcbe4e08102f7ea3f8 
Importing 'GUID: 0000000000000000d100000000000000 - Path: ProjectSettings/VersionControlSettings.asset' with importer (LibraryAssetImporter)
Imported 'GUID: 0000000000000000d100000000000000' -> (Import Result ID: 'ca76646a8cc978cbd8db873cadc4bbcc') in 0.001 seconds [static dependencies only]. Details - ImportResultOutputID=fe7ea0ac71117227a6d09fba509747a9 DependenciesID=70a335944c23c72267d7f4ef404b560c StaticDependenciesID=5cc6a11a157ac5e4e3cf8c8ab1a2fe60 
Importing 'GUID: 0000000000000000f100000000000000 - Path: ProjectSettings/MemorySettings.asset' with importer (LibraryAssetImporter)
Imported 'GUID: 0000000000000000f100000000000000' -> (Import Result ID: '5ecde1e13be229334a01e9fe941aad65') in 0.001 seconds [static dependencies only]. Details - ImportResultOutputID=bc4e563a9c6fd2d5b4495e4db9c0cc0a DependenciesID=33a04efe49d7c3885fb0d9dc6dbe72f0 StaticDependenciesID=f6e1446f3c4090041d3fca76cecd53d3 
Importing 'GUID: 00000000000000000200000000000000 - Path: ProjectSettings/MultiplayerManager.asset' with importer (LibraryAssetImporter)
Imported 'GUID: 00000000000000000200000000000000' -> (Import Result ID: '333e9487201c67eebf53d6bf32ba5cdd') in 0.001 seconds [static dependencies only]. Details - ImportResultOutputID=0f99ec37a18b74b8746d5bfd6ca7ca98 DependenciesID=f4ea9893daa7c737bf136b994f0d93e3 StaticDependenciesID=62f4092d43bb367de83e94b1107c958a 
Importing 'GUID: 00000000000000001200000000000000 - Path: ProjectSettings/PhysicsCoreProjectSettings2D.asset' with importer (LibraryAssetImporter)
Imported 'GUID: 00000000000000001200000000000000' -> (Import Result ID: '990209b38044adfcfcf62e5b91ce1492') in 0.001 seconds [static dependencies only]. Details - ImportResultOutputID=fdcbf67861d1bc63eeeff8a918d0a8f1 DependenciesID=36b714542e13086a81b86f10149adff5 StaticDependenciesID=60cad0a1014b5338d21435bab7167415 
Importing 'GUID: 00000000000000002300000000000000 - Path: Library/BuildInstructions' with importer (DefaultImporter)
Imported 'GUID: 00000000000000002300000000000000' -> (Import Result ID: 'a80670de179e9c16064fd8e990e76876') in 0.001 seconds [static dependencies only]. Details - ImportResultOutputID=f125fbf11ce4ab979114dbed2f4fa98b DependenciesID=767c01dfc0924be3719004476dc4df22 StaticDependenciesID=e445e0bffc1e4a1d2bd6a79525da9468 
Importing 'GUID: c060426bfd6e82575228df6656368eaa - Path: Packages/com.unity.modules.imgui' with importer (DefaultImporter)
Imported 'GUID: c060426bfd6e82575228df6656368eaa' -> (Import Result ID: '682d49718337f9e8ad0c1953342b952a') in 0.001 seconds [static dependencies only]. Details - ImportResultOutputID=f5fc001a1ad129788ee2159d776db60d DependenciesID=6764ce33a9e0cede05d0ddf1e96d75b9 StaticDependenciesID=2e56775f807a7b7fbf419a5f33245a15 
Importing 'GUID: 1158e311a3101950348dcecb1bebc42d - Path: Packages/com.unity.modules.animation' with importer (DefaultImporter)
Imported 'GUID: 1158e311a3101950348dcecb1bebc42d' -> (Import Result ID: '1cb0286f7bb4c7d360b6caf15ede32b0') in 0.001 seconds [static dependencies only]. Details - ImportResultOutputID=97d562cce453a32c309d667bce4112d1 DependenciesID=52f4022a640f0eac7e51a897036d8e8d StaticDependenciesID=e943035d232a48aff280a6118f5ffaef 
Importing 'GUID: 515638b803bef8599dbd6d5c8bdaa53e - Path: Packages/com.unity.modules.xr' with importer (DefaultImporter)
Imported 'GUID: 515638b803bef8599dbd6d5c8bdaa53e' -> (Import Result ID: 'c863a302c93da23f9b787b182838053f') in 0.001 seconds [static dependencies only]. Details - ImportResultOutputID=4abc2d12d7cb863eccc06f40fa668046 DependenciesID=7cda08148d34c645c546687368e4e331 StaticDependenciesID=d7b74c9ab0bacc304e199bd48aac46ea 
Importing 'GUID: 92d9ad01171de8d118282365738f5ee0 - Path: Packages/com.unity.ide.vscode' with importer (DefaultImporter)
Imported 'GUID: 92d9ad01171de8d118282365738f5ee0' -> (Import Result ID: '1af3bdc2b30ac9e9e04b677063c2f85e') in 0.001 seconds [static dependencies only]. Details - ImportResultOutputID=58763c29af2f233353542b9333c3e6b8 DependenciesID=142727f16e712b3fb8bacceba243512e StaticDependenciesID=cb956fcc33e1c61ba995e84950e9eda4 
Importing 'GUID: b219c86ce508e478367c0a46e1aa9fe4 - Path: Packages/com.unity.modules.assetbundle' with importer (DefaultImporter)
Imported 'GUID: b219c86ce508e478367c0a46e1aa9fe4' -> (Import Result ID: 'd579235fe42056f50dec7b5f78e8418d') in 0.001 seconds [static dependencies only]. Details - ImportResultOutputID=3b865eb0e861e2684118da921a42770f DependenciesID=b34e02bc9610c79a0e3caf9966c9109c StaticDependenciesID=c50e91621288bc046ceef15624b81bd8 
Importing 'GUID: 04c6898809c37620ac863cc2a5d7c4d0 - Path: Packages/com.unity.modules.vectorgraphics' with importer (DefaultImporter)
Imported 'GUID: 04c6898809c37620ac863cc2a5d7c4d0' -> (Import Result ID: 'd21bec1616e53d255574d9cd0201e3f9') in 0.001 seconds [static dependencies only]. Details - ImportResultOutputID=98c0b597d8afa397b819beb7a43f5fac DependenciesID=6667ea3006c4561dd0dfaf5412302ccf StaticDependenciesID=88905f6b6cdccd2cb95e2927cc1a3df1 
Importing 'GUID: 5469ef0820152a4ae45d400fdc4626e4 - Path: Packages/com.unity.modules.screencapture' with importer (DefaultImporter)
Imported 'GUID: 5469ef0820152a4ae45d400fdc4626e4' -> (Import Result ID: 'e0014a8d499b436e2e372ff968958bc9') in 0.001 seconds [static dependencies only]. Details - ImportResultOutputID=93e2e0095437a3f0b6c6f329c875f5e8 DependenciesID=836be4a1c8e0478ac67837d8b35ecfc4 StaticDependenciesID=9fea1899b8e13368a8f75cb958effa91 
Importing 'GUID: c4df1124e2787ee0c8d1a911de17ee73 - Path: Packages/com.unity.modules.cloth' with importer (DefaultImporter)
Imported 'GUID: c4df1124e2787ee0c8d1a911de17ee73' -> (Import Result ID: '90d1e803345d162d9893c4276810bdda') in 0.001 seconds [static dependencies only]. Details - ImportResultOutputID=0b75edd4713af0c60b6538f3fc21bbac DependenciesID=8e3da12c7bafcf02c47b26114c4da198 StaticDependenciesID=13465632f2451e2958f144130c30ea24 
Importing 'GUID: f4aa7271377b65e4586c1ebe6c477f67 - Path: Assets/Materials' with importer (DefaultImporter)
Imported 'GUID: f4aa7271377b65e4586c1ebe6c477f67' -> (Import Result ID: '37c4f2ec5c462c761ee5ad949c18b43e') in 0.002 seconds [static dependencies only]. Details - ImportResultOutputID=0863ca8a81ef07436c38f1a5815d579c DependenciesID=11051ebe246291d971338fb1f5c065e9 StaticDependenciesID=704bc98709ceaf459272b08cf3af88c3 
Importing 'GUID: 25151ed74dce0c18857ead186416ac0c - Path: Packages/com.unity.modules.tetgen' with importer (DefaultImporter)
Imported 'GUID: 25151ed74dce0c18857ead186416ac0c' -> (Import Result ID: 'ad3d3ff065b099f3d3d989c01a95b76e') in 0.001 seconds [static dependencies only]. Details - ImportResultOutputID=7135452d37129296f8f5f522edc0cf0e DependenciesID=e34149d0dd79a755583c28b3d97cab01 StaticDependenciesID=fca226df487fba45a034e6c70bc853ff 
Importing 'GUID: 850c54ee0b9e1aa740b1c67792eb1f26 - Path: Packages/com.unity.modules.imageconversion' with importer (DefaultImporter)
Imported 'GUID: 850c54ee0b9e1aa740b1c67792eb1f26' -> (Import Result ID: 'af90ed7476409e3905a496d14f73b0b3') in 0.002 seconds [static dependencies only]. Details - ImportResultOutputID=25e734cd17db43fca0a5646b579b21a1 DependenciesID=90c0129b19f84391f2419c00975c86bf StaticDependenciesID=b48e8f51d07b36dd8eb41f52bf2ba024 
Importing 'GUID: 95f85adeda79e994f011eb2152cf4fc9 - Path: Packages/com.unity.modules.terrainphysics' with importer (DefaultImporter)
Imported 'GUID: 95f85adeda79e994f011eb2152cf4fc9' -> (Import Result ID: 'a2645d29d8b6e7ce765b0a71c8fde07a') in 0.001 seconds [static dependencies only]. Details - ImportResultOutputID=2de9e307301bed78f620e1b3216ab46d DependenciesID=489c13d7d5dbf10040e5b19d47780b8f StaticDependenciesID=07ff05ffd577d0ee9d59cccee746e97e 
Importing 'GUID: c522a644a29fcab2eaf63298c118a65b - Path: Packages/com.unity.modules.unitywebrequest' with importer (DefaultImporter)
Imported 'GUID: c522a644a29fcab2eaf63298c118a65b' -> (Import Result ID: '35a749b2771ad0b4b5b34b5d03bd8927') in 0.001 seconds [static dependencies only]. Details - ImportResultOutputID=42d17fa5e199085b5ebf5fe43fc0c3d6 DependenciesID=ce37d507f238dcd94a9d3e589600c542 StaticDependenciesID=7efec60060c890ac0bae1bf9ffddf104 
Importing 'GUID: d5f0b0adc6826e9dd3b72e292e8438be - Path: Packages/com.unity.modules.unitywebrequestassetbundle' with importer (DefaultImporter)
Imported 'GUID: d5f0b0adc6826e9dd3b72e292e8438be' -> (Import Result ID: 'b0bf9ebd083072b9d2772ff760b138a0') in 0.001 seconds [static dependencies only]. Details - ImportResultOutputID=0d6659e8e2d823a2c3b0031d1bb70f46 DependenciesID=adc45c23fabcf57940d4f0557c73390d StaticDependenciesID=72ff8d7bce36ab98adec41c76a73ca55 
Importing 'GUID: 56b94a5b6990c879bb0f057719d1064b - Path: Packages/com.unity.modules.subsystems' with importer (DefaultImporter)
Imported 'GUID: 56b94a5b6990c879bb0f057719d1064b' -> (Import Result ID: '1e1cac68e3dc83406039b3e43f583f41') in 0.001 seconds [static dependencies only]. Details - ImportResultOutputID=591e9811461758a92a9a5eebd6cecb29 DependenciesID=5d1820edfdde2b2d4fabcc25ffb06c61 StaticDependenciesID=8646805af60443a28f57ca14888394d2 
Importing 'GUID: d6c6a000a805f00649b36b542e8426c2 - Path: Packages/com.unity.modules.unityanalytics' with importer (DefaultImporter)
Imported 'GUID: d6c6a000a805f00649b36b542e8426c2' -> (Import Result ID: 'fc2791e35f078eae4b236800632f7916') in 0.001 seconds [static dependencies only]. Details - ImportResultOutputID=404c94bd647a52d20e25d58febc853db DependenciesID=53973ece9e77b50e0b665c02b5f9cf61 StaticDependenciesID=07ccf3242da58ddd33f9f34377a02471 
Importing 'GUID: d66b5fe69e665b8e94d48523656b8173 - Path: Packages/com.unity.timeline' with importer (DefaultImporter)
Imported 'GUID: d66b5fe69e665b8e94d48523656b8173' -> (Import Result ID: '50df28bee4b8f1edbbf28bca96b75406') in 0.001 seconds [static dependencies only]. Details - ImportResultOutputID=0684f9f046c5a154eb892d1e7232d9f7 DependenciesID=900655e92d67afa331927f1ddb303c88 StaticDependenciesID=4c0fee46db86b183c3cc718b69c013c7 
Importing 'GUID: d6db7caf2e852b75ebb9c6098418179c - Path: Packages/com.unity.modules.physics' with importer (DefaultImporter)
Imported 'GUID: d6db7caf2e852b75ebb9c6098418179c' -> (Import Result ID: '9421eab3ec98d72e486581695fe386a6') in 0.001 seconds [static dependencies only]. Details - ImportResultOutputID=d99447c570abb9a9d540ac85d945527e DependenciesID=1576c1ebbc2e43cb8cd783a66da88e02 StaticDependenciesID=439d4caa592175ac26fb77639f400716 
Importing 'GUID: 37e24e6a78fa1f81f8c5c28d5214fa86 - Path: Packages/com.unity.ai.navigation' with importer (DefaultImporter)
Imported 'GUID: 37e24e6a78fa1f81f8c5c28d5214fa86' -> (Import Result ID: '6137d9fe2eb85800ad328d5f2c06414c') in 0.001 seconds [static dependencies only]. Details - ImportResultOutputID=93ef80ffdc3628684eed5ddf85267479 DependenciesID=a7ea4a716b941bff4f5521ddc553eade StaticDependenciesID=180031bdb737f7898c25c2218de60421 
Importing 'GUID: 376c84ea405e0f2b80562c23bb977216 - Path: Packages/com.unity.modules.physics2d' with importer (DefaultImporter)
Imported 'GUID: 376c84ea405e0f2b80562c23bb977216' -> (Import Result ID: '46fcc1a3300c8fe45a973eefc3817c4d') in 0.001 seconds [static dependencies only]. Details - ImportResultOutputID=76abd9b5f9d9723c46af1bb476315b64 DependenciesID=c7cdb6995e1fd6f8bb262dc47a15263a StaticDependenciesID=9eb03461e036054c251ca5627068ed0b 
Importing 'GUID: b77b1ad9c05af0412725856c6c53b037 - Path: Packages/com.unity.modules.wind' with importer (DefaultImporter)
Imported 'GUID: b77b1ad9c05af0412725856c6c53b037' -> (Import Result ID: 'b022eb5c72de662c91deef513e2b9f9e') in 0.001 seconds [static dependencies only]. Details - ImportResultOutputID=0a486d2f85568b494a776277e829c892 DependenciesID=0b0cf31f8861a80454670ca002b592f5 StaticDependenciesID=d099c1903e87c349148c1cd2a049849c 
Importing 'GUID: c7996f53d58fc3918d988080b6e917ea - Path: Packages/com.unity.collab-proxy' with importer (DefaultImporter)
Imported 'GUID: c7996f53d58fc3918d988080b6e917ea' -> (Import Result ID: '0c6e1da212ba9b31d34affdb544fd78c') in 0.001 seconds [static dependencies only]. Details - ImportResultOutputID=ff84faf3792a19fde4d4329e1a2fcf83 DependenciesID=1028880d08d36c60b22bcbca794c0a77 StaticDependenciesID=9e2847d0222145ab59ec9e88554dae33 
Importing 'GUID: 2808ba6bccb2478ec9c7209d8bf1f3cc - Path: Packages/com.unity.modules.uielements' with importer (DefaultImporter)
Imported 'GUID: 2808ba6bccb2478ec9c7209d8bf1f3cc' -> (Import Result ID: '153312f574ed1d0674a499dcf69f6e2e') in 0.001 seconds [static dependencies only]. Details - ImportResultOutputID=12cb061fd9999a181bc535c6b37ba619 DependenciesID=3775b7c3743238b3a9049dc6ee9ac479 StaticDependenciesID=c9f81fd34bb8d67e782b0e178c6451fc 
Importing 'GUID: 38e3a8976f0b9c586b6dfbcef4e4066c - Path: Packages/com.unity.modules.unitywebrequestaudio' with importer (DefaultImporter)
Imported 'GUID: 38e3a8976f0b9c586b6dfbcef4e4066c' -> (Import Result ID: 'c619ed6d867c9697591f0aa25aa34bdb') in 0.001 seconds [static dependencies only]. Details - ImportResultOutputID=d1f3114c05e2cb5c6a5bb7e50160fe1d DependenciesID=20f019fc40094542b06406247fc1855f StaticDependenciesID=7ccd079c63a61d87ddc0234b9358de49 
Importing 'GUID: 48b10b41f58d5b49717f376cda59eeb8 - Path: Packages/com.unity.modules.particlesystem' with importer (DefaultImporter)
Imported 'GUID: 48b10b41f58d5b49717f376cda59eeb8' -> (Import Result ID: 'bd6c81b6eb8c41828acf5ad24d7db931') in 0.001 seconds [static dependencies only]. Details - ImportResultOutputID=6f138f103c8fc43882742e06d06ccf40 DependenciesID=48ae7ef00f9ac721edcdfad9583a1295 StaticDependenciesID=cdb9aa2fff4a61118cb0122aeb860ec7 
Importing 'GUID: 783ee1c8fd4414848db1be97aacf44fb - Path: Packages/com.unity.modules.accessibility' with importer (DefaultImporter)
Imported 'GUID: 783ee1c8fd4414848db1be97aacf44fb' -> (Import Result ID: 'd97fd9100026c83b7eab6442b35a6dfe') in 0.001 seconds [static dependencies only]. Details - ImportResultOutputID=b1a6fb629863cf49412e01a1187bce30 DependenciesID=ab378ab1f895b7da7c274adfb847146d StaticDependenciesID=1820134102485c8dcf06b8f28d566909 
Importing 'GUID: 09e28640d754a611467eebfb261ed749 - Path: Packages/com.unity.modules.tilemap' with importer (DefaultImporter)
Imported 'GUID: 09e28640d754a611467eebfb261ed749' -> (Import Result ID: '91f01c3ec1303f55e7d4d2c1a39ad2ff') in 0.001 seconds [static dependencies only]. Details - ImportResultOutputID=1afeb32cfcaea483a8ff5041a15448c3 DependenciesID=2d2742a7c503aead8d80bb8a9db947f7 StaticDependenciesID=021b3676001985a689c476087d878f4b 
Importing 'GUID: 39728903e57c60021f80449a8bbc0096 - Path: Packages/com.unity.modules.ui' with importer (DefaultImporter)
Imported 'GUID: 39728903e57c60021f80449a8bbc0096' -> (Import Result ID: 'e4a206413ae403e264c1310773f95923') in 0.001 seconds [static dependencies only]. Details - ImportResultOutputID=b3a99ae549e12123977db11a77fa6dc8 DependenciesID=29c98a9193e31f636bb291b540413632 StaticDependenciesID=64b148cd46a70c82ade3f7e7b5c1a3d8 
Importing 'GUID: 995c08a3305ff9f0dab5e86f340bd9a7 - Path: Packages/com.unity.modules.androidjni' with importer (DefaultImporter)
Imported 'GUID: 995c08a3305ff9f0dab5e86f340bd9a7' -> (Import Result ID: '8d9fec0caa5ce7e5f68a6ab541c3002d') in 0.001 seconds [static dependencies only]. Details - ImportResultOutputID=41e43b0974a24d3349dec4b773ad496c DependenciesID=90c06ce69692aae6d8a89fd575a47967 StaticDependenciesID=42ecc5ca78b6c08022d64898942ebc42 
Importing 'GUID: b975297a992381c1f3257d0e96892c8a - Path: Packages/com.unity.modules.adaptiveperformance' with importer (DefaultImporter)
Imported 'GUID: b975297a992381c1f3257d0e96892c8a' -> (Import Result ID: '5dd5375c68fa3e6abf2dd2eab8f3129b') in 0.001 seconds [static dependencies only]. Details - ImportResultOutputID=0cd6330dcea8a5bd6d28730f133919ed DependenciesID=0ff1fb351239dca6cd6b0fbaafdc6d08 StaticDependenciesID=992c185302a1e43be8290147a49a88b4 
Importing 'GUID: f9f63097209c6bab2b6e9dfd4032a134 - Path: Packages/com.unity.ide.rider' with importer (DefaultImporter)
Imported 'GUID: f9f63097209c6bab2b6e9dfd4032a134' -> (Import Result ID: 'eb59597365413c6de3d7289bc7fd30c2') in 0.001 seconds [static dependencies only]. Details - ImportResultOutputID=2d229295d81b5623fd2d00a33a952e80 DependenciesID=cef6e249dd830d3155389df75f36a654 StaticDependenciesID=29f2d8a37ef0c15c117534e2958d346c 
Importing 'GUID: cae78bb88f8c8675e30d16908805e79d - Path: Packages/com.unity.modules.timelinefoundation' with importer (DefaultImporter)
Imported 'GUID: cae78bb88f8c8675e30d16908805e79d' -> (Import Result ID: 'ea0e075dc8747fa2dad92aa60a98d1eb') in 0.001 seconds [static dependencies only]. Details - ImportResultOutputID=35905693e3216167cee053e3e1b8184e DependenciesID=8f823fd19bdbf3d450ef6f4a3159c9b1 StaticDependenciesID=b16c0b43e2d1595a5fdf54aaaf0e3f3e 
Importing 'GUID: dac877ce12a0032c308710d9d8dc207c - Path: Packages/com.unity.multiplayer.center' with importer (DefaultImporter)
Imported 'GUID: dac877ce12a0032c308710d9d8dc207c' -> (Import Result ID: 'e03b608bc8c70eb99c54d9d75a56ad83') in 0.001 seconds [static dependencies only]. Details - ImportResultOutputID=f0adb4aeb2a8bb5c9181cd42dc3baf84 DependenciesID=cd783e2ec14235839cab65846e673995 StaticDependenciesID=cb7a17575ca52d59065bb846eb56cae4 
Importing 'GUID: 6b81377a4453ba7362eb3322f9bcc6c6 - Path: Packages/com.unity.modules.hierarchycore' with importer (DefaultImporter)
Imported 'GUID: 6b81377a4453ba7362eb3322f9bcc6c6' -> (Import Result ID: '8053c8d7db29af5fb0397e31dc86d875') in 0.001 seconds [static dependencies only]. Details - ImportResultOutputID=b0f4c945e5b6d2aa74b5842b405198e4 DependenciesID=c32b8cafebbc9f2d375525771f4ac028 StaticDependenciesID=49f6e71f33c0322e78878928ccd547ff 
Importing 'GUID: 6be5d784ae385235591529ca718784cd - Path: Packages/com.unity.ugui' with importer (DefaultImporter)
Imported 'GUID: 6be5d784ae385235591529ca718784cd' -> (Import Result ID: '5abc30fa5e2bef908f0ff8e66bd8efd6') in 0.001 seconds [static dependencies only]. Details - ImportResultOutputID=9ad723adcd5a05a791acf721d8286dce DependenciesID=c1927ec331490c142b58ce7488f55f27 StaticDependenciesID=98b78012b35654a9c340654beda08ab9 
Importing 'GUID: 1cf2469083ffa484da4d78dd70d708e8 - Path: Packages/com.unity.modules.vehicles' with importer (DefaultImporter)
Imported 'GUID: 1cf2469083ffa484da4d78dd70d708e8' -> (Import Result ID: '1fd876edd6f47d29c67cb20ce78b5deb') in 0.001 seconds [static dependencies only]. Details - ImportResultOutputID=d37813053da7924b8632088a8e5223e5 DependenciesID=bcdfeb2afe71922b0a0805d74914b039 StaticDependenciesID=7979be20ea7bbdb7a5df1132be287211 
Importing 'GUID: 2cc852a194c5796e034960abba09c34d - Path: Packages/com.unity.test-framework' with importer (DefaultImporter)
Imported 'GUID: 2cc852a194c5796e034960abba09c34d' -> (Import Result ID: '85027e0de145d890053f5d24dfce150b') in 0.001 seconds [static dependencies only]. Details - ImportResultOutputID=defe38604bce83469db613f48d76de65 DependenciesID=dfeefd18e3d20a302bb1415b7eb17797 StaticDependenciesID=6928b79c78349fd8a5b616f1abead410 
Importing 'GUID: 9c7c268fa6492449654839df69f2a2f4 - Path: Packages/com.unity.modules.umbra' with importer (DefaultImporter)
Imported 'GUID: 9c7c268fa6492449654839df69f2a2f4' -> (Import Result ID: '00805290f3f96867e214b997460f75b1') in 0.001 seconds [static dependencies only]. Details - ImportResultOutputID=5992b0bcc1e4bb97278147d3456844ab DependenciesID=2d6c43174266d7992d49b52cac077ded StaticDependenciesID=8676463a2677bf46e4389aef917bc42c 
Importing 'GUID: dcc8c6e92b172a65719af5ddf47dd968 - Path: Packages/com.unity.modules.unitywebrequestwww' with importer (DefaultImporter)
Imported 'GUID: dcc8c6e92b172a65719af5ddf47dd968' -> (Import Result ID: '961b8fd983d26f856fd78b91f0db379c') in 0.001 seconds [static dependencies only]. Details - ImportResultOutputID=b884c6996f4168ec055a21bc3df6135a DependenciesID=dc4e5fb8a9d3128049bde219dbc5f1bc StaticDependenciesID=1629687512ed27ed8fceaf1d8e76b02a 
Importing 'GUID: fc3a810351931f5e6183e16b9beb5563 - Path: Packages/com.unity.modules.jsonserialize' with importer (DefaultImporter)
Imported 'GUID: fc3a810351931f5e6183e16b9beb5563' -> (Import Result ID: '4c717e052ed35040b01181b8aeeabdce') in 0.001 seconds [static dependencies only]. Details - ImportResultOutputID=3becf28e3d8c6fcaad27baf9eff49eb7 DependenciesID=848cd90e9b19286877089217404f8606 StaticDependenciesID=36176ea3334c5c247398aca84b71bb81 
Importing 'GUID: 2d142b475fbfb8cf12ba3a795194300a - Path: Packages/com.unity.modules.director' with importer (DefaultImporter)
Imported 'GUID: 2d142b475fbfb8cf12ba3a795194300a' -> (Import Result ID: '8cbf287d051a321e64fdde141fecf2a9') in 0.001 seconds [static dependencies only]. Details - ImportResultOutputID=8da594cb73801a0203564c7a50c97887 DependenciesID=d733690a82e2a88fcdc8788c20ac6bed StaticDependenciesID=05b9aad4695553017a56b0bac923cae0 
Importing 'GUID: 2d6ba5cbe47e6ad3c87474c56174d4e0 - Path: Packages/com.unity.modules.audio' with importer (DefaultImporter)
Imported 'GUID: 2d6ba5cbe47e6ad3c87474c56174d4e0' -> (Import Result ID: 'b5aa5d11b09542a046a40d1b9836ff98') in 0.001 seconds [static dependencies only]. Details - ImportResultOutputID=e6811b686232d75db22bc2980b93bbaf DependenciesID=6751c7af021b92ac82702bc31f5cbdd7 StaticDependenciesID=c2d0f4358e023c44cf92941866870ca5 
Importing 'GUID: ede0462698a4a5643aa9872c074acd38 - Path: Packages/com.unity.modules.video' with importer (DefaultImporter)
Imported 'GUID: ede0462698a4a5643aa9872c074acd38' -> (Import Result ID: '11a9afcfbe909c604b4f4fd82ecd1731') in 0.001 seconds [static dependencies only]. Details - ImportResultOutputID=4e6515b3bd000d511f10952ecb46d019 DependenciesID=477c840358a397b370a501c422ab8f88 StaticDependenciesID=c9d05cc66955a0337e7be42ba854ab1e 
Importing 'GUID: fd871a8be47119612f7c254e96a822b7 - Path: Packages/com.unity.modules.ai' with importer (DefaultImporter)
Imported 'GUID: fd871a8be47119612f7c254e96a822b7' -> (Import Result ID: 'ce9f38b6b386072a0eeb05375ff3d863') in 0.001 seconds [static dependencies only]. Details - ImportResultOutputID=d4f27eba869a1a6ac104a1eee199a73d DependenciesID=a8a5ee84d9e0581e502623006e97521a StaticDependenciesID=6b2e045850e0a09a7f1e8d35410f0745 
Importing 'GUID: 1e7330d55f75fff42ac90902912ac37e - Path: Assets/Object Files' with importer (DefaultImporter)
Imported 'GUID: 1e7330d55f75fff42ac90902912ac37e' -> (Import Result ID: '317e9a98781951d79124f5068eafe49c') in 0.001 seconds [static dependencies only]. Details - ImportResultOutputID=c3e3b7cc6dc4d4db7e52936fb7518420 DependenciesID=0ca5ca13383be8195c97e92e3c1959a6 StaticDependenciesID=8b9eed919bff99850fb686a0005a53cb 
Importing 'GUID: 5e22a8d6e557a1b3cae09054b0b5f9d8 - Path: Packages/com.unity.modules.physicscore2d' with importer (DefaultImporter)
Imported 'GUID: 5e22a8d6e557a1b3cae09054b0b5f9d8' -> (Import Result ID: '07edaf449a0a9b117acb9569ab2afb59') in 0.001 seconds [static dependencies only]. Details - ImportResultOutputID=e63105581d85229110be56a07ce9b194 DependenciesID=e74a20b9f862d58818230d53b786679c StaticDependenciesID=1a6acdd98d030a9eaa3796880b97de04 
Importing 'GUID: 6e1c8b97ec8aa0464e92506ffe099558 - Path: Packages/com.unity.modules.terrain' with importer (DefaultImporter)
Imported 'GUID: 6e1c8b97ec8aa0464e92506ffe099558' -> (Import Result ID: '38b887e6118f5d6dc6049e7245ef2f24') in 0.001 seconds [static dependencies only]. Details - ImportResultOutputID=7bffbe27b3074ed188309356b499e191 DependenciesID=22a2d69e145aaf070736cfa33f430edc StaticDependenciesID=9a4538a6dce990dd143d6282d7852b90 
Importing 'GUID: 0fd4e399f8f08ad7d825c8afb134f255 - Path: Packages/com.unity.ide.visualstudio' with importer (DefaultImporter)
Imported 'GUID: 0fd4e399f8f08ad7d825c8afb134f255' -> (Import Result ID: '18e78c50a178140b49e76bc29674c034') in 0.001 seconds [static dependencies only]. Details - ImportResultOutputID=ec68da80d563fdf2b06a4a6e2331dfca DependenciesID=dc57245625133417ec457cea80e1e96c StaticDependenciesID=1137294c1d635dbdda6c27d40a5fd044 
Importing 'GUID: 6f1c7ebc8ac78cb951be24c238cbd3ba - Path: Packages/com.unity.modules.unitywebrequesttexture' with importer (DefaultImporter)
Imported 'GUID: 6f1c7ebc8ac78cb951be24c238cbd3ba' -> (Import Result ID: '79a048a2e3e1bd3fae7a4cc63054a6b4') in 0.001 seconds [static dependencies only]. Details - ImportResultOutputID=7447a1aeb827c07b00333d43bf3a2e88 DependenciesID=9eb4ba80cf14f0fa1e22c5c7582aabe4 StaticDependenciesID=09e96c195b29e1ab3fe8f0b9faadf68b 
Importing 'GUID: 9f2214f1d2afdb23b011c486f9dcea1b - Path: Packages/com.unity.ext.nunit' with importer (DefaultImporter)
Imported 'GUID: 9f2214f1d2afdb23b011c486f9dcea1b' -> (Import Result ID: '92d046cc2ce0e2aa37cd71476c4890ba') in 0.001 seconds [static dependencies only]. Details - ImportResultOutputID=5d48fc592d097cd8671e05de607d44b7 DependenciesID=40443867d3f42fa9691d65597ed1686a StaticDependenciesID=2bca5968263aa8a69066e31e4e57f016 
Importing 'GUID: efcd5eb6ccc85b241a630df27346bcf1 - Path: Assets/Scenes' with importer (DefaultImporter)
Imported 'GUID: efcd5eb6ccc85b241a630df27346bcf1' -> (Import Result ID: 'd5d7abdccf61eabd7ef779b776f26aaa') in 0.001 seconds [static dependencies only]. Details - ImportResultOutputID=ebf507ba02df89a221e209043e5ef8a6 DependenciesID=540f0a9cd694142f62e95b6e8a30d4ac StaticDependenciesID=9a4b6cdbd3693657c483c2e064f9fe7d 
Importing 'GUID: ff9152d94030bde41a9bd3e7deec9655 - Path: Assets/Scripts' with importer (DefaultImporter)
Imported 'GUID: ff9152d94030bde41a9bd3e7deec9655' -> (Import Result ID: '9e0d8d293bee9297a3aabf3cb4a99bd2') in 0.001 seconds [static dependencies only]. Details - ImportResultOutputID=7703c2e88e5af007539b3f9117ee0409 DependenciesID=d89335257da5eb4f34511bd331e42b73 StaticDependenciesID=3507e3db679f54c5d187b28e101b7c3d 
Importing 'GUID: 9129183a42052cd43b9c284d6dbd541e - Path: Packages/com.unity.ide.rider/Rider' with importer (DefaultImporter)
Imported 'GUID: 9129183a42052cd43b9c284d6dbd541e' -> (Import Result ID: '2e064d669d36b5627aa5adccf43e47a4') in 0.001 seconds [static dependencies only]. Details - ImportResultOutputID=50472d7e4f09d234dadf221da2ac460d DependenciesID=3191c4b4598752bb64810f85d6aa4b8b StaticDependenciesID=d4c51cc78167c7a990c711e25f7fd519 
Importing 'GUID: d1a0a27327b54c3bac52a08929c33f81 - Path: Packages/com.unity.ugui/Editor Resources' with importer (DefaultImporter)
Imported 'GUID: d1a0a27327b54c3bac52a08929c33f81' -> (Import Result ID: 'ec55dcc419ded51d28ae0a99aa205c97') in 0.001 seconds [static dependencies only]. Details - ImportResultOutputID=f1f0263b99f7113da7a3d99551a16ff8 DependenciesID=fe53430d6bdc0951dc480a83062293b6 StaticDependenciesID=a4836ef5fff7300b94aab4372d89c5fd 
Importing 'GUID: 72aad6ae0dafb492cbf852432441bb38 - Path: Packages/com.unity.multiplayer.center/Editor' with importer (DefaultImporter)
Imported 'GUID: 72aad6ae0dafb492cbf852432441bb38' -> (Import Result ID: '0df7b77f9e494c2917bff49ebc3e02f4') in 0.001 seconds [static dependencies only]. Details - ImportResultOutputID=a3a2e063abf71eb7860e41e58b2be2a9 DependenciesID=6dd1f2f0f5d6e6d11833fe5ce6b48870 StaticDependenciesID=7a3a2c7fca4cbda135efd83de3c4d01c 
Importing 'GUID: 63b588f3892bb4b5eb73ad3d2791e05c - Path: Packages/com.unity.ai.navigation/Editor' with importer (DefaultImporter)
Imported 'GUID: 63b588f3892bb4b5eb73ad3d2791e05c' -> (Import Result ID: '4757f988c3f3d52631bd20d1fec5395a') in 0.001 seconds [static dependencies only]. Details - ImportResultOutputID=f1669ad0e70538326525b7276de9eed3 DependenciesID=76ae6390912c4f4db4d26f946a772050 StaticDependenciesID=f7d14b7977726a96911f178f3f654c85 
Importing 'GUID: 93b9715f5a4bf471c8154f6cbab7e94d - Path: Packages/com.unity.ai.navigation/Gizmos' with importer (DefaultImporter)
Imported 'GUID: 93b9715f5a4bf471c8154f6cbab7e94d' -> (Import Result ID: '87e1c67f08d4bddc83f0d169d30fd969') in 0.001 seconds [static dependencies only]. Details - ImportResultOutputID=fe45365258f27147c189fd4d6519ed5a DependenciesID=d7831bdd56471465cb88ac075139fb3e StaticDependenciesID=abe4f01cd6e788dfdb1945813b0d7552 
Importing 'GUID: 950890083f4907541a6ed06d70959e49 - Path: Packages/com.unity.test-framework/UnityEngine.TestRunner' with importer (DefaultImporter)
Imported 'GUID: 950890083f4907541a6ed06d70959e49' -> (Import Result ID: '5422a1785599eb93fb792bbdcb3f16e4') in 0.001 seconds [static dependencies only]. Details - ImportResultOutputID=f6c49cf3c78c1306a347777433ee6db0 DependenciesID=69756093b8a699b18ba8195d0d6da2f4 StaticDependenciesID=8c40e074cc82c029e468974f14c0d290 
Importing 'GUID: 95cdf27b47eb82747ba9e51f41e72a35 - Path: Packages/com.unity.test-framework/UnityEditor.TestRunner' with importer (DefaultImporter)
Imported 'GUID: 95cdf27b47eb82747ba9e51f41e72a35' -> (Import Result ID: '9e4eac3d4be80606c480ab59e98751a9') in 0.001 seconds [static dependencies only]. Details - ImportResultOutputID=a3e11e30e6d6e4421b35206823482237 DependenciesID=9d39b36edadc380c0691b334dbc1ecf9 StaticDependenciesID=f37ac8c8740d138a97ed3450c7fec262 
Importing 'GUID: 58628227479c34542ac8c5193ccced84 - Path: Packages/com.unity.ide.vscode/Editor' with importer (DefaultImporter)
Imported 'GUID: 58628227479c34542ac8c5193ccced84' -> (Import Result ID: 'a457b4e75b33066aa609389c5202d210') in 0.001 seconds [static dependencies only]. Details - ImportResultOutputID=ba2475d7b8ab4fb14c34cd50b0acbe26 DependenciesID=81e430557462c811f7a835ef8d2bf8e2 StaticDependenciesID=b5d94e8c3327755e16153e242eaab30a 
Importing 'GUID: d850db319a63d2546932ff76fe55a498 - Path: Packages/com.unity.ugui/Tests' with importer (DefaultImporter)
Imported 'GUID: d850db319a63d2546932ff76fe55a498' -> (Import Result ID: 'f7b29b916ad8dacf79347779596592af') in 0.001 seconds [static dependencies only]. Details - ImportResultOutputID=afe8a3e3be711a616ae011e8dc80e85e DependenciesID=02e2302c72c0af43f6504cc6cee9b334 StaticDependenciesID=342d01c1c59c1481d269928e2d1f3ee4 
Importing 'GUID: a962d501f44484c37814dbad5ed605e9 - Path: Packages/com.unity.ext.nunit/net472' with importer (DefaultImporter)
Imported 'GUID: a962d501f44484c37814dbad5ed605e9' -> (Import Result ID: '76b77a009ad5fb72fd70a9115f27f3e1') in 0.001 seconds [static dependencies only]. Details - ImportResultOutputID=3914cdc36fc7f24719fb0ee236ca7348 DependenciesID=50e82c912778d96e34aad6ac493c2930 StaticDependenciesID=f6ddab29764b7085042006a521a63f66 
Importing 'GUID: 4a707af59e3522d43afe34dfc4429b86 - Path: Packages/com.unity.ide.visualstudio/Editor' with importer (DefaultImporter)
Imported 'GUID: 4a707af59e3522d43afe34dfc4429b86' -> (Import Result ID: '9160f5a97c59809f3030a1229da3fa24') in 0.001 seconds [static dependencies only]. Details - ImportResultOutputID=24776a91236061bdcd717ecc29c97f04 DependenciesID=9a93991a953e549808b4636841e7ff35 StaticDependenciesID=9dd1cf8e586c0381789cef366eb6190d 
Importing 'GUID: aa14b70e6a58c5b4fa6663623e3dca91 - Path: Packages/com.unity.ugui/Runtime' with importer (DefaultImporter)
Imported 'GUID: aa14b70e6a58c5b4fa6663623e3dca91' -> (Import Result ID: '991e686a4c86372c8a2aae8638ea4208') in 0.001 seconds [static dependencies only]. Details - ImportResultOutputID=b4a8e4947743ed325c523ab5353898eb DependenciesID=26cbaacde89f82161dd9cefad7f02579 StaticDependenciesID=61249acfaefe73eb858339717067ee99 
Importing 'GUID: baf75c9d3de4941df9ee5f3dd1d3bc34 - Path: Packages/com.unity.multiplayer.center/Tests' with importer (DefaultImporter)
Imported 'GUID: baf75c9d3de4941df9ee5f3dd1d3bc34' -> (Import Result ID: '801ec1fe7643c60f4429114183ff3522') in 0.001 seconds [static dependencies only]. Details - ImportResultOutputID=cf06c0f42563b9dfb267448126673afd DependenciesID=97e2a447bf0f2d2f5cfae9a3d17f2f58 StaticDependenciesID=0586f95f176474779b42dcd95909ca4e 
Importing 'GUID: 9b4f21acd14fdd445b37b76f6587539e - Path: Packages/com.unity.timeline/Editor' with importer (DefaultImporter)
Imported 'GUID: 9b4f21acd14fdd445b37b76f6587539e' -> (Import Result ID: '9f033bb57a0339d9195dad95f037cb48') in 0.001 seconds [static dependencies only]. Details - ImportResultOutputID=cbcbcd25f4319af9e84ed4ff9d787b7e DependenciesID=2bc3b211ee697fd421743f049e3d78e9 StaticDependenciesID=a6eac73611afdfac5304324463080cfd 
Importing 'GUID: bcb26a80e56f33046a81574f96664cfe - Path: Packages/com.unity.ai.navigation/EditorResources' with importer (DefaultImporter)
Imported 'GUID: bcb26a80e56f33046a81574f96664cfe' -> (Import Result ID: 'de9a27d5cbd3f5b30476816db993bd62') in 0.001 seconds [static dependencies only]. Details - ImportResultOutputID=0d0535a7be24d06361540f987b5d12d8 DependenciesID=92b99d5af7b4c6fd6658fb46910499da StaticDependenciesID=54a7253b00acd13536e894f25b1cb6d5 
Importing 'GUID: dc0f0050d6c104fc7b2b61ca838fd8c6 - Path: Packages/com.unity.collab-proxy/Lib' with importer (DefaultImporter)
Imported 'GUID: dc0f0050d6c104fc7b2b61ca838fd8c6' -> (Import Result ID: 'd9a9f2cf87b7886c96e4b3df88f6f0fa') in 0.001 seconds [static dependencies only]. Details - ImportResultOutputID=d4db1e65ec6c4c281adfc84f378906d6 DependenciesID=484829d2e7d3841e892e4805272aa40c StaticDependenciesID=3cdd4575536d0fdcfac1b3621651c6d0 
Importing 'GUID: 3eedd97b804f5a546a8817f8be60e318 - Path: Packages/com.unity.collab-proxy/Editor' with importer (DefaultImporter)
Imported 'GUID: 3eedd97b804f5a546a8817f8be60e318' -> (Import Result ID: '8f00195d5f01fc6eb842c43760b148c9') in 0.001 seconds [static dependencies only]. Details - ImportResultOutputID=95b521b3f305ccd0799a883663561eb8 DependenciesID=a67d461ba91011a68a7d9c18adc61e55 StaticDependenciesID=bf5aeb449db78668406c839b40b5b061 
Importing 'GUID: 5ec95f4d5b2d1f14e9ff8682562553f9 - Path: Packages/com.unity.ugui/Package Resources' with importer (DefaultImporter)
Imported 'GUID: 5ec95f4d5b2d1f14e9ff8682562553f9' -> (Import Result ID: '88662b6b3983d8bf7037f6bd62766dc2') in 0.001 seconds [static dependencies only]. Details - ImportResultOutputID=11c256cab0caecb35df8271557cec644 DependenciesID=6e644dc4c3fdef9b6716bdc789ba1f32 StaticDependenciesID=699112060df6ad49f8b22de2e09685cd 
Importing 'GUID: 7eca1f1878c5f886dbc7d37527c558b2 - Path: Packages/com.unity.multiplayer.center/Common' with importer (DefaultImporter)
Imported 'GUID: 7eca1f1878c5f886dbc7d37527c558b2' -> (Import Result ID: '93b62c49ca95c3f54996a84c7cd2dc4e') in 0.001 seconds [static dependencies only]. Details - ImportResultOutputID=4a366990d881e1e8914242e75be11b71 DependenciesID=ccf9b02b82460924d0a5beea7ef46fcd StaticDependenciesID=644561ae585072ea0ee51a3e5e82f35f 
Importing 'GUID: bee384ad5b4d1a843a018082e7db53cd - Path: Packages/com.unity.ugui/Editor' with importer (DefaultImporter)
Imported 'GUID: bee384ad5b4d1a843a018082e7db53cd' -> (Import Result ID: 'a845868bf9acf2749f852d4314b74912') in 0.001 seconds [static dependencies only]. Details - ImportResultOutputID=a0fd560b98a41f82a474a4017d1b5719 DependenciesID=6e786a153a6ad753d721be32b5b9071c StaticDependenciesID=79c334d152f5471a8b04745b673dd376 
Importing 'GUID: ce67aa87f613246dda63a54a59c6399e - Path: Packages/com.unity.ai.navigation/Runtime' with importer (DefaultImporter)
Imported 'GUID: ce67aa87f613246dda63a54a59c6399e' -> (Import Result ID: '2e12b034da223ec893c2c42b29a8ca89') in 0.001 seconds [static dependencies only]. Details - ImportResultOutputID=a24599afce302e581efc9ad636177947 DependenciesID=3e03bb7d7aaac304038479afe9b07e04 StaticDependenciesID=08a2ca555e5f74d4154444f396243b2a 
Importing 'GUID: efcf753a96a07b24dbe5f23a8ad5963d - Path: Packages/com.unity.timeline/Runtime' with importer (DefaultImporter)
Imported 'GUID: efcf753a96a07b24dbe5f23a8ad5963d' -> (Import Result ID: 'c7a811f2ba4c254c72ea29808e061f20') in 0.001 seconds [static dependencies only]. Details - ImportResultOutputID=06a7e5d5571e337fef8a8893162e62ef DependenciesID=24c3204aa6f46d3cfe3f95a8521b1290 StaticDependenciesID=026125d7e6fbcd6e7cc7ce9877fb56f1 
Importing 'GUID: 10d1425d9e87841d9a9deafe9e93a6f2 - Path: Packages/com.unity.ugui/Editor/TMP' with importer (DefaultImporter)
Imported 'GUID: 10d1425d9e87841d9a9deafe9e93a6f2' -> (Import Result ID: '27e9a06f425c7da588f5cf9fc23b5a9c') in 0.001 seconds [static dependencies only]. Details - ImportResultOutputID=2731610303d1e923ce3d8a98b0b79e45 DependenciesID=c4d2c26a21c1ef1bac5f717852eebc72 StaticDependenciesID=6ffccc06619ac6ae06fea1f09c096194 
Importing 'GUID: 90e77543957de2e4dbe9d7d7c7653add - Path: Packages/com.unity.collab-proxy/Editor/Views' with importer (DefaultImporter)
Imported 'GUID: 90e77543957de2e4dbe9d7d7c7653add' -> (Import Result ID: '9417a928cbf6536497671630f4123959') in 0.001 seconds [static dependencies only]. Details - ImportResultOutputID=5b7339908b6dabcbf7cc6bcb33a20b93 DependenciesID=bde1508e14d96a891d5c35d4a816f973 StaticDependenciesID=1c722b800ee5a50982f49c1e00a9cde6 
Importing 'GUID: 901a4c5ec64146f597bf2295de8457e9 - Path: Packages/com.unity.collab-proxy/Editor/Topbar' with importer (DefaultImporter)
Imported 'GUID: 901a4c5ec64146f597bf2295de8457e9' -> (Import Result ID: '660289ab494577e6e8ab122703c7c86d') in 0.001 seconds [static dependencies only]. Details - ImportResultOutputID=a9722786c617c5f0f1a83acc7a0a6cf2 DependenciesID=582aa865be2a837b531f35c19c279e30 StaticDependenciesID=5f97d43b91387c1c4f7e3c5cb983543b 
Importing 'GUID: b01e5a3d2517b904698dbc9fa0df727f - Path: Packages/com.unity.collab-proxy/Editor/Assets' with importer (DefaultImporter)
Imported 'GUID: b01e5a3d2517b904698dbc9fa0df727f' -> (Import Result ID: '365ed0c7b594c64c2d3efbb5aa8b67af') in 0.001 seconds [static dependencies only]. Details - ImportResultOutputID=81faab740d82829177975f23862c394c DependenciesID=aeacbeedd7e7003bc04fa112172ddbfd StaticDependenciesID=76f7e4b0e54c19ec1bdcc445e115bdfc 
Importing 'GUID: d0cd29fb1ad218b48b814bc3e6d8ac0e - Path: Packages/com.unity.timeline/Runtime/Activation' with importer (DefaultImporter)
Imported 'GUID: d0cd29fb1ad218b48b814bc3e6d8ac0e' -> (Import Result ID: 'f7f12a5dd8664736b18170584e4c262b') in 0.001 seconds [static dependencies only]. Details - ImportResultOutputID=0827070472f2928159918b6c013703c2 DependenciesID=61864b0685f59b2b94d55d058db3e305 StaticDependenciesID=2eefecb488e5b5aa177e5ec6f368d667 
Importing 'GUID: e091bb444874ef244b1ba4a813fc1e34 - Path: Packages/com.unity.timeline/Editor/Audio' with importer (DefaultImporter)
Imported 'GUID: e091bb444874ef244b1ba4a813fc1e34' -> (Import Result ID: '0affa5c604beb78bf80c3df7ffcfd569') in 0.001 seconds [static dependencies only]. Details - ImportResultOutputID=ee7ddfbbe8b9110eabef895d427396e8 DependenciesID=47707ae11b6be692f66d29c4856407e7 StaticDependenciesID=315e6211b2746a7d19cf33c2c7c30d6c 
Importing 'GUID: 3174898fbcdf12448963cdb5f5b60a33 - Path: Packages/com.unity.timeline/Editor/Animation' with importer (DefaultImporter)
Imported 'GUID: 3174898fbcdf12448963cdb5f5b60a33' -> (Import Result ID: '4799e716a4f7ab0c687806e484d06c85') in 0.001 seconds [static dependencies only]. Details - ImportResultOutputID=8af637b3e652d5a2744d7f8352c6e3b0 DependenciesID=4bfc598fef2bcea0c4e3501d35a0f6d8 StaticDependenciesID=4347821c321a43e6e38df88ae0945862 
Importing 'GUID: 619aadd8f276341ca84d7ad5a9c6db21 - Path: Packages/com.unity.ugui/Runtime/TMP' with importer (DefaultImporter)
Imported 'GUID: 619aadd8f276341ca84d7ad5a9c6db21' -> (Import Result ID: '7a7fa9cacfef57b8d9a51d43a588b6a1') in 0.001 seconds [static dependencies only]. Details - ImportResultOutputID=dd676c53e7bbae2a614be5f81a3feeb6 DependenciesID=f0e56af0f635fd2ed7695f7a0e0097d8 StaticDependenciesID=23902ad2a6056154a8a28f2f0063d7d4 
Importing 'GUID: 919d97c1a707113409177d498d31cf51 - Path: Packages/com.unity.timeline/Editor/Attributes' with importer (DefaultImporter)
Imported 'GUID: 919d97c1a707113409177d498d31cf51' -> (Import Result ID: '9c94a2ba3d59d1d69dccb5bd65c7a6df') in 0.001 seconds [static dependencies only]. Details - ImportResultOutputID=bed4980b31ae467b2749267f05700988 DependenciesID=e9d8fabbc241617ba52121eb037bf7dc StaticDependenciesID=d8fdd5d8e13b2a916855f1c897a839ad 
Importing 'GUID: b124f0b8ca43e6e46bdc0322fad15ea3 - Path: Packages/com.unity.timeline/Editor/Activation' with importer (DefaultImporter)
Imported 'GUID: b124f0b8ca43e6e46bdc0322fad15ea3' -> (Import Result ID: '0a4fdc7445ef59d1e65cd144112df853') in 0.001 seconds [static dependencies only]. Details - ImportResultOutputID=a33c604259d44da35ef33f1c4f0eacb4 DependenciesID=edcc51e2d7e2367ccb7f7d003678d142 StaticDependenciesID=1106b270ffa0c8ba17ba34febc935193 
Importing 'GUID: c1acaf0ab2c6646b8a492e27312f4d25 - Path: Packages/com.unity.multiplayer.center/Editor/Analytics' with importer (DefaultImporter)
Imported 'GUID: c1acaf0ab2c6646b8a492e27312f4d25' -> (Import Result ID: 'd8a783055d002257fe6f1f99cccae7a3') in 0.001 seconds [static dependencies only]. Details - ImportResultOutputID=fa810ac95d619ab39599a29004d39fb1 DependenciesID=1d5dc9538efbda7001748291f5ae6074 StaticDependenciesID=943e8c49e0898fa34fcad44726cd8a1d 
Importing 'GUID: d19b75372f4e44d4fa4b2cffbb54124b - Path: Packages/com.unity.timeline/Runtime/Audio' with importer (DefaultImporter)
Imported 'GUID: d19b75372f4e44d4fa4b2cffbb54124b' -> (Import Result ID: 'b1880aee37ad923c0a0f7aae1e090775') in 0.001 seconds [static dependencies only]. Details - ImportResultOutputID=d104c9c736321f43ed522eb260ce3cb3 DependenciesID=79703611f6dd6aad246d65f7b74ce42a StaticDependenciesID=72c7695465cbdf72f27a5d8b5993e61a 
Importing 'GUID: d25d346918c1247368b4cb66a787b59e - Path: Packages/com.unity.ai.navigation/Editor/ConversionSystem' with importer (DefaultImporter)
Imported 'GUID: d25d346918c1247368b4cb66a787b59e' -> (Import Result ID: '94cc2892d207622cbf934942187341e5') in 0.001 seconds [static dependencies only]. Details - ImportResultOutputID=724129ae27ecd08db6d67bae79fd8e49 DependenciesID=0c792822568189c0b32ebe44f72ce28d StaticDependenciesID=8f955ceef6c1d5fb07ace5bb75deda44 
Importing 'GUID: 73d911d9a41870c47a8442b59375b4c6 - Path: Packages/com.unity.collab-proxy/Editor/WebApi' with importer (DefaultImporter)
Imported 'GUID: 73d911d9a41870c47a8442b59375b4c6' -> (Import Result ID: '4574c06b0d74111212bae22b0f2411cb') in 0.001 seconds [static dependencies only]. Details - ImportResultOutputID=4fcf5b4ebc44ef72c742458cc11c9f95 DependenciesID=a7d4e70b5d714e118ffeef8aff6b852e StaticDependenciesID=fcc1eec0b7f2c7752c36e13fa0847c0c 
Importing 'GUID: 936bea4b2545c4a4fad2e623b0f6371f - Path: Packages/com.unity.ugui/Tests/Editor' with importer (DefaultImporter)
Imported 'GUID: 936bea4b2545c4a4fad2e623b0f6371f' -> (Import Result ID: '486491fcb0ba74336d1bf76fcc02b685') in 0.001 seconds [static dependencies only]. Details - ImportResultOutputID=5e2f9f05513aba926879e97ca8e205cd DependenciesID=8f99883bce6b6fd0ffe65519cc1bb154 StaticDependenciesID=a42b50904223cea4eaa7035b6f2aaf65 
Importing 'GUID: 936c6340f3468444ebb1785b4c311126 - Path: Packages/com.unity.test-framework/UnityEditor.TestRunner/UnityTestProtocol' with importer (DefaultImporter)
Imported 'GUID: 936c6340f3468444ebb1785b4c311126' -> (Import Result ID: 'bc6496cdfaaafc392525dad260097bbd') in 0.001 seconds [static dependencies only]. Details - ImportResultOutputID=4714ff5427e94daa5aeb958b917aaacd DependenciesID=68c48a8b26e684fc54274df37f409a1d StaticDependenciesID=3abb03fabfd47a992a93761f4f4661a5 
Importing 'GUID: b32be061a815d6947bc3594cdcb94a1c - Path: Packages/com.unity.collab-proxy/Editor/AssetsUtils' with importer (DefaultImporter)
Imported 'GUID: b32be061a815d6947bc3594cdcb94a1c' -> (Import Result ID: '6141028ead41911663b524b53b1e5ae2') in 0.001 seconds [static dependencies only]. Details - ImportResultOutputID=15379de5912dcb54ea8d404216f75692 DependenciesID=24c97183011a85c50e24ecd0ff7b16f7 StaticDependenciesID=11d80f21455383c2386cca5c75151bfd 
Importing 'GUID: d3f8e034331c39c4f823ac31228dc4d9 - Path: Packages/com.unity.collab-proxy/Editor/AssetMenu' with importer (DefaultImporter)
Imported 'GUID: d3f8e034331c39c4f823ac31228dc4d9' -> (Import Result ID: 'b65338e584ec1a709b63cb96ad3859cf') in 0.001 seconds [static dependencies only]. Details - ImportResultOutputID=556b92d1961fcce9e1104b2b565ba339 DependenciesID=78c531af0aeb54cdd4bc37265697e095 StaticDependenciesID=7f6aade46121bc26ee119eb4254eae4e 
Importing 'GUID: 247bccd1e820aae42b0c93b3f77ce6e8 - Path: Packages/com.unity.collab-proxy/Editor/Gluon' with importer (DefaultImporter)
Imported 'GUID: 247bccd1e820aae42b0c93b3f77ce6e8' -> (Import Result ID: 'df9eceeee413fff7f41ffafcdec99894') in 0.001 seconds [static dependencies only]. Details - ImportResultOutputID=1c84026d074d6575f6b4bf0583c58e08 DependenciesID=df7f0f488ae9f7a26ed2d944e0a95d6c StaticDependenciesID=1379a188b7ad0213c37ab79fa0c389ce 
Importing 'GUID: b477d1f29b65a674e9d5cdab4eb72b01 - Path: Packages/com.unity.test-framework/UnityEditor.TestRunner/CommandLineTest' with importer (DefaultImporter)
Imported 'GUID: b477d1f29b65a674e9d5cdab4eb72b01' -> (Import Result ID: 'd4f41dd1b5c53711bf77823560bd1f48') in 0.001 seconds [static dependencies only]. Details - ImportResultOutputID=347f0b734e3646a40393a44e378409d9 DependenciesID=5a385367feb37e7adfec805d3698e690 StaticDependenciesID=d212bef65a570d87ab682ac28d49b4fb 
Importing 'GUID: d4f346ffc6a5b7146bdff6f43464df28 - Path: Packages/com.unity.collab-proxy/Editor/Inspector' with importer (DefaultImporter)
Imported 'GUID: d4f346ffc6a5b7146bdff6f43464df28' -> (Import Result ID: 'a458534aa0e6dc2c0b6f20b86ecf6d06') in 0.001 seconds [static dependencies only]. Details - ImportResultOutputID=548b05fc1efd89b81bef05f3e34d80ba DependenciesID=1906e366d7c642df762c2e29ce9ef4d0 StaticDependenciesID=06724188b0813d64dab63827acdae12e 
Importing 'GUID: 4584db2acba045742a16942983e7fb96 - Path: Packages/com.unity.timeline/Editor/Recording' with importer (DefaultImporter)
Imported 'GUID: 4584db2acba045742a16942983e7fb96' -> (Import Result ID: '3271e5393693246ca7b6c24b6dacf690') in 0.001 seconds [static dependencies only]. Details - ImportResultOutputID=86ffa86310549b083eaf6881bdc56f7e DependenciesID=5f94b8376186eeeada5e7e59f8f06c47 StaticDependenciesID=61c219fe219d08647810527d05d0c1af 
Importing 'GUID: 95b719082a664ea45bb56759eed1f271 - Path: Packages/com.unity.test-framework/UnityEditor.TestRunner/TestSettings' with importer (DefaultImporter)
Imported 'GUID: 95b719082a664ea45bb56759eed1f271' -> (Import Result ID: '72b019086dcd534785918cbf3b57c64f') in 0.001 seconds [static dependencies only]. Details - ImportResultOutputID=02d9a799a0d85b6973bb6a6373c4fead DependenciesID=31fc233335bf5e1f0be9b71318709999 StaticDependenciesID=2a106916a4c016b5d6904c3d6460f857 
Importing 'GUID: c545241cf2e56ec4997d7677f01ef43d - Path: Packages/com.unity.ugui/Tests/Runtime' with importer (DefaultImporter)
Imported 'GUID: c545241cf2e56ec4997d7677f01ef43d' -> (Import Result ID: '6a889a8ebadd1d1bf8f5d6b1b524c512') in 0.001 seconds [static dependencies only]. Details - ImportResultOutputID=b49dc4bddfefa834d76a8f1255a3c59e DependenciesID=9d5b0ed881b9bacb25cd05e7a471479b StaticDependenciesID=30dfe8bd27135fa7f5878ecdcbfb3237 
Importing 'GUID: c52726d811a9f66459355df6b0c3977b - Path: Packages/com.unity.ugui/Editor/Analytics' with importer (DefaultImporter)
Imported 'GUID: c52726d811a9f66459355df6b0c3977b' -> (Import Result ID: '19310e2e377ef8d11d75bfef3780e200') in 0.001 seconds [static dependencies only]. Details - ImportResultOutputID=ca7654a605c7595a3cdce6fde48bc1a5 DependenciesID=d872071f5c6951352ab64c363957029d StaticDependenciesID=f462490dc6592ce0a35842bd4ce49f35 
Importing 'GUID: 36422aa067e092e45b9820da2ee3e728 - Path: Packages/com.unity.ide.visualstudio/Editor/COMIntegration' with importer (DefaultImporter)
Imported 'GUID: 36422aa067e092e45b9820da2ee3e728' -> (Import Result ID: '3b1a253a0ef9e29a3f9df6083bc0302f') in 0.001 seconds [static dependencies only]. Details - ImportResultOutputID=85d0ebfb69079172a613a7ccea043221 DependenciesID=1e057067367793670ee9288ef6ede92b StaticDependenciesID=2974e38a59ca99da3e9ca63d964f886d 
Importing 'GUID: 36aef18097f54068bfc3cb06c187131a - Path: Packages/com.unity.collab-proxy/Editor/Assistant' with importer (DefaultImporter)
Imported 'GUID: 36aef18097f54068bfc3cb06c187131a' -> (Import Result ID: 'a2c1f6383e4f8209b6e0e7e8a79c17c7') in 0.001 seconds [static dependencies only]. Details - ImportResultOutputID=e47fc59fd82a99ab02e493754dbee2c0 DependenciesID=81a9067eb401fc45159577551aebbada StaticDependenciesID=bb07e266c1d7548410bedefbddd27a71 
Importing 'GUID: 460bc4c86d5275f4a841402ec597d2f1 - Path: Packages/com.unity.collab-proxy/Editor/_Deprecated' with importer (DefaultImporter)
Imported 'GUID: 460bc4c86d5275f4a841402ec597d2f1' -> (Import Result ID: '71b8b8d43178f841721ae14d71e520e6') in 0.001 seconds [static dependencies only]. Details - ImportResultOutputID=ab6e089e3ef450f55ddbb5690ef087a6 DependenciesID=ae0d913dea86ab8a431e4d2d43b52193 StaticDependenciesID=631a7155a72d95c4301e20895cd7204e 
Importing 'GUID: 5673d7b11cb9ad04eb2368068b720c17 - Path: Packages/com.unity.timeline/Editor/State' with importer (DefaultImporter)
Imported 'GUID: 5673d7b11cb9ad04eb2368068b720c17' -> (Import Result ID: 'c5e4d2ef9dc0e7fdd6631caffae34f7f') in 0.001 seconds [static dependencies only]. Details - ImportResultOutputID=546549e856fac7cd561ffb54f97eb493 DependenciesID=8687d29cfb8208460ef24037f6f642b2 StaticDependenciesID=6e3a059f941b010af5750a529673edc7 
Importing 'GUID: 565f0b089a3d53c4e9a329a5ec1392eb - Path: Packages/com.unity.collab-proxy/Editor/UI' with importer (DefaultImporter)
Imported 'GUID: 565f0b089a3d53c4e9a329a5ec1392eb' -> (Import Result ID: '2d7627c91bd70682a0fff247ebdd104a') in 0.001 seconds [static dependencies only]. Details - ImportResultOutputID=7dc6e19ff08bfcde27530df01dd104ad DependenciesID=116e7bcfe6ae97fdb2a08b5af6a21a33 StaticDependenciesID=15467b78aa944e74f082c2960dab7f1d 
Importing 'GUID: 7602252bdb82b8d45ae3483c3a00d3e1 - Path: Packages/com.unity.test-framework/UnityEditor.TestRunner/CommandLineParser' with importer (DefaultImporter)
Imported 'GUID: 7602252bdb82b8d45ae3483c3a00d3e1' -> (Import Result ID: '93a5395bb7cdee65b531379cd6c81923') in 0.001 seconds [static dependencies only]. Details - ImportResultOutputID=8b32be5a03503677079543b7ee882ccf DependenciesID=a44a09122cb0442ac41988b7da877efe StaticDependenciesID=0b5346cd21362481afef2626785d3c15 
Importing 'GUID: 8620e97e7e9859049934889a52248435 - Path: Packages/com.unity.timeline/Editor/Actions' with importer (DefaultImporter)
Imported 'GUID: 8620e97e7e9859049934889a52248435' -> (Import Result ID: 'd7826b0fea12f4a8e0544c5276c71a88') in 0.001 seconds [static dependencies only]. Details - ImportResultOutputID=565c681a95b16cd5a664d43951cd5826 DependenciesID=5b7ba180b295a861080ffe059b649995 StaticDependenciesID=e2f1beef75c46228b68beb0f1a0e4232 
Importing 'GUID: 96c71b811fa50403690b154e216fe217 - Path: Packages/com.unity.multiplayer.center/Tests/Editor' with importer (DefaultImporter)
Imported 'GUID: 96c71b811fa50403690b154e216fe217' -> (Import Result ID: '2bdccc605adf106c3097020e0e4d35ce') in 0.001 seconds [static dependencies only]. Details - ImportResultOutputID=7fa02ebe42d83f23937425c9c04e093a DependenciesID=2e5906a9425447bc79a55fa502fd1a7d StaticDependenciesID=a13157fa049152d3278a1cbfd5206af9 
Importing 'GUID: a6b1b777c4ca40aca82d62ea496fcb84 - Path: Packages/com.unity.collab-proxy/Editor/Api' with importer (DefaultImporter)
Imported 'GUID: a6b1b777c4ca40aca82d62ea496fcb84' -> (Import Result ID: 'bb91d36ac7a51cb32e859b31b6f1c050') in 0.001 seconds [static dependencies only]. Details - ImportResultOutputID=f1842d4184885141cdccb29297b54dc9 DependenciesID=424fb39c94596bfb5babe561e3972605 StaticDependenciesID=abdfe73097ce722111e6ecbc60230fbe 
Importing 'GUID: d64d92e4f04a13e4b99ea8d48e9e8ae9 - Path: Packages/com.unity.test-framework/UnityEditor.TestRunner/TestLaunchers' with importer (DefaultImporter)
Imported 'GUID: d64d92e4f04a13e4b99ea8d48e9e8ae9' -> (Import Result ID: 'f4856e91216acb16e8b6e9ad33069d23') in 0.001 seconds [static dependencies only]. Details - ImportResultOutputID=0f426670ce7a7cceb4872b922e9dee57 DependenciesID=50699a0b77ed290de6117a82d53e12a5 StaticDependenciesID=e1285cc602019ab6fe506a55b63dfdb1 
Importing 'GUID: f601c0d674119f74db9c15166b3a58c4 - Path: Packages/com.unity.timeline/Editor/Extensions' with importer (DefaultImporter)
Imported 'GUID: f601c0d674119f74db9c15166b3a58c4' -> (Import Result ID: '9ae0bb9dc98bebc3fdf125bd165fe22a') in 0.001 seconds [static dependencies only]. Details - ImportResultOutputID=2f5416ce28696b54df0147abf0f1bd51 DependenciesID=3e1d69bdd999a2a03e5c462bee7a04aa StaticDependenciesID=ac9c2712286fd105d19cc725d9f145ac 
Importing 'GUID: f6079802724cc154ea5667c3a1e31d43 - Path: Packages/com.unity.collab-proxy/Editor/Developer' with importer (DefaultImporter)
Imported 'GUID: f6079802724cc154ea5667c3a1e31d43' -> (Import Result ID: '5c44b30eb227b0b6c3a9099b6b75826c') in 0.001 seconds [static dependencies only]. Details - ImportResultOutputID=a7e203e800bafad6ada972bc477f29a2 DependenciesID=c366905f6b78ab56c7e70f8f040dd906 StaticDependenciesID=692dd0a2b13400e322910794b62a4303 
Importing 'GUID: 1726448925bf4bd1af6ca883bae8ff3f - Path: Packages/com.unity.multiplayer.center/Editor/Deprecated' with importer (DefaultImporter)
Imported 'GUID: 1726448925bf4bd1af6ca883bae8ff3f' -> (Import Result ID: 'dab5fa13bd1050a86f3cd746f8c66b2a') in 0.001 seconds [static dependencies only]. Details - ImportResultOutputID=e1ecffd78687910794d0c27e046ed2da DependenciesID=be43d1d8c9166aa1ff7917351b39b997 StaticDependenciesID=30ffc2fd44dfff1ae9b280b0afe90c97 
Importing 'GUID: 179c164d2bd086e478add6825f3b422d - Path: Packages/com.unity.collab-proxy/Editor/UnityInternals' with importer (DefaultImporter)
Imported 'GUID: 179c164d2bd086e478add6825f3b422d' -> (Import Result ID: '16d44c4be675154ddae7500efd993228') in 0.001 seconds [static dependencies only]. Details - ImportResultOutputID=555dd15dc982a3ebb368ca34cb3383b1 DependenciesID=5068c8c566f642707f3cf48f06869864 StaticDependenciesID=1b89448c5bef34199a5fb26a9408711a 
Importing 'GUID: 27328db3447b143dcb24e8c854d86028 - Path: Packages/com.unity.ext.nunit/net472/unity-custom' with importer (DefaultImporter)
Imported 'GUID: 27328db3447b143dcb24e8c854d86028' -> (Import Result ID: 'b5ab5c67188a19e0e7b8c33b00b6b956') in 0.001 seconds [static dependencies only]. Details - ImportResultOutputID=82c9abbc1fbb1daf0b240097b4a4abfe DependenciesID=2e1008e3907f1d040d7f460144670c4e StaticDependenciesID=e56b63fc6cf556c84154d44bb4a47884 
Importing 'GUID: 278b6073a5bdd4362acd72ca43ff9e0d - Path: Packages/com.unity.ugui/Editor/UGUI' with importer (DefaultImporter)
Imported 'GUID: 278b6073a5bdd4362acd72ca43ff9e0d' -> (Import Result ID: '78a4e600c7d8999258a7661c55f414b6') in 0.001 seconds [static dependencies only]. Details - ImportResultOutputID=0c0b7f407af1c8ddce990e89762eb9d5 DependenciesID=e200aedbe10f6fb017044d65590e6795 StaticDependenciesID=73f68cd242529858ce463dd414355b54 
Importing 'GUID: 57ff740bce4ab0c498ada374a8ca1dc0 - Path: Packages/com.unity.timeline/Editor/Analytics' with importer (DefaultImporter)
Imported 'GUID: 57ff740bce4ab0c498ada374a8ca1dc0' -> (Import Result ID: 'b323d079ae5dd6d27798fc10bb182585') in 0.001 seconds [static dependencies only]. Details - ImportResultOutputID=97ddf503d4b11febf048495058e75788 DependenciesID=f808bcde567cf12e6d409a82c5f07b7a StaticDependenciesID=c004adabe169d4ac1fd576889dd9db43 
Importing 'GUID: 8721cb2237d4a564a94a51f56243bdac - Path: Packages/com.unity.test-framework/UnityEditor.TestRunner/TestRun' with importer (DefaultImporter)
Imported 'GUID: 8721cb2237d4a564a94a51f56243bdac' -> (Import Result ID: '039e0bbb329fe273da60130338de6b1e') in 0.001 seconds [static dependencies only]. Details - ImportResultOutputID=58480bc6d005e3758bfde4d77153df39 DependenciesID=044a2bd9eb33b435c60b45186160234e StaticDependenciesID=73d66df1f085990d1620c5fcbc2657c2 
Importing 'GUID: a77cec0d8f4e942d383bb0c51a439644 - Path: Packages/com.unity.timeline/Editor/Localization' with importer (DefaultImporter)
Imported 'GUID: a77cec0d8f4e942d383bb0c51a439644' -> (Import Result ID: 'ca2d65ee7fcd5ef872a4ce1ea7390fc2') in 0.001 seconds [static dependencies only]. Details - ImportResultOutputID=0cc0df93a8e270f710f9995b81485dd3 DependenciesID=5cf410bd9112cdf7e86b76db10df18b0 StaticDependenciesID=4f14756121b8e61de6d7664f7d05755d 
Importing 'GUID: a73ebdb6c1006364f8c7b37dc53d8ab7 - Path: Packages/com.unity.timeline/Editor/Utilities' with importer (DefaultImporter)
Imported 'GUID: a73ebdb6c1006364f8c7b37dc53d8ab7' -> (Import Result ID: '5d76151e35dfacd0a0360af05e2758d1') in 0.001 seconds [static dependencies only]. Details - ImportResultOutputID=0d9fd020582c327965546d483a8f2aa0 DependenciesID=bd15591e474b01fd7f16f09cf0184c5e StaticDependenciesID=62ee03f883ffb67281617629ff4914a5 
Importing 'GUID: c779d3735d950f341ba35154e8b3234b - Path: Packages/com.unity.ide.vscode/Editor/ProjectGeneration' with importer (DefaultImporter)
Imported 'GUID: c779d3735d950f341ba35154e8b3234b' -> (Import Result ID: 'd0465d7e72748d2b24c599a67adbf5bf') in 0.001 seconds [static dependencies only]. Details - ImportResultOutputID=9d63abe4ff2bf7b3a7061080c3443487 DependenciesID=ef0af18710fba135d5f5628925bafdcc StaticDependenciesID=76ed7e2a251955443e193b385efe47d9 
Importing 'GUID: 1817d28a5343b4ec19b4ec7903730e2c - Path: Packages/com.unity.ugui/Runtime/UGUI' with importer (DefaultImporter)
Imported 'GUID: 1817d28a5343b4ec19b4ec7903730e2c' -> (Import Result ID: 'cc764e91961d19610fd58928ffc4de2f') in 0.001 seconds [static dependencies only]. Details - ImportResultOutputID=2242d9e8581fb186ee13246710700a0e DependenciesID=e6e212427c798649af377cde95efcd0d StaticDependenciesID=362d97d531b0dfffeddfb1760220dccc 
Importing 'GUID: 28e8b16370ff78c4faca58757271619f - Path: Packages/com.unity.timeline/Editor/Window' with importer (DefaultImporter)
Imported 'GUID: 28e8b16370ff78c4faca58757271619f' -> (Import Result ID: '5bd35114af654528ab3f64fbe29b2169') in 0.001 seconds [static dependencies only]. Details - ImportResultOutputID=0095811a96becd644e21b7cb7ccf71fb DependenciesID=214b2865d4fca2bb6a07eef5b9c9c8fa StaticDependenciesID=6491ed351f0207a25a718c2e39be91cc 
Importing 'GUID: b8c5993172f27e4419d7d4ed5ef77840 - Path: Packages/com.unity.timeline/Runtime/Events' with importer (DefaultImporter)
Imported 'GUID: b8c5993172f27e4419d7d4ed5ef77840' -> (Import Result ID: '573674f58a3a6581d9a45db176cf6b82') in 0.001 seconds [static dependencies only]. Details - ImportResultOutputID=61064f3ee23818ee097dd9b11a3fe718 DependenciesID=289526919f9965b9e6495cda45f29097 StaticDependenciesID=421bba8e98c0a6b961257171c95f4655 
Importing 'GUID: e8c918ed7b49ea54ca28f8c04b27140a - Path: Packages/com.unity.collab-proxy/Editor/Tool' with importer (DefaultImporter)
Imported 'GUID: e8c918ed7b49ea54ca28f8c04b27140a' -> (Import Result ID: '31daa0db5bac9e478833d61f49280b92') in 0.001 seconds [static dependencies only]. Details - ImportResultOutputID=6a570abe4043d3f3c6d72d414236d4ca DependenciesID=a3777e57db250c3097f40fc41b6b1e66 StaticDependenciesID=a28e673166be84867a3a5a30eeb9d186 
Importing 'GUID: f8730045d7da0f84cb11c0d868899577 - Path: Packages/com.unity.timeline/Runtime/Utilities' with importer (DefaultImporter)
Imported 'GUID: f8730045d7da0f84cb11c0d868899577' -> (Import Result ID: '449bdcf0a13ce1f4fbad8ae0da20f869') in 0.001 seconds [static dependencies only]. Details - ImportResultOutputID=7a4db5692b91a04d1a884ea7bac09b42 DependenciesID=250324b1c9a0fbfb8a2ef4a21c9cc491 StaticDependenciesID=f2a7349257f90a63cf5d7874e9694ad1 
Importing 'GUID: f8e6a2d47aba4c6c9b3c5a72d9f48da5 - Path: Packages/com.unity.ugui/Editor Resources/Textures' with importer (DefaultImporter)
Imported 'GUID: f8e6a2d47aba4c6c9b3c5a72d9f48da5' -> (Import Result ID: '1875a6474b71f6012836d4d48ade4fcc') in 0.001 seconds [static dependencies only]. Details - ImportResultOutputID=f88c4563ff7662206400513842bd9f9d DependenciesID=58043838a058422eff9e3a6134f60200 StaticDependenciesID=7acc30137901a4bcc76947650281f9a0 
Importing 'GUID: 19e1940646874613a076c6b01d1f3404 - Path: Packages/com.unity.test-framework/UnityEngine.TestRunner/UnityTestProtocol' with importer (DefaultImporter)
Imported 'GUID: 19e1940646874613a076c6b01d1f3404' -> (Import Result ID: 'e6de84f02c0bc32e75825c10e2069170') in 0.001 seconds [static dependencies only]. Details - ImportResultOutputID=564e4130128747a5c27e3bad27675bac DependenciesID=97579bb077291f2f91b2d8123bca1b12 StaticDependenciesID=b0e91d08b8b4a14e23848696b6fde327 
Importing 'GUID: 49d4c2ab7ff0f4442af256bad7c9d57c - Path: Packages/com.unity.test-framework/UnityEditor.TestRunner/TestRunner' with importer (DefaultImporter)
Imported 'GUID: 49d4c2ab7ff0f4442af256bad7c9d57c' -> (Import Result ID: '3b6a37881959db84d7a13bd4d7b20906') in 0.001 seconds [static dependencies only]. Details - ImportResultOutputID=028738f72b967aadc745355a0db1ed21 DependenciesID=097ab4f26903bf71636188607bf34489 StaticDependenciesID=47c011eae69c4b9aa093137c60c03e01 
Importing 'GUID: 491c192b16f732b4983b4a539908ad32 - Path: Packages/com.unity.collab-proxy/Editor/AssetOverlays' with importer (DefaultImporter)
Imported 'GUID: 491c192b16f732b4983b4a539908ad32' -> (Import Result ID: '45f35fbb703a9417c4e851fdbaeda761') in 0.001 seconds [static dependencies only]. Details - ImportResultOutputID=448bf56dac3b57b250d77b0525d793c8 DependenciesID=479d4688fe6ae5461e7e5bbd27f93bc9 StaticDependenciesID=1c5fde53588d67afcf4dfcad307b6778 
Importing 'GUID: 590a4d4bb9095e44fa44bee78b9ba17d - Path: Packages/com.unity.collab-proxy/Editor/UVCSToolbar' with importer (DefaultImporter)
Imported 'GUID: 590a4d4bb9095e44fa44bee78b9ba17d' -> (Import Result ID: 'adeac767319583f867c287110bc6ce43') in 0.001 seconds [static dependencies only]. Details - ImportResultOutputID=27a37fac8d7923db26c4a7ff41efe4e9 DependenciesID=05a657879f6efa7ccefa42520491afbf StaticDependenciesID=739eadd27eefa2f602f37be3e3bb5305 
Importing 'GUID: e93ec7eb6de342aabd156833e253f838 - Path: Packages/com.unity.ugui/Editor Resources/Gizmos' with importer (DefaultImporter)
Imported 'GUID: e93ec7eb6de342aabd156833e253f838' -> (Import Result ID: 'fc4ec806e0f074d4f620a56c0919b3c0') in 0.001 seconds [static dependencies only]. Details - ImportResultOutputID=ae5f0ef54f94d1b6c546fb129c32be52 DependenciesID=6c236f7df37341637028eabfc03a5200 StaticDependenciesID=7c79b5bb8120bed1160335beb17c6781 
Importing 'GUID: f9edd87ce69f4c739b2114aa7274132f - Path: Packages/com.unity.multiplayer.center/Common/Deprecated' with importer (DefaultImporter)
Imported 'GUID: f9edd87ce69f4c739b2114aa7274132f' -> (Import Result ID: 'b13e35d9d99c79d635f944706749a829') in 0.001 seconds [static dependencies only]. Details - ImportResultOutputID=3c256f2db04018ddeb9af84d2cdc0a09 DependenciesID=dea022b51dfd6fe57eb3942e9662cdf0 StaticDependenciesID=33ee043bdc1901c5836e2bba76e8a0cb 
Importing 'GUID: 1ab59760d62245498d588afe58117b66 - Path: Packages/com.unity.collab-proxy/Editor/Diff' with importer (DefaultImporter)
Imported 'GUID: 1ab59760d62245498d588afe58117b66' -> (Import Result ID: '6d1c407eb5fb702e0e6463c1a417cf6a') in 0.003 seconds [static dependencies only]. Details - ImportResultOutputID=f0f460bf45c1574c0f266af95e40bddb DependenciesID=1e94af5021d5e5e6100e365bed80a108 StaticDependenciesID=dc7e9315d3257eb77febe625d83b1cff 
Importing 'GUID: 1ad55f5ad04d1d045a1f287409c650dd - Path: Packages/com.unity.test-framework/UnityEngine.TestRunner/Assertions' with importer (DefaultImporter)
Imported 'GUID: 1ad55f5ad04d1d045a1f287409c650dd' -> (Import Result ID: '3554f760e197c05a1e9f6edea9fb897f') in 0.001 seconds [static dependencies only]. Details - ImportResultOutputID=4c0e37bdbcd53fb0b4116fd07b4594e9 DependenciesID=31fd864d7e022271fcca4f33dbefbbd5 StaticDependenciesID=037f5d6358f904f2786adbe3a1d801a8 
Importing 'GUID: 2a088652feef3704ab1221770deb738a - Path: Packages/com.unity.collab-proxy/Editor/Hub' with importer (DefaultImporter)
Imported 'GUID: 2a088652feef3704ab1221770deb738a' -> (Import Result ID: 'ff1e35c671674ecc71a2eb98187e88f0') in 0.001 seconds [static dependencies only]. Details - ImportResultOutputID=60112af6564abf8581d147f0edf8ff19 DependenciesID=ab07539eab54881ac42994e13c50c39f StaticDependenciesID=cbf6f4fa811fbc21918ed912545a8c5e 
Importing 'GUID: 3a5038547af7c7f46bd90a015862e0b3 - Path: Packages/com.unity.timeline/Editor/Items' with importer (DefaultImporter)
Imported 'GUID: 3a5038547af7c7f46bd90a015862e0b3' -> (Import Result ID: 'd9c0c1659a4a2212a8777fe960963cd7') in 0.001 seconds [static dependencies only]. Details - ImportResultOutputID=56d0a478e08ca468c1cf316b6cc035f4 DependenciesID=a0f2e0c2d4c837d3435ee3c22fa05880 StaticDependenciesID=09365c7d9b46bc0585fc234af12af2df 
Importing 'GUID: 7a24ec4b5c3e08e47bf50c8298c1fe0d - Path: Packages/com.unity.timeline/Editor/ControlTrack' with importer (DefaultImporter)
Imported 'GUID: 7a24ec4b5c3e08e47bf50c8298c1fe0d' -> (Import Result ID: '0e4f24d4f7dbfe85abffa4e215effa95') in 0.001 seconds [static dependencies only]. Details - ImportResultOutputID=e4c819fa88efeed304ad5a2d0519dbe7 DependenciesID=a78a6cb49e25b525fd96eb081f30705c StaticDependenciesID=12ca66253ff9826241a35db2d7ff2944 
Importing 'GUID: 7a5a6b0b4d8d6d6428e297651ac42235 - Path: Packages/com.unity.collab-proxy/Lib/Editor' with importer (DefaultImporter)
Imported 'GUID: 7a5a6b0b4d8d6d6428e297651ac42235' -> (Import Result ID: '4a5433851ff443de4070bf81196a567b') in 0.001 seconds [static dependencies only]. Details - ImportResultOutputID=9b9a9dfda43daae05c6d5859680941f6 DependenciesID=afe3e3b169140bad09d0c93b7b0e2c70 StaticDependenciesID=2e96f380b9c9ae544e17a61e014d00dc 
Importing 'GUID: 7a7dcde6448847648629a13d746ce966 - Path: Packages/com.unity.multiplayer.center/Editor/MultiplayerCenterWindow' with importer (DefaultImporter)
Imported 'GUID: 7a7dcde6448847648629a13d746ce966' -> (Import Result ID: 'f9b9577af30af8ca4ed73f6a19e92172') in 0.002 seconds [static dependencies only]. Details - ImportResultOutputID=f8feaf6e01c8fdf7b8e9c91c39b351c8 DependenciesID=3774ff4d9a4c470f573190da9122b730 StaticDependenciesID=219d38a17e80ad3e6208137cb746a899 
Importing 'GUID: 9a6069768ff3d8043a79348813f86cba - Path: Packages/com.unity.timeline/Editor/Playables' with importer (DefaultImporter)
Imported 'GUID: 9a6069768ff3d8043a79348813f86cba' -> (Import Result ID: '2b03bd9fec454e24ea7bb78e5409a7bf') in 0.001 seconds [static dependencies only]. Details - ImportResultOutputID=8a702b0f3ad00850b5873b390eaae781 DependenciesID=22ce728604756afaa973541197f45bfa StaticDependenciesID=fc01ec1159291c64e01eb968e5703e4a 
Importing 'GUID: aa309129cb54440488d6edd8358f5aec - Path: Packages/com.unity.ai.navigation/EditorResources/Overlay' with importer (DefaultImporter)
Imported 'GUID: aa309129cb54440488d6edd8358f5aec' -> (Import Result ID: 'ec1cca04443996ea2a68e69114b78bc5') in 0.001 seconds [static dependencies only]. Details - ImportResultOutputID=22487d49d5ca6b2226db6bf7cde4fcfe DependenciesID=eb7e63a9575bad86bbb75dce10b61cba StaticDependenciesID=f67a46c51ff56e7947a2720d0d63fabd 
Importing 'GUID: aaa4efef82a9346dba667d74ff3d5075 - Path: Packages/com.unity.ai.navigation/Editor/Updater' with importer (DefaultImporter)
Imported 'GUID: aaa4efef82a9346dba667d74ff3d5075' -> (Import Result ID: '8a9b73c9b39e17a051132129cf7d7823') in 0.001 seconds [static dependencies only]. Details - ImportResultOutputID=c59ed4559822d316354317c08da6c593 DependenciesID=104c9279393effa3b28696368614592d StaticDependenciesID=3e2400946e46ab3e411e5c571ad1122d 
Importing 'GUID: bab3a29ab4f214742a44add41efffb7d - Path: Packages/com.unity.ugui/Runtime/InternalBridge' with importer (DefaultImporter)
Imported 'GUID: bab3a29ab4f214742a44add41efffb7d' -> (Import Result ID: '1e01c0f04ea29a3de8af7e1630137b0d') in 0.001 seconds [static dependencies only]. Details - ImportResultOutputID=82f819036902970c4bf2dacc5a54981e DependenciesID=bce7273942bc608bee79a3d298b9025c StaticDependenciesID=7e8ec80b443fad6f8eaf557de28f50ea 
Importing 'GUID: cae60a41b37427b48a00027b3e0fc1e6 - Path: Packages/com.unity.timeline/Editor/Manipulators' with importer (DefaultImporter)
Imported 'GUID: cae60a41b37427b48a00027b3e0fc1e6' -> (Import Result ID: '134e79fddb90b58f863a93fa73b689cb') in 0.002 seconds [static dependencies only]. Details - ImportResultOutputID=1acf835cf20779939e96b461e7a1fed8 DependenciesID=e35b182c9f3af17d787935740b47d3d3 StaticDependenciesID=d6b638acdb56712930bf478aa0b83c5a 
Importing 'GUID: ea998292f45ea494d9e100f5f6362f91 - Path: Packages/com.unity.timeline/Runtime/Control' with importer (DefaultImporter)
Imported 'GUID: ea998292f45ea494d9e100f5f6362f91' -> (Import Result ID: '85ebfe1df6c7aaed1c932ea7bd218613') in 0.001 seconds [static dependencies only]. Details - ImportResultOutputID=f80a506caf8a9b3c1d1d3798f823b6aa DependenciesID=cedce43ceb9552acb261e4783dc6afcc StaticDependenciesID=cec20127d95d99a01dafcc9e7be50d4d 
Importing 'GUID: fa423365b1ce06a4dbdc6fb4a8597bfa - Path: Packages/com.unity.test-framework/UnityEditor.TestRunner/Api' with importer (DefaultImporter)
Imported 'GUID: fa423365b1ce06a4dbdc6fb4a8597bfa' -> (Import Result ID: 'dbfbf27d747c194eee4936790607ce29') in 0.001 seconds [static dependencies only]. Details - ImportResultOutputID=3400c6558f548137dc7e984347359bd4 DependenciesID=b48915f6884923c65f7b8b4b3df9498e StaticDependenciesID=88c4905adfd1852422700d60c17e70cc 
Importing 'GUID: 1b393f6b29a9ee84c803af1ab4944b71 - Path: Packages/com.unity.ide.rider/Rider/Editor' with importer (DefaultImporter)
Imported 'GUID: 1b393f6b29a9ee84c803af1ab4944b71' -> (Import Result ID: '5df02ca049d89592a08a1a0a48180574') in 0.001 seconds [static dependencies only]. Details - ImportResultOutputID=6404d4542db4a19d55be0b701dd56232 DependenciesID=9213b2146893a306da5c568d8fab4cad StaticDependenciesID=7f19df4ccd7b25dc56226111196ed53e 
Importing 'GUID: 5b17896803f77494da73d73448fb6cb4 - Path: Packages/com.unity.ide.visualstudio/Editor/VSWhere' with importer (DefaultImporter)
Imported 'GUID: 5b17896803f77494da73d73448fb6cb4' -> (Import Result ID: '143bee58c4cce7ade306607774a6852b') in 0.002 seconds [static dependencies only]. Details - ImportResultOutputID=1cf7fb2561004c647adace8a0b5653ca DependenciesID=b7c3ad5caeafb822cd72de2263338665 StaticDependenciesID=8237a88cf8f58b14a2743277c20550b2 
Importing 'GUID: 8b14bec2bf8aaba4cb3fa6ecd283dc65 - Path: Packages/com.unity.timeline/Editor/Undo' with importer (DefaultImporter)
Imported 'GUID: 8b14bec2bf8aaba4cb3fa6ecd283dc65' -> (Import Result ID: 'f0563e4b623916d64713495a336fc5d3') in 0.001 seconds [static dependencies only]. Details - ImportResultOutputID=14450cc62ff1ce6dfc7076edf7fe4565 DependenciesID=0fcb722debc6110030bc4249ce239f23 StaticDependenciesID=b781e52177e4d4d129982b6a35659bed 
Importing 'GUID: 8b7d06780fca6fc4384580d3ebed9219 - Path: Packages/com.unity.timeline/Runtime/Playables' with importer (DefaultImporter)
Imported 'GUID: 8b7d06780fca6fc4384580d3ebed9219' -> (Import Result ID: 'a4e43a82dcab305114f3431705eab5a9') in 0.001 seconds [static dependencies only]. Details - ImportResultOutputID=ab9ec6e840c591876af9a625ccaee583 DependenciesID=6763bd71ecc8b79753697dd6c343ede2 StaticDependenciesID=930b7c8c90a8ca5cec0f786d2263983b 
Importing 'GUID: 8beeeeebc0857854d8b4e2c2895dd7a9 - Path: Packages/com.unity.ide.visualstudio/Editor/ProjectGeneration' with importer (DefaultImporter)
Imported 'GUID: 8beeeeebc0857854d8b4e2c2895dd7a9' -> (Import Result ID: '3e6f8bb7ef7f056281851c4bfb2c16b7') in 0.001 seconds [static dependencies only]. Details - ImportResultOutputID=19476bca78a71c87b547269668469a1b DependenciesID=e83deaabaa0172e49d84fb854ce43b12 StaticDependenciesID=7998e75a53210e862e4f40ffb630f1a8 
Importing 'GUID: bb32bccaf32a6db448d1c0cc99c78688 - Path: Packages/com.unity.test-framework/UnityEngine.TestRunner/Utils' with importer (DefaultImporter)
Imported 'GUID: bb32bccaf32a6db448d1c0cc99c78688' -> (Import Result ID: '778d6fafd092faf1e4e447d286b8e510') in 0.001 seconds [static dependencies only]. Details - ImportResultOutputID=46ac5f2cd227e13d7fb6df825cd2ea50 DependenciesID=d8061a8d12c25a43b84f4d86987c14bc StaticDependenciesID=d87eba3967dc173242e1ddf947305376 
Importing 'GUID: bb5f68d238f084064b7cd7fd959f8659 - Path: Packages/com.unity.collab-proxy/Editor/Hashing' with importer (DefaultImporter)
Imported 'GUID: bb5f68d238f084064b7cd7fd959f8659' -> (Import Result ID: 'dc86dc38efc6a5bc578173daae9848a4') in 0.001 seconds [static dependencies only]. Details - ImportResultOutputID=50fd1c88acf9c3195ba5685166bcf536 DependenciesID=a0fd17ebb78925f8ea5af7e6756a4742 StaticDependenciesID=479369b27784ad996e46313ad87ad498 
Importing 'GUID: 0c04c8cb23b78e04492e0f310cdee93e - Path: Packages/com.unity.timeline/Runtime/AssetUpgrade' with importer (DefaultImporter)
Imported 'GUID: 0c04c8cb23b78e04492e0f310cdee93e' -> (Import Result ID: '2e6c1c4b42b85103272785c4c677d329') in 0.001 seconds [static dependencies only]. Details - ImportResultOutputID=c438bc1a0b1971a30f7b0a5e985ca221 DependenciesID=1b6e36c0958451a228466a0fa5644e5d StaticDependenciesID=d7f52f722a005ab30dca2078f3839c6f 
Importing 'GUID: 4c6f60d349ea37048af03504fc872f33 - Path: Packages/com.unity.timeline/Runtime/Evaluation' with importer (DefaultImporter)
Imported 'GUID: 4c6f60d349ea37048af03504fc872f33' -> (Import Result ID: 'bd8ecfcae8cf7660384124a0f5a6b7e8') in 0.001 seconds [static dependencies only]. Details - ImportResultOutputID=863e981f509a01c6047c3bcaa6c4809f DependenciesID=5574c256e0fe9883ffea92b0a26730e6 StaticDependenciesID=17d239c195b01a2188b72ec6eb39385b 
Importing 'GUID: 5cae535d7c0a4af39c4cc2f7eddeb393 - Path: Packages/com.unity.collab-proxy/Editor/Entities' with importer (DefaultImporter)
Imported 'GUID: 5cae535d7c0a4af39c4cc2f7eddeb393' -> (Import Result ID: 'd9f91fc90e6013e9a2a20811eabcc6bd') in 0.001 seconds [static dependencies only]. Details - ImportResultOutputID=1f0c7ac14824ad8b52cadaf7cc883ac3 DependenciesID=422f033dbc719e4dd055c56102a08655 StaticDependenciesID=d63e74e65e78524c37b06ee31a8feed8 
Importing 'GUID: 6c61ba0c209bcc74f83e3650039ebdf9 - Path: Packages/com.unity.timeline/Runtime/Extensions' with importer (DefaultImporter)
Imported 'GUID: 6c61ba0c209bcc74f83e3650039ebdf9' -> (Import Result ID: '77d03e78fcce17d761161becc40eeb56') in 0.001 seconds [static dependencies only]. Details - ImportResultOutputID=612d23dede5b397ad1c033dfaf0b2ed5 DependenciesID=89f04cfd73966fed92634a81af3df1be StaticDependenciesID=22c0204d4ead0f55cf4ca7f3248c2b98 
Importing 'GUID: cce613d1538e76a4785658931c7db093 - Path: Packages/com.unity.timeline/Editor/Signals' with importer (DefaultImporter)
Imported 'GUID: cce613d1538e76a4785658931c7db093' -> (Import Result ID: 'd745a0024736e2cde44ac1751244f9f4') in 0.001 seconds [static dependencies only]. Details - ImportResultOutputID=80782a5c4b11a689616626c7501bffe8 DependenciesID=55faed7f948ada10ec6a8367ef782834 StaticDependenciesID=f52b38bfbb7aebf4281567e18160d142 
Importing 'GUID: ec817e5e5781e0a4983a1dc8875d1974 - Path: Packages/com.unity.timeline/Runtime/Attributes' with importer (DefaultImporter)
Imported 'GUID: ec817e5e5781e0a4983a1dc8875d1974' -> (Import Result ID: '9912c291aea1da727bd3d9f167ac474d') in 0.001 seconds [static dependencies only]. Details - ImportResultOutputID=054f6151d64e7afcd549384ab7c9a85e DependenciesID=6ac51cd4ca381ef4c7c3a7e20a6c414e StaticDependenciesID=ff09a28b7726829559537c15e44afc0e 
Importing 'GUID: ec63ff75b0076d64fb0a5cf58170501f - Path: Packages/com.unity.collab-proxy/Editor/Configuration' with importer (DefaultImporter)
Imported 'GUID: ec63ff75b0076d64fb0a5cf58170501f' -> (Import Result ID: '278f634d3f8123a605c4aa29b6d0204a') in 0.001 seconds [static dependencies only]. Details - ImportResultOutputID=fe3633a452ff7c5e8313587e542f6ef3 DependenciesID=53214cce4a32cf48fcee26aac8fa9acb StaticDependenciesID=cf5a084791c8772deb0ef30b11999128 
Importing 'GUID: ece36bb2bc4128d42911bbc757a56860 - Path: Packages/com.unity.timeline/Editor/StyleSheets' with importer (DefaultImporter)
Imported 'GUID: ece36bb2bc4128d42911bbc757a56860' -> (Import Result ID: '9044f66ccc27e14d3b8ffc92ef3e95a9') in 0.003 seconds [static dependencies only]. Details - ImportResultOutputID=3a259425e8e349629c761131a9a87deb DependenciesID=3fb64a2949741f2be10348747ac0cc68 StaticDependenciesID=ac64e15110fb045a329366cd1c479fba 
Importing 'GUID: 1ddb9e1c877ea80479d1eab4ddaa5d0d - Path: Packages/com.unity.test-framework/UnityEngine.TestRunner/TestRunner' with importer (DefaultImporter)
Imported 'GUID: 1ddb9e1c877ea80479d1eab4ddaa5d0d' -> (Import Result ID: '7cb28e1e4e053ac85024d6b11ee23160') in 0.001 seconds [static dependencies only]. Details - ImportResultOutputID=84f12ef647fa162d4cc59c2f40fa9628 DependenciesID=b865897e1b75dcdfe938b18f42a5ecd8 StaticDependenciesID=74f08a9236de2b622a38a15222ff2fca 
Importing 'GUID: 2da27f5fe80a3a549ac7331d9f52f5f0 - Path: Packages/com.unity.ugui/Editor Resources/Shaders' with importer (DefaultImporter)
Imported 'GUID: 2da27f5fe80a3a549ac7331d9f52f5f0' -> (Import Result ID: '94c81cb9217b6effd0b0ae1ac192a73e') in 0.001 seconds [static dependencies only]. Details - ImportResultOutputID=37a17ead154b74d4f8ead15f52efe66c DependenciesID=7e7183a231840b4a00078c592255dd1e StaticDependenciesID=afbed0dccfb5932643da0f09c951a74a 
Importing 'GUID: 2d8485e4e3a2bcb429fc32900ca26d9e - Path: Packages/com.unity.timeline/Editor/inspectors' with importer (DefaultImporter)
Imported 'GUID: 2d8485e4e3a2bcb429fc32900ca26d9e' -> (Import Result ID: '4d1199ff1d5204e6292532175cfd5dda') in 0.001 seconds [static dependencies only]. Details - ImportResultOutputID=fc8f78d97b0b3c8d636f2ffbb0e1549d DependenciesID=02e5e0d0a0c7e713b3421715780f78ed StaticDependenciesID=59c0e076c9c4f743f4a20025d76110e1 
Importing 'GUID: ad70ff8d98b257540b683737743828cb - Path: Packages/com.unity.timeline/Editor/CustomEditors' with importer (DefaultImporter)
Imported 'GUID: ad70ff8d98b257540b683737743828cb' -> (Import Result ID: '924b433a871374a8f2f6cc0d83b57186') in 0.001 seconds [static dependencies only]. Details - ImportResultOutputID=d4648f0e2345838fe12ff13264c12984 DependenciesID=c4eae6e3ea36bf45b6db64c51d33b471 StaticDependenciesID=212c1f7ab80dafc3f860b6a71945bc65 
Importing 'GUID: bdb4f6935641b574b984da8dc27cab45 - Path: Packages/com.unity.timeline/Runtime/Scripting' with importer (DefaultImporter)
Imported 'GUID: bdb4f6935641b574b984da8dc27cab45' -> (Import Result ID: 'a1ff77b72b3bfe1bf2def7e76703a99f') in 0.001 seconds [static dependencies only]. Details - ImportResultOutputID=546d29badfd497488129ac47a7376f6b DependenciesID=46b899e5f5c06956cdf3cb9c9f161886 StaticDependenciesID=48c28884c36291129151c52cf0e42307 
Importing 'GUID: 3e8d6af343b383544ba5743d119f4062 - Path: Packages/com.unity.test-framework/UnityEngine.TestRunner/NUnitExtensions' with importer (DefaultImporter)
Imported 'GUID: 3e8d6af343b383544ba5743d119f4062' -> (Import Result ID: '838754a3b9bac45900c76264dbf36d3b') in 0.001 seconds [static dependencies only]. Details - ImportResultOutputID=f440f787d15c91d58250f280c6e408ba DependenciesID=3b20f89763493bf2ddcd0b060c1fa398 StaticDependenciesID=b969db25c7e76855deff5f6a305ec9de 
Importing 'GUID: 5e02ca917a3c4d14db3ecac0711ef066 - Path: Packages/com.unity.collab-proxy/Editor/SceneView' with importer (DefaultImporter)
Imported 'GUID: 5e02ca917a3c4d14db3ecac0711ef066' -> (Import Result ID: '802a3342ac1a68d0882df812ccd46c4f') in 0.001 seconds [static dependencies only]. Details - ImportResultOutputID=53c41ea0a108763b14729dde2eb44220 DependenciesID=7b1e43027c86b94b9f78badde33d0ace StaticDependenciesID=9d62454cdfa00950b42ca731c3766379 
Importing 'GUID: 7e609b27ad2caa14c83dd9951b6c13c6 - Path: Packages/com.unity.test-framework/UnityEditor.TestRunner/GUI' with importer (DefaultImporter)
Imported 'GUID: 7e609b27ad2caa14c83dd9951b6c13c6' -> (Import Result ID: '48cc79ebc3a223c2a65cb0d7e113b406') in 0.001 seconds [static dependencies only]. Details - ImportResultOutputID=585d2667eaec7b1f3006c3feff905559 DependenciesID=a975b03514b84f2a3509ed100bb86e01 StaticDependenciesID=ba43c6d6677d5b8217738954f3b6d7c0 
Importing 'GUID: 7ee3e4292258bf04fb2987ccf9ecf916 - Path: Packages/com.unity.collab-proxy/Editor/StatusBar' with importer (DefaultImporter)
Imported 'GUID: 7ee3e4292258bf04fb2987ccf9ecf916' -> (Import Result ID: '7efd25dcd642dfe5ba92cb16deedd20a') in 0.001 seconds [static dependencies only]. Details - ImportResultOutputID=727dba50e701e5aff7c9c7f71803efa3 DependenciesID=7c53050f0ca9b0ef549a53098e277934 StaticDependenciesID=d399a8439d7a51e32e9db1ba22c892cf 
Importing 'GUID: 9e3df27f8bbbdfb4493b3dacf65065f2 - Path: Packages/com.unity.collab-proxy/Editor/Headless' with importer (DefaultImporter)
Imported 'GUID: 9e3df27f8bbbdfb4493b3dacf65065f2' -> (Import Result ID: 'f943aa448132e530c2b29eba45af73cb') in 0.001 seconds [static dependencies only]. Details - ImportResultOutputID=8ab935e2ea374acc8d097f737dfd7954 DependenciesID=a35a91745c21147cfebfbdd9e846e004 StaticDependenciesID=23228140c3dba414cd6cbe43bf13c3e6 
Importing 'GUID: cec772f32c34a864a995160c3c9a11b6 - Path: Packages/com.unity.collab-proxy/Editor/CloudDrive' with importer (DefaultImporter)
Imported 'GUID: cec772f32c34a864a995160c3c9a11b6' -> (Import Result ID: 'a24ac23593297272a32dd9224ba317b3') in 0.001 seconds [static dependencies only]. Details - ImportResultOutputID=a93c59f27ae5920a872541d526d19af8 DependenciesID=05c6a7e1def86af9a54ed9daa39a298e StaticDependenciesID=510007fe6f2f6fe82685ad9061985a90 
Importing 'GUID: de9eb5e2046ffc9448f07e495c436506 - Path: Packages/com.unity.timeline/Runtime/Animation' with importer (DefaultImporter)
Imported 'GUID: de9eb5e2046ffc9448f07e495c436506' -> (Import Result ID: 'b50246a1af7e1e9bf6a52615a585696f') in 0.001 seconds [static dependencies only]. Details - ImportResultOutputID=b0a982b0cbb3202be80b892eae8f4dbc DependenciesID=3b5408adcbd5c33e208162a65aabacaa StaticDependenciesID=2074557fcc4055d1fb7f7082c20488a1 
Importing 'GUID: 0f71aeefaa877ae4787e8356f25ad1e5 - Path: Packages/com.unity.timeline/Editor/Properties' with importer (DefaultImporter)
Imported 'GUID: 0f71aeefaa877ae4787e8356f25ad1e5' -> (Import Result ID: 'beb0a4e96b229d88e1d5f64e3c6b81e8') in 0.006 seconds [static dependencies only]. Details - ImportResultOutputID=b92cc967627fd3135ca54dfb36504248 DependenciesID=d03d52b3e1044da1dcc6011a6733e187 StaticDependenciesID=806227cc6c50e728c933266fe1c2f1d7 
Importing 'GUID: 2f820130c86c28547a0f1a2f4c73155b - Path: Packages/com.unity.ide.visualstudio/Editor/Messaging' with importer (DefaultImporter)
Imported 'GUID: 2f820130c86c28547a0f1a2f4c73155b' -> (Import Result ID: '9bfe3dd238c50d1e61dd969f373f2c8e') in 0.002 seconds [static dependencies only]. Details - ImportResultOutputID=c45a401cc5981747f91a1ff2e38f121c DependenciesID=7bf208236210b78a4600eb690a406a2d StaticDependenciesID=e68d59c7587b00f056360c69e8664542 
Importing 'GUID: 3f9202a39620f51418046c7754f215f0 - Path: Packages/com.unity.test-framework/UnityEditor.TestRunner/NUnitExtension' with importer (DefaultImporter)
Imported 'GUID: 3f9202a39620f51418046c7754f215f0' -> (Import Result ID: '1dfe9f2a33cf29e475c1cbc57fc4fb79') in 0.001 seconds [static dependencies only]. Details - ImportResultOutputID=df0aeec2b80032db4d95957e68929fee DependenciesID=0d22005202c276945696db77edb880e5 StaticDependenciesID=a24519233740dde1b6bd4351bdee6d11 
Importing 'GUID: 4fc790507a1f64097a10ada53cbe495e - Path: Packages/com.unity.collab-proxy/Editor/CodeEditor' with importer (DefaultImporter)
Imported 'GUID: 4fc790507a1f64097a10ada53cbe495e' -> (Import Result ID: '878d0610620bce36f40b8a7a71c8f3c8') in 0.002 seconds [static dependencies only]. Details - ImportResultOutputID=fa1134b64ac3606d6623fe4480b03b5d DependenciesID=b3d1056aa7c6a1f4c787f1c8f4ab1bb3 StaticDependenciesID=381ac3592979ee0df64719be28046053 
Importing 'GUID: 7fcdfb5c2eb94505a448f79f2f6fceb4 - Path: Packages/com.unity.collab-proxy/Editor/Settings' with importer (DefaultImporter)
Imported 'GUID: 7fcdfb5c2eb94505a448f79f2f6fceb4' -> (Import Result ID: '80b4c17924253ef83c88dfe7e8a01fe2') in 0.001 seconds [static dependencies only]. Details - ImportResultOutputID=bb3dd46f5107441154d68cbb4c7ce81b DependenciesID=5b92210b36c29f7066b3cccaf71d72b0 StaticDependenciesID=734f3bb581086e002299730b47123388 
Importing 'GUID: 7f9f1d015d7a8ba46b7d71acfcda3ae7 - Path: Packages/com.unity.ide.visualstudio/Editor/Testing' with importer (DefaultImporter)
Imported 'GUID: 7f9f1d015d7a8ba46b7d71acfcda3ae7' -> (Import Result ID: 'b275a8a6dad9d452b586f266fa079521') in 0.001 seconds [static dependencies only]. Details - ImportResultOutputID=caa53ea97327c51012e9b3b301943c08 DependenciesID=8d639890cea6683201ae932fe111d6dd StaticDependenciesID=1a004dc5a797cdf8d3cd33fe0ee21921 
Importing 'GUID: 9f2ad7cb0b669c04d80de0ebde5db836 - Path: Packages/com.unity.timeline/Editor/Samples' with importer (DefaultImporter)
Imported 'GUID: 9f2ad7cb0b669c04d80de0ebde5db836' -> (Import Result ID: '16fb55aa2dccbe1935efa235af888c05') in 0.001 seconds [static dependencies only]. Details - ImportResultOutputID=bd48b1d8a546fc0dd530b7434088f985 DependenciesID=4c227f726122e550f4d2d45609ddd038 StaticDependenciesID=0357de5b926db84e342d9f59b65a02a9 
Importing 'GUID: ff97302ee78d6ad478b433ec557ee303 - Path: Packages/com.unity.timeline/Runtime/Properties' with importer (DefaultImporter)
Imported 'GUID: ff97302ee78d6ad478b433ec557ee303' -> (Import Result ID: 'c494952c94175ef4f293da677e8e4ad6') in 0.002 seconds [static dependencies only]. Details - ImportResultOutputID=09120bacdc8e0aa6f60d7b866244d388 DependenciesID=b101d87b0b0a559495ec6ed6fb7ca80e StaticDependenciesID=05d41f4eb5b4076e9d0001bb047e5641 
Importing 'GUID: ffcbe86028d681144b703991885c535a - Path: Packages/com.unity.timeline/Editor/treeview' with importer (DefaultImporter)
Imported 'GUID: ffcbe86028d681144b703991885c535a' -> (Import Result ID: 'd7ef686a6d4fd4fe5812a153d3e9d7d3') in 0.001 seconds [static dependencies only]. Details - ImportResultOutputID=34f15d454fc862bbd6d9f4ee001b4ee7 DependenciesID=a91b10d6bb43e7b3ecb12928aab41a30 StaticDependenciesID=245b9999ea18c29f45822137fd05bb86 
Importing 'GUID: 5022e1fdc4b042789f6ec7926a26dffd - Path: Packages/com.unity.collab-proxy/Editor/Diff/SyntaxHighlight' with importer (DefaultImporter)
Imported 'GUID: 5022e1fdc4b042789f6ec7926a26dffd' -> (Import Result ID: '9388ef1e376e8ef799c7213954d518b8') in 0.001 seconds [static dependencies only]. Details - ImportResultOutputID=11e783194e3dd7e359c523b106d6d64f DependenciesID=1bf0a7dd01c13f78a633d6ec02056456 StaticDependenciesID=c0f63626bbf99f09fb7786ffa15c0c36 
Importing 'GUID: 600fb4de46db4ceaaeea90860ab19ec4 - Path: Packages/com.unity.collab-proxy/Editor/Diff/Image' with importer (DefaultImporter)
Imported 'GUID: 600fb4de46db4ceaaeea90860ab19ec4' -> (Import Result ID: '0b57056d3596a6c40d4883c5e20bebc7') in 0.001 seconds [static dependencies only]. Details - ImportResultOutputID=84f8609c772bfdbd2d67e7300ed43fba DependenciesID=05c3e6c2e433fbfa0b3e07386caf744c StaticDependenciesID=249df24a7ce79bd214d52a128d6d6d62 
Importing 'GUID: 803fe63276e14ea0b19c516eaf56c8d4 - Path: Packages/com.unity.multiplayer.center/Editor/MultiplayerCenterWindow/VisualElements' with importer (DefaultImporter)
Imported 'GUID: 803fe63276e14ea0b19c516eaf56c8d4' -> (Import Result ID: 'e6f5f7f2be8f89d8849324df3bc7bb98') in 0.001 seconds [static dependencies only]. Details - ImportResultOutputID=2eba982455df042919db6a1840f9a78f DependenciesID=427b885d47adfecb82350d41b098a889 StaticDependenciesID=5ebded986257e3e6f8ad82d440488bbf 
Importing 'GUID: b02a1b8123a74716b340c4f28b0e4c84 - Path: Packages/com.unity.collab-proxy/Editor/Assistant/UI' with importer (DefaultImporter)
Imported 'GUID: b02a1b8123a74716b340c4f28b0e4c84' -> (Import Result ID: '4e601c2b1261e7fe9dd4cb33dfa046de') in 0.001 seconds [static dependencies only]. Details - ImportResultOutputID=71d083da22f25140222d451c9c6b8252 DependenciesID=ff54540901be59a7438785867db47922 StaticDependenciesID=8a59d42a063b8b0e5c802c0f0144c543 
Importing 'GUID: 21e141260b3a4d67acebf527db3ddd56 - Path: Packages/com.unity.collab-proxy/Editor/Views/Properties' with importer (DefaultImporter)
Imported 'GUID: 21e141260b3a4d67acebf527db3ddd56' -> (Import Result ID: 'ea0912481c44292db10ca3ba8c2d6704') in 0.001 seconds [static dependencies only]. Details - ImportResultOutputID=f236cc2312941b31b6dcc0ca4da355f1 DependenciesID=40e35156e43d1d7ab96adc34cc4ce3ef StaticDependenciesID=482e7f039fad00f13626fbee47bdcc28 
Importing 'GUID: 313cbe17019f1934397f91069831062c - Path: Packages/com.unity.ide.rider/Rider/Editor/ProjectGeneration' with importer (DefaultImporter)
Imported 'GUID: 313cbe17019f1934397f91069831062c' -> (Import Result ID: '35a1a0c1b1d8bc3e404fc5f105eed090') in 0.001 seconds [static dependencies only]. Details - ImportResultOutputID=324b690d68ef3b5be851db48f0b8fe4d DependenciesID=e746e137ecacfe1a2b27b0194085396c StaticDependenciesID=9d5f2abd8e6ff78b98a96dd2e0b111fa 
Importing 'GUID: 41b2d972bdac29e4a89ef08b3b52c248 - Path: Packages/com.unity.ide.visualstudio/Editor/COMIntegration/Release' with importer (DefaultImporter)
Imported 'GUID: 41b2d972bdac29e4a89ef08b3b52c248' -> (Import Result ID: '159e1c55acdd024eded32060cd880a97') in 0.001 seconds [static dependencies only]. Details - ImportResultOutputID=0013f72f5d9292afc56921f8d95f3de4 DependenciesID=00be3dd411cd931443bdc704d43a0394 StaticDependenciesID=15e8b14a85890bc1844098e6928945d3 
Importing 'GUID: 51557afa652635743b264a309f0a5c60 - Path: Packages/com.unity.test-framework/UnityEngine.TestRunner/Utils/AssemblyProvider' with importer (DefaultImporter)
Imported 'GUID: 51557afa652635743b264a309f0a5c60' -> (Import Result ID: '68225cb59ed0cf5077855e3dfa458244') in 0.001 seconds [static dependencies only]. Details - ImportResultOutputID=aae0bb55646db009e1f7f7157a018046 DependenciesID=b9ef613e31a66b1117d0b2b4e2059e10 StaticDependenciesID=2c6e927cb9c29b42e44fe7d4204f5c8a 
Importing 'GUID: 51b7ec8ab0194da09e85cb9e71ebb449 - Path: Packages/com.unity.collab-proxy/Editor/Views/Attributes' with importer (DefaultImporter)
Imported 'GUID: 51b7ec8ab0194da09e85cb9e71ebb449' -> (Import Result ID: 'e7d99cc424d1fa7d26d13d6681bc5507') in 0.001 seconds [static dependencies only]. Details - ImportResultOutputID=4bfe9ffde3f4e69cf1461c1299856391 DependenciesID=d21288c31cb3118e10ea457ec68fa084 StaticDependenciesID=286b141a01f2474eaac204633d5a08b6 
Importing 'GUID: 61e236e8570a95e4eb754fb291e102e0 - Path: Packages/com.unity.test-framework/UnityEngine.TestRunner/TestRunner/Callbacks' with importer (DefaultImporter)
Imported 'GUID: 61e236e8570a95e4eb754fb291e102e0' -> (Import Result ID: '69c923fbfa5d766f81be287d4a69364f') in 0.001 seconds [static dependencies only]. Details - ImportResultOutputID=010b34c743dffb0b92a402bff30061ec DependenciesID=3ef576f474ced889f2d0fc90755b70c6 StaticDependenciesID=4afe08e4c46dd9413ee5e2f6e44ec139 
Importing 'GUID: 91c20d2c22b8b3a4cb6c816bd225591a - Path: Packages/com.unity.test-framework/UnityEngine.TestRunner/TestRunner/RemoteHelpers' with importer (DefaultImporter)
Imported 'GUID: 91c20d2c22b8b3a4cb6c816bd225591a' -> (Import Result ID: '433cd413b83911742fc3326a8cb2388f') in 0.001 seconds [static dependencies only]. Details - ImportResultOutputID=b8a70a515aeb955be46be9a19678602b DependenciesID=27568669a7b5195f24e8e9e88ed8aed4 StaticDependenciesID=413cb82dcabef59f88c5b20c1ac920dc 
Importing 'GUID: 914613548ded44a43a59eb9852503f18 - Path: Packages/com.unity.ugui/Tests/Runtime/TMP' with importer (DefaultImporter)
Imported 'GUID: 914613548ded44a43a59eb9852503f18' -> (Import Result ID: 'bde54ce642facce8219f1e37581918f9') in 0.001 seconds [static dependencies only]. Details - ImportResultOutputID=17912888fbb260642c12c578d9419330 DependenciesID=6845671a1a2fc74e9047394ab2503c88 StaticDependenciesID=43db8f13931fd3860f3fe601cd3dcc64 
Importing 'GUID: b1d8465ba1376b148bdab58965101f47 - Path: Packages/com.unity.test-framework/UnityEngine.TestRunner/Assertions/LogScope' with importer (DefaultImporter)
Imported 'GUID: b1d8465ba1376b148bdab58965101f47' -> (Import Result ID: 'f5e398f4f980a5cedd854c773294183e') in 0.001 seconds [static dependencies only]. Details - ImportResultOutputID=cfe24967e3ee89f88ab133ae2a3340fa DependenciesID=4a1727c31ca053fe971e8e954ffa9859 StaticDependenciesID=b32f92c1e618cc095ba0473085411441 
Importing 'GUID: e15b3293b975b864e883e5f572bd4ec8 - Path: Packages/com.unity.collab-proxy/Editor/Views/Shelves' with importer (DefaultImporter)
Imported 'GUID: e15b3293b975b864e883e5f572bd4ec8' -> (Import Result ID: 'a6a3fad79f9f574a9e1bf23a75f79b15') in 0.001 seconds [static dependencies only]. Details - ImportResultOutputID=0c5d66354a4654dba2c6cc2cbf450215 DependenciesID=89400545f3db47b5bfd4080d08b13b5f StaticDependenciesID=518f7b24ba2b4ac3c9d550bb790f2935 
Importing 'GUID: 12a2d6aa8a743f04aa760f8c675c97e6 - Path: Packages/com.unity.timeline/Editor/StyleSheets/res' with importer (DefaultImporter)
Imported 'GUID: 12a2d6aa8a743f04aa760f8c675c97e6' -> (Import Result ID: '74061fd95c2a8b089d62a63dbe6468fe') in 0.001 seconds [static dependencies only]. Details - ImportResultOutputID=7b582343dd3a987db889ce1beea385f4 DependenciesID=4385160296eb2321bc4bc7d87d132ded StaticDependenciesID=32ed38b322ffc16bc6a5d1cee13b184b 
Importing 'GUID: 32e2186f4598cff489784aae586f2215 - Path: Packages/com.unity.ugui/Runtime/UGUI/Properties' with importer (DefaultImporter)
Imported 'GUID: 32e2186f4598cff489784aae586f2215' -> (Import Result ID: '785b4eced538b7d1b667ee2e9597d313') in 0.001 seconds [static dependencies only]. Details - ImportResultOutputID=810454d304565ea7df8469e782230661 DependenciesID=cb98bb667a88f115ab7601e7914ff6cf StaticDependenciesID=a1abb3c65b9017fac5f1b4a6502b1b67 
Importing 'GUID: 62ae484479ba41e3b49e0feca66e6166 - Path: Packages/com.unity.collab-proxy/Editor/UI/UnityInternals' with importer (DefaultImporter)
Imported 'GUID: 62ae484479ba41e3b49e0feca66e6166' -> (Import Result ID: '5bc77f6735bc0d205d8e20aa7ec67f76') in 0.001 seconds [static dependencies only]. Details - ImportResultOutputID=02bf79f35451f5017974d4d18af0e982 DependenciesID=8878951cafa7ef299a3eaafdf4f0af05 StaticDependenciesID=d7660faab8e0c3fea48630b29fe45ffb 
Importing 'GUID: 92e3104769da143888a712cdea27d950 - Path: Packages/com.unity.test-framework/UnityEditor.TestRunner/GUI/TestAssets' with importer (DefaultImporter)
Imported 'GUID: 92e3104769da143888a712cdea27d950' -> (Import Result ID: '8ca9427beb57db851babed76f10d4548') in 0.001 seconds [static dependencies only]. Details - ImportResultOutputID=a60e580633ddd7e9aeb69d2a0c5c5ac5 DependenciesID=fbdb0932a36e53b89bb57597b534e33a StaticDependenciesID=aa03ed7c9e5d9a2ea02c38a4a25ee766 
Importing 'GUID: c216a661aa5746b19c689c48a2f4d091 - Path: Packages/com.unity.collab-proxy/Editor/Assistant/Tools' with importer (DefaultImporter)
Imported 'GUID: c216a661aa5746b19c689c48a2f4d091' -> (Import Result ID: '43c19b64d948c9033b3dc558a71870e3') in 0.001 seconds [static dependencies only]. Details - ImportResultOutputID=6e95af706c0c9261a6ce17a0f4f140ac DependenciesID=50dc8c5918b9234006f1f721f471119c StaticDependenciesID=8603b75b43859e98efdf0ed70c6969b7 
Importing 'GUID: c247e48160d44e9fa682e0f6308443a6 - Path: Packages/com.unity.collab-proxy/Editor/CodeEditor/Text' with importer (DefaultImporter)
Imported 'GUID: c247e48160d44e9fa682e0f6308443a6' -> (Import Result ID: '5d340a4a7bb1626e204c440d71fd9646') in 0.001 seconds [static dependencies only]. Details - ImportResultOutputID=c4d3bfcd3783680a775d694fe9341ddc DependenciesID=0bc56b19cfde8ead08c3844361a6dc9e StaticDependenciesID=813a0e23e26cd0e70d4d0476af687d8f 
Importing 'GUID: 0381a8a02199c28428a0ebfd1433282d - Path: Packages/com.unity.collab-proxy/Editor/CloudDrive/Welcome' with importer (DefaultImporter)
Imported 'GUID: 0381a8a02199c28428a0ebfd1433282d' -> (Import Result ID: '693d32c4f0e3bbcd1f0d38ab5707c2fb') in 0.001 seconds [static dependencies only]. Details - ImportResultOutputID=4ce2712985a203358f5901f9c4cefcd8 DependenciesID=7eccd7be322adf2fc91ac8480211ee16 StaticDependenciesID=42ec926fa3456ef8f3b13d4ab2b55511 
Importing 'GUID: 43aad6ec3599fb84a89e8fce31748cce - Path: Packages/com.unity.collab-proxy/Editor/UI/Avatar' with importer (DefaultImporter)
Imported 'GUID: 43aad6ec3599fb84a89e8fce31748cce' -> (Import Result ID: 'dcb89903c5f9791479de3955e0aec52d') in 0.001 seconds [static dependencies only]. Details - ImportResultOutputID=fcb7006e41823ebeadcae0d8f75e9e3d DependenciesID=126be19b58684d12a20a576dd8f9b02e StaticDependenciesID=124f01dab2314eeabd7480c714873e20 
Importing 'GUID: 5355983268a982c46bd52eb66f19b1b9 - Path: Packages/com.unity.collab-proxy/Editor/Assets/Styles' with importer (DefaultImporter)
Imported 'GUID: 5355983268a982c46bd52eb66f19b1b9' -> (Import Result ID: '0102b11fa9e7d161c9ca56bf7a7efc45') in 0.001 seconds [static dependencies only]. Details - ImportResultOutputID=67cc7911850cbbc22e74a0631962b08f DependenciesID=1bb46bd45ecdd4617d2b6378aea8a122 StaticDependenciesID=3c50514339b3e7e9d1da98477b7ca038 
Importing 'GUID: 53caebc5909234b4ebe1fcaf3dc913a5 - Path: Packages/com.unity.ugui/Tests/Runtime/UGUI' with importer (DefaultImporter)
Imported 'GUID: 53caebc5909234b4ebe1fcaf3dc913a5' -> (Import Result ID: '54c046a9492f18eb83f86163153e1943') in 0.001 seconds [static dependencies only]. Details - ImportResultOutputID=7c3cbbd41f066d186013bf438cd4f32a DependenciesID=3c8d254de51827b9c3b7f9a17d488c79 StaticDependenciesID=720b1de9c60d57f52a3e48ad915c1b9e 
Importing 'GUID: 93f1a63777a7b49e7a6bb3f2eb183b23 - Path: Packages/com.unity.collab-proxy/Editor/CodeEditor/Search' with importer (DefaultImporter)
Imported 'GUID: 93f1a63777a7b49e7a6bb3f2eb183b23' -> (Import Result ID: '4c1c49013b9e301af33280a4990b6088') in 0.001 seconds [static dependencies only]. Details - ImportResultOutputID=62bf4ab9fb843239551d81aafe471260 DependenciesID=122866682c3f2723e211a890664c2b0d StaticDependenciesID=c90317ef7d5225e01a3785d901c6f72d 
Importing 'GUID: a3f9d1ab8dcbb414abb3380d0d8032fc - Path: Packages/com.unity.collab-proxy/Editor/Gluon/UpdateReport' with importer (DefaultImporter)
Imported 'GUID: a3f9d1ab8dcbb414abb3380d0d8032fc' -> (Import Result ID: '639a760a7de5ee30a3fa7cef1a6724d2') in 0.001 seconds [static dependencies only]. Details - ImportResultOutputID=df4c389ab5dfb905b2675330528595ea DependenciesID=51ec049e2fde792b61005ababf16efea StaticDependenciesID=fc2470fd46a4b2429b54d5ae2bed7e66 
Importing 'GUID: a3cb89150b8a4060b89a32725a8e267e - Path: Packages/com.unity.test-framework/UnityEditor.TestRunner/TestLaunchers/Helpers' with importer (DefaultImporter)
Imported 'GUID: a3cb89150b8a4060b89a32725a8e267e' -> (Import Result ID: 'b8b1da36d1f720da249947bc879220be') in 0.001 seconds [static dependencies only]. Details - ImportResultOutputID=3a8c6eba4d7f092b7ed1ff660d319466 DependenciesID=f785ed3b1529e06ca6e5bb89a096a681 StaticDependenciesID=7b879475d571c7979ec7e6aa193d7c06 
Importing 'GUID: c305bca7e5f889e4b9b7acc8a8f00440 - Path: Packages/com.unity.collab-proxy/Editor/CloudDrive/Workspaces' with importer (DefaultImporter)
Imported 'GUID: c305bca7e5f889e4b9b7acc8a8f00440' -> (Import Result ID: '7ace58f5aa23ab72fe8fd0e7a4eeadf7') in 0.001 seconds [static dependencies only]. Details - ImportResultOutputID=6135219b3ef4c6e5c281ad0d9eb2aa22 DependenciesID=41781a8f887f6ccf7b1a7e3d88f095ac StaticDependenciesID=dd84242329b70b7807ffb9a0b3702be2 
Importing 'GUID: c3de99f9efc582a48995bc8e8c2df418 - Path: Packages/com.unity.test-framework/UnityEngine.TestRunner/NUnitExtensions/Filters' with importer (DefaultImporter)
Imported 'GUID: c3de99f9efc582a48995bc8e8c2df418' -> (Import Result ID: '0e80702b4d9ded36bbe570d55cc56851') in 0.001 seconds [static dependencies only]. Details - ImportResultOutputID=234091ee12a6235e1c446dc8d5c64995 DependenciesID=9bbfe5cc7541eef246f7e7fbef674a80 StaticDependenciesID=455f2ea52cd766aa56c0ddefdd99d0ec 
Importing 'GUID: 04c87a0216f9bb2468a7ea4efcb91444 - Path: Packages/com.unity.collab-proxy/Editor/_Deprecated/WebApi' with importer (DefaultImporter)
Imported 'GUID: 04c87a0216f9bb2468a7ea4efcb91444' -> (Import Result ID: 'cc148295affe51aee215969de3130240') in 0.001 seconds [static dependencies only]. Details - ImportResultOutputID=39ae30adb4b5960e3631eb3f2a894b44 DependenciesID=09648219ea3fb44ea6ca209ed7bdc7be StaticDependenciesID=273f89570546baa0b64dc34ef7e846d4 
Importing 'GUID: 046f41539da654ce3b0651f5979455af - Path: Packages/com.unity.collab-proxy/Editor/CodeEditor/Document' with importer (DefaultImporter)
Imported 'GUID: 046f41539da654ce3b0651f5979455af' -> (Import Result ID: 'c1be7d40e71e455073677ba603a0d3e2') in 0.001 seconds [static dependencies only]. Details - ImportResultOutputID=bcfcbece8041b1904d85f8d86f0251d2 DependenciesID=95a604d95db2c9c0c867e16a5ca192e2 StaticDependenciesID=9bbaa0ef275380303feb463659cc1c39 
Importing 'GUID: 4419c9c829ee0e9438a5c3ceba3ca88b - Path: Packages/com.unity.collab-proxy/Editor/Views/Welcome' with importer (DefaultImporter)
Imported 'GUID: 4419c9c829ee0e9438a5c3ceba3ca88b' -> (Import Result ID: '0f3d62de54736c3d37296b3d897a2dfd') in 0.001 seconds [static dependencies only]. Details - ImportResultOutputID=20995169f4ca0f82518381afd99c854a DependenciesID=d69c160d8f8a47af7a27e1d71193de75 StaticDependenciesID=e8b230f8ed3df93c764965751356281b 
Importing 'GUID: 5496fd86b17c44691945a8d416eff7fc - Path: Packages/com.unity.collab-proxy/Editor/Diff/History' with importer (DefaultImporter)
Imported 'GUID: 5496fd86b17c44691945a8d416eff7fc' -> (Import Result ID: '5e1dbd142ed150825e18e471bda12378') in 0.001 seconds [static dependencies only]. Details - ImportResultOutputID=14cfb017a7dde4091aff7f0a32169898 DependenciesID=52de910712028f041f7914532ac9484f StaticDependenciesID=9959d5f65d4de1a1d8db361b4124dcdc 
Importing 'GUID: 742654cad2425334696ba6ed4495cfef - Path: Packages/com.unity.ugui/Runtime/UGUI/UI' with importer (DefaultImporter)
Imported 'GUID: 742654cad2425334696ba6ed4495cfef' -> (Import Result ID: '57e25d84a66306ee7483e2a86e90a5b1') in 0.001 seconds [static dependencies only]. Details - ImportResultOutputID=f55297ef0667c4e984b77c90987bfd9d DependenciesID=f8f027bb6e0605f22cb3fa2317d132a4 StaticDependenciesID=d3754da713ab707aaeaa3ba2351aba6f 
Importing 'GUID: b429379a926944bdace6bb0445ffa02f - Path: Packages/com.unity.multiplayer.center/Editor/MultiplayerCenterWindow/Models' with importer (DefaultImporter)
Imported 'GUID: b429379a926944bdace6bb0445ffa02f' -> (Import Result ID: '03ad9d7df3a6c87c2cabc7eb7046ba68') in 0.001 seconds [static dependencies only]. Details - ImportResultOutputID=fe086852b549ac5fbaed71322c303435 DependenciesID=af48255ad12dd5de824f201501c66c8d StaticDependenciesID=510941052f338e20b94005c375d16251 
Importing 'GUID: d40a0edbdcdcf9747a420f3bbe0f18db - Path: Packages/com.unity.timeline/Editor/treeview/Drawers' with importer (DefaultImporter)
Imported 'GUID: d40a0edbdcdcf9747a420f3bbe0f18db' -> (Import Result ID: 'f74ddfbede3efb21bcb4a17d66a8f6a5') in 0.001 seconds [static dependencies only]. Details - ImportResultOutputID=13fa42ce77512af36114d08a73dc7f36 DependenciesID=dfb8e57a87ab7b80b0178096d916ac6f StaticDependenciesID=8cd40dfa4a5fa7079cc59715f8f348de 
Importing 'GUID: d49c3524d0bc49cd9c3b7c051262d302 - Path: Packages/com.unity.collab-proxy/Editor/CodeEditor/Platform' with importer (DefaultImporter)
Imported 'GUID: d49c3524d0bc49cd9c3b7c051262d302' -> (Import Result ID: '30ef9b47a7c5620966cef980baaaf45c') in 0.001 seconds [static dependencies only]. Details - ImportResultOutputID=235b2a564b287cb46f88dd6ffea7c9e1 DependenciesID=a9d4809116e2efea8a11ba474be90d2a StaticDependenciesID=3988060051378891a03c366fc1cdf7b7 
Importing 'GUID: f48aeec177c14cf185016d8add57e69f - Path: Packages/com.unity.collab-proxy/Editor/Inspector/Properties' with importer (DefaultImporter)
Imported 'GUID: f48aeec177c14cf185016d8add57e69f' -> (Import Result ID: '0f27b02bd39f4f22f3df2d9d18526f22') in 0.001 seconds [static dependencies only]. Details - ImportResultOutputID=a7f14858e58c368688dd70894d44676c DependenciesID=39f86d64d6caa851d460050b08adad77 StaticDependenciesID=28ba52552fa800c44b95de8b43cab286 
Importing 'GUID: 055d62ca607d4565814e2d97fe9740f1 - Path: Packages/com.unity.multiplayer.center/Editor/MultiplayerCenterWindow/Onboarding' with importer (DefaultImporter)
Imported 'GUID: 055d62ca607d4565814e2d97fe9740f1' -> (Import Result ID: 'b47e5af8b1610cf02dabeada34d96ad2') in 0.001 seconds [static dependencies only]. Details - ImportResultOutputID=74df5463b7afc353662d043736c9bc66 DependenciesID=1e7fdefb1fafd1b41537c830ec2437b8 StaticDependenciesID=64ba2b62def6e57b7abe5733efe35b51 
Importing 'GUID: 15fe89692edc49a4891091bd0e1c6536 - Path: Packages/com.unity.collab-proxy/Editor/Views/Branch' with importer (DefaultImporter)
Imported 'GUID: 15fe89692edc49a4891091bd0e1c6536' -> (Import Result ID: 'cb80a7e06542fc99561cff811e1ca9cb') in 0.001 seconds [static dependencies only]. Details - ImportResultOutputID=54d3bc15aed3e22b8ba6cffed67d470f DependenciesID=fd14d126fb8d3732308a660aa1341931 StaticDependenciesID=559d1c40a9ceec52dcc8b94b40238074 
Importing 'GUID: 151f255eb9e656e478b6bd3dd0ef91b5 - Path: Packages/com.unity.collab-proxy/Editor/_Deprecated/Settings' with importer (DefaultImporter)
Imported 'GUID: 151f255eb9e656e478b6bd3dd0ef91b5' -> (Import Result ID: '0f5dfe9f2f5053794fd0215aaa460fe2') in 0.001 seconds [static dependencies only]. Details - ImportResultOutputID=9b51c64ebd3ed1d8d89cafc810b67cf9 DependenciesID=090528ba8c59a2b0765a1ef9cae95771 StaticDependenciesID=c5dd00ce7f986f3d3dafc5975eb55f51 
Importing 'GUID: 2589284022789b14ab0b63391791ca04 - Path: Packages/com.unity.collab-proxy/Editor/Views/Labels' with importer (DefaultImporter)
Imported 'GUID: 2589284022789b14ab0b63391791ca04' -> (Import Result ID: 'e0d5314d22f1684145cb697688be7f82') in 0.001 seconds [static dependencies only]. Details - ImportResultOutputID=e469fa514167597aa5bfea2874fa0c04 DependenciesID=4fc7dbfdd83171b368c007e9b7012aec StaticDependenciesID=524ed5bd33687ea1500b5d8ab441c7aa 
Importing 'GUID: 256a0ca37fa972840bce7fca446e75e7 - Path: Packages/com.unity.test-framework/UnityEngine.TestRunner/TestRunner/Messages' with importer (DefaultImporter)
Imported 'GUID: 256a0ca37fa972840bce7fca446e75e7' -> (Import Result ID: '7bcae04f6c3945569c41f4f5229c9d4f') in 0.001 seconds [static dependencies only]. Details - ImportResultOutputID=dc65fd1fb36d3e877da8d647c9615ee7 DependenciesID=466cb1d81a21950eddfede4a6178f036 StaticDependenciesID=58ea4bae6ff95fd723111203e83e160c 
Importing 'GUID: 354fde95fe0643b09509e5fcee350b33 - Path: Packages/com.unity.ide.rider/Rider/Editor/Properties' with importer (DefaultImporter)
Imported 'GUID: 354fde95fe0643b09509e5fcee350b33' -> (Import Result ID: '74192befde6bffb1b456b8772b8c1656') in 0.001 seconds [static dependencies only]. Details - ImportResultOutputID=8e710699f3929b88337795b4fd4f990b DependenciesID=c5b7345f4f373532154ffcb721b80b16 StaticDependenciesID=32af0358e0a69d9b15106fd34974ee9f 
Importing 'GUID: 853edc343b78a7c4c81cbb3851d48c0a - Path: Packages/com.unity.ugui/Editor/UGUI/UI' with importer (DefaultImporter)
Imported 'GUID: 853edc343b78a7c4c81cbb3851d48c0a' -> (Import Result ID: '20a8d64d521f4d09f89187eb4b209cba') in 0.001 seconds [static dependencies only]. Details - ImportResultOutputID=84ca5f75f96d69114bbd62c15da8c046 DependenciesID=4a6d160abfb51c1b7cf1165d4f6ac12f StaticDependenciesID=d804bbb843b17b765a5ca30f9f17c4e9 
Importing 'GUID: 95fd48b26b354bd396b3ba43717db5d4 - Path: Packages/com.unity.collab-proxy/Editor/CodeEditor/Utils' with importer (DefaultImporter)
Imported 'GUID: 95fd48b26b354bd396b3ba43717db5d4' -> (Import Result ID: '70cefdd659ee8858558646c09c4a9279') in 0.001 seconds [static dependencies only]. Details - ImportResultOutputID=a082cbca5956855288867890e62ff970 DependenciesID=00fbc560605824d5785a747a98b66be0 StaticDependenciesID=e73359a45575b6536c5de003fa174a38 
Importing 'GUID: a52391bc44c477f40a547ed4ef3b9560 - Path: Packages/com.unity.ide.rider/Rider/Editor/UnitTesting' with importer (DefaultImporter)
Imported 'GUID: a52391bc44c477f40a547ed4ef3b9560' -> (Import Result ID: '61d1ff2cb4d6f840b158bfdf07bcbb7f') in 0.001 seconds [static dependencies only]. Details - ImportResultOutputID=1f5871c96c66444b71a7163aeb9720e2 DependenciesID=9855c5195b4d6d46d24cdd70cbdd6d9c StaticDependenciesID=23f3186aa4a7edf84f072463143d28f4 
Importing 'GUID: b51b4ac3066a00144817d6c4f8c36c71 - Path: Packages/com.unity.collab-proxy/Editor/Hub/Operations' with importer (DefaultImporter)
Imported 'GUID: b51b4ac3066a00144817d6c4f8c36c71' -> (Import Result ID: '6691da76c425a6595dda89487fc8aa99') in 0.001 seconds [static dependencies only]. Details - ImportResultOutputID=2c9aaec7027c66d086b6291823fe7cfe DependenciesID=53505c8420b31754656df2f408038ce2 StaticDependenciesID=9632d4bf34bc550692197ae4e9f05a28 
Importing 'GUID: c5535d742ea2e4941850b421f9c70a1f - Path: Packages/com.unity.test-framework/UnityEditor.TestRunner/GUI/Views' with importer (DefaultImporter)
Imported 'GUID: c5535d742ea2e4941850b421f9c70a1f' -> (Import Result ID: '92d736dbeea37fb68ceaa1a856e9038e') in 0.001 seconds [static dependencies only]. Details - ImportResultOutputID=22ce32537e26210d1a653e5fc6871be4 DependenciesID=9694c183165a55a2bea5cfbeb4b21282 StaticDependenciesID=cad0687b818655094a83d7231c14b0ae 
Importing 'GUID: d55400f78d024c05b04dc124bb181d9e - Path: Packages/com.unity.timeline/Editor/Utilities/Scopes' with importer (DefaultImporter)
Imported 'GUID: d55400f78d024c05b04dc124bb181d9e' -> (Import Result ID: '2ad6ed43c8ca94fa93feb418a7104237') in 0.001 seconds [static dependencies only]. Details - ImportResultOutputID=974da51ff765296c7d6c0b15020bbe03 DependenciesID=2401bb33848f42653b29ba1020d67ddd StaticDependenciesID=7b84103e6371daad78ff29c5af37de07 
Importing 'GUID: e5a9787c5ed94504798db0c3330424fe - Path: Packages/com.unity.collab-proxy/Editor/AssetsUtils/Processor' with importer (DefaultImporter)
Imported 'GUID: e5a9787c5ed94504798db0c3330424fe' -> (Import Result ID: '40ab3f20ea8dbabae8a50002f9160445') in 0.001 seconds [static dependencies only]. Details - ImportResultOutputID=c2e45ee5ea15f98f28c323e4ed6469e0 DependenciesID=8a4b187f1e2d6eb3ff13868e2eed43e1 StaticDependenciesID=91155e553b662589d06c5d62d8280223 
Importing 'GUID: f525580684527b147b70cf94aaa70dbc - Path: Packages/com.unity.ugui/Editor/UGUI/EventSystem' with importer (DefaultImporter)
Imported 'GUID: f525580684527b147b70cf94aaa70dbc' -> (Import Result ID: '8627b56743e8632edb6f5c032fd15bf2') in 0.001 seconds [static dependencies only]. Details - ImportResultOutputID=add6993ea7599701cf577e99c4d0f7c6 DependenciesID=2cca847503ce9493a46795925ba34bed StaticDependenciesID=d51fd195e8c16a1b8e334ad3cc08d48c 
Importing 'GUID: f5d6c6c129fff0140a040d43aedb9547 - Path: Packages/com.unity.collab-proxy/Editor/AssetMenu/Dialogs' with importer (DefaultImporter)
Imported 'GUID: f5d6c6c129fff0140a040d43aedb9547' -> (Import Result ID: 'ec904fc9a9afc26223def70a8ee9fe0b') in 0.002 seconds [static dependencies only]. Details - ImportResultOutputID=7c35736cc3edb9d491200c301e47bc4d DependenciesID=ad649c0c0bf0dd28fd57f0a5b7d144a7 StaticDependenciesID=cdbe729af8cc5b158a12b8cc1bda08b0 
Importing 'GUID: 06ae1baf5524b314fa65b173b9eca869 - Path: Packages/com.unity.timeline/Editor/treeview/Snapping' with importer (DefaultImporter)
Imported 'GUID: 06ae1baf5524b314fa65b173b9eca869' -> (Import Result ID: '8dcee51a980ecd56f10306f920dfb593') in 0.001 seconds [static dependencies only]. Details - ImportResultOutputID=d20baa76271dd40bf30c4b11ba33329d DependenciesID=4c9da62510b014b25b4813150e8984a8 StaticDependenciesID=e348f210bc392b3f7ba62cf5013af396 
Importing 'GUID: 3610673068254436ac90019f46e09f01 - Path: Packages/com.unity.test-framework/UnityEditor.TestRunner/UnityTestProtocol/Data' with importer (DefaultImporter)
Imported 'GUID: 3610673068254436ac90019f46e09f01' -> (Import Result ID: 'f857cdd756b38e8eb3357109f7f7bb6f') in 0.001 seconds [static dependencies only]. Details - ImportResultOutputID=0a0f0ff5161030eba44ba49c652cc478 DependenciesID=7cd7561bc749deb6f2371f903c9d7b22 StaticDependenciesID=516f853320de9a6a9bea252006543681 
Importing 'GUID: 8697b23ed1b3db0448e2580433ae07d7 - Path: Packages/com.unity.collab-proxy/Editor/Assets/Images' with importer (DefaultImporter)
Imported 'GUID: 8697b23ed1b3db0448e2580433ae07d7' -> (Import Result ID: '5549385d6c2ea3a92e1bedd8137d475d') in 0.001 seconds [static dependencies only]. Details - ImportResultOutputID=a84d0cc483301c78823caa4c40c9f633 DependenciesID=828ff8fffc5571a3be3c83d5b8c8f755 StaticDependenciesID=7420841faa49de6ddae8f74e56a5bacc 
Importing 'GUID: 86790946872c43db8284bef9164fced9 - Path: Packages/com.unity.collab-proxy/Editor/CodeEditor/Rendering' with importer (DefaultImporter)
Imported 'GUID: 86790946872c43db8284bef9164fced9' -> (Import Result ID: 'bfa482fa6eb24c32569cf4d5e7b15a18') in 0.001 seconds [static dependencies only]. Details - ImportResultOutputID=97a6eb2f23dc3bd41c1702f56c7dbb0a DependenciesID=9f9737b0edfa6e7e4a6a5ff399f8a36c StaticDependenciesID=e407c47f40ff8f8c5382e1ad7dfeca9c 
Importing 'GUID: 86cacab070a0a46e99aedb596a32c4fe - Path: Packages/com.unity.timeline/Editor/inspectors/CurvesOwner' with importer (DefaultImporter)
Imported 'GUID: 86cacab070a0a46e99aedb596a32c4fe' -> (Import Result ID: '0d78426993bd80623d202c7b5088f85b') in 0.001 seconds [static dependencies only]. Details - ImportResultOutputID=8506cee0a21119a899effc7150efedc0 DependenciesID=4b3b465e7d1e8945a5729ec7711611ce StaticDependenciesID=183170cd829de98f915ec0449e87c1a4 
Importing 'GUID: 96c503bf059df984c86eecf572370347 - Path: Packages/com.unity.test-framework/UnityEditor.TestRunner/NUnitExtension/Attributes' with importer (DefaultImporter)
Imported 'GUID: 96c503bf059df984c86eecf572370347' -> (Import Result ID: 'b1b742d80c2b40872a643e01a9e97f25') in 0.001 seconds [static dependencies only]. Details - ImportResultOutputID=5c43fe10b254eace1c0129df22455c2f DependenciesID=5b348591ae11e78dc2d73bb784c9b34f StaticDependenciesID=4275ad315acced407744bf376d75b745 
Importing 'GUID: 96fe449559fb4e1995ab8503958a61ed - Path: Packages/com.unity.collab-proxy/Editor/Views/BranchExplorer' with importer (DefaultImporter)
Imported 'GUID: 96fe449559fb4e1995ab8503958a61ed' -> (Import Result ID: 'b6bd169619b9064010cd7fb943c392f0') in 0.001 seconds [static dependencies only]. Details - ImportResultOutputID=3f147c53fb395de9e3861f785de4a15d DependenciesID=661f0cbfc30ab576f58990224457b113 StaticDependenciesID=53a63458c79e14663e6c4e2ddc2ceb0a 
Importing 'GUID: b642e1c7eeddd064c9520df476000c0c - Path: Packages/com.unity.collab-proxy/Editor/UI/Tree' with importer (DefaultImporter)
Imported 'GUID: b642e1c7eeddd064c9520df476000c0c' -> (Import Result ID: 'e8acc7cf1c8636274528b00be4075b46') in 0.001 seconds [static dependencies only]. Details - ImportResultOutputID=7ee6e1d8a27f5c05cd2071966687181a DependenciesID=3a7f52ca4a99a7b814e4b823141ff27e StaticDependenciesID=66ca1096f7b42db0008bead643f96767 
Importing 'GUID: d6205f80604d49e9878743cfaff171c2 - Path: Packages/com.unity.collab-proxy/Editor/CodeEditor/TextMate' with importer (DefaultImporter)
Imported 'GUID: d6205f80604d49e9878743cfaff171c2' -> (Import Result ID: 'b3a573e0dccfa6adbc333eb74178461b') in 0.001 seconds [static dependencies only]. Details - ImportResultOutputID=840fb29dabf82ef89f695ae23c3ff286 DependenciesID=7f046bd38febfa83533dab6db63a3f90 StaticDependenciesID=5404f4fedfe6027e7c0f21aa88aa8335 
Importing 'GUID: d608fb37c300d9f4c9bf2cea7e8b990a - Path: Packages/com.unity.collab-proxy/Editor/CloudDrive/ShareWorkspace' with importer (DefaultImporter)
Imported 'GUID: d608fb37c300d9f4c9bf2cea7e8b990a' -> (Import Result ID: '37f045576f3d402592ddaab54d7c274e') in 0.001 seconds [static dependencies only]. Details - ImportResultOutputID=e5120a472d5fe321d6a31aefa0c7d385 DependenciesID=0fea61a8561e0d3bca96eb3e19879671 StaticDependenciesID=e2ed6c16199ada911393790b374a2043 
Importing 'GUID: f6d64d8648793944dbadfd71f0f4b0a1 - Path: Packages/com.unity.timeline/Editor/Manipulators/Trim' with importer (DefaultImporter)
Imported 'GUID: f6d64d8648793944dbadfd71f0f4b0a1' -> (Import Result ID: '49819fa1ca9585bc981f32721b0cc6de') in 0.001 seconds [static dependencies only]. Details - ImportResultOutputID=66fb3b9db4f793443fa825c4180f8609 DependenciesID=2b6a2930972b8c619403320b3a3e53b8 StaticDependenciesID=6361a6d0231a4f6f6ae28674d44de100 
Importing 'GUID: f68c7f7359094f045930a108c444e7a4 - Path: Packages/com.unity.timeline/Editor/inspectors/ClipInspector' with importer (DefaultImporter)
Imported 'GUID: f68c7f7359094f045930a108c444e7a4' -> (Import Result ID: '6be23dbe0adb0a283e0a4c8dd22d88d6') in 0.001 seconds [static dependencies only]. Details - ImportResultOutputID=93ec788bb4cea730f71cd15a8b6e4068 DependenciesID=99e1d9e7fa46199e56c95049a8036c23 StaticDependenciesID=f9ad682ffb1c5fff433a836f580cef23 
Importing 'GUID: 07ea0326ed848fb4489187cb58f96113 - Path: Packages/com.unity.test-framework/UnityEditor.TestRunner/GUI/TestListBuilder' with importer (DefaultImporter)
Imported 'GUID: 07ea0326ed848fb4489187cb58f96113' -> (Import Result ID: '42ce821e2c2f0f6ec4f1e128957e045f') in 0.001 seconds [static dependencies only]. Details - ImportResultOutputID=a6a29debcafeb668b0f2a71823ead8d0 DependenciesID=14e42c630ebbeb115b6e4754ff287bfa StaticDependenciesID=2f63606a496483c3e8e07c7fcef33667 
Importing 'GUID: 173564ff53b74604b8e070b51861b3f9 - Path: Packages/com.unity.collab-proxy/Editor/Views/CreateWorkspace' with importer (DefaultImporter)
Imported 'GUID: 173564ff53b74604b8e070b51861b3f9' -> (Import Result ID: 'c413a26c5c75ea9cf675d90b665a1f92') in 0.001 seconds [static dependencies only]. Details - ImportResultOutputID=5fc185a6206bf9b8e8e676b3d60b8771 DependenciesID=9ee31622ab1dc4377e9b3c57bc70235b StaticDependenciesID=380c9e222ee5cf801a04bc7b62670155 
Importing 'GUID: 37b5532626676e045a3b172c915e5d79 - Path: Packages/com.unity.collab-proxy/Editor/Views/Diff' with importer (DefaultImporter)
Imported 'GUID: 37b5532626676e045a3b172c915e5d79' -> (Import Result ID: 'adbf04ff283c1a9fc055f7ee0e458d01') in 0.001 seconds [static dependencies only]. Details - ImportResultOutputID=b945a31236a9865b01193e9594c3e1cb DependenciesID=90b2cbc70e6ecbf2813c8983c93b80ce StaticDependenciesID=5b48aa0fdc905ede0a25c9b785db6c4c 
Importing 'GUID: 37472f5179ca2004489ac901814cdbc3 - Path: Packages/com.unity.timeline/Editor/Window/Modes' with importer (DefaultImporter)
Imported 'GUID: 37472f5179ca2004489ac901814cdbc3' -> (Import Result ID: 'e77f04b7c7f6bedd184e84a25a9afe7c') in 0.001 seconds [static dependencies only]. Details - ImportResultOutputID=1ddbd861e02cd7c05e469c6262497687 DependenciesID=d839a3f386aece5f3bf91e7d388e6246 StaticDependenciesID=884c8e075a01a4ee33816b3e3bb56417 
Importing 'GUID: 37888acc09d9ee848bf9559f06645c45 - Path: Packages/com.unity.test-framework/UnityEngine.TestRunner/NUnitExtensions/Runner' with importer (DefaultImporter)
Imported 'GUID: 37888acc09d9ee848bf9559f06645c45' -> (Import Result ID: '3cc5746261ceef3945219cd38fcd7100') in 0.001 seconds [static dependencies only]. Details - ImportResultOutputID=bd7484124a2c87b1945e427d6a01325b DependenciesID=e7a541f3b42c6b84105d4bdb3959f6ea StaticDependenciesID=830501f04ff9d2763481f7b86edd9e6c 
Importing 'GUID: 67e9c6cf60c57a54f9f4db1bc33fd2e3 - Path: Packages/com.unity.timeline/Editor/Manipulators/Utils' with importer (DefaultImporter)
Imported 'GUID: 67e9c6cf60c57a54f9f4db1bc33fd2e3' -> (Import Result ID: 'b72642d7e966b95e57877f695db0df5c') in 0.001 seconds [static dependencies only]. Details - ImportResultOutputID=764e5cc8f232e45cf06347b5f810f510 DependenciesID=a9833af40bc0d56776983ed1804f482a StaticDependenciesID=1bddd1d832e80cefe994940f03bc01aa 
Importing 'GUID: 77417b0f4cf6d334f916c64448d24133 - Path: Packages/com.unity.ugui/Editor/Analytics/IAnalytic' with importer (DefaultImporter)
Imported 'GUID: 77417b0f4cf6d334f916c64448d24133' -> (Import Result ID: 'ea8e1288ea40dd3f8110485989045062') in 0.001 seconds [static dependencies only]. Details - ImportResultOutputID=060d8b247920e2c692d1e525995a7476 DependenciesID=d18c4a59d4fe5d2b98ee6c99fbe1a0c6 StaticDependenciesID=89e3244abd31a42e77c204559f2b9502 
Importing 'GUID: 184d218dfbb2c41f1a6a0bc4fc4cf42c - Path: Packages/com.unity.collab-proxy/Editor/Assets/Fonts' with importer (DefaultImporter)
Imported 'GUID: 184d218dfbb2c41f1a6a0bc4fc4cf42c' -> (Import Result ID: '4d10822e71ca85d04aa64d0f331a7a8f') in 0.001 seconds [static dependencies only]. Details - ImportResultOutputID=cb168e8d6075544e8755657be23bb1ad DependenciesID=745045785a91f4a1baba97273416da1f StaticDependenciesID=104e02274b39fbec24a9d766a72adfb8 
Importing 'GUID: 68cb547af0187634aad591a09c01cd5b - Path: Packages/com.unity.test-framework/UnityEditor.TestRunner/GUI/TestListTreeView' with importer (DefaultImporter)
Imported 'GUID: 68cb547af0187634aad591a09c01cd5b' -> (Import Result ID: 'a6f5f9466c65ad9b783fc4bf87bf9933') in 0.001 seconds [static dependencies only]. Details - ImportResultOutputID=d5ca04f15efb98a671802c6546970d44 DependenciesID=4e3a661a5c9c161ef4962ee0db52ef2f StaticDependenciesID=0c1166ed7bd3589d8cb7b68cd54ba7df 
Importing 'GUID: 985eed4bc2fbee941b761b8816d9055d - Path: Packages/com.unity.timeline/Editor/Actions/Menus' with importer (DefaultImporter)
Imported 'GUID: 985eed4bc2fbee941b761b8816d9055d' -> (Import Result ID: 'd3a0ebe282eb4a57e201384cacff13c7') in 0.001 seconds [static dependencies only]. Details - ImportResultOutputID=267e973602326dab1657189b66435bd4 DependenciesID=54756a7d2ccb91c57d5a75bf75fe57d5 StaticDependenciesID=1b63e1baf1af94c08235963cb615f23d 
Importing 'GUID: a83160f252281df4ebb018688dad5f08 - Path: Packages/com.unity.collab-proxy/Editor/Views/Changesets' with importer (DefaultImporter)
Imported 'GUID: a83160f252281df4ebb018688dad5f08' -> (Import Result ID: 'f869986cc1d686737900941b2013956c') in 0.001 seconds [static dependencies only]. Details - ImportResultOutputID=2725eb3eddae8ffaea39f811000b5f58 DependenciesID=eff47a266f06daf8c703b0ba0b40a674 StaticDependenciesID=9d49ff740a8b53cf779dca7154933fda 
Importing 'GUID: d80c4e95670104343b609a632c5a4157 - Path: Packages/com.unity.collab-proxy/Editor/Views/Filters' with importer (DefaultImporter)
Imported 'GUID: d80c4e95670104343b609a632c5a4157' -> (Import Result ID: 'd725ec1c3a28951b8f9ea3bfdef6c3d7') in 0.001 seconds [static dependencies only]. Details - ImportResultOutputID=a267e0aa767d7840d8f29ab0753042b4 DependenciesID=fdc8525b94f1a21121f757e713327bcb StaticDependenciesID=d707d2b159a9f5ba5daebc2b494615cb 
Importing 'GUID: e88eef57957d4440c8a7ff2ef9dd3d97 - Path: Packages/com.unity.test-framework/UnityEditor.TestRunner/GUI/Controls' with importer (DefaultImporter)
Imported 'GUID: e88eef57957d4440c8a7ff2ef9dd3d97' -> (Import Result ID: '9523034730396c649db68ee3f2c5af6a') in 0.001 seconds [static dependencies only]. Details - ImportResultOutputID=a0ce75e2c602e931e5ecdcc124be13dd DependenciesID=54c438ce0c8559feb24078c99b287387 StaticDependenciesID=06a7b988240bac285a0579fa3147d19a 
Importing 'GUID: f89400ea8aa3d44cda6b09aa0518a1eb - Path: Packages/com.unity.collab-proxy/Editor/CodeEditor/Indentation' with importer (DefaultImporter)
Imported 'GUID: f89400ea8aa3d44cda6b09aa0518a1eb' -> (Import Result ID: '4ffc42014211e5f7c0adf7ed65b2208e') in 0.001 seconds [static dependencies only]. Details - ImportResultOutputID=153193af9484067d82bd7c03a9b0bdb0 DependenciesID=706627c1217e75690b7609010c22bd94 StaticDependenciesID=d2a90e54944067d3ca6e502dee16e32b 
Importing 'GUID: 49c274ec850242c88ad13ac57d6ff54c - Path: Packages/com.unity.collab-proxy/Editor/Diff/Purged' with importer (DefaultImporter)
Imported 'GUID: 49c274ec850242c88ad13ac57d6ff54c' -> (Import Result ID: '27973823b55ac302f5fcc52baa90bfa7') in 0.001 seconds [static dependencies only]. Details - ImportResultOutputID=9e4afb8fe4ea24f57db690d2549bf8fd DependenciesID=8b291251bf8aa535ee2050d351788377 StaticDependenciesID=cf1b2c1718633ef3ef98a87c33d210b5 
Importing 'GUID: 4926c06156894939ba0a2680f1b0aa7a - Path: Packages/com.unity.test-framework/UnityEditor.TestRunner/TestRun/Data' with importer (DefaultImporter)
Imported 'GUID: 4926c06156894939ba0a2680f1b0aa7a' -> (Import Result ID: 'd7a923226ba5b4f3c823c7d01dfe0799') in 0.001 seconds [static dependencies only]. Details - ImportResultOutputID=a5a02383b86951746691789ea1770405 DependenciesID=2b08088ed382fbd88747626da51402ab StaticDependenciesID=90e5c7a10091a03d6068687c87bc2f92 
Importing 'GUID: 69545da8115b7fd459252e2795b975da - Path: Packages/com.unity.collab-proxy/Editor/CodeEditor/Editing' with importer (DefaultImporter)
Imported 'GUID: 69545da8115b7fd459252e2795b975da' -> (Import Result ID: '0ef52ccc4575a98efb1ebc4a08b3eb5f') in 0.001 seconds [static dependencies only]. Details - ImportResultOutputID=eae22bc1d5c18db64c184dc5bcc1ee70 DependenciesID=595cb4f68380b29ecc8f67820f3ddd12 StaticDependenciesID=21ea971030c7bbf67af050eb0502204a 
Importing 'GUID: 891bb6b9f5094c36b59c3788e21c8213 - Path: Packages/com.unity.test-framework/UnityEditor.TestRunner/Api/Analytics' with importer (DefaultImporter)
Imported 'GUID: 891bb6b9f5094c36b59c3788e21c8213' -> (Import Result ID: '1a1721a3ea4d67fe4ffe1aa3fdc3d1d9') in 0.001 seconds [static dependencies only]. Details - ImportResultOutputID=7998c9824c94ac0412eedd6830205f19 DependenciesID=01aa3ef6faa050dfabbc1409c1f36bb9 StaticDependenciesID=aa8c2cdb9eba597bc2c4b6bbd17dc081 
Importing 'GUID: b9d7bb79ed0c2854a8a5ed7decc3e44f - Path: Packages/com.unity.timeline/Editor/Window/ViewModel' with importer (DefaultImporter)
Imported 'GUID: b9d7bb79ed0c2854a8a5ed7decc3e44f' -> (Import Result ID: '358ab8ead41ac220c033f360b615f6d0') in 0.001 seconds [static dependencies only]. Details - ImportResultOutputID=7781b854d433deb006778d45715aabad DependenciesID=f1ea99b998a11b30d9c47036d1bc2cf8 StaticDependenciesID=e728da11148c933db4561b1ed92d2af7 
Importing 'GUID: d9682e749d3efc642af54d789d9090a6 - Path: Packages/com.unity.test-framework/UnityEditor.TestRunner/TestRunner/Messages' with importer (DefaultImporter)
Imported 'GUID: d9682e749d3efc642af54d789d9090a6' -> (Import Result ID: '60f80ab54161615f241eddac576265f7') in 0.001 seconds [static dependencies only]. Details - ImportResultOutputID=df1446cda33be1150fafeea045978830 DependenciesID=5f5730112a8aa021c5bac62a45f7a47d StaticDependenciesID=a3fe2d4eba02243492f56da00a6bf013 
Importing 'GUID: e9d092d8c9e8ffe48882f0c22e0e880d - Path: Packages/com.unity.collab-proxy/Editor/Configuration/TeamEdition' with importer (DefaultImporter)
Imported 'GUID: e9d092d8c9e8ffe48882f0c22e0e880d' -> (Import Result ID: '8a38eec87e2863878e5f2ee347566f77') in 0.001 seconds [static dependencies only]. Details - ImportResultOutputID=311c10f5a50175e797244960cf4b7aac DependenciesID=dbb7e967b54e899d3d6320552008a16b StaticDependenciesID=cb03d6127fc7638928eff440733e7b6c 
Importing 'GUID: e9c18861072146ca91af22a8a8dbab9d - Path: Packages/com.unity.collab-proxy/Editor/Diff/Asset' with importer (DefaultImporter)
Imported 'GUID: e9c18861072146ca91af22a8a8dbab9d' -> (Import Result ID: '8993871a867fa8c46f2c0a1703c582d9') in 0.001 seconds [static dependencies only]. Details - ImportResultOutputID=ada694a4d0ac56d25c8cd7a0797d964e DependenciesID=937e2b1517530f6390e81fecd76c0b1e StaticDependenciesID=9f37642a20ccda74940dc7b62695d7d9 
Importing 'GUID: 3ac7d3b2f88744a4c89cb263306add7d - Path: Packages/com.unity.collab-proxy/Editor/Views/History' with importer (DefaultImporter)
Imported 'GUID: 3ac7d3b2f88744a4c89cb263306add7d' -> (Import Result ID: '5d12d58204bd3bb83c0f4b7078186fec') in 0.001 seconds [static dependencies only]. Details - ImportResultOutputID=9fd1c4121113b44eb5c7d2d113da1504 DependenciesID=d7b831f6719957fcb8bd889cf90c3180 StaticDependenciesID=9e62b7fb469da7757baf16b2608157c8 
Importing 'GUID: 4ad09461bf994e54da846f726a23118e - Path: Packages/com.unity.timeline/Editor/Manipulators/Cursors' with importer (DefaultImporter)
Imported 'GUID: 4ad09461bf994e54da846f726a23118e' -> (Import Result ID: '5645b2bab8e9d49b697e42041f046df7') in 0.001 seconds [static dependencies only]. Details - ImportResultOutputID=72be67b2820ef35c68e906d4583d3755 DependenciesID=cd5798b7a687b98979f5a18807b68390 StaticDependenciesID=dac62a1959ab55aa74d48a6d11b5e14b 
Importing 'GUID: 5a6f78ebd8e092549974122103145fbe - Path: Packages/com.unity.collab-proxy/Editor/CloudDrive/CreateWorkspace' with importer (DefaultImporter)
Imported 'GUID: 5a6f78ebd8e092549974122103145fbe' -> (Import Result ID: '49beccc03a26dcf52b57a5a57eba3356') in 0.001 seconds [static dependencies only]. Details - ImportResultOutputID=f17a583aaad029799ffc4c6ad9f39a94 DependenciesID=af75c7e39a60c9c2f71b4e17c82ed83b StaticDependenciesID=a9f438c78fe8dc8a0eb1b6642fbb0922 
Importing 'GUID: 6a94a55dca335c547ac65bd4b85d2a55 - Path: Packages/com.unity.collab-proxy/Editor/AssetOverlays/Cache' with importer (DefaultImporter)
Imported 'GUID: 6a94a55dca335c547ac65bd4b85d2a55' -> (Import Result ID: '80638bebe77f1c5fab9d4af607c190bd') in 0.001 seconds [static dependencies only]. Details - ImportResultOutputID=f2a1ecc4b4126a5ce0893af063313485 DependenciesID=e94d78c87e48110863715a68cb3ebf00 StaticDependenciesID=3d3dae0f498af3e0a08a8e9d002f1a27 
Importing 'GUID: 9a49298850a2a344ba3026aa6493b8f2 - Path: Packages/com.unity.collab-proxy/Editor/Views/BrowseRepository' with importer (DefaultImporter)
Imported 'GUID: 9a49298850a2a344ba3026aa6493b8f2' -> (Import Result ID: 'ac05b825234d1fa66b58d496caa9c9c8') in 0.001 seconds [static dependencies only]. Details - ImportResultOutputID=a233e650fbdc32bfadf71a7e362c10e9 DependenciesID=46443bd89e4aebbc1380003264fc83b0 StaticDependenciesID=7568b7c9ba74c3edabefc48230f10a8f 
Importing 'GUID: aa290bd9a165a0543a4bf85ac73914bc - Path: Packages/com.unity.ide.rider/Rider/Editor/PostProcessors' with importer (DefaultImporter)
Imported 'GUID: aa290bd9a165a0543a4bf85ac73914bc' -> (Import Result ID: '797e09e12c4f47fa0c8649b422a7d8ae') in 0.001 seconds [static dependencies only]. Details - ImportResultOutputID=7b631737181e97c6fe1ac014f4070871 DependenciesID=e3e9d8cd6f5642d3c3db3d024d0f48b1 StaticDependenciesID=2a4977cb781def96aeefbad9ea80e3de 
Importing 'GUID: ba39339000b3414c8fd14964ae548fc6 - Path: Packages/com.unity.collab-proxy/Editor/_Deprecated/UI' with importer (DefaultImporter)
Imported 'GUID: ba39339000b3414c8fd14964ae548fc6' -> (Import Result ID: '232b4895c11b3e9787b84ec71a9c0df8') in 0.001 seconds [static dependencies only]. Details - ImportResultOutputID=412e3ad2a97c129e88812a7813a37815 DependenciesID=e3b53321b3e4a02e0ab75cdf58df0f7c StaticDependenciesID=c99a7e19b4834212ff81badc3d1be2cc 
Importing 'GUID: ea7c31b5b377c314db28ad3fabbbd38d - Path: Packages/com.unity.ugui/Editor/TMP/PropertyDrawers' with importer (DefaultImporter)
Imported 'GUID: ea7c31b5b377c314db28ad3fabbbd38d' -> (Import Result ID: '1d73406710ec3b5ec0abbbb4442db133') in 0.001 seconds [static dependencies only]. Details - ImportResultOutputID=148273df495a37fdbbbfff423449f9d0 DependenciesID=3232b899f628bfc4a4cdd79145f41f05 StaticDependenciesID=23e4143de022d8be7a51883687722c8d 
Importing 'GUID: fae3ac1997e164d1eba5fa5c417cbefd - Path: Packages/com.unity.ugui/Tests/Editor/UGUI' with importer (DefaultImporter)
Imported 'GUID: fae3ac1997e164d1eba5fa5c417cbefd' -> (Import Result ID: '23c64172a1fcf751ad23eee891c3f37e') in 0.001 seconds [static dependencies only]. Details - ImportResultOutputID=f7713b5d5cf33a8c204b2a2b1a28939a DependenciesID=2c2d18819535a7db81a970984bedec7a StaticDependenciesID=40e233ba846e4b51c6a5b3241291f7ea 
Importing 'GUID: fa68ac03b8845a142974ec6497cb4acc - Path: Packages/com.unity.timeline/Editor/StyleSheets/Extensions' with importer (DefaultImporter)
Imported 'GUID: fa68ac03b8845a142974ec6497cb4acc' -> (Import Result ID: '4d39c353d7514e890b17ea4a07ac9fa5') in 0.001 seconds [static dependencies only]. Details - ImportResultOutputID=1207eb7af19d6629f5eed493402a4e25 DependenciesID=a7fea452b190c2cd237363481ebed23d StaticDependenciesID=63e4d319ecf89eb16eeef18fa0e1183b 
Importing 'GUID: 0b593e05bcd27824eb229f8c6b20e13b - Path: Packages/com.unity.collab-proxy/Editor/Configuration/CloudEdition' with importer (DefaultImporter)
Imported 'GUID: 0b593e05bcd27824eb229f8c6b20e13b' -> (Import Result ID: '177d7a1f3c1eadd08c687c59ea599834') in 0.001 seconds [static dependencies only]. Details - ImportResultOutputID=8ce205a5e6a003ee4f1b89a1cef7ec46 DependenciesID=90d7a63f49a1e6ed3f43ef968caaf4bf StaticDependenciesID=30055ca2ca141880e62d4c8f6202b5d3 
Importing 'GUID: 5b00473355622524394628f7ec51808d - Path: Packages/com.unity.timeline/Runtime/Events/Signals' with importer (DefaultImporter)
Imported 'GUID: 5b00473355622524394628f7ec51808d' -> (Import Result ID: '2c5503922fcf1cf5ce6f7ac1481d5715') in 0.001 seconds [static dependencies only]. Details - ImportResultOutputID=3a5678f804b4735ca87193b427048287 DependenciesID=7d7728222617993bb679f2b99be8b939 StaticDependenciesID=a01e57c59a6f4fe4198a4698f40d408d 
Importing 'GUID: 5ba130fc1db953547a50bcf5c162a3e8 - Path: Packages/com.unity.timeline/Editor/Signals/TreeView' with importer (DefaultImporter)
Imported 'GUID: 5ba130fc1db953547a50bcf5c162a3e8' -> (Import Result ID: '2de9b3292995c8b03a3aac87594c2be5') in 0.001 seconds [static dependencies only]. Details - ImportResultOutputID=4bad547f106d30da3e238d36923599b1 DependenciesID=1538526e47eb4a951651f641575bb1d9 StaticDependenciesID=920ca425322b4b845d7b002bec77e295 
Importing 'GUID: 6b72875690e0f7343911e06af3145bd5 - Path: Packages/com.unity.test-framework/UnityEngine.TestRunner/NUnitExtensions/Commands' with importer (DefaultImporter)
Imported 'GUID: 6b72875690e0f7343911e06af3145bd5' -> (Import Result ID: '5fea1e9c0f6dfe9ca0d894cb771883f3') in 0.001 seconds [static dependencies only]. Details - ImportResultOutputID=331eca5ef0be679acabec48b795c7e00 DependenciesID=f0d635ce90a1aedaeb3da2345f602aed StaticDependenciesID=7b9a4cc92c06256e67fde56948b5329c 
Importing 'GUID: 9bd34ec3fe8f4aed936c3a0cf2f32e56 - Path: Packages/com.unity.multiplayer.center/Editor/MultiplayerCenterWindow/UI' with importer (DefaultImporter)
Imported 'GUID: 9bd34ec3fe8f4aed936c3a0cf2f32e56' -> (Import Result ID: '8189630a1d207f45ca78afac74ce7c89') in 0.001 seconds [static dependencies only]. Details - ImportResultOutputID=720cab799a3c12d10157a56386d2abbc DependenciesID=338aa00a4fc44445e6ba7a33f45f0e4f StaticDependenciesID=f37730e3570cfa69fe95c8f93e868af1 
Importing 'GUID: db34f310723c62440a05d3e69f262a70 - Path: Packages/com.unity.timeline/Editor/Manipulators/AddDelete' with importer (DefaultImporter)
Imported 'GUID: db34f310723c62440a05d3e69f262a70' -> (Import Result ID: '6775b9281cccb469fc06d04b82fd0c87') in 0.001 seconds [static dependencies only]. Details - ImportResultOutputID=18af6dfef8d9bf5db977cefc05275f8a DependenciesID=cdfaec2e6bafbb5dcdbd44de4da104fc StaticDependenciesID=e041c410424a09754615a80324647acc 
Importing 'GUID: ebc4d20cc106cea49b1df1153f0b3b5e - Path: Packages/com.unity.test-framework/UnityEditor.TestRunner/TestLaunchers/PlatformSetup' with importer (DefaultImporter)
Imported 'GUID: ebc4d20cc106cea49b1df1153f0b3b5e' -> (Import Result ID: '0b2c9622a6ab524eaa0eaf7b5b62e966') in 0.001 seconds [static dependencies only]. Details - ImportResultOutputID=d7aab0e8ab0737fda991e7097b020464 DependenciesID=4a206faa86f6687e998ab53ded6dbf1d StaticDependenciesID=3f0440ca1e4d0071e34277f3c02e97d7 
Importing 'GUID: 0cb14878543cf3d4f8472b15f7ecf0e3 - Path: Packages/com.unity.test-framework/UnityEngine.TestRunner/NUnitExtensions/Attributes' with importer (DefaultImporter)
Imported 'GUID: 0cb14878543cf3d4f8472b15f7ecf0e3' -> (Import Result ID: '673adc8ccf738e9fb1111697011e3bbc') in 0.001 seconds [static dependencies only]. Details - ImportResultOutputID=07f161243d8ca7b2df7febccc66907be DependenciesID=286c430710e80e74de95127974b6991e StaticDependenciesID=18b873f16d526cbe8273032cc6f8a858 
Importing 'GUID: 3c4be395f8154c3797fc8aef5645fcac - Path: Packages/com.unity.collab-proxy/Editor/Views/Locks' with importer (DefaultImporter)
Imported 'GUID: 3c4be395f8154c3797fc8aef5645fcac' -> (Import Result ID: '5a1d2c609e5f2937d59e9a1a4bdd5ff4') in 0.001 seconds [static dependencies only]. Details - ImportResultOutputID=433730aec549fb5c6dc895a0f26a4646 DependenciesID=98c97b03e88212011b52a0122daa3542 StaticDependenciesID=b97a42c9f5c49295a850937f3388dfa8 
Importing 'GUID: 3c1cec640b7a44f4da637caef9ec1727 - Path: Packages/com.unity.collab-proxy/Lib/Editor/TextMateSharp' with importer (DefaultImporter)
Imported 'GUID: 3c1cec640b7a44f4da637caef9ec1727' -> (Import Result ID: '4af07c7f67fa118344f3532006ebc365') in 0.001 seconds [static dependencies only]. Details - ImportResultOutputID=eb8af65230b9d9319ecfe2a6f358afd4 DependenciesID=44fcbe4b635f22fc6ffd745df93f71e5 StaticDependenciesID=b6c98c31e709e7e5dfe28c9c64c39286 
Importing 'GUID: cca926c65e360cf4f8637f7c853a7513 - Path: Packages/com.unity.collab-proxy/Editor/Developer/UpdateReport' with importer (DefaultImporter)
Imported 'GUID: cca926c65e360cf4f8637f7c853a7513' -> (Import Result ID: '4ceab47505c15bea523e726a676f03fb') in 0.001 seconds [static dependencies only]. Details - ImportResultOutputID=06034b7e7aa183945da22f20849f1f08 DependenciesID=b9617a96d07af4a2d59823e40e910a4e StaticDependenciesID=3899f860e2458bd28eaed48307b2c2af 
Importing 'GUID: 3d453576028bb344db0d59db893bf3a6 - Path: Packages/com.unity.timeline/Editor/treeview/TrackGui' with importer (DefaultImporter)
Imported 'GUID: 3d453576028bb344db0d59db893bf3a6' -> (Import Result ID: 'a62d2d3910dd188da44bdb325f24975d') in 0.001 seconds [static dependencies only]. Details - ImportResultOutputID=54caf9f50ccdd872ad990c48e3461b39 DependenciesID=88da9745a5fc065683c536e2a9d14e00 StaticDependenciesID=76f6c9c8c4cfa60b6fccbde1ed61af26 
Importing 'GUID: 3ddaad49a7bcb4087b403f2225d54840 - Path: Packages/com.unity.ugui/Tests/Editor/TMP' with importer (DefaultImporter)
Imported 'GUID: 3ddaad49a7bcb4087b403f2225d54840' -> (Import Result ID: '86f998f82984b95d03c06167ff2b4ca5') in 0.001 seconds [static dependencies only]. Details - ImportResultOutputID=09f3672032e2b756467bd1b8888c220c DependenciesID=40ec637a46a47a9c605d0d663c9ec62b StaticDependenciesID=8783cbfd387883268781d3731efb8a7f 
Importing 'GUID: 5d558eb582a19cf46b06976fb93d7896 - Path: Packages/com.unity.collab-proxy/Editor/Views/PendingChanges' with importer (DefaultImporter)
Imported 'GUID: 5d558eb582a19cf46b06976fb93d7896' -> (Import Result ID: 'f0fcb9ea12f773364af09fc358858668') in 0.001 seconds [static dependencies only]. Details - ImportResultOutputID=96daee67a1298c5fd2cbb2add469578e DependenciesID=dd42ff0ce8852dc611063cfc40d6a270 StaticDependenciesID=7719708bb609f78747da2bec238d4ded 
Importing 'GUID: 5d7f0d6acfced954682a89e7002c04d9 - Path: Packages/com.unity.test-framework/UnityEditor.TestRunner/TestRunner/Callbacks' with importer (DefaultImporter)
Imported 'GUID: 5d7f0d6acfced954682a89e7002c04d9' -> (Import Result ID: '75945c8beba5dfb089a31467fbb8e60f') in 0.001 seconds [static dependencies only]. Details - ImportResultOutputID=c41748e0dad7446506b58e8595cfa6c8 DependenciesID=f4d13ad1d676690cb1b48b16f166fa7e StaticDependenciesID=6615522c8a21239cc0d07a6ddd8bbd70 
Importing 'GUID: 6d49fec91584fde45ad08f2f316792bb - Path: Packages/com.unity.collab-proxy/Editor/UVCSToolbar/PopupWindow' with importer (DefaultImporter)
Imported 'GUID: 6d49fec91584fde45ad08f2f316792bb' -> (Import Result ID: '48167368c7dab8e8aea19becf21c7a1e') in 0.001 seconds [static dependencies only]. Details - ImportResultOutputID=ad8238060f880a16cd0a33e12546bd80 DependenciesID=cddd302690502b295b7385138b56f4b4 StaticDependenciesID=575f40815ed2bc76d7cb7db86f7ebf89 
Importing 'GUID: 6dba53789da15814387fa5b1445e81e0 - Path: Packages/com.unity.test-framework/UnityEditor.TestRunner/TestRun/Tasks' with importer (DefaultImporter)
Imported 'GUID: 6dba53789da15814387fa5b1445e81e0' -> (Import Result ID: '4693b2876f7f79e4ade16eb7988cab89') in 0.001 seconds [static dependencies only]. Details - ImportResultOutputID=6db6dda383b549f157127f31279318c1 DependenciesID=8a5c587c19da8a7fff80aec7dca2df8f StaticDependenciesID=7d5c24122adf32e795b8fde176648bfc 
Importing 'GUID: 9d816a6ab06c6834480f5f45f440e287 - Path: Packages/com.unity.timeline/Editor/treeview/ItemGui' with importer (DefaultImporter)
Imported 'GUID: 9d816a6ab06c6834480f5f45f440e287' -> (Import Result ID: 'a97fc80f1efdd3991637364c9b4789dd') in 0.001 seconds [static dependencies only]. Details - ImportResultOutputID=53b4cc7a804cd59abb79c36fe0ff2afc DependenciesID=bc19d1454fcbb2ab362f1e5c573a4b5a StaticDependenciesID=c65866d3eadbe846f1fadb5f152fce95 
Importing 'GUID: bd3ffb9a97575a44a82f9ca086813154 - Path: Packages/com.unity.timeline/Editor/Manipulators/Move' with importer (DefaultImporter)
Imported 'GUID: bd3ffb9a97575a44a82f9ca086813154' -> (Import Result ID: '357a38e8ee36a5cb770a73b11330e20e') in 0.001 seconds [static dependencies only]. Details - ImportResultOutputID=9e3f6d37ecd7ac5156b55416c2d4cd87 DependenciesID=8989e081762c1e2822ec51215a3771f6 StaticDependenciesID=a479a506eb3b0f9c4a962b1dcbbb755d 
Importing 'GUID: cd9c8fc1c8d64d54ab1e22aae9678d84 - Path: Packages/com.unity.ugui/Tests/Editor/Common' with importer (DefaultImporter)
Imported 'GUID: cd9c8fc1c8d64d54ab1e22aae9678d84' -> (Import Result ID: '20948fb9776fae3c9b467683d942bb49') in 0.001 seconds [static dependencies only]. Details - ImportResultOutputID=0d0e7404c505268944fbca5095487151 DependenciesID=7e74166c67256b50b90aa4ef99711fbe StaticDependenciesID=d78b6ba1d9967af4f20ad4ed719fb7b7 
Importing 'GUID: 0ecc4e2fc6e40a54fb97cab710a1dd41 - Path: Packages/com.unity.collab-proxy/Editor/Views/Merge' with importer (DefaultImporter)
Imported 'GUID: 0ecc4e2fc6e40a54fb97cab710a1dd41' -> (Import Result ID: '2b23edca371209c764a292332b2d1439') in 0.001 seconds [static dependencies only]. Details - ImportResultOutputID=a0900a9584b26a78edc3d25e27ce1981 DependenciesID=1f02c781a31bc81251502a8c90ac2d8e StaticDependenciesID=33e6b306a4e2ba483a7bc2457d9e1259 
Importing 'GUID: 2eb5ea14def0c1b4c8f1f287f85cab43 - Path: Packages/com.unity.collab-proxy/Lib/Editor/Localization' with importer (DefaultImporter)
Imported 'GUID: 2eb5ea14def0c1b4c8f1f287f85cab43' -> (Import Result ID: '9b7ea3895259c4061a3185b415335ed4') in 0.001 seconds [static dependencies only]. Details - ImportResultOutputID=7dfe0e904e6f8ea6208cc9c15d1b5bce DependenciesID=6d17c3d35afe08207846bf3ffb2398ee StaticDependenciesID=e261b8e383fcccef83c7ae56dbb611ee 
Importing 'GUID: 2e69b76b513515641800b4ffad031ae8 - Path: Packages/com.unity.collab-proxy/Editor/UI/UIElements' with importer (DefaultImporter)
Imported 'GUID: 2e69b76b513515641800b4ffad031ae8' -> (Import Result ID: '7c03f24dd90ecd33e61efefcea63621e') in 0.001 seconds [static dependencies only]. Details - ImportResultOutputID=dc3cff274a135118e5d2ed86cd19dde7 DependenciesID=0c38f9cec3e553e26d566361ce57b821 StaticDependenciesID=2d4510fa10cd624c245431436e4e7409 
Importing 'GUID: 4edf5537f8245134c8b023ab85d8e640 - Path: Packages/com.unity.collab-proxy/Editor/UI/Errors' with importer (DefaultImporter)
Imported 'GUID: 4edf5537f8245134c8b023ab85d8e640' -> (Import Result ID: '59b6bf59776c48ab7fb68c24f9c94567') in 0.002 seconds [static dependencies only]. Details - ImportResultOutputID=61e8c24a71a39c6a60db34f7aebb6cc1 DependenciesID=48e2d898964ae2928da5c33ca20f5c50 StaticDependenciesID=ff35865b8a44f35bafcdade2abbe68f5 
Importing 'GUID: 5e726086cd652f82087d59d67d2c24cd - Path: Packages/com.unity.ide.rider/Rider/Editor/Util' with importer (DefaultImporter)
Imported 'GUID: 5e726086cd652f82087d59d67d2c24cd' -> (Import Result ID: 'd9a2c189604f3067aa868cc3d5513752') in 0.001 seconds [static dependencies only]. Details - ImportResultOutputID=6a700186624845cc20e38a45be99c2bd DependenciesID=b77d2f6a95f6954f00d2bb3a34f16027 StaticDependenciesID=bc8e24751d5a2dbf19cd4a7598f5bbac 
Importing 'GUID: 9ea154c33fd8466f973f004e5c962df7 - Path: Packages/com.unity.test-framework/UnityEditor.TestRunner/UnityTestProtocol/Messages' with importer (DefaultImporter)
Imported 'GUID: 9ea154c33fd8466f973f004e5c962df7' -> (Import Result ID: '3c06af5ccd7d28c3a865fb05abc78032') in 0.001 seconds [static dependencies only]. Details - ImportResultOutputID=9a453184ef9fbc25fc23485e89c26cb5 DependenciesID=37b228f46d6e365aa3fad450fb7268ce StaticDependenciesID=5bd96380e171a357d874fcc46c5c735a 
Importing 'GUID: aed2b943076bcc2498a95dbd61af50da - Path: Packages/com.unity.collab-proxy/Editor/UI/UndoRedo' with importer (DefaultImporter)
Imported 'GUID: aed2b943076bcc2498a95dbd61af50da' -> (Import Result ID: '4d08ea25a4dd8c3abab468d02fafa979') in 0.001 seconds [static dependencies only]. Details - ImportResultOutputID=bfd4858e71e73e0c864009b7dcdaed7d DependenciesID=6d7350def01ab54a0e95462c08fb67b7 StaticDependenciesID=8a8562a04267ad072083a438e08a5bb9 
Importing 'GUID: be4a999efc9d629458e92bbcbe233d1d - Path: Packages/com.unity.collab-proxy/Editor/UI/Progress' with importer (DefaultImporter)
Imported 'GUID: be4a999efc9d629458e92bbcbe233d1d' -> (Import Result ID: '3891938fe9162bac01dc5d2a53a538bb') in 0.001 seconds [static dependencies only]. Details - ImportResultOutputID=393f867385d3f34c806f9c1a32e6e092 DependenciesID=45a7b825eaa98057d66804088ff48b61 StaticDependenciesID=755996aa1fb178afdb2151256777a4f1 
Importing 'GUID: ceb47f1768ea33a4984627a59921a4ee - Path: Packages/com.unity.collab-proxy/Editor/Assets/Layouts' with importer (DefaultImporter)
Imported 'GUID: ceb47f1768ea33a4984627a59921a4ee' -> (Import Result ID: '3482edb3cd6d87612a9d4c154c38a87f') in 0.002 seconds [static dependencies only]. Details - ImportResultOutputID=f9f4680a9d200f8fa6c40ceeba1d546f DependenciesID=b7749ac47a581c28281d1377801442cd StaticDependenciesID=34cf032e7d801953d5dcf0dad73a8303 
Importing 'GUID: ce8da628f68c7594b8b9a597fa52db7b - Path: Packages/com.unity.test-framework/UnityEngine.TestRunner/Utils/MonoBehaviourTest' with importer (DefaultImporter)
Imported 'GUID: ce8da628f68c7594b8b9a597fa52db7b' -> (Import Result ID: 'e11e86b68385d2424fabc4528965ab8b') in 0.003 seconds [static dependencies only]. Details - ImportResultOutputID=2d38d279fcda641716a64a3285bed967 DependenciesID=aee11b902f17ee05813b32d5af577e6f StaticDependenciesID=e019915e66bf56c6a53c45eddcac8d59 
Importing 'GUID: dec586c160776104da4d9a4e472662bc - Path: Packages/com.unity.timeline/Editor/Manipulators/Sequence' with importer (DefaultImporter)
Imported 'GUID: dec586c160776104da4d9a4e472662bc' -> (Import Result ID: 'f63c2559a142614f8c71a6dcd2d90bd8') in 0.001 seconds [static dependencies only]. Details - ImportResultOutputID=5f9556b1ac0dd5558f3262ff2b561630 DependenciesID=e53c755c5c834e7293ba444542dce3c4 StaticDependenciesID=0522563c6736e149b3ee0e3ed9bc82a9 
Importing 'GUID: eecc124dc0b994047aac97ccf8c8ed0a - Path: Packages/com.unity.ugui/Editor/TMP/HDRP' with importer (DefaultImporter)
Imported 'GUID: eecc124dc0b994047aac97ccf8c8ed0a' -> (Import Result ID: '4eaa04270042ae16538281706fa374e2') in 0.001 seconds [static dependencies only]. Details - ImportResultOutputID=14d3a5f20adbc7445c4525f8fcb73ab4 DependenciesID=577c658a00e1ac9494af49baab489961 StaticDependenciesID=fdc3c3b6fc6511db2e1bc4554a5b9e76 
Importing 'GUID: 1f5bbb88ca730434483440cbc0278ef6 - Path: Packages/com.unity.test-framework/UnityEditor.TestRunner/TestRunner/Utils' with importer (DefaultImporter)
Imported 'GUID: 1f5bbb88ca730434483440cbc0278ef6' -> (Import Result ID: 'bf22c8a53b121bf6289726882ff4d503') in 0.001 seconds [static dependencies only]. Details - ImportResultOutputID=b54df974e33f3b29d71ca6f71b34a610 DependenciesID=062ab91bc526ba62f66a5bf0817556be StaticDependenciesID=19b4d525f46038ec3ab7a23ba103e34f 
Importing 'GUID: 5f603f10b9ec26841b2ecb6003dc1d0e - Path: Packages/com.unity.timeline/Editor/StyleSheets/Images' with importer (DefaultImporter)
Imported 'GUID: 5f603f10b9ec26841b2ecb6003dc1d0e' -> (Import Result ID: 'ed1abbe7ee61919901ebb341d8289dbe') in 0.001 seconds [static dependencies only]. Details - ImportResultOutputID=1c48eb4d4a657a02493dbe021c6aa372 DependenciesID=08de994ab2eb96a5293f2506ca51bdea StaticDependenciesID=87ab154df9c58c171f91502f469bf340 
Importing 'GUID: 7f27709c942d91541be1fd6aa5cb3d78 - Path: Packages/com.unity.ugui/Runtime/UGUI/EventSystem' with importer (DefaultImporter)
Imported 'GUID: 7f27709c942d91541be1fd6aa5cb3d78' -> (Import Result ID: '5fa458fd0836459d088658e31ab65d21') in 0.001 seconds [static dependencies only]. Details - ImportResultOutputID=acac830162be810f328023d2d62ddad8 DependenciesID=0027d2c8fa337e4dde0148ef08e460a7 StaticDependenciesID=dc702dab303b1e3c2e4188dd9189fd18 
Importing 'GUID: cf97e54bcd5479a46bdbade48da047cc - Path: Packages/com.unity.ugui/Editor/UGUI/Properties' with importer (DefaultImporter)
Imported 'GUID: cf97e54bcd5479a46bdbade48da047cc' -> (Import Result ID: '1e693794e18852b14ae51e44222a82f5') in 0.001 seconds [static dependencies only]. Details - ImportResultOutputID=5d3f77239bff121229cf5c31b986881a DependenciesID=02e0b64e257f36d84bb922db5b0d8454 StaticDependenciesID=60860d85e63f35f9423f38c19e973902 
Importing 'GUID: ef074903871b8b64d856ee0a54f14a7c - Path: Packages/com.unity.collab-proxy/Editor/_Deprecated/CollabMigration' with importer (DefaultImporter)
Imported 'GUID: ef074903871b8b64d856ee0a54f14a7c' -> (Import Result ID: '4590c13d66362943275d35b66c23f59d') in 0.001 seconds [static dependencies only]. Details - ImportResultOutputID=678029767ac9543807619b3ad05304ac DependenciesID=3e2b183d8a4df6ca512974105fe9d09f StaticDependenciesID=33e12cf9b03876c5420ccc1a254548d0 
Importing 'GUID: ffaef7825f6e4fa2ad277b30964412a3 - Path: Packages/com.unity.collab-proxy/Editor/Diff/Text' with importer (DefaultImporter)
Imported 'GUID: ffaef7825f6e4fa2ad277b30964412a3' -> (Import Result ID: 'f1e5ab50ae3bdcc71abbd706fec67000') in 0.001 seconds [static dependencies only]. Details - ImportResultOutputID=e02ed0216513f16da8e7a373907cfae2 DependenciesID=e2beb6bb4a3ea088630ce9703388141a StaticDependenciesID=e62f5a920b6f1f1f345374fa39b04b29 
Importing 'GUID: 1091bc2ad06e3234aac2b2fa2841c09d - Path: Packages/com.unity.ugui/Tests/Runtime/UGUI/Image' with importer (DefaultImporter)
Imported 'GUID: 1091bc2ad06e3234aac2b2fa2841c09d' -> (Import Result ID: 'ca86c05bd3360ab5d936ff062633359c') in 0.001 seconds [static dependencies only]. Details - ImportResultOutputID=772529048520a7440e4ad37180880f1c DependenciesID=6fe48ce7f7d09a749926244b4a367aa2 StaticDependenciesID=d79be942104491cee4d671fbd627d480 
Importing 'GUID: 305ca32be1aa5504aa182f583895dfe4 - Path: Packages/com.unity.ugui/Tests/Editor/UGUI/RectMask2D' with importer (DefaultImporter)
Imported 'GUID: 305ca32be1aa5504aa182f583895dfe4' -> (Import Result ID: '8f5c0538332136079575ead9209977b6') in 0.001 seconds [static dependencies only]. Details - ImportResultOutputID=d73035c86cc096d7ad810645123c403d DependenciesID=89d21b75232b89ee68543420782c9821 StaticDependenciesID=073cae0e5496d229e1ba9c098d149cb1 
Importing 'GUID: 21b6b069ae021364ab45e1094807ec98 - Path: Packages/com.unity.timeline/Editor/StyleSheets/Images/DarkSkin' with importer (DefaultImporter)
Imported 'GUID: 21b6b069ae021364ab45e1094807ec98' -> (Import Result ID: 'a7f784b5b9bb831a2e4bed58a7a59bfb') in 0.001 seconds [static dependencies only]. Details - ImportResultOutputID=fa8eeaf6b7d55d104f3c4dec967c7baf DependenciesID=3d07dbf8e24703cd09e998636e0bf543 StaticDependenciesID=5aa14c82d167e3438de806eb09f300a1 
Importing 'GUID: 4198868b7a6f4b29aee31bc2cd593c1e - Path: Packages/com.unity.collab-proxy/Editor/Views/BranchExplorer/Menu' with importer (DefaultImporter)
Imported 'GUID: 4198868b7a6f4b29aee31bc2cd593c1e' -> (Import Result ID: '2ced3f0ba185fdce1e29db7111962045') in 0.001 seconds [static dependencies only]. Details - ImportResultOutputID=4fb5db25254df0475c45d413a42e2abb DependenciesID=ff2f8037923118018cc9966d2e5d6238 StaticDependenciesID=9155c00481082aec984cc70125484027 
Importing 'GUID: a1572bb42f6541f48143c02e26da30aa - Path: Packages/com.unity.multiplayer.center/Editor/MultiplayerCenterWindow/Onboarding/GettingStarted' with importer (DefaultImporter)
Imported 'GUID: a1572bb42f6541f48143c02e26da30aa' -> (Import Result ID: '00f1cda9da6a81eb46b38ad1356a5ee2') in 0.001 seconds [static dependencies only]. Details - ImportResultOutputID=e87b2097173d3bdc48c759ecdb082c9e DependenciesID=bd5a30abfa29dbb9d1c1e2025590997b StaticDependenciesID=9833a1d0fbfe2475088e00a55af7087a 
Importing 'GUID: c16c54fe03afb5740bcc0a2a295cb79d - Path: Packages/com.unity.ugui/Tests/Editor/UGUI/InputField' with importer (DefaultImporter)
Imported 'GUID: c16c54fe03afb5740bcc0a2a295cb79d' -> (Import Result ID: 'e39889565896ffef157df0d6adc3dfd7') in 0.001 seconds [static dependencies only]. Details - ImportResultOutputID=2e87704a5e94d7751c53551396781cdf DependenciesID=3c6260de6bc2ce90dc7f7324674ecd4d StaticDependenciesID=c92b86f3cb84d04ad526f6a26d768bcc 
Importing 'GUID: 12c42068351bb084abde965d725b9887 - Path: Packages/com.unity.ugui/Runtime/UGUI/UI/Core' with importer (DefaultImporter)
Imported 'GUID: 12c42068351bb084abde965d725b9887' -> (Import Result ID: '92822374587055c9470dee411fdd3e39') in 0.001 seconds [static dependencies only]. Details - ImportResultOutputID=50100107e26413729ea0e64b9dd732a9 DependenciesID=9999f1385018a08756297382b543bd1e StaticDependenciesID=b481be13bc84068e451f858521153e1c 
Importing 'GUID: 22d315e8026b2304fb40b8cc8fdc1dac - Path: Packages/com.unity.collab-proxy/Editor/UVCSToolbar/PopupWindow/Operations' with importer (DefaultImporter)
Imported 'GUID: 22d315e8026b2304fb40b8cc8fdc1dac' -> (Import Result ID: 'c0703c9108ab4ed52b90019e5522acbf') in 0.001 seconds [static dependencies only]. Details - ImportResultOutputID=1f95787b7434ea05c2260525c52e98c6 DependenciesID=c9130237e6d6be4fea4b2df17f93d1e3 StaticDependenciesID=87d0f6caa16305372f77a16f81aee728 
Importing 'GUID: 324df26159c3d422783de457f2915b96 - Path: Packages/com.unity.collab-proxy/Editor/Diff/Asset/Content' with importer (DefaultImporter)
Imported 'GUID: 324df26159c3d422783de457f2915b96' -> (Import Result ID: '08a10c32771436c312280cad6a4faed0') in 0.001 seconds [static dependencies only]. Details - ImportResultOutputID=cb0c8a6996cb37ed59c7dfef80d74e14 DependenciesID=5ee53db454bff34d836dd05ef3d1b77e StaticDependenciesID=7934c20c8c542c17e7ac7327a9d2449d 
Importing 'GUID: e210c8bf2e9c6514d90a1bd77586af1f - Path: Packages/com.unity.ugui/Tests/Runtime/UGUI/Toggle' with importer (DefaultImporter)
Imported 'GUID: e210c8bf2e9c6514d90a1bd77586af1f' -> (Import Result ID: 'd0cbb6b0e7e51639dd09e3f6f28003b5') in 0.001 seconds [static dependencies only]. Details - ImportResultOutputID=f9f478d966208acda369517e237f1a8b DependenciesID=e7b9973d5b0813ff4df38c7efc009139 StaticDependenciesID=bb261c516012507ddf17a83c82b571e6 
Importing 'GUID: 03c97d2f23ded48079ad5fe5e05367e2 - Path: Packages/com.unity.collab-proxy/Lib/Editor/TextMateSharp/Onigwrap' with importer (DefaultImporter)
Imported 'GUID: 03c97d2f23ded48079ad5fe5e05367e2' -> (Import Result ID: '6542fbe2aa7792ca86a5835f93b684d2') in 0.001 seconds [static dependencies only]. Details - ImportResultOutputID=5ae20c228626d95a0831b9007dc56690 DependenciesID=b7d265e627a0a300e1b1b3a8915d7fdc StaticDependenciesID=7ae9573d11909a161a69da82cecbdb0a 
Importing 'GUID: 13d345ca5b884fdba377696a76e9aa05 - Path: Packages/com.unity.multiplayer.center/Editor/MultiplayerCenterWindow/Onboarding/GamePlayElements' with importer (DefaultImporter)
Imported 'GUID: 13d345ca5b884fdba377696a76e9aa05' -> (Import Result ID: '5d836f288f11a843d58bfa469fac7bd3') in 0.001 seconds [static dependencies only]. Details - ImportResultOutputID=bde02635acbfe6e153843d682031088c DependenciesID=6051823209c8e269d942395d24ef78c0 StaticDependenciesID=7f70701d2387a4ea55c9c78c5cad1cf9 
Importing 'GUID: 132f4852ac624340a1662611b86b2bf7 - Path: Packages/com.unity.collab-proxy/Editor/UVCSToolbar/PopupWindow/BranchesList' with importer (DefaultImporter)
Imported 'GUID: 132f4852ac624340a1662611b86b2bf7' -> (Import Result ID: 'f696ee3d7b68b923eaf5ca8b2fc99964') in 0.001 seconds [static dependencies only]. Details - ImportResultOutputID=7948a89dbcd6e036bd8e09b1f427ba85 DependenciesID=4e1460a5758599dff2052193836d580b StaticDependenciesID=7c3cfea67b153fdd9b48cb33aeab13a7 
Importing 'GUID: 239dd6edc8e5cd14585c03e09e86a747 - Path: Packages/com.unity.ugui/Tests/Runtime/UGUI/Button' with importer (DefaultImporter)
Imported 'GUID: 239dd6edc8e5cd14585c03e09e86a747' -> (Import Result ID: '2feb40cbff3fd7078fcd86b6a8e3c618') in 0.001 seconds [static dependencies only]. Details - ImportResultOutputID=e3c9f1acd4dc825265c979f9da230f6a DependenciesID=9e41ebd42669266f475263224ffe1902 StaticDependenciesID=4465d33724e97338b49e057daff06bc2 
Importing 'GUID: 43b1467da3d29ae4597a733828cdd84a - Path: Packages/com.unity.ugui/Tests/Runtime/UGUI/ScrollBar' with importer (DefaultImporter)
Imported 'GUID: 43b1467da3d29ae4597a733828cdd84a' -> (Import Result ID: '94776161eaa9d8cdc20ad1146055e509') in 0.001 seconds [static dependencies only]. Details - ImportResultOutputID=e182f296e19bb90282900452b159ae44 DependenciesID=01c10a7e78726cf17f951744664182f1 StaticDependenciesID=48ba65521b208bc3d4201a8c3a02bd54 
Importing 'GUID: 8313ea704470a264295ec9e09aec6ebc - Path: Packages/com.unity.ugui/Tests/Runtime/UGUI/Graphic' with importer (DefaultImporter)
Imported 'GUID: 8313ea704470a264295ec9e09aec6ebc' -> (Import Result ID: '935f40a83ee0a7cc0c2c0bb5aa352e3e') in 0.001 seconds [static dependencies only]. Details - ImportResultOutputID=b2d40ba865db2bc96b98695d8c711298 DependenciesID=b5e7bed34d92fc1fa4a6ce9c843d13e4 StaticDependenciesID=a963257744c8e9fa25d72d40da4eacaf 
Importing 'GUID: 83dbde7dc514d4e839b561f0df9bcad3 - Path: Packages/com.unity.collab-proxy/Editor/Diff/Asset/Common' with importer (DefaultImporter)
Imported 'GUID: 83dbde7dc514d4e839b561f0df9bcad3' -> (Import Result ID: 'ac74e7ee893f88123cadd2e5e1af4a2c') in 0.001 seconds [static dependencies only]. Details - ImportResultOutputID=ecbeabb0f803c01af06f446c0c13cf55 DependenciesID=1c12dd79a79593992d5b491e0628a151 StaticDependenciesID=f3054d10c4d6a0ac6348f91e7b422517 
Importing 'GUID: b3cdabf2f1e76854d8aab5930305d70d - Path: Packages/com.unity.ugui/Runtime/UGUI/EventSystem/EventData' with importer (DefaultImporter)
Imported 'GUID: b3cdabf2f1e76854d8aab5930305d70d' -> (Import Result ID: '908888980f12c637b077f782924aaaff') in 0.001 seconds [static dependencies only]. Details - ImportResultOutputID=33eb15a390817b7004db62ed163e0597 DependenciesID=c9a41e4d8b595b630a419c86433b0e50 StaticDependenciesID=6f831293fdc51fd64e90c3a038e68362 
Importing 'GUID: 34a09eb4d6e8d44989194a25525c5147 - Path: Packages/com.unity.multiplayer.center/Editor/MultiplayerCenterWindow/UI/Icons' with importer (DefaultImporter)
Imported 'GUID: 34a09eb4d6e8d44989194a25525c5147' -> (Import Result ID: '7a8ee2431e8a5ea931a817e54ce27180') in 0.001 seconds [static dependencies only]. Details - ImportResultOutputID=a2860c79bac4ad5d0462f3da9f525f13 DependenciesID=c7dcc9a45d85289ede065cea5b06e927 StaticDependenciesID=56faebad20501f9780b6c85fbce6873d 
Importing 'GUID: 5472815444de2ce45bf2053a4af04b9d - Path: Packages/com.unity.ugui/Runtime/UGUI/UI/Animation' with importer (DefaultImporter)
Imported 'GUID: 5472815444de2ce45bf2053a4af04b9d' -> (Import Result ID: '394703ad3db363849cf3974bbb5870b4') in 0.001 seconds [static dependencies only]. Details - ImportResultOutputID=e0662241a083201a8870e88195309fda DependenciesID=51643b4391bbdce170b62e238a286cf1 StaticDependenciesID=0d15d66c53e3f46500d8496a3c8f6d62 
Importing 'GUID: 94a6220ee1a442249702c9df66e0fe1b - Path: Packages/com.unity.test-framework/UnityEditor.TestRunner/TestRun/Tasks/Player' with importer (DefaultImporter)
Imported 'GUID: 94a6220ee1a442249702c9df66e0fe1b' -> (Import Result ID: 'd770dc91b03c058070d04366ecf4dd6e') in 0.001 seconds [static dependencies only]. Details - ImportResultOutputID=4ae38678e341ab45b845ef0774cc1b3a DependenciesID=9223a7d87db0eaf2680363bc305d2856 StaticDependenciesID=d9ba00218ec57b2766ad47f36e0b3adc 
Importing 'GUID: 158cb24897c04303a383697ef5349bc9 - Path: Packages/com.unity.collab-proxy/Editor/CloudDrive/Workspaces/DirectoryContent' with importer (DefaultImporter)
Imported 'GUID: 158cb24897c04303a383697ef5349bc9' -> (Import Result ID: 'cd620bd37d9c026112160e4a0bb899bd') in 0.001 seconds [static dependencies only]. Details - ImportResultOutputID=6c69410b97f3559d10a56a2f6644c4a4 DependenciesID=082d4ecf5f624074dbcb4a53a351d1b0 StaticDependenciesID=d86e5d20f537b9208853cbf3bf54feb5 
Importing 'GUID: 456d458547ae36d44a13d4a4682f0441 - Path: Packages/com.unity.timeline/Editor/StyleSheets/Images/Shared' with importer (DefaultImporter)
Imported 'GUID: 456d458547ae36d44a13d4a4682f0441' -> (Import Result ID: 'd482d49fc335995450c4ce499ab2d6bc') in 0.001 seconds [static dependencies only]. Details - ImportResultOutputID=78ac62cf9c6a16494f4769a5e7076a34 DependenciesID=953e90a6966f3cfbe9fa94cd8c8cfe4a StaticDependenciesID=eee8865729ec0916bf35210758d5c06e 
Importing 'GUID: 55c9ef176d464ba492d271e2b2c6cef1 - Path: Packages/com.unity.collab-proxy/Editor/Views/BranchExplorer/Game' with importer (DefaultImporter)
Imported 'GUID: 55c9ef176d464ba492d271e2b2c6cef1' -> (Import Result ID: '94f4db51981ff9b5272d61ede868f193') in 0.001 seconds [static dependencies only]. Details - ImportResultOutputID=c3a7709f16c62a594dd2497f2c134062 DependenciesID=0ae72f90745af79bf25bbc52eb6e808d StaticDependenciesID=27e5a4de65bb8c2ec0a82cddb87d11fa 
Importing 'GUID: 850af9f3bf6d14143baf2ecfbf25db52 - Path: Packages/com.unity.ugui/Tests/Runtime/UGUI/Slider' with importer (DefaultImporter)
Imported 'GUID: 850af9f3bf6d14143baf2ecfbf25db52' -> (Import Result ID: '3c18d7a360062324a17773a6acaf08d4') in 0.001 seconds [static dependencies only]. Details - ImportResultOutputID=57d22b82fb590c7f764877a8db9c0aa4 DependenciesID=d1a27546923d6c6039b8f000c22d8d2e StaticDependenciesID=ab8a4d23a2949721142fa7ba3705105c 
Importing 'GUID: 95584824e8c94fafab24cbd922124aff - Path: Packages/com.unity.collab-proxy/Editor/Inspector/Properties/Changeset' with importer (DefaultImporter)
Imported 'GUID: 95584824e8c94fafab24cbd922124aff' -> (Import Result ID: 'b50ba0164445345d0cb152242791112b') in 0.001 seconds [static dependencies only]. Details - ImportResultOutputID=b3148a546e69d67b4feec15250f5f19d DependenciesID=f7439bcd7c9efaf6d938412d9677c687 StaticDependenciesID=5eb1cc73ba0e03f358e0b832a9909412 
Importing 'GUID: c52dccb0f71c4bc0b587555b3017d7ec - Path: Packages/com.unity.collab-proxy/Editor/Diff/Asset/Diff' with importer (DefaultImporter)
Imported 'GUID: c52dccb0f71c4bc0b587555b3017d7ec' -> (Import Result ID: '04362b53e74b0d23ad31cddcea605d11') in 0.001 seconds [static dependencies only]. Details - ImportResultOutputID=1876b4773d22b8485040a0198dfcbd9b DependenciesID=2c6d29ff296cf6a18d269d2dee81bfa1 StaticDependenciesID=1071817cd25efd9018b6c713cc6e3fcf 
Importing 'GUID: 06657c386ba945c2a6e83c5e1d0f04d4 - Path: Packages/com.unity.collab-proxy/Editor/Inspector/Properties/Branch' with importer (DefaultImporter)
Imported 'GUID: 06657c386ba945c2a6e83c5e1d0f04d4' -> (Import Result ID: '87f4ac50ed9c2d5e57803b5988a8b41d') in 0.001 seconds [static dependencies only]. Details - ImportResultOutputID=3e46a969035f7868f9f92da28dd5be75 DependenciesID=424cb1ebc9e7ead20bbb77d8be9901e2 StaticDependenciesID=dd69a1cd38e3e0b7973f26ecabf9c26c 
Importing 'GUID: 16e16045695760047a9bd172458c5d6b - Path: Packages/com.unity.collab-proxy/Editor/Views/Branch/Dialogs' with importer (DefaultImporter)
Imported 'GUID: 16e16045695760047a9bd172458c5d6b' -> (Import Result ID: '122a4b6eb416c4c25ff447631250c6bd') in 0.001 seconds [static dependencies only]. Details - ImportResultOutputID=9a54a3118f4fe0972d0a5f2e65ff73c5 DependenciesID=afe16aa67bc6284136eebd6dc43b981e StaticDependenciesID=1aa5306421a233b2905e48b8310c42f1 
Importing 'GUID: 16c7d1f4783e4042b974149dd463f76e - Path: Packages/com.unity.ugui/Tests/Editor/UGUI/SafeArea' with importer (DefaultImporter)
Imported 'GUID: 16c7d1f4783e4042b974149dd463f76e' -> (Import Result ID: 'b5281d301c559671263d01cfff990cc4') in 0.001 seconds [static dependencies only]. Details - ImportResultOutputID=ae5dab9956bbc504ef73f12ef8acabef DependenciesID=b84461d2918855ef2794f7c3726e44e1 StaticDependenciesID=4577e25787b3f228c8dfe4a5b00b87eb 
Importing 'GUID: 16388ae022a89264b84107f0c1b44680 - Path: Packages/com.unity.timeline/Editor/treeview/Drawers/Layers' with importer (DefaultImporter)
Imported 'GUID: 16388ae022a89264b84107f0c1b44680' -> (Import Result ID: '5cf3039249586f9c754d8d4523c0f839') in 0.001 seconds [static dependencies only]. Details - ImportResultOutputID=9da0fdb3cbd2721bd712f0fd9a0cf6bd DependenciesID=772e309cd83d46cff315ecc3509fad7c StaticDependenciesID=5ea4bc4cdbe99069015a093c940b570b 
Importing 'GUID: 46646a5562f14984690c85ee7b946bc9 - Path: Packages/com.unity.ugui/Runtime/UGUI/EventSystem/Raycasters' with importer (DefaultImporter)
Imported 'GUID: 46646a5562f14984690c85ee7b946bc9' -> (Import Result ID: '5d861ee4b7ca4b92812eb166461ff025') in 0.001 seconds [static dependencies only]. Details - ImportResultOutputID=cb6f60a394751122fe93a214008948bc DependenciesID=410b72eafbb161f4da14307539a0f1ee StaticDependenciesID=e1a78fd2d4d9b1bd3dcb1e9303416a93 
Importing 'GUID: 86d9084a265d35f4db65c4e31e0b6769 - Path: Packages/com.unity.collab-proxy/Editor/Configuration/CloudEdition/Welcome' with importer (DefaultImporter)
Imported 'GUID: 86d9084a265d35f4db65c4e31e0b6769' -> (Import Result ID: 'd367161653969019df0fea3368970043') in 0.001 seconds [static dependencies only]. Details - ImportResultOutputID=f1a3c8de91e5502a5e01ec00287e4905 DependenciesID=c12847e31a1cddac6cc3bc359c93a65c StaticDependenciesID=0f988b60b42b7be7a9a27f4287c525b1 
Importing 'GUID: 866a510ec3904e9e8f97f69b71e8afb7 - Path: Packages/com.unity.collab-proxy/Editor/Views/BranchExplorer/Virtualization' with importer (DefaultImporter)
Imported 'GUID: 866a510ec3904e9e8f97f69b71e8afb7' -> (Import Result ID: '967a0613276c4007a39df71abca9323b') in 0.001 seconds [static dependencies only]. Details - ImportResultOutputID=5d2b9874b8afdf0abb7cfcd59206b923 DependenciesID=a24faca3e537aac5717461290f886c1d StaticDependenciesID=96f612064cb17ab943a7a26893200e1c 
Importing 'GUID: a69b08936f9f74179ae333a4bebe7c54 - Path: Packages/com.unity.ugui/Tests/Runtime/UGUI/CanvasRenderer' with importer (DefaultImporter)
Imported 'GUID: a69b08936f9f74179ae333a4bebe7c54' -> (Import Result ID: 'c3b0ce546252fef6fb04f95abef63b62') in 0.001 seconds [static dependencies only]. Details - ImportResultOutputID=4212dc1b5a997e7bc55cba7220df8278 DependenciesID=bb88134582a6c8950ba1d5202a62ba04 StaticDependenciesID=8f75547e61888669a49036740386131b 
Importing 'GUID: f6e1f4a705074105b682329d9d1fe334 - Path: Packages/com.unity.collab-proxy/Editor/Inspector/Properties/Label' with importer (DefaultImporter)
Imported 'GUID: f6e1f4a705074105b682329d9d1fe334' -> (Import Result ID: 'fb17ae128d12cf5f404c2c8d103d968d') in 0.001 seconds [static dependencies only]. Details - ImportResultOutputID=51ac70aba0ff70562e39b1765e8fe551 DependenciesID=84b5acb39b7fffa2fe88804e4afcac69 StaticDependenciesID=1c917d253ef14bacb3b40aac733c0c12 
Importing 'GUID: f6775e7645049b4478095242eda447ce - Path: Packages/com.unity.collab-proxy/Editor/Views/Changesets/Dialogs' with importer (DefaultImporter)
Imported 'GUID: f6775e7645049b4478095242eda447ce' -> (Import Result ID: '9d31e434580cc0357d36fd2b41de15ae') in 0.001 seconds [static dependencies only]. Details - ImportResultOutputID=a59b7caa536dfacf01dd89e3d22ed44d DependenciesID=de3e1cd4897ef8292a6daf40514fa000 StaticDependenciesID=a5ab4df1f90afe5b4cb9e92de3c10702 
Importing 'GUID: 2776f6f742dcf4152961582e21e6dd88 - Path: Packages/com.unity.collab-proxy/Editor/Views/BranchExplorer/Options' with importer (DefaultImporter)
Imported 'GUID: 2776f6f742dcf4152961582e21e6dd88' -> (Import Result ID: 'a4a157e32cd75f787565f6da67abf92d') in 0.001 seconds [static dependencies only]. Details - ImportResultOutputID=c946c1a30c22785214b56facfbeb851b DependenciesID=0c78492a912c2e529afbc9e319c22955 StaticDependenciesID=8222109a4023f473435f9a344f4045fe 
Importing 'GUID: 97b1b110b0cf5ec428f9553e02bb7c03 - Path: Packages/com.unity.collab-proxy/Editor/Views/Merge/Developer' with importer (DefaultImporter)
Imported 'GUID: 97b1b110b0cf5ec428f9553e02bb7c03' -> (Import Result ID: 'c653f5e21d048c5a138fbfa85e81d9ad') in 0.001 seconds [static dependencies only]. Details - ImportResultOutputID=bf5ee4490bcca80ba1e54c997fb6eb28 DependenciesID=712cb074a4e8d91e41940ac7bf566378 StaticDependenciesID=7e0497e287bf1ad6a6e183d77d3e215f 
Importing 'GUID: e7689eda3a8b1a847a8b197dbe90d9a6 - Path: Packages/com.unity.ugui/Tests/Editor/UGUI/UI' with importer (DefaultImporter)
Imported 'GUID: e7689eda3a8b1a847a8b197dbe90d9a6' -> (Import Result ID: '145bacba0608864562ccf092d5dc8274') in 0.001 seconds [static dependencies only]. Details - ImportResultOutputID=1ca42600950ef13293b74483fdc072c8 DependenciesID=34771cbf859e8545a3fcd72cefd96fe1 StaticDependenciesID=d1d28d881a27169556f9595f053abcb7 
Importing 'GUID: 08971b3b50484acd81bdf19e0b4beb5f - Path: Packages/com.unity.collab-proxy/Editor/Views/BranchExplorer/Drawing' with importer (DefaultImporter)
Imported 'GUID: 08971b3b50484acd81bdf19e0b4beb5f' -> (Import Result ID: '58c606d98770c3638b610c2db185303b') in 0.001 seconds [static dependencies only]. Details - ImportResultOutputID=6b038d7efc9091e5e56f3fb005e0acc8 DependenciesID=23c0934c4be577893da070be4af938d0 StaticDependenciesID=6fd85af632810e2f73fe25ad0a33b6e4 
Importing 'GUID: 184012b39edc5c7468c23f916818433e - Path: Packages/com.unity.collab-proxy/Editor/Views/Merge/Gluon' with importer (DefaultImporter)
Imported 'GUID: 184012b39edc5c7468c23f916818433e' -> (Import Result ID: 'a5d936cf4c14e66e9a3ef4abd3187e8d') in 0.001 seconds [static dependencies only]. Details - ImportResultOutputID=f73924cf957f64941b505f1e9cbbf42e DependenciesID=d2edc7779be56bbd9d84c25a0a6e8370 StaticDependenciesID=24a54420cd8009e8a82845c0095ab380 
Importing 'GUID: 1857bdcfefb34a498e359de3fee84b3c - Path: Packages/com.unity.collab-proxy/Editor/Views/BranchExplorer/Zoom' with importer (DefaultImporter)
Imported 'GUID: 1857bdcfefb34a498e359de3fee84b3c' -> (Import Result ID: '9badb581d29581d0ab2ce6eb90f384ee') in 0.001 seconds [static dependencies only]. Details - ImportResultOutputID=eec9e6a15bee30db42aedde7d2847ee3 DependenciesID=52832bafc6dd4770ed2af51beaee02ba StaticDependenciesID=5806b8e92ce470f17dc4c1811c0687e9 
Importing 'GUID: 98d14ab1acf42df4f88a0561822ac807 - Path: Packages/com.unity.ugui/Tests/Editor/UGUI/EventSystem' with importer (DefaultImporter)
Imported 'GUID: 98d14ab1acf42df4f88a0561822ac807' -> (Import Result ID: '28b3c9c2af9c273b80e18a73bb905773') in 0.001 seconds [static dependencies only]. Details - ImportResultOutputID=7608701975efb5ecedc2d368f2ca3c02 DependenciesID=8bd370bda62b75adda125b4092311f14 StaticDependenciesID=b688eaa829d23d954f9e7d7fedfc1c6a 
Importing 'GUID: b86b117346968ac4d9cc63e4385becb7 - Path: Packages/com.unity.ugui/Tests/Editor/UGUI/Canvas' with importer (DefaultImporter)
Imported 'GUID: b86b117346968ac4d9cc63e4385becb7' -> (Import Result ID: '5d0edd691f418e0aa25ffaf737652b1f') in 0.001 seconds [static dependencies only]. Details - ImportResultOutputID=47c2bd6bc3289b802c2d93ad439600ef DependenciesID=b04388fb0c4edcb5befd1683eb5054bd StaticDependenciesID=d2f60cdf3ce72a44f46ccc8764e2c2af 
Importing 'GUID: 090403d21f0cddf46805f00282634419 - Path: Packages/com.unity.collab-proxy/Editor/Views/PendingChanges/Changelists' with importer (DefaultImporter)
Imported 'GUID: 090403d21f0cddf46805f00282634419' -> (Import Result ID: '638937b333c363e622f76e9b8601f3a5') in 0.001 seconds [static dependencies only]. Details - ImportResultOutputID=41113e31069ce347deabebe4340cc461 DependenciesID=9477188387937a49936e391f01df0cdc StaticDependenciesID=dbce30c28c683afd5269a1dd7f392def 
Importing 'GUID: 692476ac695e7b74a8d9eabd48862009 - Path: Packages/com.unity.test-framework/UnityEditor.TestRunner/TestRun/Tasks/Scene' with importer (DefaultImporter)
Imported 'GUID: 692476ac695e7b74a8d9eabd48862009' -> (Import Result ID: '8ff00a17ebaeea938b99aa5831923237') in 0.001 seconds [static dependencies only]. Details - ImportResultOutputID=2fa50d94b5f40096b11b7fc28b64729b DependenciesID=0b2a318cceea9f9d9405ecac0dc50c0e StaticDependenciesID=5381480a0e84dfd6f5a89c03f22f5b1b 
Importing 'GUID: a90603761ea3d8449a60aebebd202228 - Path: Packages/com.unity.timeline/Editor/StyleSheets/Images/Icons' with importer (DefaultImporter)
Imported 'GUID: a90603761ea3d8449a60aebebd202228' -> (Import Result ID: '3743194dfd1db2b06fcacddae3856266') in 0.001 seconds [static dependencies only]. Details - ImportResultOutputID=d92f2417035951a20bcb7aa2b548c7da DependenciesID=9da5c5a0bfd889719a4abe87e89e58fe StaticDependenciesID=51554d61bf0fc2ffb12dd196a7c9679d 
Importing 'GUID: d973b7805df545bdae3986ab72a6c2e8 - Path: Packages/com.unity.test-framework/UnityEditor.TestRunner/TestRun/Tasks/Platform' with importer (DefaultImporter)
Imported 'GUID: d973b7805df545bdae3986ab72a6c2e8' -> (Import Result ID: 'ccf5f6cb0c94142ff5cb069da58f759e') in 0.001 seconds [static dependencies only]. Details - ImportResultOutputID=74075c018e7d223e4de2551f58488a13 DependenciesID=78547b4d998f1cb5819a271ee28b000b StaticDependenciesID=707e7f285309070aa29ff903091dabc0 
Importing 'GUID: e90cc37a5ccf4a44dbecc5b7172ec512 - Path: Packages/com.unity.ugui/Tests/Editor/UGUI/UnityEvent' with importer (DefaultImporter)
Imported 'GUID: e90cc37a5ccf4a44dbecc5b7172ec512' -> (Import Result ID: '2a1dddf8c5218350d63d0c2a5556932c') in 0.001 seconds [static dependencies only]. Details - ImportResultOutputID=293ea98754001b9fa56a6248a75c45fa DependenciesID=53e48aff53990ec9394ca258bce8e6b8 StaticDependenciesID=893095c86d20ed19fce6780c865e3baf 
Importing 'GUID: e91cd01ab44d05b4fabcebe1e4ce2ebe - Path: Packages/com.unity.collab-proxy/Editor/Views/PendingChanges/PendingMergeLinks' with importer (DefaultImporter)
Imported 'GUID: e91cd01ab44d05b4fabcebe1e4ce2ebe' -> (Import Result ID: 'e7f1beb37219f003497be40509b1dbbf') in 0.001 seconds [static dependencies only]. Details - ImportResultOutputID=fbe758eb43e26ca4c040ffba7c1e27b4 DependenciesID=e7e8d0ae30a891fdf81397adf4216cc8 StaticDependenciesID=dbbaa865ad7cf013cc9842fb06d50041 
Importing 'GUID: e94d841ac526d47e18fcda89e02906be - Path: Packages/com.unity.collab-proxy/Editor/CodeEditor/Indentation/CSharp' with importer (DefaultImporter)
Imported 'GUID: e94d841ac526d47e18fcda89e02906be' -> (Import Result ID: '306b50390cb162cb684810806b766e2b') in 0.001 seconds [static dependencies only]. Details - ImportResultOutputID=c4bc31b06d27f25e3fed402777b57de2 DependenciesID=5965b52da5a5ec2d050decc73d700541 StaticDependenciesID=5482c1f53b3a10bd1f9a09b24d3c0947 
Importing 'GUID: 2a28c2fab6b1bb745a844ef6b908e7ee - Path: Packages/com.unity.ugui/Tests/Runtime/UGUI/InputField' with importer (DefaultImporter)
Imported 'GUID: 2a28c2fab6b1bb745a844ef6b908e7ee' -> (Import Result ID: '302d44132da9c0d220b06660b9b94468') in 0.001 seconds [static dependencies only]. Details - ImportResultOutputID=8ea7332793032bb5dfb9fd2c26cfbded DependenciesID=d0544483ce7d5b861984e100b83b3084 StaticDependenciesID=56063d9124d4d50c9a9e9bfbf4f0b34a 
Importing 'GUID: 3ac250bc549a212428286f328779be0e - Path: Packages/com.unity.collab-proxy/Editor/Views/Diff/Dialogs' with importer (DefaultImporter)
Imported 'GUID: 3ac250bc549a212428286f328779be0e' -> (Import Result ID: '1b7aca045fdec28f6d0c548929c6d576') in 0.001 seconds [static dependencies only]. Details - ImportResultOutputID=07874fe10fa20c873aa46fc610ad9773 DependenciesID=bcd0dcc24ea23f5082b33dcccb259758 StaticDependenciesID=3f0f63924c72cd5145532027d1164360 
Importing 'GUID: 8ad9b938ad733e94ca95fe5a5c19a5b8 - Path: Packages/com.unity.timeline/Editor/StyleSheets/Images/LightSkin' with importer (DefaultImporter)
Imported 'GUID: 8ad9b938ad733e94ca95fe5a5c19a5b8' -> (Import Result ID: '940944d95bb3396c42a9031a1d17c382') in 0.001 seconds [static dependencies only]. Details - ImportResultOutputID=965e252bddc198ade9a601c2c77e50b7 DependenciesID=067f854a11e71d25d5fa5d109b477c7c StaticDependenciesID=1fe509cc8c010aa06310c29b7b41b52f 
Importing 'GUID: 9a3557da07c729b4eb774b8e30e157a4 - Path: Packages/com.unity.ugui/Tests/Runtime/UGUI/Canvas' with importer (DefaultImporter)
Imported 'GUID: 9a3557da07c729b4eb774b8e30e157a4' -> (Import Result ID: 'd95f3983fee562214c66d7c793af78f1') in 0.001 seconds [static dependencies only]. Details - ImportResultOutputID=0ab99d96296b64bf2229c22a9bdc1eb7 DependenciesID=bfca3084f73fc9453d13aaff95fdff75 StaticDependenciesID=055cb8e108b1a184ab8a94ca846e0ea9 
Importing 'GUID: aaf37a5e30fbb9e4096ba67f72a4b8f1 - Path: Packages/com.unity.collab-proxy/Editor/Views/Labels/Dialogs' with importer (DefaultImporter)
Imported 'GUID: aaf37a5e30fbb9e4096ba67f72a4b8f1' -> (Import Result ID: 'b93307a74918b81a899d8c603b25086d') in 0.001 seconds [static dependencies only]. Details - ImportResultOutputID=70f5bc8c40f5cff8305995a3e47c75ad DependenciesID=a72a30c45ab082913419c2b492af07a8 StaticDependenciesID=0167d7bb085ba3c4facd9a842413fbda 
Importing 'GUID: bae197be297529d4fa735fbe7c91828d - Path: Packages/com.unity.ugui/Tests/Runtime/UGUI/Dropdown' with importer (DefaultImporter)
Imported 'GUID: bae197be297529d4fa735fbe7c91828d' -> (Import Result ID: '042a7e8258c157d7c3856db5fa853f5f') in 0.001 seconds [static dependencies only]. Details - ImportResultOutputID=36a0935bf8759e757450e1558245f79c DependenciesID=3964d5a4f5cfdbdb0dab890285e454c0 StaticDependenciesID=c40caf89477f63454e9c99de58de998c 
Importing 'GUID: 0b923e169a5f4f878c5dba1c299ee4ab - Path: Packages/com.unity.collab-proxy/Editor/Diff/Image/Toolbar' with importer (DefaultImporter)
Imported 'GUID: 0b923e169a5f4f878c5dba1c299ee4ab' -> (Import Result ID: '80bcd101a6a9cbd8c29a428209669f83') in 0.001 seconds [static dependencies only]. Details - ImportResultOutputID=82590437af9d24f0066c190339d3f73e DependenciesID=bc37ad4382819ff75a84fa3f17923262 StaticDependenciesID=8767bda41325abb08b7e2f4163992d78 
Importing 'GUID: 2bc8a181dfd9de24388de89bb8db7713 - Path: Packages/com.unity.ugui/Tests/Runtime/UGUI/MaskClipping' with importer (DefaultImporter)
Imported 'GUID: 2bc8a181dfd9de24388de89bb8db7713' -> (Import Result ID: 'd12c22933fd1e3b0ebca7f32870c6836') in 0.001 seconds [static dependencies only]. Details - ImportResultOutputID=824dbfacf42486762ae0e8e47478d568 DependenciesID=60cd9a319b11cc4c3f66bef5ca26326c StaticDependenciesID=c57a88fe06875f024836c21aa1a93a25 
Importing 'GUID: 4bf7a307054547ce958185ee96f94aed - Path: Packages/com.unity.collab-proxy/Editor/CloudDrive/Workspaces/Tree' with importer (DefaultImporter)
Imported 'GUID: 4bf7a307054547ce958185ee96f94aed' -> (Import Result ID: 'df04946e2d21b46c1be9379cac51c450') in 0.001 seconds [static dependencies only]. Details - ImportResultOutputID=1969cdb7dcb5e99049e98ff77ec14659 DependenciesID=271e779d96e0485ca582a42bd5cec930 StaticDependenciesID=bb0383c89b9c4826720ee36fce5aa697 
Importing 'GUID: 8b18a6b91bf841eb87b2863ff1222833 - Path: Packages/com.unity.multiplayer.center/Editor/MultiplayerCenterWindow/VisualElements/Recommendations' with importer (DefaultImporter)
Imported 'GUID: 8b18a6b91bf841eb87b2863ff1222833' -> (Import Result ID: 'c3b792b33e2ce1413e1d934aba3fb115') in 0.001 seconds [static dependencies only]. Details - ImportResultOutputID=c1dfcc57e1341650f1c2b9a68754384f DependenciesID=317b80f91f5f5f6499e3e6b5f5f61550 StaticDependenciesID=49a7980187c81ab1db7606d87cf12667 
Importing 'GUID: 9bedab6f9886aee42b33e424bffdb640 - Path: Packages/com.unity.ugui/Tests/Runtime/UGUI/ScrollRect' with importer (DefaultImporter)
Imported 'GUID: 9bedab6f9886aee42b33e424bffdb640' -> (Import Result ID: '50ee513cd99a5651e78e255acef93b5d') in 0.001 seconds [static dependencies only]. Details - ImportResultOutputID=452ef99a32d1d475ebd965e4c1416b60 DependenciesID=2056e36380cb5ceb3855b590a2d212e1 StaticDependenciesID=36d01f46f1546e9aa86e71fac20816b8 
Importing 'GUID: ab93e1a81defc3243a6e9cd0df3cb443 - Path: Packages/com.unity.ugui/Tests/Runtime/UGUI/EventSystem' with importer (DefaultImporter)
Imported 'GUID: ab93e1a81defc3243a6e9cd0df3cb443' -> (Import Result ID: '19b986781f9205277ba2d47d16a57048') in 0.001 seconds [static dependencies only]. Details - ImportResultOutputID=60f18c998610bdbb79a7a0c99e9c00bd DependenciesID=ce90cd145b3edd35a5bd1682ed42fa7b StaticDependenciesID=4b3eb4d2c1b77c818bb0e9182536b267 
Importing 'GUID: eb7e44c5cec24463ab95d52834898a3b - Path: Packages/com.unity.ugui/Tests/Runtime/UGUI/RawImage' with importer (DefaultImporter)
Imported 'GUID: eb7e44c5cec24463ab95d52834898a3b' -> (Import Result ID: 'e2fb30e59f7cca9a4316a7ff217f4bca') in 0.001 seconds [static dependencies only]. Details - ImportResultOutputID=cfacd570a4cfd393330c0e243a249afc DependenciesID=2f18145f0c39e4ac81b76cd5b5ffca63 StaticDependenciesID=44d83e43968a92f6abc9d42c1f8585cb 
Importing 'GUID: 0c30879ae42f70f42987bbf5be6eb7a4 - Path: Packages/com.unity.collab-proxy/Editor/Views/Filters/Date' with importer (DefaultImporter)
Imported 'GUID: 0c30879ae42f70f42987bbf5be6eb7a4' -> (Import Result ID: 'f2868e6ffb1107dfd87ce150e269c8f8') in 0.001 seconds [static dependencies only]. Details - ImportResultOutputID=d4b8959c9a7d2f053b0eda2aa170829e DependenciesID=431dd96e173dbfafffb7f734d2f3561b StaticDependenciesID=629fdd798cbcbd8f81d61956fae0a9ed 
Importing 'GUID: 4cfe5ade9a1375e40aed87618b92bd12 - Path: Packages/com.unity.ugui/Tests/Editor/UGUI/Slider' with importer (DefaultImporter)
Imported 'GUID: 4cfe5ade9a1375e40aed87618b92bd12' -> (Import Result ID: '0f49070f7278d21779aafab8015f7a7b') in 0.001 seconds [static dependencies only]. Details - ImportResultOutputID=4a7ea0a159e4fd397fefbacef85013ef DependenciesID=37ac6972afa7d808eb779abd4af591f4 StaticDependenciesID=7b56a3c35148d580dd9b66c79fcdf1e6 
Importing 'GUID: 5c1340178d3942abb42c8b680d301bf1 - Path: Packages/com.unity.collab-proxy/Editor/Diff/Image/Views' with importer (DefaultImporter)
Imported 'GUID: 5c1340178d3942abb42c8b680d301bf1' -> (Import Result ID: '07a16d7a7db7ec11825f25cece5fa95f') in 0.001 seconds [static dependencies only]. Details - ImportResultOutputID=81e8c6ca653da8694363fe6fa3ad415a DependenciesID=ac0e17c215ec20e57b1af465e85eb82f StaticDependenciesID=cf4b311cd46ae01d9c23b629723259dd 
Importing 'GUID: 8ca43dc9595f9ff41b68d7bd4cc66c2f - Path: Packages/com.unity.collab-proxy/Editor/CloudDrive/Workspaces/DragAndDrop' with importer (DefaultImporter)
Imported 'GUID: 8ca43dc9595f9ff41b68d7bd4cc66c2f' -> (Import Result ID: 'e4f9bb4897ff7ac34cd378a17fae8217') in 0.001 seconds [static dependencies only]. Details - ImportResultOutputID=8e9d6ffc927557b9b50be3dc3c98df9d DependenciesID=bd97e88ab7c05e606e904a83faa0eb52 StaticDependenciesID=0fcd5b609e8a303b015495d338570cd6 
Importing 'GUID: bc9aa6d5a7945f34882c442e9e201537 - Path: Packages/com.unity.ugui/Editor/UGUI/UI/PropertyDrawers' with importer (DefaultImporter)
Imported 'GUID: bc9aa6d5a7945f34882c442e9e201537' -> (Import Result ID: '2d59c9793db1e17a095bff6053c7b9ee') in 0.001 seconds [static dependencies only]. Details - ImportResultOutputID=2dbd28b25139c53de1a5a6689d352f9d DependenciesID=3e2d74ea471196c6e03f8f7427221228 StaticDependenciesID=b8579957c8393b2a1ab0245f958ced1f 
Importing 'GUID: cc313cc004395df4a9884390556690a5 - Path: Packages/com.unity.ugui/Tests/Runtime/UGUI/Layout' with importer (DefaultImporter)
Imported 'GUID: cc313cc004395df4a9884390556690a5' -> (Import Result ID: '35dc7a7cc828b0d8b43bfd4cd6e4107f') in 0.001 seconds [static dependencies only]. Details - ImportResultOutputID=e587d5ef0094c1723640f0732d54e892 DependenciesID=5f7e5ff21a661f06456937cdb7ffe3f9 StaticDependenciesID=f42ef25fdfd15c3f3e0b3febe30604a0 
Importing 'GUID: cca5935142d6c754f9ecdce1294f7079 - Path: Packages/com.unity.test-framework/UnityEditor.TestRunner/TestRun/Tasks/Events' with importer (DefaultImporter)
Imported 'GUID: cca5935142d6c754f9ecdce1294f7079' -> (Import Result ID: 'e067f112d3f0ecc2a0a0b23a7e2dddb1') in 0.001 seconds [static dependencies only]. Details - ImportResultOutputID=681e739248ec06e77a33a1d1c904555d DependenciesID=2fab6b0b709562a258e8c669975596c7 StaticDependenciesID=708111177e6492723f70efccba692d9b 
Importing 'GUID: cce7e34ecb3cc43ebabe7154ebe11414 - Path: Packages/com.unity.ugui/Tests/Runtime/UGUI/RaycastReceiver' with importer (DefaultImporter)
Imported 'GUID: cce7e34ecb3cc43ebabe7154ebe11414' -> (Import Result ID: '26c30248a3ebdd5d620d442309b4a1d0') in 0.001 seconds [static dependencies only]. Details - ImportResultOutputID=2a1509ac23bafeeab8a428cbb02d7c40 DependenciesID=a882636677cfe8d300a9ad16ad993ad9 StaticDependenciesID=159f82b04c5e2c23f833ecac4545b0e5 
Importing 'GUID: 2d9b6ff056b6f484ba6500aa8e06bcf3 - Path: Packages/com.unity.ugui/Tests/Runtime/UGUI/LayoutGroup' with importer (DefaultImporter)
Imported 'GUID: 2d9b6ff056b6f484ba6500aa8e06bcf3' -> (Import Result ID: 'fefe44ce622ede36592a451f18acd1cd') in 0.001 seconds [static dependencies only]. Details - ImportResultOutputID=eaec6d77cf9cfcfd3a23adc1b00eddd6 DependenciesID=9f995fefc7684cd05cb5955653e46705 StaticDependenciesID=e9e94f60338bb0d65b914deb3e02aafa 
Importing 'GUID: 5dc64c943466a44498be3b620c743b45 - Path: Packages/com.unity.ugui/Runtime/UGUI/EventSystem/UIElements' with importer (DefaultImporter)
Imported 'GUID: 5dc64c943466a44498be3b620c743b45' -> (Import Result ID: '84811c232c2b5f5f8bbcb096972c8c70') in 0.001 seconds [static dependencies only]. Details - ImportResultOutputID=afd37a5cb0ef70f108eddfcf5f148e4e DependenciesID=26043c3255c0134648f5d3f578b6e8ef StaticDependenciesID=72529b910054f65a55d22628bb63cc2e 
Importing 'GUID: dda9947aba73a46d29f6277ca33c8e59 - Path: Packages/com.unity.ugui/Tests/Runtime/UGUI/SafeArea' with importer (DefaultImporter)
Imported 'GUID: dda9947aba73a46d29f6277ca33c8e59' -> (Import Result ID: 'd0c260bf4756a245a348de9b3064fe0f') in 0.001 seconds [static dependencies only]. Details - ImportResultOutputID=889c3d73fce55638312b38a469fec510 DependenciesID=d4d15d5222f72c027a7d5e64a953444a StaticDependenciesID=c484ccdac2b0c2634d4dcb2ba252aefd 
Importing 'GUID: 6e70bba63d1604ffb90a65601cb8abae - Path: Packages/com.unity.collab-proxy/Editor/Views/PendingChanges/Dialogs' with importer (DefaultImporter)
Imported 'GUID: 6e70bba63d1604ffb90a65601cb8abae' -> (Import Result ID: '14e841f71e90c1b91cc054b8e279ac31') in 0.001 seconds [static dependencies only]. Details - ImportResultOutputID=5632ed0e414fc84163fae48b65333ba1 DependenciesID=cdbbbb7ed5611a11d2d8868eec1dc925 StaticDependenciesID=14558f7bb424370303e7c27176c245f0 
Importing 'GUID: 6ed4af135d46444bb82543c0676535c8 - Path: Packages/com.unity.collab-proxy/Editor/Assistant/UI/Interactions' with importer (DefaultImporter)
Imported 'GUID: 6ed4af135d46444bb82543c0676535c8' -> (Import Result ID: '49a19540f8f8baaf10f746089c058285') in 0.001 seconds [static dependencies only]. Details - ImportResultOutputID=1a60077b857d6ce1ae12b66376e647d3 DependenciesID=b06362234c8f0484a89e3ede4b1b8a0e StaticDependenciesID=55178c688570cef482351e9016f44f1e 
Importing 'GUID: 8e78f8a8575e4a04f8337a54e241cdc5 - Path: Packages/com.unity.ugui/Runtime/UGUI/EventSystem/InputModules' with importer (DefaultImporter)
Imported 'GUID: 8e78f8a8575e4a04f8337a54e241cdc5' -> (Import Result ID: '3928ebf58761b69f67c71dcf75294319') in 0.001 seconds [static dependencies only]. Details - ImportResultOutputID=5e415cd400973f02197d806c23bf56c5 DependenciesID=a8ed44e856941457ff5fabf06aba58d6 StaticDependenciesID=19e18f6dce055be922dcb00ad5c82a5d 
Importing 'GUID: ae242449e9279d44789513b922d3178a - Path: Packages/com.unity.ugui/Tests/Editor/UGUI/CanvasRenderer' with importer (DefaultImporter)
Imported 'GUID: ae242449e9279d44789513b922d3178a' -> (Import Result ID: 'fb76cb946fd1b0c1a5ed8306651d86c2') in 0.001 seconds [static dependencies only]. Details - ImportResultOutputID=4729e3cfa92e89c00cb33b0f98eab0f4 DependenciesID=1d34c5108fbfe76360fe772e52e8937b StaticDependenciesID=fc0b727607e54e1f3d2bd7cc9d72394f 
Importing 'GUID: ceb46eb2d5b64017b74f9fb0e50fdf1e - Path: Packages/com.unity.collab-proxy/Editor/UI/UnityInternals/UnityEditor' with importer (DefaultImporter)
Imported 'GUID: ceb46eb2d5b64017b74f9fb0e50fdf1e' -> (Import Result ID: '055b9231b9b4cae3abc8ba39303f4a38') in 0.001 seconds [static dependencies only]. Details - ImportResultOutputID=cb99464c761ea5193463751ce408ff22 DependenciesID=7af8af2200efefd49716410771b5c691 StaticDependenciesID=5ed4928075c9173fc2921f03d192de39 
Importing 'GUID: cecb087091caedf48adcc1cd3b0ebd6d - Path: Packages/com.unity.collab-proxy/Editor/Views/CreateWorkspace/Dialogs' with importer (DefaultImporter)
Imported 'GUID: cecb087091caedf48adcc1cd3b0ebd6d' -> (Import Result ID: '82efd5bc2d5172ef48a8d5ac077b20e7') in 0.001 seconds [static dependencies only]. Details - ImportResultOutputID=6b7f5a3a87b1b335c4b519633fdc39c6 DependenciesID=d901560a4fd626aab4acd649d36af4e4 StaticDependenciesID=b58f3eda4bc17186c25950b460028597 
Importing 'GUID: 1f71aeacc4a9f1a40b22a1a590331f6b - Path: Packages/com.unity.ugui/Tests/Editor/UGUI/Dropdown' with importer (DefaultImporter)
Imported 'GUID: 1f71aeacc4a9f1a40b22a1a590331f6b' -> (Import Result ID: 'c4739443c58138f17e348fe7a6a5034e') in 0.001 seconds [static dependencies only]. Details - ImportResultOutputID=c0c6e1a2574eaa70b48d39fbb04e22f6 DependenciesID=31b56f23dc53b1c1f74e477dbc85a981 StaticDependenciesID=3257b287a4638d966c02c6696f3ddaac 
Importing 'GUID: 4f9ac6e545d53f94b9f09c85b9576f36 - Path: Packages/com.unity.ugui/Tests/Editor/UGUI/Text' with importer (DefaultImporter)
Imported 'GUID: 4f9ac6e545d53f94b9f09c85b9576f36' -> (Import Result ID: 'b86ed74f043d4ed54b54998e75830cbf') in 0.001 seconds [static dependencies only]. Details - ImportResultOutputID=bf63f04a230ad219e2c75d059670908c DependenciesID=6fe09032437761d84e537650f8194724 StaticDependenciesID=2e212248eca01ab9e3f67b2e7a387ceb 
Importing 'GUID: 7fd38d25cbbd46f6b8dc8f04f836b2bc - Path: Packages/com.unity.multiplayer.center/Editor/MultiplayerCenterWindow/UI/Templates' with importer (DefaultImporter)
Imported 'GUID: 7fd38d25cbbd46f6b8dc8f04f836b2bc' -> (Import Result ID: 'fceabb71142b0dfd8278a0c3402a6275') in 0.001 seconds [static dependencies only]. Details - ImportResultOutputID=59a232bc5b9102eb2ef8607bd3680513 DependenciesID=8ca95bcb98873b8ff9b106ebff9e2694 StaticDependenciesID=1c68421b026f7277ecf9e944abf7909a 
Importing 'GUID: af30a361ab68260438b6ec3fb7e64500 - Path: Packages/com.unity.ugui/Tests/Runtime/UGUI/Util' with importer (DefaultImporter)
Imported 'GUID: af30a361ab68260438b6ec3fb7e64500' -> (Import Result ID: '7c85b0c1a47d04785fcc0e5841dcc0bb') in 0.001 seconds [static dependencies only]. Details - ImportResultOutputID=dd25680f94364bcd4c86cb7289667537 DependenciesID=6437e800d195c6d99458bc8695c4f832 StaticDependenciesID=7024316f14e6e5c5d0d2ed78ed0f60a4 
Importing 'GUID: efad3ddb7270ac241b9b1357ec5ee2f2 - Path: Packages/com.unity.ugui/Tests/Runtime/UGUI/NestedLayout' with importer (DefaultImporter)
Imported 'GUID: efad3ddb7270ac241b9b1357ec5ee2f2' -> (Import Result ID: '068d6aa4c9a19068a27f8cc30d7da5ed') in 0.002 seconds [static dependencies only]. Details - ImportResultOutputID=13326018adb8f86d8fa28589653c849a DependenciesID=46be99377494b2c22ac81f6be8e246f1 StaticDependenciesID=01b5c9fede6dd92ae63f8a722690b8ef 
Importing 'GUID: d0a9ebc8de8b8428fae0574a3a7abc3f - Path: Packages/com.unity.collab-proxy/Editor/Diff/Asset/Common/Property' with importer (DefaultImporter)
Imported 'GUID: d0a9ebc8de8b8428fae0574a3a7abc3f' -> (Import Result ID: 'b3899b2d9ca50b7ba58ca3093400b4db') in 0.001 seconds [static dependencies only]. Details - ImportResultOutputID=a7e90847888df5ed959b9cef6f1058a0 DependenciesID=b5fec4fe674d80e868d66ef617a5a0fd StaticDependenciesID=6b6d46b5ace919b0c61575bb576b9ca8 
Importing 'GUID: e0f244660204c468a8fe30e330135e0d - Path: Packages/com.unity.collab-proxy/Editor/Diff/Asset/Content/Filtering' with importer (DefaultImporter)
Imported 'GUID: e0f244660204c468a8fe30e330135e0d' -> (Import Result ID: 'a2269a4dc4668a78e271524ff407dba7') in 0.001 seconds [static dependencies only]. Details - ImportResultOutputID=32c664e9a945046d54366dbf044b860d DependenciesID=22fbf5230632066e5bfcbd81efb8fa4b StaticDependenciesID=748ba863165bf024103cc7d5590d80c3 
Importing 'GUID: 018268bdd48d54121b0fe237a6571615 - Path: Packages/com.unity.collab-proxy/Editor/Diff/Asset/Content/Property' with importer (DefaultImporter)
Imported 'GUID: 018268bdd48d54121b0fe237a6571615' -> (Import Result ID: '0ad27890927841cd13f4e7dbdbf47402') in 0.001 seconds [static dependencies only]. Details - ImportResultOutputID=1a888794823f06593035e4d07c80760f DependenciesID=e26cf6698e12ea39319cd1dd83d7e566 StaticDependenciesID=74aa0cee8d4eae2c0e3682d61bec40ab 
Importing 'GUID: 215b9f47294ba41a09021a89ed5f5dc1 - Path: Packages/com.unity.collab-proxy/Editor/Diff/Image/Views/Swipe' with importer (DefaultImporter)
Imported 'GUID: 215b9f47294ba41a09021a89ed5f5dc1' -> (Import Result ID: 'c50df84a4a1817b8108a294ed61aaf61') in 0.001 seconds [static dependencies only]. Details - ImportResultOutputID=795ace561a1e71c51bed05044876baa2 DependenciesID=296a75ed881b778cfd0a2b236fbca25c StaticDependenciesID=605206b3155dd9b3166c34179b62dce4 
Importing 'GUID: e1ed640bd70fd427bbd3b9e95533ce87 - Path: Packages/com.unity.collab-proxy/Editor/Diff/Image/Views/OnionSkin' with importer (DefaultImporter)
Imported 'GUID: e1ed640bd70fd427bbd3b9e95533ce87' -> (Import Result ID: '52947fb15b75c31c96e0c99f90ed902b') in 0.001 seconds [static dependencies only]. Details - ImportResultOutputID=527f74c51dc6a27c2d0921f752e3eff0 DependenciesID=ba43e3859a8cbcd8e7427f3ae913bce4 StaticDependenciesID=896ce416438c4746043ab05889dae89f 
Importing 'GUID: 4230d3b9af6f940719414ab4bd67a08e - Path: Packages/com.unity.collab-proxy/Editor/Diff/Asset/Common/UnityObject' with importer (DefaultImporter)
Imported 'GUID: 4230d3b9af6f940719414ab4bd67a08e' -> (Import Result ID: '0e8d3f38510655291ba234914e0946e5') in 0.001 seconds [static dependencies only]. Details - ImportResultOutputID=32676ee0ea7b3bf4dd7d8f9faadbbd01 DependenciesID=70a633fc381c296d25e74905ea66a008 StaticDependenciesID=6b187bc2bba832bb4f8c52907b25c4c6 
Importing 'GUID: 232fff0341b3476d9eae6e83059c7aa0 - Path: Packages/com.unity.collab-proxy/Editor/Diff/Image/Views/ImageViewer' with importer (DefaultImporter)
Imported 'GUID: 232fff0341b3476d9eae6e83059c7aa0' -> (Import Result ID: '5ee5118e5aea78049e5600bcaa2ce751') in 0.001 seconds [static dependencies only]. Details - ImportResultOutputID=975eb412f9578a447c9f2a16b91bd31c DependenciesID=55d52ed88497e8c2a9ffd84a98f30f15 StaticDependenciesID=fa129f6ebf19f58bacbc64eee4d7a1d4 
Importing 'GUID: 046453f671b3d46c9a39b23fc4d10a39 - Path: Packages/com.unity.collab-proxy/Editor/Views/BranchExplorer/Options/DisplayOptions' with importer (DefaultImporter)
Imported 'GUID: 046453f671b3d46c9a39b23fc4d10a39' -> (Import Result ID: '3b4058d0a2be90d04e9ba14ef03b932f') in 0.001 seconds [static dependencies only]. Details - ImportResultOutputID=a3c04acc5848c9d49ed355f704126efb DependenciesID=e6d96e14235c4cf463e902224a73d4f1 StaticDependenciesID=b289fc64af2aa28f0bf2f72c4e91442b 
Importing 'GUID: 24333a116497b144f9782b1160984b57 - Path: Packages/com.unity.ugui/Tests/Editor/UGUI/UI/PropertyDrawers' with importer (DefaultImporter)
Imported 'GUID: 24333a116497b144f9782b1160984b57' -> (Import Result ID: '9a943630faba94e5d2f61f49e14cd421') in 0.001 seconds [static dependencies only]. Details - ImportResultOutputID=e64191c42bfa43d7fd12c02fb233877e DependenciesID=5c86888164aa8578f24b43b188f24f25 StaticDependenciesID=61809fb59bb969a83a1306a07105e35a 
Importing 'GUID: 54ada74a1e58348099b007e35677f3aa - Path: Packages/com.unity.collab-proxy/Editor/Diff/Asset/Common/Meta' with importer (DefaultImporter)
Imported 'GUID: 54ada74a1e58348099b007e35677f3aa' -> (Import Result ID: 'd5ede5591cd96e9e8b479c5ac4ef7570') in 0.001 seconds [static dependencies only]. Details - ImportResultOutputID=044e5bab994b2b8be65b9b9edcdc6350 DependenciesID=001bcc418c288a747cc3345e34da0a62 StaticDependenciesID=ddc1a393d28dffebaaa67966f1962d14 
Importing 'GUID: c5fe7e62b877408882a2c7096800559b - Path: Packages/com.unity.collab-proxy/Editor/Diff/Asset/Diff/Property' with importer (DefaultImporter)
Imported 'GUID: c5fe7e62b877408882a2c7096800559b' -> (Import Result ID: 'b61aa199949c54ef09aca2487f3baa30') in 0.001 seconds [static dependencies only]. Details - ImportResultOutputID=301ae36693ebec1a6a2abfa51584ef8e DependenciesID=78def198f1492a688fe24ee4257c252f StaticDependenciesID=3c9b78335fdb4513e4d273077dfbdb57 
Importing 'GUID: d63dd1a776d383248a21ec2a8a6e7868 - Path: Packages/com.unity.ugui/Runtime/UGUI/UI/Core/Utility' with importer (DefaultImporter)
Imported 'GUID: d63dd1a776d383248a21ec2a8a6e7868' -> (Import Result ID: '3cd8a1177c84d2872282c35cdfdaad85') in 0.002 seconds [static dependencies only]. Details - ImportResultOutputID=6ef7fdd1a7c57de9896ba70f91b923c7 DependenciesID=4f42ef208ff835c28d116e0ee1288617 StaticDependenciesID=1d9aea670b4ab5b657520458cd74a301 
Importing 'GUID: 17560f2306bb24c3f829b2c849fdf839 - Path: Packages/com.unity.collab-proxy/Editor/Diff/Asset/Content/UnityObject' with importer (DefaultImporter)
Imported 'GUID: 17560f2306bb24c3f829b2c849fdf839' -> (Import Result ID: 'beb38ff7b4bad4b550b1395807dae317') in 0.001 seconds [static dependencies only]. Details - ImportResultOutputID=1c91e411d3de408ab87a2c75f3a9a243 DependenciesID=cd5897986ae7154d9369fb86bb99313d StaticDependenciesID=c4a0ac583144e057940b58a787466c78 
Importing 'GUID: 27ed3e221887b3544bd9d6505d4a789f - Path: Packages/com.unity.ugui/Runtime/UGUI/UI/Core/Culling' with importer (DefaultImporter)
Imported 'GUID: 27ed3e221887b3544bd9d6505d4a789f' -> (Import Result ID: 'def692be90e7360af79437444c8104bf') in 0.001 seconds [static dependencies only]. Details - ImportResultOutputID=4910a1f9e2b0a2c2573c44a0dfeb0ec0 DependenciesID=8a11ad52293d449e9fc23f7a666b22f9 StaticDependenciesID=295ea28bf589ed62858fa4823091583b 
Importing 'GUID: 3759a3b34c2714f738805af7001e839f - Path: Packages/com.unity.collab-proxy/Editor/Views/BranchExplorer/Options/ConditionalFormat' with importer (DefaultImporter)
Imported 'GUID: 3759a3b34c2714f738805af7001e839f' -> (Import Result ID: '89b2a66925bd7314ba983b41fa17daab') in 0.001 seconds [static dependencies only]. Details - ImportResultOutputID=851003ce7ef30aa8fee61c61e1704dd2 DependenciesID=17af500587e295885bb7278ebaf38b4d StaticDependenciesID=f4cfa84a5c5a4045bcb2dafa8ab32a3a 
Importing 'GUID: 6702045c2697453fae61a67931fbef13 - Path: Packages/com.unity.collab-proxy/Editor/Diff/Image/Views/Differences' with importer (DefaultImporter)
Imported 'GUID: 6702045c2697453fae61a67931fbef13' -> (Import Result ID: '558b615602fdb2c7d8309f4337d5a086') in 0.001 seconds [static dependencies only]. Details - ImportResultOutputID=2f06875a517283efb6721096564a5dc5 DependenciesID=43b9471ad0a8f0b348e57a6ebefeb68c StaticDependenciesID=8993dbf3ab108583380dbc0fed1839be 
Importing 'GUID: 772402f8aab2e44a089edb3142c706cd - Path: Packages/com.unity.collab-proxy/Editor/Diff/Asset/Diff/Meta' with importer (DefaultImporter)
Imported 'GUID: 772402f8aab2e44a089edb3142c706cd' -> (Import Result ID: '81df41ca75023306c59bd36ebddf25ea') in 0.001 seconds [static dependencies only]. Details - ImportResultOutputID=679bcb6f282fab45388f4c8e786976de DependenciesID=04d078609165fdb882a299bd19ae90f2 StaticDependenciesID=7fb8d5c5d34fc8ecfb8a52bc81746652 
Importing 'GUID: b76140aafe154f1aaa659bebc7f9316e - Path: Packages/com.unity.collab-proxy/Editor/Diff/Asset/Diff/UnityObject' with importer (DefaultImporter)
Imported 'GUID: b76140aafe154f1aaa659bebc7f9316e' -> (Import Result ID: '8c62292f1339a93b3d7b9c94ab8a948d') in 0.001 seconds [static dependencies only]. Details - ImportResultOutputID=72a1414c08370041610b0f2413e83ba7 DependenciesID=91268b4d98675cd316fb952fa4e2f12c StaticDependenciesID=f81d880563317874308b9b726a417c6f 
Importing 'GUID: 58ea190e1cd94c2ca3a4b39e76639f7c - Path: Packages/com.unity.collab-proxy/Editor/UI/UnityInternals/UnityEditor/SceneManagement' with importer (DefaultImporter)
Imported 'GUID: 58ea190e1cd94c2ca3a4b39e76639f7c' -> (Import Result ID: 'e342ca66ceb60944d7ca50fa486972ea') in 0.001 seconds [static dependencies only]. Details - ImportResultOutputID=bfe55750d868e16418982f5af871b987 DependenciesID=1ee78a850c270f7a8cce25ddd046f5d3 StaticDependenciesID=3e8128664bc3509d0377f80adfa96b5e 
Importing 'GUID: 9831c3a3f4a4645309f76e99ac9844c2 - Path: Packages/com.unity.collab-proxy/Editor/Diff/Asset/Diff/Filtering' with importer (DefaultImporter)
Imported 'GUID: 9831c3a3f4a4645309f76e99ac9844c2' -> (Import Result ID: '05a218cee7281b4673645748a896274f') in 0.001 seconds [static dependencies only]. Details - ImportResultOutputID=ff5d0667c0a17bac06ee3dde4fc3a242 DependenciesID=111b2dc1dc2b489aad0ad2633629533e StaticDependenciesID=57890fff0717687bcb967af0f3bcbe64 
Importing 'GUID: c8ae1b935fb6861c0b3ff04baae9c11f - Path: Packages/com.unity.multiplayer.center/Editor/MultiplayerCenterWindow/UI/Icons/Samples' with importer (DefaultImporter)
Imported 'GUID: c8ae1b935fb6861c0b3ff04baae9c11f' -> (Import Result ID: '7502c7565da36761f2fffb67af07c601') in 0.001 seconds [static dependencies only]. Details - ImportResultOutputID=73529f0abd17e3978cd75be1498e152f DependenciesID=7c51b9185e686b6a3179f7176154a848 StaticDependenciesID=f0dab707743599be5afc21571ecfa877 
Importing 'GUID: f8ed4321a98682942b9980996131cf26 - Path: Packages/com.unity.ugui/Runtime/UGUI/UI/Core/SpecializedCollections' with importer (DefaultImporter)
Imported 'GUID: f8ed4321a98682942b9980996131cf26' -> (Import Result ID: '0e95374c0410ff46cffb9ff52685f5f2') in 0.002 seconds [static dependencies only]. Details - ImportResultOutputID=11c4d9adfde97b19088a09894a7e2152 DependenciesID=219cedd181c0b48b52887e64ab8ca19f StaticDependenciesID=aa358c1e79b9c389789b407db0af821d 
Importing 'GUID: 1999349e7f492c947bb6eb70f624382e - Path: Packages/com.unity.ugui/Runtime/UGUI/UI/Core/Layout' with importer (DefaultImporter)
Imported 'GUID: 1999349e7f492c947bb6eb70f624382e' -> (Import Result ID: '2686f7bf4902320bf36b1d5bb5c82a9e') in 0.001 seconds [static dependencies only]. Details - ImportResultOutputID=1fa92f18cdbf18fcab4740fd4f9a5048 DependenciesID=0e1bb44145491ef671286affe631bf2e StaticDependenciesID=8f5165c2e1325f4095d13685ec256437 
Importing 'GUID: 395cee95c45b46689f92e8d837ea67fe - Path: Packages/com.unity.multiplayer.center/Editor/MultiplayerCenterWindow/UI/Icons/Questions' with importer (DefaultImporter)
Imported 'GUID: 395cee95c45b46689f92e8d837ea67fe' -> (Import Result ID: 'd4173b7cd419f1e416b9eaa3d39a7d13') in 0.001 seconds [static dependencies only]. Details - ImportResultOutputID=6c9e2a9ef4fb34613f52dd5287144858 DependenciesID=e0962bb52ed8c7486d8b36ddde8b2ba2 StaticDependenciesID=edabd7129718d4625a2bcafa924e45b9 
Importing 'GUID: 4ab5cfecaea4f4c34a32783932e0b88e - Path: Packages/com.unity.collab-proxy/Editor/Diff/Asset/Diff/Search' with importer (DefaultImporter)
Imported 'GUID: 4ab5cfecaea4f4c34a32783932e0b88e' -> (Import Result ID: '13f151740516d8357926aed42116ae05') in 0.001 seconds [static dependencies only]. Details - ImportResultOutputID=a30fc11d6bea4afc5fdfc1d95f6ace85 DependenciesID=3d02df97daca38725cc6fdfbcf57f763 StaticDependenciesID=6ba25354ffcd44a5458da8c292c96af1 
Importing 'GUID: 7a892c920c8ad2848b469ec9579c5219 - Path: Packages/com.unity.ugui/Tests/Runtime/UGUI/EventSystem/InputModuleTests' with importer (DefaultImporter)
Imported 'GUID: 7a892c920c8ad2848b469ec9579c5219' -> (Import Result ID: '0cc254c516cd0c2f1865de3e12ca1fcf') in 0.001 seconds [static dependencies only]. Details - ImportResultOutputID=59fce8a9e6fa5cd49ac52afb2dce82c6 DependenciesID=7b19cc820fd0682fe473ea2802eb28de StaticDependenciesID=574aac1ef430026b27344ad980d224a9 
Importing 'GUID: 9a92ce7bfd964dae89e964f40874a3c2 - Path: Packages/com.unity.collab-proxy/Editor/Views/BranchExplorer/Drawing/Shapes' with importer (DefaultImporter)
Imported 'GUID: 9a92ce7bfd964dae89e964f40874a3c2' -> (Import Result ID: '6a79a066502068792b3b8e86eaed63db') in 0.001 seconds [static dependencies only]. Details - ImportResultOutputID=e65173e7eb3711c7d17e0a7d0b455827 DependenciesID=ed070ca3b7ad66dae2b2687a12a3d6f7 StaticDependenciesID=532685b4d0fdb9b569ad4d369f5330e0 
Importing 'GUID: ca0b25f6cad2c45419e69a71c9f47695 - Path: Packages/com.unity.collab-proxy/Editor/Diff/Image/Views/SideBySide' with importer (DefaultImporter)
Imported 'GUID: ca0b25f6cad2c45419e69a71c9f47695' -> (Import Result ID: '0608881c52fcdc4c6f46fb331b3873a9') in 0.001 seconds [static dependencies only]. Details - ImportResultOutputID=26ab153e54321454cbb13546e93d3f25 DependenciesID=d8d996ae0a85ebc97d1a7421a06f3bf3 StaticDependenciesID=3d56be46fe6f372b65a4be147217da4e 
Importing 'GUID: 5b3802c1581ef894d83aa9fcb7ace84c - Path: Packages/com.unity.collab-proxy/Editor/Views/Merge/Developer/DirectoryConflicts' with importer (DefaultImporter)
Imported 'GUID: 5b3802c1581ef894d83aa9fcb7ace84c' -> (Import Result ID: '782d891daa36e44ac8821adb1be41d38') in 0.001 seconds [static dependencies only]. Details - ImportResultOutputID=aeebf50e0802b02d1d5f8d0b98700697 DependenciesID=e630262d7212e612ff56563cc4acbbc5 StaticDependenciesID=0fef3b395bf21f26dfc121a3e0e13f26 
Importing 'GUID: 7b2b4aac3415145888e9c580fb869826 - Path: Packages/com.unity.collab-proxy/Editor/Diff/Asset/Content/Search' with importer (DefaultImporter)
Imported 'GUID: 7b2b4aac3415145888e9c580fb869826' -> (Import Result ID: 'ead893a3aaf2980d4bf0268c5ee15883') in 0.001 seconds [static dependencies only]. Details - ImportResultOutputID=23659f419a5c86cdf261123d7a4f2e44 DependenciesID=64b465885ad07966a920f06657fbc6e3 StaticDependenciesID=433426f90e76ad7f28579d9ee483f00c 
Importing 'GUID: 0c9e6fa111057499c9ed2c22d2c00f95 - Path: Packages/com.unity.collab-proxy/Editor/Diff/Asset/Content/Meta' with importer (DefaultImporter)
Imported 'GUID: 0c9e6fa111057499c9ed2c22d2c00f95' -> (Import Result ID: 'fd423f12e53689122fed1d5e29639876') in 0.001 seconds [static dependencies only]. Details - ImportResultOutputID=5b15ba22a5389d750ed7a04a742a13ec DependenciesID=8c6548934f9a7e5cb4b16090861233f7 StaticDependenciesID=f1c3e42f776970c4b3f48c191c3445ff 
Importing 'GUID: 7c6295db74da28645bf49db58b7c9c65 - Path: Packages/com.unity.ugui/Runtime/UGUI/UI/Core/MaterialModifiers' with importer (DefaultImporter)
Imported 'GUID: 7c6295db74da28645bf49db58b7c9c65' -> (Import Result ID: 'd427522706129b4c38bf7ff834747a7a') in 0.001 seconds [static dependencies only]. Details - ImportResultOutputID=03c64029d0207b6d88bbcba31c0ffa8e DependenciesID=b4586e08dff7b1319cd2b04bf948a1b1 StaticDependenciesID=0e740b6c645a77f1b07d3375c7d371d0 
Importing 'GUID: bfd671f2f1a3e184fa98b4fd70cd738d - Path: Packages/com.unity.multiplayer.center/Editor/MultiplayerCenterWindow/UI/Icons/BuildingBlocks' with importer (DefaultImporter)
Imported 'GUID: bfd671f2f1a3e184fa98b4fd70cd738d' -> (Import Result ID: '677d6811e42fd09a415ec15459c69a50') in 0.001 seconds [static dependencies only]. Details - ImportResultOutputID=45c26c0ecf16a39cee6be526db048197 DependenciesID=f2b89bad53a1563065a4681b5c6ca63e StaticDependenciesID=ca04bc761b7ffd87b02208bc17ec6361 
Importing 'GUID: cfa73a847eeff06448bb50a8ac6a94e0 - Path: Packages/com.unity.ugui/Runtime/UGUI/UI/Core/VertexModifiers' with importer (DefaultImporter)
Imported 'GUID: cfa73a847eeff06448bb50a8ac6a94e0' -> (Import Result ID: '7e6ac506367e44a8606a7e9041bc2148') in 0.001 seconds [static dependencies only]. Details - ImportResultOutputID=74ee8f7f8b817c009fe4f8cfa24eb36f DependenciesID=6613420f54a77a696f1d63e42e337d9d StaticDependenciesID=f2fd517fce7de3558b1a90a27ebb6f5c 
Importing 'GUID: ff34c512c6de840e7a2081a1d55a4a2a - Path: Packages/com.unity.collab-proxy/Lib/Editor/TextMateSharp/Onigwrap/libonigwrap' with importer (DefaultImporter)
Imported 'GUID: ff34c512c6de840e7a2081a1d55a4a2a' -> (Import Result ID: 'bbee9c9fa344df4a76b85ee4127603ee') in 0.002 seconds [static dependencies only]. Details - ImportResultOutputID=2bc1b72fc7fbc413aafcc6d47959a3e4 DependenciesID=e3c5f153d12ea90fd55482bff484cf69 StaticDependenciesID=1c3c58da8f72186a8e25196e19b0a13a 
Importing 'GUID: 1047700d0d5e4572882e66f9c6420fc1 - Path: Packages/com.unity.collab-proxy/Editor/Views/BranchExplorer/Drawing/Shapes/Colors' with importer (DefaultImporter)
Imported 'GUID: 1047700d0d5e4572882e66f9c6420fc1' -> (Import Result ID: 'f0a378737f9a01f88cebe2afd330538b') in 0.001 seconds [static dependencies only]. Details - ImportResultOutputID=295f89a92002bb0179ecab9f1b5d1638 DependenciesID=58e7e61187122430257b2c25b594f7c0 StaticDependenciesID=a5594d61a2bb072393e45df46df5417e 
Importing 'GUID: a05969d78cc3d44469783fe59f3bfa65 - Path: Packages/com.unity.collab-proxy/Lib/Editor/TextMateSharp/Onigwrap/libonigwrap/win-x86' with importer (DefaultImporter)
Imported 'GUID: a05969d78cc3d44469783fe59f3bfa65' -> (Import Result ID: '9090e87af4ab9a5966488d7ea7374e43') in 0.001 seconds [static dependencies only]. Details - ImportResultOutputID=c649811a14c264ce2724cb33d99a2e1c DependenciesID=5b1f00f7e98cedc589298dda74ba2c06 StaticDependenciesID=ef5e2efff52f4c2a358c4f63038e8848 
Importing 'GUID: 128bcf006b84f4f1b864cf579a4f8b97 - Path: Packages/com.unity.collab-proxy/Lib/Editor/TextMateSharp/Onigwrap/libonigwrap/osx-arm64' with importer (DefaultImporter)
Imported 'GUID: 128bcf006b84f4f1b864cf579a4f8b97' -> (Import Result ID: '1755f27c0a4e1d06fc0ec448ca0888de') in 0.001 seconds [static dependencies only]. Details - ImportResultOutputID=8e5a9fd641432b373c989b3c63b70abf DependenciesID=3533e3608da2414e3fbab22a288e866b StaticDependenciesID=bae08adb6038b8f4414fd54f81a5a9f5 
Importing 'GUID: 9315f038861f843d3894954f9be43296 - Path: Packages/com.unity.collab-proxy/Lib/Editor/TextMateSharp/Onigwrap/libonigwrap/win-x64' with importer (DefaultImporter)
Imported 'GUID: 9315f038861f843d3894954f9be43296' -> (Import Result ID: 'd06dd5f41a5db54fa4a8a3fcaa550deb') in 0.001 seconds [static dependencies only]. Details - ImportResultOutputID=935768359ff15e7a2042d906d512b13c DependenciesID=59c2372edea0914c4093756eb92cb527 StaticDependenciesID=a56898530926301607bccaf248ddfa45 
Importing 'GUID: a7816f8f0b844c4faf3b7c5f4a231f0d - Path: Packages/com.unity.collab-proxy/Editor/Views/BranchExplorer/Drawing/Shapes/Connections' with importer (DefaultImporter)
Imported 'GUID: a7816f8f0b844c4faf3b7c5f4a231f0d' -> (Import Result ID: '3ce36a49f6cf5591c83343d021fcb48f') in 0.001 seconds [static dependencies only]. Details - ImportResultOutputID=6074a695a7056b76f3bb3e5109000bb8 DependenciesID=c4ea5e3798cad916fc8b2362cb16fb65 StaticDependenciesID=d4544c3cfcf361cd44e6e617fc398df0 
Importing 'GUID: 9998fb40f44e7474c848728667ed8142 - Path: Packages/com.unity.collab-proxy/Lib/Editor/TextMateSharp/Onigwrap/libonigwrap/osx-x64' with importer (DefaultImporter)
Imported 'GUID: 9998fb40f44e7474c848728667ed8142' -> (Import Result ID: 'c79cf86435473b4b0bb29b2f6bedab1f') in 0.001 seconds [static dependencies only]. Details - ImportResultOutputID=984d3acdd697caf5cb80639d1a3c4987 DependenciesID=3b2e09dea1b9a8d3291aa37ea66466c0 StaticDependenciesID=0bcf7dea964b1db8d556c844f656efe7 
Importing 'GUID: 5a1dbdb524f764c34b894c8c2b21e31f - Path: Packages/com.unity.collab-proxy/Lib/Editor/TextMateSharp/Onigwrap/libonigwrap/win-arm64' with importer (DefaultImporter)
Imported 'GUID: 5a1dbdb524f764c34b894c8c2b21e31f' -> (Import Result ID: 'ba8be69c14ebb580833fc7f0f50f3d2b') in 0.001 seconds [static dependencies only]. Details - ImportResultOutputID=cbe79afef859013ef391e5da4580e71f DependenciesID=139779d57b456ad8d712f5830cfb4351 StaticDependenciesID=aba168496d86551155af9b1f2493341d 
Importing 'GUID: 6055be8ebefd69e48b49212b09b47b2f - Path: Packages/com.unity.ugui/Runtime/TMP/Unity.TextMeshPro.asmdef' with importer (AssemblyDefinitionImporter)
Imported 'GUID: 6055be8ebefd69e48b49212b09b47b2f' -> (Import Result ID: 'ede73ff750109d17ade2935fcc00e5db') in 0.001 seconds [static dependencies only]. Details - ImportResultOutputID=e9d70bac4e0e99cbb53f6b32bf0013a9 DependenciesID=59f07bdf9a862ad126bf2b0f8cf3facc StaticDependenciesID=5a167f258830afb4c85d61e3c8fb7370 
Importing 'GUID: f06555f75b070af458a003d92f9efb00 - Path: Packages/com.unity.timeline/Runtime/Unity.Timeline.asmdef' with importer (AssemblyDefinitionImporter)
Imported 'GUID: f06555f75b070af458a003d92f9efb00' -> (Import Result ID: '98aa86ae1f502d3408c87956842cba75') in 0.001 seconds [static dependencies only]. Details - ImportResultOutputID=db67f584a29d562ebe7454f1ebf5a5bb DependenciesID=02d88682a1e103775bf3958beeed4494 StaticDependenciesID=9f0807b777bfe2fd30c1e6a1913e0a1e 
Importing 'GUID: 02f771204943f4a40949438e873e3eff - Path: Packages/com.unity.timeline/Editor/Unity.Timeline.Editor.asmdef' with importer (AssemblyDefinitionImporter)
Imported 'GUID: 02f771204943f4a40949438e873e3eff' -> (Import Result ID: 'c0d08d6c2ea2359892a5f42d6938dd6e') in 0.001 seconds [static dependencies only]. Details - ImportResultOutputID=9876226254f5a51bd98a44012c0bfc3c DependenciesID=9441bf2d069cdffcd14507ffce35bfd7 StaticDependenciesID=1b15697f4127d83407feeca7db96c57b 
Importing 'GUID: c24d342672367b243aff1910ea83a56d - Path: Packages/com.unity.collab-proxy/Editor/Entities/Unity.PlasticSCM.Editor.Entities.asmdef' with importer (AssemblyDefinitionImporter)
Imported 'GUID: c24d342672367b243aff1910ea83a56d' -> (Import Result ID: '8c7e78f2e919a700d77a1d8439e3b5e4') in 0.001 seconds [static dependencies only]. Details - ImportResultOutputID=ab3dc7b7da219bd9e49da6ddcd249ae7 DependenciesID=142e7fcf332a1eb9cae64ea1bc0c6852 StaticDependenciesID=e3a20481ed952b49977f72fbf70c1315 
Importing 'GUID: 43b111c4a445f446abd2c02e77750ff5 - Path: Packages/com.unity.ugui/Runtime/InternalBridge/Unity.InternalAPIEngineBridge.004.asmdef' with importer (AssemblyDefinitionImporter)
Imported 'GUID: 43b111c4a445f446abd2c02e77750ff5' -> (Import Result ID: '41e252e744fa754bfd5f48832bb3af65') in 0.002 seconds [static dependencies only]. Details - ImportResultOutputID=b27fc2c96395d0cacfff2a5df34979c4 DependenciesID=4909b570a9c8d8555b1963885585d8ab StaticDependenciesID=4317c3e1a919feb5a32169cbd31178a0 
Importing 'GUID: 8394c018a82352f41ae354f7bdad54e3 - Path: Packages/com.unity.ugui/Editor/Analytics/UnityEditor.UI.Analytics.asmdef' with importer (AssemblyDefinitionImporter)
Imported 'GUID: 8394c018a82352f41ae354f7bdad54e3' -> (Import Result ID: 'ed04ed224e8e1c7fa355fc3421df813d') in 0.002 seconds [static dependencies only]. Details - ImportResultOutputID=ae155d0921fdd59b4d323be3ad677ce4 DependenciesID=e4bd127d15119207f7697d9668922819 StaticDependenciesID=9fd6f0cd92b2f0bad2826b97262fdf8d 
Importing 'GUID: 343deaaf83e0cee4ca978e7df0b80d21 - Path: Packages/com.unity.ugui/Editor/UGUI/UnityEditor.UI.asmdef' with importer (AssemblyDefinitionImporter)
Imported 'GUID: 343deaaf83e0cee4ca978e7df0b80d21' -> (Import Result ID: '2ef2cd6fff6585e7f043c792b2e08b34') in 0.001 seconds [static dependencies only]. Details - ImportResultOutputID=c27129fe4b82e033cc3a190d24016fa8 DependenciesID=40fcb70d6b73ddc9ee7a1081b298c717 StaticDependenciesID=6ddb784037740f21e3325dec2770e8cc 
Importing 'GUID: 84abd2ab34a74600a33a3bb9d72859fe - Path: Packages/com.unity.multiplayer.center/Common/Unity.Multiplayer.Center.Common.asmdef' with importer (AssemblyDefinitionImporter)
Imported 'GUID: 84abd2ab34a74600a33a3bb9d72859fe' -> (Import Result ID: 'cdc4fa8304c14bec1839fe534ffec393') in 0.001 seconds [static dependencies only]. Details - ImportResultOutputID=922bb2f88181f07a01cad39537ee8f3c DependenciesID=49b99bd5618551109680cb59cb74a0aa StaticDependenciesID=8fa31000b053ec436926b667aaef95b9 
Importing 'GUID: 05242c3d99f24a74f99cc20369fcb344 - Path: Packages/com.unity.ugui/Tests/Editor/Common/UnityEditor.UI.Common.Tests.asmdef' with importer (AssemblyDefinitionImporter)
Imported 'GUID: 05242c3d99f24a74f99cc20369fcb344' -> (Import Result ID: '204fb8ab226f8f55d8e2b96d0f43d217') in 0.001 seconds [static dependencies only]. Details - ImportResultOutputID=85f42511b1eb5e70fb4f71139713c089 DependenciesID=c8e00a12d28dcd7ea316e02e5612fa67 StaticDependenciesID=de6ed06bdb30aa02e0de1a8d8606c7c5 
Importing 'GUID: 6546d7765b4165b40850b3667f981c26 - Path: Packages/com.unity.ugui/Editor/TMP/Unity.TextMeshPro.Editor.asmdef' with importer (AssemblyDefinitionImporter)
Imported 'GUID: 6546d7765b4165b40850b3667f981c26' -> (Import Result ID: '297952751b05dd10456ce7e2744d7a5d') in 0.001 seconds [static dependencies only]. Details - ImportResultOutputID=5e147f307b4e699a62e1f18935a82f11 DependenciesID=76156a7b206ddc389a44f3184d657452 StaticDependenciesID=eb8b072277bf55e6c3c286b6d43a3d6f 
Importing 'GUID: 656e461844099ae43a609ff6109b0877 - Path: Packages/com.unity.ugui/Tests/Editor/TMP/Unity.TextMeshPro.Editor.Tests.asmdef' with importer (AssemblyDefinitionImporter)
Imported 'GUID: 656e461844099ae43a609ff6109b0877' -> (Import Result ID: '33011e45041dee7cd652c71e02a28d8a') in 0.001 seconds [static dependencies only]. Details - ImportResultOutputID=dcf766a2835af30e5dff0e5e6aaf3025 DependenciesID=e11d7ee041a49a98affe5ad12c3ebb46 StaticDependenciesID=b2ec98dc71f0dd6857a734d1a9f7706c 
Importing 'GUID: c57630adab7a340ec94f10e4fcac12f1 - Path: Packages/com.unity.ai.navigation/Editor/ConversionSystem/Unity.AI.Navigation.Editor.ConversionSystem.asmdef' with importer (AssemblyDefinitionImporter)
Imported 'GUID: c57630adab7a340ec94f10e4fcac12f1' -> (Import Result ID: '6900a09d1480081e7c70905d03c3b6e2') in 0.001 seconds [static dependencies only]. Details - ImportResultOutputID=5a6cb0c6c3d25e7ba7a6a2b63933e174 DependenciesID=bc8fc11411e1adfa6adcfd277361c757 StaticDependenciesID=46aec332d8138883c56ac243af60eb23 
Importing 'GUID: d528c8c98d269ca44a06cd9624a03945 - Path: Packages/com.unity.ide.rider/Rider/Editor/com.unity.ide.rider.asmdef' with importer (AssemblyDefinitionImporter)
Imported 'GUID: d528c8c98d269ca44a06cd9624a03945' -> (Import Result ID: '8726df5a2d3c1a083a4c848146226a5f') in 0.001 seconds [static dependencies only]. Details - ImportResultOutputID=912be29b09a856ab914d58bed46d9f41 DependenciesID=15fe68d1e72bade2cbe4e8644df25f00 StaticDependenciesID=4d25ba9e8f625be18cd10642c4596e8d 
Importing 'GUID: 1664e92176d434ccd902c1705fefe682 - Path: Packages/com.unity.ai.navigation/Editor/Updater/Unity.AI.Navigation.Updater.asmdef' with importer (AssemblyDefinitionImporter)
Imported 'GUID: 1664e92176d434ccd902c1705fefe682' -> (Import Result ID: 'a699e91ed527878c0f1fc162e6d1f53c') in 0.001 seconds [static dependencies only]. Details - ImportResultOutputID=752ac67ca767b53f80995af056227616 DependenciesID=a7231310b3d878c7bc071600cc956c7c StaticDependenciesID=b2f9911c9a007213c393b4a5b873ec9b 
Importing 'GUID: 86c9d8e67265f41469be06142c397d17 - Path: Packages/com.unity.ai.navigation/Editor/Unity.AI.Navigation.Editor.asmdef' with importer (AssemblyDefinitionImporter)
Imported 'GUID: 86c9d8e67265f41469be06142c397d17' -> (Import Result ID: 'c7c386f17441c7620d6e0558d969d55f') in 0.001 seconds [static dependencies only]. Details - ImportResultOutputID=9c52c771e3cdc6d60935d2cb171892c1 DependenciesID=771cf8a8a9441c15c35c1e3aaf16e487 StaticDependenciesID=38c886cf1e329c8b69b18bbb79787176 
Importing 'GUID: 17b36165d09634a48bf5a0e4bb27f4bd - Path: Packages/com.unity.collab-proxy/Editor/UnityInternals/Unity.CollabProxy.Editor.asmdef' with importer (AssemblyDefinitionImporter)
Imported 'GUID: 17b36165d09634a48bf5a0e4bb27f4bd' -> (Import Result ID: '8ebd316c697e0740e3bbbbe664b5c209') in 0.001 seconds [static dependencies only]. Details - ImportResultOutputID=08df14cd6b9ba255d3ad605becf0b92b DependenciesID=300e0403cd069143feb710080df4a9b6 StaticDependenciesID=68e93d6112ac47587e367537ad3bc79a 
Importing 'GUID: 27619889b8ba8c24980f49ee34dbb44a - Path: Packages/com.unity.test-framework/UnityEngine.TestRunner/UnityEngine.TestRunner.asmdef' with importer (AssemblyDefinitionImporter)
Imported 'GUID: 27619889b8ba8c24980f49ee34dbb44a' -> (Import Result ID: 'dde441411b61d7f243edd6bd86eaed2f') in 0.001 seconds [static dependencies only]. Details - ImportResultOutputID=3370b80e2922aa61095329e63cd7b568 DependenciesID=c378fe730506c60d98d3d2985f14dfea StaticDependenciesID=efd7b7b3471c17ad6b92a6854eb4dc18 
Importing 'GUID: 787ec048daec145b580d1134da5dd278 - Path: Packages/com.unity.multiplayer.center/Tests/Editor/Unity.Multiplayer.Center.Editor.Tests.asmdef' with importer (AssemblyDefinitionImporter)
Imported 'GUID: 787ec048daec145b580d1134da5dd278' -> (Import Result ID: '28b0f698072924754695dd55ba60f81d') in 0.001 seconds [static dependencies only]. Details - ImportResultOutputID=2b802c59d1c23d37a915425b63a58b6a DependenciesID=b65660063d0c90143514ac7bda1a8426 StaticDependenciesID=a17bcfb6e780838b90930276b440ae13 
Importing 'GUID: b93f844d45cfcc44fa2b0eed5c9ec6bb - Path: Packages/com.unity.ide.visualstudio/Editor/com.unity.ide.visualstudio.asmdef' with importer (AssemblyDefinitionImporter)
Imported 'GUID: b93f844d45cfcc44fa2b0eed5c9ec6bb' -> (Import Result ID: 'be19451ec2b6434642ba6f13ecf5db51') in 0.001 seconds [static dependencies only]. Details - ImportResultOutputID=ce62f0aa69bd55563fb33cc2591980de DependenciesID=9e30368bdd707e6848801ccde70f1f5c StaticDependenciesID=b5401851f919dd14a700f6556c7ed0a3 
Importing 'GUID: e9745f6a32442194c8dc5a43e9ab86f9 - Path: Packages/com.unity.ugui/Tests/Runtime/UGUI/UnityEngine.UI.Tests.asmdef' with importer (AssemblyDefinitionImporter)
Imported 'GUID: e9745f6a32442194c8dc5a43e9ab86f9' -> (Import Result ID: '84524e126e25038bdfd26b3ec59a92a5') in 0.001 seconds [static dependencies only]. Details - ImportResultOutputID=2b3c3626c54c595d218b84b23f8d2c38 DependenciesID=d4bfbe4c825e23a654634933c2033f66 StaticDependenciesID=6e8881aa18fbd1abf2a7aabb73941c36 
Importing 'GUID: 0acc523941302664db1f4e527237feb3 - Path: Packages/com.unity.test-framework/UnityEditor.TestRunner/UnityEditor.TestRunner.asmdef' with importer (AssemblyDefinitionImporter)
Imported 'GUID: 0acc523941302664db1f4e527237feb3' -> (Import Result ID: 'e2f348df875f6247245c2f700d815735') in 0.001 seconds [static dependencies only]. Details - ImportResultOutputID=666b13231f973a40371f8a88a79fd45e DependenciesID=612cc8c97fe328230cfa9ae0658786b9 StaticDependenciesID=bbf7215ccf291794fe8ed3b5ea133e60 
Importing 'GUID: 1a494b476833467f9df3a23e8804595b - Path: Packages/com.unity.collab-proxy/Editor/Assistant/Unity.PlasticSCM.Editor.Assistant.asmdef' with importer (AssemblyDefinitionImporter)
Imported 'GUID: 1a494b476833467f9df3a23e8804595b' -> (Import Result ID: 'b5ace6ad956bc8ee10ae8c8d295856bd') in 0.001 seconds [static dependencies only]. Details - ImportResultOutputID=1be88d187b4a59a7f8042f67fb12bdc5 DependenciesID=b319bf4283691ece695b6cdf7edc95e0 StaticDependenciesID=f73e190e33e67798503fcb6607e974fd 
Importing 'GUID: 2bafac87e7f4b9b418d9448d219b01ab - Path: Packages/com.unity.ugui/Runtime/UGUI/UnityEngine.UI.asmdef' with importer (AssemblyDefinitionImporter)
Imported 'GUID: 2bafac87e7f4b9b418d9448d219b01ab' -> (Import Result ID: '26062c1a543744ff266aafe43af489de') in 0.001 seconds [static dependencies only]. Details - ImportResultOutputID=e456a6133a592065fdaa29a6e752040b DependenciesID=7c6adf815f8b14a5c97a54f8e23f8b92 StaticDependenciesID=7c4d96875a0877dd7a0af4cb45a4695f 
Importing 'GUID: 4b84427fd7ace4b4cb623ef8a46124ed - Path: Packages/com.unity.collab-proxy/Editor/Unity.PlasticSCM.Editor.asmdef' with importer (AssemblyDefinitionImporter)
Imported 'GUID: 4b84427fd7ace4b4cb623ef8a46124ed' -> (Import Result ID: '9b6200f70b27594572a715298351b03a') in 0.001 seconds [static dependencies only]. Details - ImportResultOutputID=5b36d179a5f47d9cfd5f849ec9aa8a5f DependenciesID=4ca5a233798bed1cb2a8b4738f2662dc StaticDependenciesID=c4f699b0438d4dc43223df86f163bfa7 
Importing 'GUID: 8b845b123ab418448a8be2935fa804e0 - Path: Packages/com.unity.ide.vscode/Editor/Unity.com.unity.vscode.Editor.asmdef' with importer (AssemblyDefinitionImporter)
Imported 'GUID: 8b845b123ab418448a8be2935fa804e0' -> (Import Result ID: '4bb6453d73eb0a8209b77224a987b8e8') in 0.001 seconds [static dependencies only]. Details - ImportResultOutputID=809cefd315c676408588cd34ecb74ba7 DependenciesID=5e1f63c21ebecac8e9a95575fdb25763 StaticDependenciesID=d4073d091da0f0e302bce72b20b29e67 
Importing 'GUID: bb05cab7d802aa5468f8f2f86840d984 - Path: Packages/com.unity.ugui/Tests/Runtime/TMP/Unity.TextMeshPro.Tests.asmdef' with importer (AssemblyDefinitionImporter)
Imported 'GUID: bb05cab7d802aa5468f8f2f86840d984' -> (Import Result ID: '5e68e27354c939fe603eb4eb77469ca3') in 0.001 seconds [static dependencies only]. Details - ImportResultOutputID=49b5000aa348ae6e6f0b4d067303a4a8 DependenciesID=12b17a826b956da1c2390d415dadc826 StaticDependenciesID=8a41bad9b68ba21b4ebf17eac42c46ab 
Importing 'GUID: 7c04f0dfa9243c04681a55d90d3ff3fc - Path: Packages/com.unity.ugui/Tests/Editor/UGUI/UnityEditor.UI.EditorTests.asmdef' with importer (AssemblyDefinitionImporter)
Imported 'GUID: 7c04f0dfa9243c04681a55d90d3ff3fc' -> (Import Result ID: 'cc1fad722f14c8955f39430bb979b25d') in 0.001 seconds [static dependencies only]. Details - ImportResultOutputID=7509f794d9d725c9f24bb507014f8d05 DependenciesID=b03623885704673aae6552704d6e6bc1 StaticDependenciesID=437231d2d3e72834c69d52cbff73ba64 
Importing 'GUID: 8c4dd21966739024fbd72155091d199e - Path: Packages/com.unity.ai.navigation/Runtime/Unity.AI.Navigation.asmdef' with importer (AssemblyDefinitionImporter)
Imported 'GUID: 8c4dd21966739024fbd72155091d199e' -> (Import Result ID: 'e924744a98f4d14e342277849063ba31') in 0.001 seconds [static dependencies only]. Details - ImportResultOutputID=8b4afce865320f6f2c7d0d6c5f937f37 DependenciesID=b1b57f71d32f8b5cd43d2e638c5e28d8 StaticDependenciesID=7e8164398e2722f294ac211a93990876 
Importing 'GUID: be17709716f1648caa5de6d0c38103ed - Path: Packages/com.unity.multiplayer.center/Editor/Unity.Multiplayer.Center.Editor.asmdef' with importer (AssemblyDefinitionImporter)
Imported 'GUID: be17709716f1648caa5de6d0c38103ed' -> (Import Result ID: '8112f0f5869cc59bca453264e7695a25') in 0.001 seconds [static dependencies only]. Details - ImportResultOutputID=6a94177525b9d3649ef5a788314deaa0 DependenciesID=622d27fa8d4eff812fbaf1491c5a985b StaticDependenciesID=cf985bb85c1eed9a3af017ad82ddc21e 
Importing 'GUID: 51fa60bb2bd1e5bc74e8cc95a7bfd5b7 - Path: Packages/com.unity.modules.ui/package.ModuleCompilationTrigger' with importer (DefaultImporter)
Imported 'GUID: 51fa60bb2bd1e5bc74e8cc95a7bfd5b7' -> (Import Result ID: '0e6c19f382af6f75a9394f69adf788bd') in 0.012 seconds [static dependencies only]. Details - ImportResultOutputID=6e559821e528ff0e1a68c3b7765614d2 DependenciesID=89d09727dde36d60bf3bc38270dcfe28 StaticDependenciesID=3c1226af24afdaaba5f6812b32e68603 
Importing 'GUID: 71136fc5cf34f2cc10be0e33c0b08019 - Path: Packages/com.unity.modules.unityanalytics/package.ModuleCompilationTrigger' with importer (DefaultImporter)
Imported 'GUID: 71136fc5cf34f2cc10be0e33c0b08019' -> (Import Result ID: '56d126e4d1bc3d7b9e851b6322fe1bf8') in 0.001 seconds [static dependencies only]. Details - ImportResultOutputID=19db86d6fd47355ede82a1c702bde617 DependenciesID=b7469a4e7d2ca43e0537a7ec0ec6f7f8 StaticDependenciesID=0fa4fc0f2aeadebbd7eb627812335e19 
Importing 'GUID: 71e7167b55a3448b38774a3bb6e05bac - Path: Packages/com.unity.modules.timelinefoundation/package.ModuleCompilationTrigger' with importer (DefaultImporter)
Imported 'GUID: 71e7167b55a3448b38774a3bb6e05bac' -> (Import Result ID: 'a6bec22fa10db9f7f35c7bd13e010a27') in 0.001 seconds [static dependencies only]. Details - ImportResultOutputID=c5890c0237407de11fec9407c846284f DependenciesID=36a0517f4d644b89cbe480485858a8bb StaticDependenciesID=25f461b927f097c38d0dbd784655af32 
Importing 'GUID: a1c42005fe7c5d78585a77ce396a5eea - Path: Packages/com.unity.modules.tilemap/package.ModuleCompilationTrigger' with importer (DefaultImporter)
Imported 'GUID: a1c42005fe7c5d78585a77ce396a5eea' -> (Import Result ID: '3e9d656e966633573cb2046a22ae4ca5') in 0.001 seconds [static dependencies only]. Details - ImportResultOutputID=41e18ad721a806fe228204bdeef3a130 DependenciesID=97ef5d5583d5a20672f05956a22555d4 StaticDependenciesID=4ee5382b003fc77fa6aba69871f9e483 
Importing 'GUID: d104359075a97392b803d3d5aebc77f7 - Path: Packages/com.unity.modules.hierarchycore/package.ModuleCompilationTrigger' with importer (DefaultImporter)
Imported 'GUID: d104359075a97392b803d3d5aebc77f7' -> (Import Result ID: '636638bc242e6bdeeae1ff976ac45eea') in 0.001 seconds [static dependencies only]. Details - ImportResultOutputID=1072526eb62216a1dc59d571676cf01f DependenciesID=69277dae5c49201d36383230841bb75b StaticDependenciesID=afc1e02b93f4652d9379104da0050c0e 
Importing 'GUID: 222fc39b0c85d800342910da2cd64781 - Path: Packages/com.unity.modules.assetbundle/package.ModuleCompilationTrigger' with importer (DefaultImporter)
Imported 'GUID: 222fc39b0c85d800342910da2cd64781' -> (Import Result ID: '0fd01ec1cec49f43ec72c5169f6a2f32') in 0.001 seconds [static dependencies only]. Details - ImportResultOutputID=7310c3d2b5a0454edeaf1531193e1a44 DependenciesID=fe2b344c41a59d7326b14e42dbe8dfa7 StaticDependenciesID=068dda8c383984ece564f394f95f8957 
Importing 'GUID: d2ec2d1228c8e67cdd913cb5609176a2 - Path: Packages/com.unity.modules.unitywebrequest/package.ModuleCompilationTrigger' with importer (DefaultImporter)
Imported 'GUID: d2ec2d1228c8e67cdd913cb5609176a2' -> (Import Result ID: 'a3f2f0e23f3ad60f0708fa9556b1addd') in 0.001 seconds [static dependencies only]. Details - ImportResultOutputID=fa2ee3949a508ef3b244c0a794acf950 DependenciesID=cbbd01d5144c855f237ee6f40affeaad StaticDependenciesID=373cbc2130578c37890108d08e3aa5a8 
Importing 'GUID: e2d09a26ce46dc617b54e49a534ace20 - Path: Packages/com.unity.modules.ai/package.ModuleCompilationTrigger' with importer (DefaultImporter)
Imported 'GUID: e2d09a26ce46dc617b54e49a534ace20' -> (Import Result ID: 'c84fbdd4c3af86792ea6d72c160432c9') in 0.001 seconds [static dependencies only]. Details - ImportResultOutputID=ee6d62765d5e314c9a6c39429e765ae4 DependenciesID=9494f1933888c1f65785ae70d1f831f9 StaticDependenciesID=6c7c4c8e791c4aa26cc383c6d60585b1 
Importing 'GUID: 23032f4383e95e772bce465c5896d0fd - Path: Packages/com.unity.modules.terrain/package.ModuleCompilationTrigger' with importer (DefaultImporter)
Imported 'GUID: 23032f4383e95e772bce465c5896d0fd' -> (Import Result ID: 'bd30ba83ed02823c9e823c14b941a7f1') in 0.001 seconds [static dependencies only]. Details - ImportResultOutputID=f8cc97289111b69a8286fb59513f51d0 DependenciesID=f7f84d52c1320d9424f005284d1bf4d4 StaticDependenciesID=5c35be58abc6fbf8152e89babfca9984 
Importing 'GUID: 830a36a23cf3ab1e61fa47940a6dc35e - Path: Packages/com.unity.modules.imageconversion/package.ModuleCompilationTrigger' with importer (DefaultImporter)
Imported 'GUID: 830a36a23cf3ab1e61fa47940a6dc35e' -> (Import Result ID: 'be0b67b432003b038cf0bb92e1d77b13') in 0.001 seconds [static dependencies only]. Details - ImportResultOutputID=76d29ea8d45d8514b9b32b4ce101e77e DependenciesID=7f550e29dfcaa81d6d67cc4988f0b7c8 StaticDependenciesID=7f600a175e09c6006f9088f92f2c1098 
Importing 'GUID: a31a332ce3485f00f7df8d987302a29c - Path: Packages/com.unity.modules.unitywebrequesttexture/package.ModuleCompilationTrigger' with importer (DefaultImporter)
Imported 'GUID: a31a332ce3485f00f7df8d987302a29c' -> (Import Result ID: '7029b3a7fbb8733a8662ce0664153cce') in 0.001 seconds [static dependencies only]. Details - ImportResultOutputID=a17619517ae6297bd7d73537d7aa1eef DependenciesID=4cb8ff9f6c9825e23497eb6dfab28558 StaticDependenciesID=cee85ab715b09873ab2419e18d764d2a 
Importing 'GUID: 042dc296246916648e55a43d0eeb2036 - Path: Packages/com.unity.modules.audio/package.ModuleCompilationTrigger' with importer (DefaultImporter)
Imported 'GUID: 042dc296246916648e55a43d0eeb2036' -> (Import Result ID: 'eb5c5d20fc9656beee57de382516913d') in 0.001 seconds [static dependencies only]. Details - ImportResultOutputID=db7c8acc5ec18f8d94381a817bd4639b DependenciesID=f2e5ad5e1d5d153fc84b7341a3ca872f StaticDependenciesID=987edeb86285dfb2f2b949491eb5ed6c 
Importing 'GUID: 14e86f88e9a8c9c448d7e7df92f2aeec - Path: Packages/com.unity.modules.physicscore2d/package.ModuleCompilationTrigger' with importer (DefaultImporter)
Imported 'GUID: 14e86f88e9a8c9c448d7e7df92f2aeec' -> (Import Result ID: '2c973c246328c75cfbee9b147c533aec') in 0.001 seconds [static dependencies only]. Details - ImportResultOutputID=4f921d24b7de923e48844f6cc629c5fc DependenciesID=5c2b2ed5b2c80f68f171a4ee31fd57d0 StaticDependenciesID=b0c4b38fa6509f6aac786da76715b668 
Importing 'GUID: 553737203d61a8109f9544a97201e1aa - Path: Packages/com.unity.modules.unitywebrequestaudio/package.ModuleCompilationTrigger' with importer (DefaultImporter)
Imported 'GUID: 553737203d61a8109f9544a97201e1aa' -> (Import Result ID: '0f4eb7ae2b60b7c89087cdbc39d4a4fe') in 0.001 seconds [static dependencies only]. Details - ImportResultOutputID=64727956256aa51f7cb2d4856cb94864 DependenciesID=cd465c0c33eadf2436e57ee7f25fa7fb StaticDependenciesID=bd9a4bcd391b2567d2810cdd845fb0eb 
Importing 'GUID: e5c46c19ce0ce2e0103aa6f82df1043a - Path: Packages/com.unity.modules.vehicles/package.ModuleCompilationTrigger' with importer (DefaultImporter)
Imported 'GUID: e5c46c19ce0ce2e0103aa6f82df1043a' -> (Import Result ID: 'b99ed6723b74a4d66aa0206620636a07') in 0.001 seconds [static dependencies only]. Details - ImportResultOutputID=9b7b8c0cced984a57484c36eeeb14744 DependenciesID=ef2dffd146da6b275d6d1e44bea61be8 StaticDependenciesID=9ca15e267986355ee32da087f45ce101 
Importing 'GUID: 7610600f5c83e01041a6fe849d39279f - Path: Packages/com.unity.modules.unitywebrequestassetbundle/package.ModuleCompilationTrigger' with importer (DefaultImporter)
Imported 'GUID: 7610600f5c83e01041a6fe849d39279f' -> (Import Result ID: 'd143180331801b6afac4cb0441c03e0e') in 0.001 seconds [static dependencies only]. Details - ImportResultOutputID=f30f7eaa989873c773f075bfa516083b DependenciesID=688e9abb6902a064839efe5478506764 StaticDependenciesID=d0e36a883dc7d1e0c9c852b0a2bc5946 
Importing 'GUID: e6a135e3ea9cb46795d1b0e05ac3e1e5 - Path: Packages/com.unity.modules.jsonserialize/package.ModuleCompilationTrigger' with importer (DefaultImporter)
Imported 'GUID: e6a135e3ea9cb46795d1b0e05ac3e1e5' -> (Import Result ID: 'c71f379f57b8b9297518a0ca2d221294') in 0.001 seconds [static dependencies only]. Details - ImportResultOutputID=fe2252d2af7741e3b7227eed79d28422 DependenciesID=4d9d5a211e60a1a74167fb8bdba07a36 StaticDependenciesID=b0b22eccfcc75550cfd5416b8ccadc34 
Importing 'GUID: f62135e79edb837b2d2ee3c524da864c - Path: Packages/com.unity.modules.video/package.ModuleCompilationTrigger' with importer (DefaultImporter)
Imported 'GUID: f62135e79edb837b2d2ee3c524da864c' -> (Import Result ID: '3aef036da86c810165ec7e6a476a5e6a') in 0.001 seconds [static dependencies only]. Details - ImportResultOutputID=3eada0df8170b53fc4bf86e17012a94e DependenciesID=22c43316fff881fb5401b42ecaa5cf6b StaticDependenciesID=fbd77c14c4971f0ecd6ad9fa2e1328c7 
Importing 'GUID: 17f093324b67f5bd57e55b546736750e - Path: Packages/com.unity.modules.particlesystem/package.ModuleCompilationTrigger' with importer (DefaultImporter)
Imported 'GUID: 17f093324b67f5bd57e55b546736750e' -> (Import Result ID: 'f5f31d1663e5c8d3331bb37242222224') in 0.001 seconds [static dependencies only]. Details - ImportResultOutputID=03b670f3bb0647212e588851cc9790ce DependenciesID=7cd4b0bd5e72584af4ea6e0c0211374b StaticDependenciesID=093f92235b507c1e02fa5e78da745e12 
Importing 'GUID: 4745d06d5a7ca576dcf9e5e67b417652 - Path: Packages/com.unity.modules.accessibility/package.ModuleCompilationTrigger' with importer (DefaultImporter)
Imported 'GUID: 4745d06d5a7ca576dcf9e5e67b417652' -> (Import Result ID: '397e51aa7e4f499b0e5205ffb978fc4e') in 0.001 seconds [static dependencies only]. Details - ImportResultOutputID=b1f5e4e3c8972d4630691b43df2bbfd5 DependenciesID=1c2a5a75fdeca1a9ece56ca2cd130f73 StaticDependenciesID=d3721eb1044daf5752f2a6dc41e1fbad 
Importing 'GUID: c7a8b0317f4e68556d7509828e9e211e - Path: Packages/com.unity.modules.xr/package.ModuleCompilationTrigger' with importer (DefaultImporter)
Imported 'GUID: c7a8b0317f4e68556d7509828e9e211e' -> (Import Result ID: 'e6bc977ec43908b8c483480c50ba709b') in 0.001 seconds [static dependencies only]. Details - ImportResultOutputID=3c34469eeb3b36ac519079aacda65087 DependenciesID=d798ecfd2d3e606ae271c325f8d3f9d8 StaticDependenciesID=e7f1a4af7c34a1d23cbcb270e74c5222 
Importing 'GUID: 082fbee38a82835433261a5e9c00e267 - Path: Packages/com.unity.modules.cloth/package.ModuleCompilationTrigger' with importer (DefaultImporter)
Imported 'GUID: 082fbee38a82835433261a5e9c00e267' -> (Import Result ID: '054de114cf7b1ddb2123ab78864bfa32') in 0.001 seconds [static dependencies only]. Details - ImportResultOutputID=9be4c5c78bb42c0f666e2a3f388dc295 DependenciesID=9832c12933ccfc77258802dcb0e3f72b StaticDependenciesID=ef90c48130220f5be7a14d844c91ba67 
Importing 'GUID: c82e859b16636ddd2ca4a1f63fd34938 - Path: Packages/com.unity.modules.androidjni/package.ModuleCompilationTrigger' with importer (DefaultImporter)
Imported 'GUID: c82e859b16636ddd2ca4a1f63fd34938' -> (Import Result ID: 'ff8c030b16c1cc7102200c9ad9435e1d') in 0.001 seconds [static dependencies only]. Details - ImportResultOutputID=55f36a6ec0ad2395ab65ece168bae855 DependenciesID=d43e9c36192ead1f86158e7e35972b1d StaticDependenciesID=5262811eb11f19499d820f4d7138ccaa 
Importing 'GUID: c88e90bad18cceb5d182d0c805883056 - Path: Packages/com.unity.modules.director/package.ModuleCompilationTrigger' with importer (DefaultImporter)
Imported 'GUID: c88e90bad18cceb5d182d0c805883056' -> (Import Result ID: 'df5c6bef6720749769e0f29a7b968a5d') in 0.001 seconds [static dependencies only]. Details - ImportResultOutputID=990ca6c83905e57d0ad7cd210f7cd2f4 DependenciesID=b85bfdded66e51812773514932e1aca5 StaticDependenciesID=af76e0aacb3cf0fe693097321b8bc037 
Importing 'GUID: 1af35a910338381f753e8a985eb5daab - Path: Packages/com.unity.modules.adaptiveperformance/package.ModuleCompilationTrigger' with importer (DefaultImporter)
Imported 'GUID: 1af35a910338381f753e8a985eb5daab' -> (Import Result ID: 'fc49569651cc7b30f65743e4c018033a') in 0.001 seconds [static dependencies only]. Details - ImportResultOutputID=38b55a11ad75d8d562e364a238f3edd6 DependenciesID=31de37ff8b9a96f332a1fe4c4b17e97a StaticDependenciesID=b97217f7ec03d510a9073c02c264b8d7 
Importing 'GUID: 2adec19fac7df68adf1fd6eb83197bb1 - Path: Packages/com.unity.modules.wind/package.ModuleCompilationTrigger' with importer (DefaultImporter)
Imported 'GUID: 2adec19fac7df68adf1fd6eb83197bb1' -> (Import Result ID: '6f5329e3c0cac076202f7a8638885e2a') in 0.001 seconds [static dependencies only]. Details - ImportResultOutputID=7f18c13849c24c83cffeb627f22214a1 DependenciesID=0282cb2b50e52649b51b1218e25d341f StaticDependenciesID=eacd0b75a9f702da0584600b1d54bde7 
Importing 'GUID: 8a752aaaadd2410dd9a84e01c1bace9f - Path: Packages/com.unity.modules.uielements/package.ModuleCompilationTrigger' with importer (DefaultImporter)
Imported 'GUID: 8a752aaaadd2410dd9a84e01c1bace9f' -> (Import Result ID: 'dc6f24ef124e8a1d93aeb4a49c9f2f2f') in 0.001 seconds [static dependencies only]. Details - ImportResultOutputID=058332d648d7f8084d1da6808467f61f DependenciesID=2d44fed7f892601fa61b2fed977658e7 StaticDependenciesID=ebedc7cdf67042358e558fc7d3cb11d5 
Importing 'GUID: 1b6246f2248883964991eac9e9b4817c - Path: Packages/com.unity.modules.umbra/package.ModuleCompilationTrigger' with importer (DefaultImporter)
Imported 'GUID: 1b6246f2248883964991eac9e9b4817c' -> (Import Result ID: 'e584efd2346a6fcd345a9419a0e8a578') in 0.001 seconds [static dependencies only]. Details - ImportResultOutputID=b67f1a35dabb3a69e999ed6262ee3706 DependenciesID=acae37db5af4c558d67e981e08dc71f4 StaticDependenciesID=4c307308065751d30c0501355fc00317 
Importing 'GUID: 4bf139fc5e9d9240edc107e25d67d398 - Path: Packages/com.unity.modules.tetgen/package.ModuleCompilationTrigger' with importer (DefaultImporter)
Imported 'GUID: 4bf139fc5e9d9240edc107e25d67d398' -> (Import Result ID: '32c0a5c247b7d4630e34dc8a23b68bbe') in 0.001 seconds [static dependencies only]. Details - ImportResultOutputID=65cbec6ab1d9e8bebe15b1d11261c757 DependenciesID=f8e401a0bd87c3dc127a91c1ab3cd02f StaticDependenciesID=bcf844a6408d7a7017ee86bb65031aa6 
Importing 'GUID: cbb1a39d56ce4d9ac1a46ac505893fa7 - Path: Packages/com.unity.modules.terrainphysics/package.ModuleCompilationTrigger' with importer (DefaultImporter)
Imported 'GUID: cbb1a39d56ce4d9ac1a46ac505893fa7' -> (Import Result ID: '0015779f9cd014ade85ffd7046bb2285') in 0.001 seconds [static dependencies only]. Details - ImportResultOutputID=55421b023a735b0064eb2b4eb850448a DependenciesID=f66c66036bb2a04dc531dade5a20af10 StaticDependenciesID=9281758ea84e1fefc5eeb8796f201f8d 
Importing 'GUID: db8e609a39b9b231fccc54e5fa4cbd1b - Path: Packages/com.unity.modules.animation/package.ModuleCompilationTrigger' with importer (DefaultImporter)
Imported 'GUID: db8e609a39b9b231fccc54e5fa4cbd1b' -> (Import Result ID: '64bdd471f684b7215418c8ebb98646e6') in 0.001 seconds [static dependencies only]. Details - ImportResultOutputID=bd54157e641a087b027334797ac1bb4e DependenciesID=63ee899a18461a3d707a245c13219acd StaticDependenciesID=45113d4b06d87e4212ca0fd971c6f675 
Importing 'GUID: 3cc1ebf2abb7fef6871ad48f499b6e21 - Path: Packages/com.unity.modules.vectorgraphics/package.ModuleCompilationTrigger' with importer (DefaultImporter)
Imported 'GUID: 3cc1ebf2abb7fef6871ad48f499b6e21' -> (Import Result ID: '691e04633c45bc3a459c56548c37507c') in 0.001 seconds [static dependencies only]. Details - ImportResultOutputID=f888f024258c75377d48b95d8eccd14d DependenciesID=8afc27de05790c97bc976e3bb8e1a82d StaticDependenciesID=27d17b554dfb7e9c29707348538cb25c 
Importing 'GUID: 5c1ee4056d0ac7ad3c5a16597fcaa38a - Path: Packages/com.unity.modules.physics/package.ModuleCompilationTrigger' with importer (DefaultImporter)
Imported 'GUID: 5c1ee4056d0ac7ad3c5a16597fcaa38a' -> (Import Result ID: '0f78740e1b0faf652d13359c837630fa') in 0.001 seconds [static dependencies only]. Details - ImportResultOutputID=0711ed6008a670c121290dcbcce4e191 DependenciesID=1deaa0db5f99f0028b0739739357e86b StaticDependenciesID=93b97e97dbe87d17a699457ed0c8bfdb 
Importing 'GUID: 8d4bc6bfa28760b29f13174d6b6ea710 - Path: Packages/com.unity.modules.subsystems/package.ModuleCompilationTrigger' with importer (DefaultImporter)
Imported 'GUID: 8d4bc6bfa28760b29f13174d6b6ea710' -> (Import Result ID: '5ba628f7dd061e6c6125f1d10a64f3cc') in 0.001 seconds [static dependencies only]. Details - ImportResultOutputID=506707270f0b52336d3dc2706a7b00f3 DependenciesID=b542271c0169491e5e8c11b6ca61744b StaticDependenciesID=f8416302fe8f15d94abef2ac59f5532a 
Importing 'GUID: cd561f5f687aed43bf280c27a84f79e3 - Path: Packages/com.unity.modules.screencapture/package.ModuleCompilationTrigger' with importer (DefaultImporter)
Imported 'GUID: cd561f5f687aed43bf280c27a84f79e3' -> (Import Result ID: '44b7856086d9635bc03bb42d4968c411') in 0.001 seconds [static dependencies only]. Details - ImportResultOutputID=c0a8303c6754efb32cd09ffd146f4f49 DependenciesID=c0c206a2785c8acb2042240a2f88798b StaticDependenciesID=ffe48f33e27a5f63f50b47fe4620e5e4 
Importing 'GUID: ae87256f29d9c8b50490f4caf75b2c41 - Path: Packages/com.unity.modules.unitywebrequestwww/package.ModuleCompilationTrigger' with importer (DefaultImporter)
Imported 'GUID: ae87256f29d9c8b50490f4caf75b2c41' -> (Import Result ID: '04c5ca5b57cafa76228e9ce9042e8863') in 0.001 seconds [static dependencies only]. Details - ImportResultOutputID=e6bac705e462011a5c14df84abae17b9 DependenciesID=313bca068a82967cd7169028c09e9c78 StaticDependenciesID=794bf6e576894272110ccdcb72c79620 
Importing 'GUID: be13c398521e3c1ad21fb9da30ab2ab6 - Path: Packages/com.unity.modules.imgui/package.ModuleCompilationTrigger' with importer (DefaultImporter)
Imported 'GUID: be13c398521e3c1ad21fb9da30ab2ab6' -> (Import Result ID: 'f88617f8755f3cc7c522b80bad4b2bff') in 0.001 seconds [static dependencies only]. Details - ImportResultOutputID=bbfcda24188a78ea8f934cd6f1d77d47 DependenciesID=1676049d7bfc560c2876453352831559 StaticDependenciesID=1484f2e44d4504480cf87fd155816ecc 
Importing 'GUID: fe6a6957b37b61417b457a1e0541791d - Path: Packages/com.unity.modules.physics2d/package.ModuleCompilationTrigger' with importer (DefaultImporter)
Imported 'GUID: fe6a6957b37b61417b457a1e0541791d' -> (Import Result ID: '277c9d9c9443fa4d20de51563b0d83a5') in 0.001 seconds [static dependencies only]. Details - ImportResultOutputID=0029339c38fd9ee58145f1e3cabdd15e DependenciesID=adeb826391ab9c6ccdea71424fa76aa4 StaticDependenciesID=a2616f4ea2d94c01ce1fa3af66244439 
Refreshing native plugins compatible for Editor in 2.35 ms, found 3 plugins.
Native extension for WindowsStandalone target not found
ScheduleIndexationOnStartup MainProcess:True IndexOnStartup:True
Scripting: successfully reloaded assembly
- Finished resetting the current domain, in  0.840 seconds
Domain Reload Profiling: 3487ms
	BeginReloadAssembly (378ms)
		DisableScriptedObjects (37ms)
		CreateAndSetChildDomain (59ms)
	RebuildCommonClasses (13ms)
	RebuildNativeTypeToScriptingClass (24ms)
	initialDomainReloadingComplete (90ms)
	LoadAllAssembliesAndSetupDomain (2141ms)
		LoadAssemblies (1947ms)
		TypeCache.Refresh (133ms)
			TypeCache.ScanAssembly (119ms)
		AnalyzeDomain (36ms)
			BuildScriptInfoCaches (32ms)
	FinalizeReload (841ms)
		SetupLoadedEditorAssemblies (0ms)
			BeforeProcessingInitializeOnLoad (153ms)
			ProcessInitializeOnLoadAttributes (309ms)
			ProcessInitializeOnLoadMethodAttributes (66ms)
			AfterProcessingInitializeOnLoad (14ms)
		AwakeInstancesAfterBackupRestoration (35ms)
Starting new worker id: 0 with log in C:/Users/aj200/Documents/GitHub/My-Projects/Completed Projects/Heart Simulations Main/Logs/AssetImportWorkerHW0.log
Importing 'GUID: 00000000000000005000000000000000 - Path: Library/BuildPlayer.prefs' with importer (DefaultImporter)
Imported 'GUID: 00000000000000005000000000000000' -> (Import Result ID: 'e7fde0b61ad1bb905306708466de98ff') in 0.010 seconds [static dependencies only]. Details - ImportResultOutputID=5acc0d65895b3924819acc0f7e0e29d2 DependenciesID=59ca58ea3aedb06da41e45fbc07180ca StaticDependenciesID=37539b702cdc10d1395751c96f99732e 
Importing 'GUID: dfbb9a55dd116a349a3ffb33ec0e8bc1 - Path: Assets/Import STLs.py' with importer (DefaultImporter)
Imported 'GUID: dfbb9a55dd116a349a3ffb33ec0e8bc1' -> (Import Result ID: '3c5638460d4ce03f4164496ee754c670') in 0.006 seconds [static dependencies only]. Details - ImportResultOutputID=178cd58873c647643b933ea598ac7239 DependenciesID=0c76e4a5489bce54bd266e2c6d0fc0bb StaticDependenciesID=fc2b9de4bb61ec3f71373d29fa267f89 
Importing 'GUID: 8a3376d1fd65e3c4f994c7b3ac83b7d4 - Path: Assets/Object Files/curvedarrow.mtl' with importer (DefaultImporter)
Imported 'GUID: 8a3376d1fd65e3c4f994c7b3ac83b7d4' -> (Import Result ID: '869ea5c18b11ba587b60984d6ba55946') in 0.002 seconds [static dependencies only]. Details - ImportResultOutputID=837bae351696938ebe7e6cb6a169a5d6 DependenciesID=01af82eab3405c814ee817551e0ac27d StaticDependenciesID=e4e58740ec266c9c2345be673e5614fa 
Importing 'GUID: 9fc0d4010bbf28b4594072e72b8655ab - Path: Assets/Scenes/SampleScene.unity' with importer (DefaultImporter)
Imported 'GUID: 9fc0d4010bbf28b4594072e72b8655ab' -> (Import Result ID: '8c2c09cfcb7bf244bfc058e54a60546e') in 0.001 seconds [static dependencies only]. Details - ImportResultOutputID=969a116b839ffa7e07089be46c53aee9 DependenciesID=b5c25f16c0b3c55f8f764c4cbbbe0e4d StaticDependenciesID=2bf169344954d924e31befa27857d07b 
Importing 'GUID: 2610dd81ce5e9084aac66686c11e98f0 - Path: Packages/com.unity.timeline/Editor/Unity.Timeline.Editor.api' with importer (DefaultImporter)
Imported 'GUID: 2610dd81ce5e9084aac66686c11e98f0' -> (Import Result ID: '53cae3b3c49b72ec08b61dbd5fbfc6cd') in 0.002 seconds [static dependencies only]. Details - ImportResultOutputID=55d5407d868882fae000f264e28018e2 DependenciesID=19291758eb98cd84b509227daa85944b StaticDependenciesID=2d6d72707bc0f4c04bd8165cb9beb00a 
Importing 'GUID: c9bf15581ac2f8d4eabf21cd2e6d161b - Path: Packages/com.unity.timeline/Runtime/Unity.Timeline.api' with importer (DefaultImporter)
Imported 'GUID: c9bf15581ac2f8d4eabf21cd2e6d161b' -> (Import Result ID: 'f43cf9227ed9b78849830292bfce5adc') in 0.001 seconds [static dependencies only]. Details - ImportResultOutputID=aa106955c12224f07587e60398c65adb DependenciesID=2ed4364ad2ddfefe932f2003db7aabf2 StaticDependenciesID=b767a94d7d88abbe761f442e5b3c07d2 
Importing 'GUID: bc00e25696e4132499f56528d3fed2e3 - Path: Packages/com.unity.ugui/Package Resources/TMP Examples & Extras.unitypackage' with importer (DefaultImporter)
Imported 'GUID: bc00e25696e4132499f56528d3fed2e3' -> (Import Result ID: '06840da54814770a12bf6d6ccbbe4096') in 0.002 seconds [static dependencies only]. Details - ImportResultOutputID=4934728e630e4eaf0513a68f351db45e DependenciesID=4ae59f274dd4381e25547fc85365599a StaticDependenciesID=db5f177954bba2600db92c85e9a3e3ff 
Importing 'GUID: ce4ff17ca867d2b48b5c8a4181611901 - Path: Packages/com.unity.ugui/Package Resources/TMP Essential Resources.unitypackage' with importer (DefaultImporter)
Imported 'GUID: ce4ff17ca867d2b48b5c8a4181611901' -> (Import Result ID: '125767940f57f84da1db0f9543b7caff') in 0.001 seconds [static dependencies only]. Details - ImportResultOutputID=f07f1189a2b24fcec03c20307fac9422 DependenciesID=f09ee32b1d0e9fabbd6928005237c8b4 StaticDependenciesID=da1ca419056efb5873ef344d36b45ead 
Importing 'GUID: 585c3fb85b32bd64e8814074e754163e - Path: Packages/com.unity.ide.visualstudio/Editor/VSWhere/vswhere.exe' with importer (DefaultImporter)
Imported 'GUID: 585c3fb85b32bd64e8814074e754163e' -> (Import Result ID: '701e5b472d57295940ce3e5e00167b53') in 0.005 seconds [static dependencies only]. Details - ImportResultOutputID=fd84ef82b906939aad1911d355b2029d DependenciesID=a9c3f6abe0e86ff7a75e134f5648d5a7 StaticDependenciesID=41bf4a9549fbc4054f90b893523d36b2 
Importing 'GUID: cb67edc1800c2ec4ba8dfb1cf0dfc84a - Path: Packages/com.unity.ide.visualstudio/Editor/COMIntegration/Release/COMIntegration.exe' with importer (DefaultImporter)
Imported 'GUID: cb67edc1800c2ec4ba8dfb1cf0dfc84a' -> (Import Result ID: '90829e31db53b07a994dc2fadb541224') in 0.001 seconds [static dependencies only]. Details - ImportResultOutputID=b9c287c27e0f1bb4e3c7a5e560e89af8 DependenciesID=b092e555a70bb69d0dae40a46a793207 StaticDependenciesID=06d3555c8fa1daca7c820cb967bf7888 
Importing 'GUID: 0029170d14ce6c04c9f45c22cdae5559 - Path: Packages/com.unity.collab-proxy/Editor/Assets/Images/step2@2x.png' with importer (TextureImporter)
Imported 'GUID: 0029170d14ce6c04c9f45c22cdae5559' -> (Import Result ID: '8b57ab15c831a29f63d0b7f321a2a0bf') in 0.006 seconds [static and dynamic dependencies]. Details - ImportResultOutputID=8b85c55b225aeb7b87978f7b3d60e137 DependenciesID=dda6f373ad65d1c07a61f7a62ffe3a0a StaticDependenciesID=78345e5ee03e6be4ca2052d00b22594d 
Importing 'GUID: 1046ed65e6aaffb4391378f6d08d6c14 - Path: Packages/com.unity.collab-proxy/Editor/Assets/Images/d_iconlockedremoteoverlay.png' with importer (TextureImporter)
Imported 'GUID: 1046ed65e6aaffb4391378f6d08d6c14' -> (Import Result ID: '6d98417320f0fda7eb4fb1316e320fa9') in 0.002 seconds [static and dynamic dependencies]. Details - ImportResultOutputID=ebd600bab63d201101b5918f0fdcdc3c DependenciesID=f0522141e6a4f7f6cb5d47cfa94f4c08 StaticDependenciesID=aca97ef67be6dccf6319adf808ee0afb 
Importing 'GUID: 20647d71003f8e34685b1972b30dbd2b - Path: Packages/com.unity.collab-proxy/Editor/Assets/Images/d_iconlockretained@2x.png' with importer (TextureImporter)
Imported 'GUID: 20647d71003f8e34685b1972b30dbd2b' -> (Import Result ID: '1dfb5d061c1e121a23867cb9e126dc21') in 0.003 seconds [static and dynamic dependencies]. Details - ImportResultOutputID=cd39a094d4d1009bff91d42ff2d85870 DependenciesID=ac705b019eb356920314cfb6c9d3d6ed StaticDependenciesID=578409a79b1f95f2c3f97212025e8119 
Importing 'GUID: 20894f77802694ca2b9afb02a7388138 - Path: Packages/com.unity.collab-proxy/Editor/Assets/Images/iconprivateoverlay@2x.png' with importer (TextureImporter)
Imported 'GUID: 20894f77802694ca2b9afb02a7388138' -> (Import Result ID: '5c1b94445e66d3bb06dfa8d1fa39c5b3') in 0.002 seconds [static and dynamic dependencies]. Details - ImportResultOutputID=287c4a8a1207d05fad55c965d35864c8 DependenciesID=5ba8e7f6b68e197c5e789751326aa775 StaticDependenciesID=9b0459d44a38ced64a341969aa998b0e 
Importing 'GUID: 3094096a150921c409ef35579f2ada0f - Path: Packages/com.unity.collab-proxy/Editor/Assets/Images/d_iconinviteusers.png' with importer (TextureImporter)
Imported 'GUID: 3094096a150921c409ef35579f2ada0f' -> (Import Result ID: '46cde5446037ead20a4879b42a1e03ed') in 0.002 seconds [static and dynamic dependencies]. Details - ImportResultOutputID=96a1dadcaf82e6421184c1930b345b78 DependenciesID=b2c9a94ee60c9d4bea896026a4ac9eb4 StaticDependenciesID=f56ee3d1eb6fbbacdf748198448d070e 
Importing 'GUID: 3086d66a563317b40a20a20da2c64ac0 - Path: Packages/com.unity.collab-proxy/Editor/Assets/Images/d_buttonssosigninemail.png' with importer (TextureImporter)
Imported 'GUID: 3086d66a563317b40a20a20da2c64ac0' -> (Import Result ID: '6ad2ddc717168aca817e713ce0206087') in 0.001 seconds [static and dynamic dependencies]. Details - ImportResultOutputID=fa6c405b472ba6714131c5c75eafa00d DependenciesID=a884b28b7d47630d4f54afa578f91920 StaticDependenciesID=ebc2ff893b7ab1ede2f73b438a842237 
Importing 'GUID: 309b1d5a294fd6c43ae9cf77656c1852 - Path: Packages/com.unity.collab-proxy/Editor/Assets/Images/iconconflictresolvedoverlay@2x.png' with importer (TextureImporter)
Imported 'GUID: 309b1d5a294fd6c43ae9cf77656c1852' -> (Import Result ID: 'f90c11bb9dac4f3bee020c2692f094fb') in 0.002 seconds [static and dynamic dependencies]. Details - ImportResultOutputID=32acf1c3fef590e8435ad82458103a03 DependenciesID=1d48a5cfe1847045bae4093b5491c9ee StaticDependenciesID=e5e022929cf8c470860d308284aa2ae1 
Importing 'GUID: 40e23f4f2fddc724db517c63f4d8990d - Path: Packages/com.unity.collab-proxy/Editor/Assets/Images/iconinviteusers.png' with importer (TextureImporter)
Imported 'GUID: 40e23f4f2fddc724db517c63f4d8990d' -> (Import Result ID: 'a176ae6f867864eabcf4d31e808880a2') in 0.002 seconds [static and dynamic dependencies]. Details - ImportResultOutputID=9c5caad24eb86df6751d115aa8622ff9 DependenciesID=84df145588a450f321104abe97dbf0bd StaticDependenciesID=e1e6a0c7b18ac93eb02e9a0ecef31ee2 
Importing 'GUID: 40947ddc2dd4f0d499a92d0f3675c4e8 - Path: Packages/com.unity.timeline/Editor/StyleSheets/Images/Icons/d_TimelineCollapseMarkerButtonDisabled.png' with importer (TextureImporter)
Imported 'GUID: 40947ddc2dd4f0d499a92d0f3675c4e8' -> (Import Result ID: '77743616aee61268676e4293d4c26dbf') in 0.002 seconds [static and dynamic dependencies]. Details - ImportResultOutputID=9af00e0d8ab964b88ee32db5b0c4c513 DependenciesID=d40c783497a9dd64de4905d04115afea StaticDependenciesID=f7fd3e93525d6fc77417093f744daec8 
Importing 'GUID: 5060c9f9eb2f7ee4695b638a21d8fe01 - Path: Packages/com.unity.timeline/Editor/StyleSheets/Images/DarkSkin/TimelineStartPlayback.png' with importer (TextureImporter)
Imported 'GUID: 5060c9f9eb2f7ee4695b638a21d8fe01' -> (Import Result ID: '218e0dd836f91ef44371333d79f6f73e') in 0.002 seconds [static and dynamic dependencies]. Details - ImportResultOutputID=bdbbe06bcf175a1759e20d5d76137f97 DependenciesID=571b51a4498ca74fb50da5521fd5b2f8 StaticDependenciesID=e7dac751c8403bf44d8347e8f746f0d0 
Importing 'GUID: 50d1ea51731fa43db9ce0ec4fe5f0b07 - Path: Packages/com.unity.collab-proxy/Editor/Assets/Images/d_iconhistory@2x.png' with importer (TextureImporter)
Imported 'GUID: 50d1ea51731fa43db9ce0ec4fe5f0b07' -> (Import Result ID: '0816687c79d340a9a26a16437cf50e47') in 0.002 seconds [static and dynamic dependencies]. Details - ImportResultOutputID=494225f70248e793c7f5ba7f615ac110 DependenciesID=6545086df874bc6664db0e4309b72f2f StaticDependenciesID=fbe9d266672bedb38cc0fdf44205caaa 
Importing 'GUID: 5016b34bbb9bedd4d8554cc33be7cbd9 - Path: Packages/com.unity.multiplayer.center/Editor/MultiplayerCenterWindow/UI/Icons/Learning.png' with importer (TextureImporter)
Imported 'GUID: 5016b34bbb9bedd4d8554cc33be7cbd9' -> (Import Result ID: '195b66328f7004af97f982ced3683f92') in 0.002 seconds [static and dynamic dependencies]. Details - ImportResultOutputID=a2857296325b13c30c8442417ceab2da DependenciesID=6ece6ca9020aa18975a5f799837ae9ef StaticDependenciesID=8749b3e66da450bfdddc253201a76493 
Importing 'GUID: 503a763cc33a6854c86d736c5dd2515c - Path: Packages/com.unity.collab-proxy/Editor/Assets/Images/iconconflictedoverlay.png' with importer (TextureImporter)
Imported 'GUID: 503a763cc33a6854c86d736c5dd2515c' -> (Import Result ID: 'a42b1e71c18f49d8bc179d9e42760a72') in 0.002 seconds [static and dynamic dependencies]. Details - ImportResultOutputID=17cfa5db1162c34e49d6c7a3690ea020 DependenciesID=3736f6cdabd489c68115ceb51088e6c7 StaticDependenciesID=8fa5f26cd5cc4e17be8b73d604d2553d 
Importing 'GUID: 6091f9516d23100479c03bca26138bc8 - Path: Packages/com.unity.timeline/Editor/StyleSheets/Images/Icons/TrackRecordButtonDisabled@2x.png' with importer (TextureImporter)
Imported 'GUID: 6091f9516d23100479c03bca26138bc8' -> (Import Result ID: '60c5819a0abe57554f2b3042d4fdf972') in 0.002 seconds [static and dynamic dependencies]. Details - ImportResultOutputID=a96aada3df89e327af30dc9c4955153c DependenciesID=8eb26a41a96a5dfac2fa1cde3f886533 StaticDependenciesID=6981da9826b762d12abe271be64f40e2 
Importing 'GUID: 602b72d4617c3694aa94419fc1b68e04 - Path: Packages/com.unity.collab-proxy/Editor/Assets/Images/d_refresh@2x.png' with importer (TextureImporter)
Imported 'GUID: 602b72d4617c3694aa94419fc1b68e04' -> (Import Result ID: 'a09e3bd3e46ff926a8b23dc023ced16b') in 0.002 seconds [static and dynamic dependencies]. Details - ImportResultOutputID=8c438c2f5b6071cc23e01f3ab8639396 DependenciesID=62769a514629154ee93762f6c26b2d1e StaticDependenciesID=3c5819bde350937526d97c985843d5b1 
Importing 'GUID: 70e3f118652b9094885689730ad3a47b - Path: Packages/com.unity.timeline/Editor/StyleSheets/Images/LightSkin/TimelinePlayRange.png' with importer (TextureImporter)
Imported 'GUID: 70e3f118652b9094885689730ad3a47b' -> (Import Result ID: '0bebd76151c917cd414fe57e65afc3b2') in 0.001 seconds [static and dynamic dependencies]. Details - ImportResultOutputID=c8781de914c1b92f268da41b42df5c7b DependenciesID=5914fdf83a5f90d95affffbdcb28c3f2 StaticDependenciesID=8ee9518e321ca707feaf08309d7b8bf7 
Importing 'GUID: 70e3ce8ad01f39248a3ea97a35bcf238 - Path: Packages/com.unity.collab-proxy/Editor/Assets/Images/icondeletedremote@2x.png' with importer (TextureImporter)
Imported 'GUID: 70e3ce8ad01f39248a3ea97a35bcf238' -> (Import Result ID: '8f64a374d41a3790ada1a5c7d85c1b67') in 0.001 seconds [static and dynamic dependencies]. Details - ImportResultOutputID=b10f2f2ab386515f6dd41e3b8891ab6b DependenciesID=a19962c44559b0efe48444f04fcd3d5a StaticDependenciesID=bdd228c817e7b1f0cc91a2550dd2e373 
Importing 'GUID: 80899a9fbe3d3364eac2c5924c0a28cf - Path: Packages/com.unity.ai.navigation/EditorResources/Overlay/d_NavigationOverlay@128.png' with importer (TextureImporter)
Imported 'GUID: 80899a9fbe3d3364eac2c5924c0a28cf' -> (Import Result ID: '7ebb6b552ad5318be8c28f32afa2dac0') in 0.002 seconds [static and dynamic dependencies]. Details - ImportResultOutputID=3cf7110268eb9cfaf79d353779a7b919 DependenciesID=e2ddcc4b3636df1d0189386f6ad3491c StaticDependenciesID=171364792a15073e7d3e8b25a551bab7 
Importing 'GUID: 9044a13290d86ef428409c81ae211e7e - Path: Packages/com.unity.multiplayer.center/Editor/MultiplayerCenterWindow/UI/Icons/BuildingBlock.png' with importer (TextureImporter)
Imported 'GUID: 9044a13290d86ef428409c81ae211e7e' -> (Import Result ID: '2dcf8a7090bc06a5c17e8be312c937cc') in 0.002 seconds [static and dynamic dependencies]. Details - ImportResultOutputID=166700c67e3ea2281ff999096f1b0d6a DependenciesID=c94235d79d726eb0cfb6b5088cbbf125 StaticDependenciesID=a1761550e861e68144a7e75922422108 
Importing 'GUID: a01087ce1455c7e4c8f2410c26afcfd2 - Path: Packages/com.unity.collab-proxy/Editor/Assets/Images/iconretainedoverlay@2x.png' with importer (TextureImporter)
Imported 'GUID: a01087ce1455c7e4c8f2410c26afcfd2' -> (Import Result ID: 'fb2e0ef80763c1bbb3b6ac0d75dd4ee8') in 0.002 seconds [static and dynamic dependencies]. Details - ImportResultOutputID=1566aaf257eec9e5bbab6cd60db45320 DependenciesID=eb4c32150706e663e771d51f0a8b5e10 StaticDependenciesID=9cb42b607679753609e697e93b6251e2 
Importing 'GUID: a04f1625bf500f64e97445265dfbcc93 - Path: Packages/com.unity.timeline/Editor/StyleSheets/Images/Shared/TimelineConnector.png' with importer (TextureImporter)
Imported 'GUID: a04f1625bf500f64e97445265dfbcc93' -> (Import Result ID: '24a5ce10bbc9987689a6e1bc31835025') in 0.002 seconds [static and dynamic dependencies]. Details - ImportResultOutputID=9f5a94f32d02a056c5ed9f57a1a60ae9 DependenciesID=80f816cd355fe5f2697247d832cd8ce9 StaticDependenciesID=326d9c528209c54d1a115ae42b470d38 
Importing 'GUID: a09fd8b5d9396c24a96a6de50cddc3b9 - Path: Packages/com.unity.timeline/Editor/StyleSheets/Images/LightSkin/TimelineHold.png' with importer (TextureImporter)
Imported 'GUID: a09fd8b5d9396c24a96a6de50cddc3b9' -> (Import Result ID: 'd7d6e4ffb351bb25dffc43c763015476') in 0.001 seconds [static and dynamic dependencies]. Details - ImportResultOutputID=bb69321992d916457b094a540485d410 DependenciesID=8f31e17c71bae66ce5ce588786368820 StaticDependenciesID=660d61554713a0b7136a25b5662046e6 
Importing 'GUID: b0172c3ab97e219478711e1fbe9630f2 - Path: Packages/com.unity.ai.navigation/EditorResources/NavigationWindowIcon.png' with importer (TextureImporter)
Imported 'GUID: b0172c3ab97e219478711e1fbe9630f2' -> (Import Result ID: '9968180fde3142f20a0560578450c93c') in 0.001 seconds [static and dynamic dependencies]. Details - ImportResultOutputID=69515f8e44fd36ab60e0cd1688a36ede DependenciesID=7be8dbea005f661286414e9cf76e9a53 StaticDependenciesID=5dd91ca04d34933b3151221ea91f9fa2 
Importing 'GUID: b0e7ed213bccf484e89c4261a7e16f66 - Path: Packages/com.unity.collab-proxy/Editor/Assets/Images/d_iconedit.png' with importer (TextureImporter)
Imported 'GUID: b0e7ed213bccf484e89c4261a7e16f66' -> (Import Result ID: 'f0b80da416a74cbbaed53ed0e1d31168') in 0.002 seconds [static and dynamic dependencies]. Details - ImportResultOutputID=ab7b1e5843c43c8df5985874132b3840 DependenciesID=b9a1a50c89f8726a4f62d7672077e74b StaticDependenciesID=9ab4f0c0123a252ddc7015c2ece1a413 
Importing 'GUID: b05e7d8dc2bdbb14ab5b1da240ac65d5 - Path: Packages/com.unity.ai.navigation/EditorResources/Overlay/NavigationOverlay On@256.png' with importer (TextureImporter)
Imported 'GUID: b05e7d8dc2bdbb14ab5b1da240ac65d5' -> (Import Result ID: '568bc7c2e5c49b3ac6479597589769c3') in 0.003 seconds [static and dynamic dependencies]. Details - ImportResultOutputID=d3e7668c73d8c33adb8869792171b517 DependenciesID=8aa2c67308934d49a120feed012ea858 StaticDependenciesID=f1b985b2829136f46a06e1b9ce3a3b5c 
Importing 'GUID: e01193cfdc7e68e4e8c72fac39ecffec - Path: Packages/com.unity.multiplayer.center/Editor/MultiplayerCenterWindow/UI/Icons/BuildingBlocks/Achievements.png' with importer (TextureImporter)
Imported 'GUID: e01193cfdc7e68e4e8c72fac39ecffec' -> (Import Result ID: '6b4d085507e49b2d8654d7a775ef5ee2') in 0.020 seconds [static and dynamic dependencies]. Details - ImportResultOutputID=4b63bad4b5326c6d2541763d45d5c6fd DependenciesID=356c6c32cf81498ab708cab95b135880 StaticDependenciesID=62f297ef3bc30a13f1999de6a00db088 
Importing 'GUID: e05ace3bd15740cda0bad60d89092a5b - Path: Packages/com.unity.ugui/Editor Resources/Textures/btn_AlignRight_Light.psd' with importer (TextureImporter)
Imported 'GUID: e05ace3bd15740cda0bad60d89092a5b' -> (Import Result ID: '3875cc1ade2a2bb5bbb1b1ddce32427a') in 0.002 seconds [static and dynamic dependencies]. Details - ImportResultOutputID=4973ffde16bc3c765765821b0d19dae8 DependenciesID=979817b89427ebc0b2a0b7260b5fe07c StaticDependenciesID=d9f94ae87f2f802f9a04ff18904e6456 
Importing 'GUID: f0c047e73e3b41341822a9e31da81877 - Path: Packages/com.unity.collab-proxy/Editor/Assets/Images/d_iconplasticnotifypendingchanges@2x.png' with importer (TextureImporter)
Imported 'GUID: f0c047e73e3b41341822a9e31da81877' -> (Import Result ID: '5cd2f23582146c373714fa4269fd1b09') in 0.002 seconds [static and dynamic dependencies]. Details - ImportResultOutputID=9133bdd19d913ce47c48e20b64ff6f10 DependenciesID=aa0a30de52aa2bce10cfab6e6d24df35 StaticDependenciesID=6cee5a1facd42ef607e34a32573bc097 
Importing 'GUID: f0f8ff8921b22a74a8c79d955ace248d - Path: Packages/com.unity.timeline/Editor/StyleSheets/Images/Icons/TrackCurvesButtonDisabled.png' with importer (TextureImporter)
Imported 'GUID: f0f8ff8921b22a74a8c79d955ace248d' -> (Import Result ID: '996cdbb714019781418699315fdcdb0b') in 0.002 seconds [static and dynamic dependencies]. Details - ImportResultOutputID=6386fbf1adf38a35b35c5ee150833218 DependenciesID=b096eb8b478036d4e5c92e3102517df9 StaticDependenciesID=b30581afde35902bb991fa2876d8aa78 
Importing 'GUID: f09eae8c0ea04254b90c5386a034a225 - Path: Packages/com.unity.collab-proxy/Editor/Assets/Images/buttonssosigningoogle.png' with importer (TextureImporter)
Imported 'GUID: f09eae8c0ea04254b90c5386a034a225' -> (Import Result ID: '1604a1562b565aa96af72fbd0d5e5fae') in 0.001 seconds [static and dynamic dependencies]. Details - ImportResultOutputID=2f49c3d0fa9de6f4c101074643b6c83f DependenciesID=982ef0ac0724183a034d9c404831770f StaticDependenciesID=04c2c441648bbf4e4cc8f9ffd6b4f18f 
Importing 'GUID: 010782d013661414a9aa675a9fbcceab - Path: Packages/com.unity.collab-proxy/Editor/Assets/Images/iconnext.png' with importer (TextureImporter)
Imported 'GUID: 010782d013661414a9aa675a9fbcceab' -> (Import Result ID: '155ca2bcb742066d7ef82776f1ff89ef') in 0.002 seconds [static and dynamic dependencies]. Details - ImportResultOutputID=44947a93df4b6d77ce7320ba7d5a59aa DependenciesID=8fbcca0f3baa6913765d46a09aa1f6d7 StaticDependenciesID=f9197283c2124d7b8590af54f0905277 
Importing 'GUID: 11d4f7dd8fc834c8e92cab84d5137828 - Path: Packages/com.unity.collab-proxy/Editor/Assets/Images/d_iconpendingchangesview.png' with importer (TextureImporter)
Imported 'GUID: 11d4f7dd8fc834c8e92cab84d5137828' -> (Import Result ID: '0f8cb10392f59ee6e05dfc5a7432f350') in 0.002 seconds [static and dynamic dependencies]. Details - ImportResultOutputID=1d2db51d11d61855d2ee913543cd0ceb DependenciesID=d92bc6380fb77a88cbd30441cf01197d StaticDependenciesID=1ea2baa33eee05b9a0c0f69966fb6520 
Importing 'GUID: 3168140d6f409d0448447f18568d9482 - Path: Packages/com.unity.collab-proxy/Editor/Assets/Images/d_iconplasticview@2x.png' with importer (TextureImporter)
Imported 'GUID: 3168140d6f409d0448447f18568d9482' -> (Import Result ID: 'a76fd3f135d471f3f622da24130c4ffd') in 0.002 seconds [static and dynamic dependencies]. Details - ImportResultOutputID=6fd77e9729bda472188793b138ad0fe7 DependenciesID=a84377edefac194b4d2f0b367dc4f96c StaticDependenciesID=9ea8ff0d6de9f9725eea67484e066b1e 
Importing 'GUID: 318df756abab5463e9aa361360784865 - Path: Packages/com.unity.multiplayer.center/Editor/MultiplayerCenterWindow/UI/Icons/d_PackageInstalled@2x.png' with importer (TextureImporter)
Imported 'GUID: 318df756abab5463e9aa361360784865' -> (Import Result ID: '837abe8f46978f915ec9b82bf88422e0') in 0.001 seconds [static and dynamic dependencies]. Details - ImportResultOutputID=8f6c7d4a8d62aa23f7564b064a527995 DependenciesID=5cc621c2618822db10f9e07212496b5e StaticDependenciesID=c89a2aee7d703594ba4792e74b83829a 
Importing 'GUID: 4171b549947246b4f9579419d5698a7e - Path: Packages/com.unity.timeline/Editor/StyleSheets/Images/LightSkin/TimelineIconClipIn.png' with importer (TextureImporter)
Imported 'GUID: 4171b549947246b4f9579419d5698a7e' -> (Import Result ID: '7855071a2ebcd7be4804fcf5c5f89f7f') in 0.001 seconds [static and dynamic dependencies]. Details - ImportResultOutputID=7c4942e615f70d3a3edea0fbb7755678 DependenciesID=cfb118bad8efc929f9af4106b93305c3 StaticDependenciesID=ff7d64e52a35ba23ae363ecea2428675 
Importing 'GUID: 41b96614b2e6494ba995ddcd252d11ae - Path: Packages/com.unity.ugui/Editor Resources/Textures/btn_AlignMiddle.psd' with importer (TextureImporter)
Imported 'GUID: 41b96614b2e6494ba995ddcd252d11ae' -> (Import Result ID: 'fe7982dedd00a83075356be7d3f37255') in 0.002 seconds [static and dynamic dependencies]. Details - ImportResultOutputID=4c469d29d68ea9e6f16cf2b18edb0ad6 DependenciesID=2efbd5fbf23a7228af01d08db1fdf002 StaticDependenciesID=5a5c15e298bb8ec4d74b26c00546f68c 
Importing 'GUID: 411e6f19c19fa0546af83aeb59c2ed4b - Path: Packages/com.unity.timeline/Editor/StyleSheets/Images/Icons/d_TimelineEditModeRippleOFF.png' with importer (TextureImporter)
Imported 'GUID: 411e6f19c19fa0546af83aeb59c2ed4b' -> (Import Result ID: 'd73a2befb50aeab639746e5b061f1643') in 0.001 seconds [static and dynamic dependencies]. Details - ImportResultOutputID=8696762980e18bf38b36e3f0ae7550df DependenciesID=d544f3c7e92d6e7a648802b8c8432794 StaticDependenciesID=dfea75e5248175d1ef3bc3d0652cfdbe 
Importing 'GUID: 412f73153f3a3c549b67b2a847741145 - Path: Packages/com.unity.timeline/Editor/StyleSheets/Images/DarkSkin/TimelineDisabledBackground.png' with importer (TextureImporter)
Imported 'GUID: 412f73153f3a3c549b67b2a847741145' -> (Import Result ID: '86bb64222a3f225b7970be6b86a43c08') in 0.002 seconds [static and dynamic dependencies]. Details - ImportResultOutputID=084f6d29be6825b4ae0bffc3c2f119d8 DependenciesID=3f2bb3cb61bb6778e4207bbf0bf6585f StaticDependenciesID=8d11336f97d96475ae02e7b0516c04fd 
Importing 'GUID: 51582ae5ea51fa14996791a550f89473 - Path: Packages/com.unity.collab-proxy/Editor/Assets/Images/d_iconplasticnotifyconflict.png' with importer (TextureImporter)
Imported 'GUID: 51582ae5ea51fa14996791a550f89473' -> (Import Result ID: '3850f46ec2c155bc829396f7c797d5c4') in 0.001 seconds [static and dynamic dependencies]. Details - ImportResultOutputID=a6ffbba30634528aaffdbe6ee5e80a66 DependenciesID=98970bac9825a00fba107b8335fd2312 StaticDependenciesID=f4d75ba4df4b2b462ff996dad1089fa7 
Importing 'GUID: 512aaee9b220348408a2e518f98d6e14 - Path: Packages/com.unity.timeline/Editor/StyleSheets/Images/Icons/TrackMuteButtonEnabled@2x.png' with importer (TextureImporter)
Imported 'GUID: 512aaee9b220348408a2e518f98d6e14' -> (Import Result ID: '46c6ab85fc033951a951893b4baa7657') in 0.001 seconds [static and dynamic dependencies]. Details - ImportResultOutputID=fa937266b04ffd4bef144617db9c08b3 DependenciesID=f6ffc6855b977f843d5d0624ea5223a3 StaticDependenciesID=734560d022c1b9a9241b16e542de5a74 
Importing 'GUID: 519d97e745e55f041b609f3666cbc037 - Path: Packages/com.unity.collab-proxy/Editor/Assets/Images/d_iconplasticview.png' with importer (TextureImporter)
Imported 'GUID: 519d97e745e55f041b609f3666cbc037' -> (Import Result ID: '184e118fb16d915840d6b6684c76c7da') in 0.002 seconds [static and dynamic dependencies]. Details - ImportResultOutputID=b6223acaaa2dd946e1b34d223bf9c0e4 DependenciesID=f5ca524be07a1558695d721bcc26ef07 StaticDependenciesID=a1a04bba1bf529035383462dc82b13ed 
Importing 'GUID: 51bf5f55a8a01e546bf6092b54fdae20 - Path: Packages/com.unity.timeline/Editor/StyleSheets/Images/Icons/TrackAvatarButtonEnabled@2x.png' with importer (TextureImporter)
Imported 'GUID: 51bf5f55a8a01e546bf6092b54fdae20' -> (Import Result ID: '92d28b58a1184a723014226a0e431226') in 0.002 seconds [static and dynamic dependencies]. Details - ImportResultOutputID=ca249f5187e21fae8e093c04405f4778 DependenciesID=154ee7e7e549af85e25bc5e83544239d StaticDependenciesID=d1b6f84956839da5863d4eca391c1ad9 
Importing 'GUID: 6192986415256ca47a97a97507406f5e - Path: Packages/com.unity.timeline/Editor/StyleSheets/Images/Icons/d_TrackMarkerButtonEnabled@2x.png' with importer (TextureImporter)
Imported 'GUID: 6192986415256ca47a97a97507406f5e' -> (Import Result ID: 'cfa836aac49cad096e98894f03d58bfc') in 0.001 seconds [static and dynamic dependencies]. Details - ImportResultOutputID=7f50f759b92fe03b59ff6cfe6c55012e DependenciesID=deeec6b8345bd5d5bd15abeabe8d0cae StaticDependenciesID=d8d53e2b89ea360f4e1e011e8e122385 
Importing 'GUID: 61c21f74972ba8246b3ea400a9231841 - Path: Packages/com.unity.timeline/Editor/StyleSheets/Images/LightSkin/TimelineContinue.png' with importer (TextureImporter)
Imported 'GUID: 61c21f74972ba8246b3ea400a9231841' -> (Import Result ID: 'da9d851537140b4431e456a1cb0815d5') in 0.001 seconds [static and dynamic dependencies]. Details - ImportResultOutputID=c4be6c9aec52cd187a155a1301913519 DependenciesID=d9a67302bbe1a128cb890d02abfdeedd StaticDependenciesID=15c3e0cf835ff2b2de39b054de9228c7 
Importing 'GUID: 612c5e166a121e3449dad067fbdc37a4 - Path: Packages/com.unity.collab-proxy/Editor/Assets/Images/d_iconbranches.png' with importer (TextureImporter)
Imported 'GUID: 612c5e166a121e3449dad067fbdc37a4' -> (Import Result ID: '8a20acc0015eec45aa130eb56fc51ea4') in 0.001 seconds [static and dynamic dependencies]. Details - ImportResultOutputID=f18ae06bca5c82611f7fa4d94afc419f DependenciesID=b5132cf0b9708cc4f9972bc1b9609f01 StaticDependenciesID=62ea7e06afc0ad408a8e9a6355dc3b38 
Importing 'GUID: 71c45f80bffdb9145ad2c456254c862e - Path: Packages/com.unity.collab-proxy/Editor/Assets/Images/d_iconlockedlocaloverlay.png' with importer (TextureImporter)
Imported 'GUID: 71c45f80bffdb9145ad2c456254c862e' -> (Import Result ID: '479aa2444c5ae3568accbb1c77b017d8') in 0.001 seconds [static and dynamic dependencies]. Details - ImportResultOutputID=c0aa55542ab7e6559303d46484bcf4ea DependenciesID=91cda2bdaa77f3091e5183416e04e578 StaticDependenciesID=c04ade7835ce1ca79ec7e9226da0e074 
Importing 'GUID: 81e8b4a4bcbf7a14898e2658fd827642 - Path: Packages/com.unity.timeline/Editor/StyleSheets/Images/Icons/TrackMuteButtonEnabled.png' with importer (TextureImporter)
Imported 'GUID: 81e8b4a4bcbf7a14898e2658fd827642' -> (Import Result ID: '7521ede67ad978067561ef27764c736e') in 0.001 seconds [static and dynamic dependencies]. Details - ImportResultOutputID=501c674cf11a642ddd5bdf5e07b17794 DependenciesID=bc37faa0f7a76482f4398498699b8a75 StaticDependenciesID=b6c937aa61ad83b1b6dd738fb4d3b4ce 
Importing 'GUID: 81ed8c76d2bc4a4c95d092c98af4e58f - Path: Packages/com.unity.ugui/Editor Resources/Textures/btn_AlignCenter.psd' with importer (TextureImporter)
Imported 'GUID: 81ed8c76d2bc4a4c95d092c98af4e58f' -> (Import Result ID: 'cca708843370e0c54c9024b4f4e55043') in 0.002 seconds [static and dynamic dependencies]. Details - ImportResultOutputID=e009edf444ac6d4ed74faa0a045da99a DependenciesID=b4f24b20bbae29d802fc828442eaca4d StaticDependenciesID=fcb888a83e430d43975a864d6ba072ce 
Importing 'GUID: 91746a504b59769439bb2749c314d231 - Path: Packages/com.unity.timeline/Editor/StyleSheets/Images/Icons/d_TrackAvatarButtonDisabled.png' with importer (TextureImporter)
Imported 'GUID: 91746a504b59769439bb2749c314d231' -> (Import Result ID: 'fe63d75b3a01592666a2ed2023596cff') in 0.001 seconds [static and dynamic dependencies]. Details - ImportResultOutputID=93fe4dcf04d1751c0b6164155c00f90b DependenciesID=b286f9080553e4d8bed7fb33b73e9469 StaticDependenciesID=991ceb9845c8d38267eae8c60c781f92 
Importing 'GUID: 91976e8b9ce0f0341838727acd55621c - Path: Packages/com.unity.collab-proxy/Editor/Assets/Images/iconemptygravatar.png' with importer (TextureImporter)
Imported 'GUID: 91976e8b9ce0f0341838727acd55621c' -> (Import Result ID: 'ad59b6a1fcd02263ae95056c5b70b820') in 0.002 seconds [static and dynamic dependencies]. Details - ImportResultOutputID=02c7d32f73b0c443340362cdec5afda9 DependenciesID=88f22b8a2ecbf7e3cc9324a2d68eeaa8 StaticDependenciesID=ff777cd7114a31ae3be7db8b7e304329 
Importing 'GUID: 912fd71cbf4cbe140b4f240bedbc1f3e - Path: Packages/com.unity.timeline/Editor/StyleSheets/Images/Icons/d_TimelineEditModeReplaceOFF.png' with importer (TextureImporter)
Imported 'GUID: 912fd71cbf4cbe140b4f240bedbc1f3e' -> (Import Result ID: '0bfbf7c143365ae980bf50a71df7443b') in 0.002 seconds [static and dynamic dependencies]. Details - ImportResultOutputID=5848bbf567ab4e2e698018e5c02c36ce DependenciesID=62bc09c7696b68ea9a348103d0196c2f StaticDependenciesID=c8b623955f375ce16ea01b0c11f9b979 
Importing 'GUID: b1d064d6d80829f4eb370f679384ea1f - Path: Packages/com.unity.timeline/Editor/StyleSheets/Images/Icons/TimelineDigIn.png' with importer (TextureImporter)
Imported 'GUID: b1d064d6d80829f4eb370f679384ea1f' -> (Import Result ID: '09b1f865d20adb85c7129e304b79e1d9') in 0.001 seconds [static and dynamic dependencies]. Details - ImportResultOutputID=ce22c3a5e64ac93dfe1a4edc69aa2038 DependenciesID=6785a41eb3a80dd4cf88bb20cfd1203c StaticDependenciesID=4d1d8d51c3046682f1cb8e73103913ee 
Importing 'GUID: b1b37c2733b68854ba004ff712ef849f - Path: Packages/com.unity.collab-proxy/Editor/Assets/Images/iconshelve.png' with importer (TextureImporter)
Imported 'GUID: b1b37c2733b68854ba004ff712ef849f' -> (Import Result ID: '3ce4003776725f2ef4eee5d56937d73a') in 0.002 seconds [static and dynamic dependencies]. Details - ImportResultOutputID=d7d3b605a5ac9ea01c0b59076a6c7bda DependenciesID=73e97c925666fb0848603e36f95d6770 StaticDependenciesID=98f632cacd31fdbf877273366fb9c5aa 
Importing 'GUID: c1516142c0a669b42aecce30a3459017 - Path: Packages/com.unity.collab-proxy/Editor/Assets/Images/d_iconbranch.png' with importer (TextureImporter)
Imported 'GUID: c1516142c0a669b42aecce30a3459017' -> (Import Result ID: 'f00fda5f698a8bd742ff9fc49eab6805') in 0.002 seconds [static and dynamic dependencies]. Details - ImportResultOutputID=f2e10858824bfc240f36625eb059e120 DependenciesID=09eb27a63a6c4522f09c6aba8254597d StaticDependenciesID=d7cde14bc9d343d78b3737b71b9f0140 
Importing 'GUID: c133595e3c100774496e03e66fa69259 - Path: Packages/com.unity.timeline/Editor/StyleSheets/Images/DarkSkin/TimelineMarkerItem.png' with importer (TextureImporter)
Imported 'GUID: c133595e3c100774496e03e66fa69259' -> (Import Result ID: '565a9dbedb26d8c4a0db5a12663aaf64') in 0.001 seconds [static and dynamic dependencies]. Details - ImportResultOutputID=ac3b77e14f85aa0e9288ae7fbd1c0c2e DependenciesID=5c74b345d2272ec934d8489cb7b25683 StaticDependenciesID=c3f02c9c34548777cc32589f6c2f269f 
Importing 'GUID: c115023c6a2060d4da6a7684bd40c5c0 - Path: Packages/com.unity.collab-proxy/Editor/Assets/Images/d_iconclipboard@2x.png' with importer (TextureImporter)
Imported 'GUID: c115023c6a2060d4da6a7684bd40c5c0' -> (Import Result ID: 'ec9864f169395cfc5b204181f1ab8e43') in 0.002 seconds [static and dynamic dependencies]. Details - ImportResultOutputID=ec0be39ea0bc07c2e27a568d628a1e39 DependenciesID=84043297b5399b3f861f9eaac923b1d3 StaticDependenciesID=3c750e6f7e86e23416e96b525bc7aa38 
Importing 'GUID: c136efa5cc6d99a4d9e7bad0209aea25 - Path: Packages/com.unity.ai.navigation/EditorResources/Overlay/NavigationOverlay On.png' with importer (TextureImporter)
Imported 'GUID: c136efa5cc6d99a4d9e7bad0209aea25' -> (Import Result ID: 'a045ffe55ad780cec6ed617d6c3c6e17') in 0.002 seconds [static and dynamic dependencies]. Details - ImportResultOutputID=9f1e0918a34984f2dcb8719def45fd03 DependenciesID=d276fc46aadc6caf59e2e513db0ac227 StaticDependenciesID=2ccfd77fbf40592214acd37246760b5e 
Importing 'GUID: d18286874382ef042bbbdab5f71329c1 - Path: Packages/com.unity.timeline/Editor/StyleSheets/Images/Icons/d_TrackMarkerButtonEnabled.png' with importer (TextureImporter)
Imported 'GUID: d18286874382ef042bbbdab5f71329c1' -> (Import Result ID: 'aaac73e8f16e36fff38e66f1b0edca98') in 0.001 seconds [static and dynamic dependencies]. Details - ImportResultOutputID=2237c17be5f6b17cc6fda42f8479ac06 DependenciesID=15a0bdd1f117f5a8f4e95b37740c2c73 StaticDependenciesID=f1902004e15f936d29abe6a76b426d3f 
Importing 'GUID: d1c88f142eee55b4eb2b2cfd7b3624ce - Path: Packages/com.unity.collab-proxy/Editor/Assets/Images/iconconflicted.png' with importer (TextureImporter)
Imported 'GUID: d1c88f142eee55b4eb2b2cfd7b3624ce' -> (Import Result ID: '0d78e530e155056518d3781d353042cc') in 0.002 seconds [static and dynamic dependencies]. Details - ImportResultOutputID=871edc928ef46e00d01ef027df9af60f DependenciesID=21f84905e19bef5abbb20896fc3d6a13 StaticDependenciesID=c47b6d5a1f95697684b18056606519f1 
Importing 'GUID: d1eccbb425fdacc4ba53ce4223f4ea30 - Path: Packages/com.unity.timeline/Editor/StyleSheets/Images/Icons/TrackMarkerButtonEnabled.png' with importer (TextureImporter)
Imported 'GUID: d1eccbb425fdacc4ba53ce4223f4ea30' -> (Import Result ID: '2e80f1aa20ba24d7bea717ea1fc44505') in 0.002 seconds [static and dynamic dependencies]. Details - ImportResultOutputID=22660f6e34513e00a8490bef6956d195 DependenciesID=d592103614733e2f83a5ab932dbbf65f StaticDependenciesID=8175cdb0256e078ea0430418e59c7f37 
Importing 'GUID: e1e64e28e7631534d8408668bcb82502 - Path: Packages/com.unity.collab-proxy/Editor/Assets/Images/d_iconlabel.png' with importer (TextureImporter)
Imported 'GUID: e1e64e28e7631534d8408668bcb82502' -> (Import Result ID: '67c2204ed10bb20f3bd6e19b5756b884') in 0.002 seconds [static and dynamic dependencies]. Details - ImportResultOutputID=19b41257640ca066cf859709ba329e01 DependenciesID=081129baa995230a3a611e30005f208a StaticDependenciesID=fbaa04103c9f865aaa840b6b2205756f 
Importing 'GUID: e17ee60887efdd04389991a15ee0c578 - Path: Packages/com.unity.timeline/Editor/StyleSheets/Images/DarkSkin/TimelineAutokey_active.png' with importer (TextureImporter)
Imported 'GUID: e17ee60887efdd04389991a15ee0c578' -> (Import Result ID: 'e7fbe3db7e563e42d81ed64826b07705') in 0.001 seconds [static and dynamic dependencies]. Details - ImportResultOutputID=234e65f7605e3e080d1ada1ef8b52ba6 DependenciesID=ea7f194b043e4da64805fe1fca343045 StaticDependenciesID=ff62bfb08879120fb28ad8ffc2ecb03c 
Importing 'GUID: f180c6addffab449cb6897ba994abec5 - Path: Packages/com.unity.collab-proxy/Editor/Assets/Images/d_iconplasticnotifypendingchangesandincoming.png' with importer (TextureImporter)
Imported 'GUID: f180c6addffab449cb6897ba994abec5' -> (Import Result ID: 'bf7ab388baf12be1e0ba14e5ec8abec8') in 0.002 seconds [static and dynamic dependencies]. Details - ImportResultOutputID=63fc5153d820325f297c01965ef4003f DependenciesID=3c9508082638e701696f8505970e2517 StaticDependenciesID=aa55cd27a7220919577cd54d5ddde9dd 
Importing 'GUID: f179d9a3cccffb04ba2e27f681e9b147 - Path: Packages/com.unity.timeline/Editor/StyleSheets/Images/DarkSkin/TimelineMarkerItemCollapsed.png' with importer (TextureImporter)
Imported 'GUID: f179d9a3cccffb04ba2e27f681e9b147' -> (Import Result ID: '35aa433045efda471a869d9f346d82b8') in 0.001 seconds [static and dynamic dependencies]. Details - ImportResultOutputID=7786c334fa575278b40b88d9d93cfa86 DependenciesID=9c11664d55a74f36b9319890c4b8cab7 StaticDependenciesID=eda8ef0ee4992d939c7bbe5ddf6c423c 
Importing 'GUID: 02102e2fc09aa45bf8be0a509170d07f - Path: Packages/com.unity.collab-proxy/Editor/Assets/Images/d_RGBAlpha@2x.png' with importer (TextureImporter)
Imported 'GUID: 02102e2fc09aa45bf8be0a509170d07f' -> (Import Result ID: 'c4d2e86305b9c24b11dcf7466dcfd532') in 0.003 seconds [static and dynamic dependencies]. Details - ImportResultOutputID=c53a1ebb032e28d01786a1799d613b65 DependenciesID=24ec149ddb4647f1a505fe79804b93c2 StaticDependenciesID=8100b336b9b7b0bb88492fbaee460bc7 
Importing 'GUID: 02800fb9cff14da47a04572790384d8b - Path: Packages/com.unity.collab-proxy/Editor/Assets/Images/d_iconaddedlocal@2x.png' with importer (TextureImporter)
Imported 'GUID: 02800fb9cff14da47a04572790384d8b' -> (Import Result ID: '6dcf31ef17b061e20e451a60b8e8312b') in 0.002 seconds [static and dynamic dependencies]. Details - ImportResultOutputID=597b2ff1b6db5a9103457f7a2d174141 DependenciesID=5fc618426ace29b8b449b1736a0b4589 StaticDependenciesID=c12c38f57ac0f37ac60da638a032c403 
Importing 'GUID: 0247a919add89e04aad63b6657886901 - Path: Packages/com.unity.collab-proxy/Editor/Assets/Images/iconzoomin@2x.png' with importer (TextureImporter)
Imported 'GUID: 0247a919add89e04aad63b6657886901' -> (Import Result ID: 'f999a8198764b96c6980d2fe36605e24') in 0.002 seconds [static and dynamic dependencies]. Details - ImportResultOutputID=c871f0154a2e9737c341c5edb6b72452 DependenciesID=2f5b48c43e3da140ba5c59e65b07a721 StaticDependenciesID=2f8a9f1102007ff85dac37b696d691f7 
Importing 'GUID: 12736c98af174f91827a26b66d2b01b9 - Path: Packages/com.unity.ugui/Editor Resources/Textures/btn_AlignLeft_Light.psd' with importer (TextureImporter)
Imported 'GUID: 12736c98af174f91827a26b66d2b01b9' -> (Import Result ID: '0584dcc438f369a403a079f481b05bb9') in 0.001 seconds [static and dynamic dependencies]. Details - ImportResultOutputID=61dfbf1bde99fd6b684a345320cea42a DependenciesID=8bcd2a27063190bb84f4a050f4faf897 StaticDependenciesID=00b839894418c56ec93b02124e8ba609 
Importing 'GUID: 120bf54dff785a0429b068b814e9c12a - Path: Packages/com.unity.collab-proxy/Editor/Assets/Images/iconmergelink.png' with importer (TextureImporter)
Imported 'GUID: 120bf54dff785a0429b068b814e9c12a' -> (Import Result ID: 'adae149474f3395486e1703788219d1f') in 0.001 seconds [static and dynamic dependencies]. Details - ImportResultOutputID=29b1f90e960686334023ad0c15b2b522 DependenciesID=19a825a6a64fce8921930b01261b34d0 StaticDependenciesID=c73255c37340ba44f98b8a16c24e488d 
Importing 'GUID: 22c3c381bd3cd4a40a8541103023e1ef - Path: Packages/com.unity.timeline/Editor/StyleSheets/Images/Icons/d_TimelineDigIn.png' with importer (TextureImporter)
Imported 'GUID: 22c3c381bd3cd4a40a8541103023e1ef' -> (Import Result ID: '49d3b08627cd7ea7793d64deffa6be59') in 0.001 seconds [static and dynamic dependencies]. Details - ImportResultOutputID=51d4849d2d3f41d4ecb35286e816775f DependenciesID=678679a1290c4fbcc2cf083017a77a59 StaticDependenciesID=bcb400a22fe33fb672891adce54ea72b 
Importing 'GUID: 229870d327005574fb840c2dd8050ec6 - Path: Packages/com.unity.collab-proxy/Editor/Assets/Images/iconclouddriveview.png' with importer (TextureImporter)
Imported 'GUID: 229870d327005574fb840c2dd8050ec6' -> (Import Result ID: '30789d60cd1b6e9d6d5a922015c8cd0b') in 0.002 seconds [static and dynamic dependencies]. Details - ImportResultOutputID=e0dabdc68b6cdc823fd47883f92596e5 DependenciesID=d1547ef1095454e48713f34bacd50b96 StaticDependenciesID=e2d149b1debeb094318c29be54534049 
Importing 'GUID: 229e2995d63f84938880b35fec07c4b2 - Path: Packages/com.unity.collab-proxy/Editor/Assets/Images/d_iconlast@2x.png' with importer (TextureImporter)
Imported 'GUID: 229e2995d63f84938880b35fec07c4b2' -> (Import Result ID: 'd61b45397d347a0d11659a4a19ec70e4') in 0.002 seconds [static and dynamic dependencies]. Details - ImportResultOutputID=214b83c5a485f2604280e3084cd0d4d4 DependenciesID=7bb527fd70e40c7ff39b11f6cae3e4a8 StaticDependenciesID=73f5a14835eb8810cc0aeb4c2c3b94d4 
Importing 'GUID: 32f7e3598d6414c489127629e29af3f6 - Path: Packages/com.unity.timeline/Editor/StyleSheets/Images/DarkSkin/TimelineIconClipOut.png' with importer (TextureImporter)
Imported 'GUID: 32f7e3598d6414c489127629e29af3f6' -> (Import Result ID: '4502735e177229529cefb733133c85ba') in 0.002 seconds [static and dynamic dependencies]. Details - ImportResultOutputID=143fe467703e37ffe3e63cced97e399b DependenciesID=120f256a928f773b5917d12cd79abee7 StaticDependenciesID=1179f3d6669123427e8c6974e01fc1fb 
Importing 'GUID: 320a7c2756434dc43b9ecca2585168b2 - Path: Packages/com.unity.collab-proxy/Editor/Assets/Images/d_iconzoomout@2x.png' with importer (TextureImporter)
Imported 'GUID: 320a7c2756434dc43b9ecca2585168b2' -> (Import Result ID: 'ea9d03834c41683b222646fa59668cf3') in 0.002 seconds [static and dynamic dependencies]. Details - ImportResultOutputID=fa5e20410ba0dcf7a506c2e44fd5708d DependenciesID=b3a4f640e7ba6b0d93b993afe8863d66 StaticDependenciesID=889876751bc1f4cd9ca468f0a469d154 
Importing 'GUID: 42540fa3b3cef1340bebdf077d0e2030 - Path: Packages/com.unity.collab-proxy/Editor/Assets/Images/iconlabel.png' with importer (TextureImporter)
Imported 'GUID: 42540fa3b3cef1340bebdf077d0e2030' -> (Import Result ID: '18c7e56fbfe9ed1c754d2302356ed7d0') in 0.002 seconds [static and dynamic dependencies]. Details - ImportResultOutputID=519dba09df744ad6b5159aca78963bbb DependenciesID=e35505776d1f4a3a3e6e456dfa59c36e StaticDependenciesID=1bac45449938cf71b874f21e3fb4b8b7 
Importing 'GUID: 42d4aab7d8dc3481eb811bb48a8c8485 - Path: Packages/com.unity.collab-proxy/Editor/Assets/Images/iconprev.png' with importer (TextureImporter)
Imported 'GUID: 42d4aab7d8dc3481eb811bb48a8c8485' -> (Import Result ID: 'b10579b72c78740d2f11d42068edcc3b') in 0.002 seconds [static and dynamic dependencies]. Details - ImportResultOutputID=784788607dd295ec0fa259859a1987d0 DependenciesID=807d588e0ce88624891fee787f2b31de StaticDependenciesID=858e18a73d9eaab70477e481d6e3dd2c 
Importing 'GUID: 425970578f3342a43b40545d1ac8a25d - Path: Packages/com.unity.collab-proxy/Editor/Assets/Images/iconbranch@2x.png' with importer (TextureImporter)
Imported 'GUID: 425970578f3342a43b40545d1ac8a25d' -> (Import Result ID: '9902ef25971dd41361fb73266f6fd4f9') in 0.002 seconds [static and dynamic dependencies]. Details - ImportResultOutputID=9d35d8277261879d44985e721d61b0b1 DependenciesID=ef4c92f5ad27d8ae5d58b3e7adc0d7b8 StaticDependenciesID=0fc77122f1c3eb512fa294623f6432e3 
Importing 'GUID: 424a8de5def3b46dcb08edd00ad1c7bd - Path: Packages/com.unity.multiplayer.center/Editor/MultiplayerCenterWindow/UI/Icons/Loading.png' with importer (TextureImporter)
Imported 'GUID: 424a8de5def3b46dcb08edd00ad1c7bd' -> (Import Result ID: '0a3379f790eb3a5506fbcc191e17d070') in 0.002 seconds [static and dynamic dependencies]. Details - ImportResultOutputID=3ca89293b72c7afb7d4941850eb4837f DependenciesID=ed71e7854a442e8e0c9d3e8cb88bb09b StaticDependenciesID=25efe393952a198e12d101dac3dfa667 
Importing 'GUID: 425f55e9ef81a5e48b87c5d6b1bbf35c - Path: Packages/com.unity.ai.navigation/EditorResources/d_NavigationWindowIcon.png' with importer (TextureImporter)
Imported 'GUID: 425f55e9ef81a5e48b87c5d6b1bbf35c' -> (Import Result ID: '9833941a5ecc6e5abab8346d6473cab6') in 0.002 seconds [static and dynamic dependencies]. Details - ImportResultOutputID=82da99776cc243411546d54515e6a6c7 DependenciesID=8d0855746988dc909b1c60b03b821566 StaticDependenciesID=39bd1ca1665d672b8772d82c9f4515b6 
Importing 'GUID: 428f6dbb540e04806b5f7de85468b51a - Path: Packages/com.unity.collab-proxy/Editor/Assets/Images/d_icondiff@2x.png' with importer (TextureImporter)
Imported 'GUID: 428f6dbb540e04806b5f7de85468b51a' -> (Import Result ID: '801f2cf9aba456a987f622bd9a5d10ba') in 0.003 seconds [static and dynamic dependencies]. Details - ImportResultOutputID=2c74db765c3c29971abb98bbe48ec7b4 DependenciesID=2c073dc96224c81165a8ba2b2c8ad721 StaticDependenciesID=7e36c57b71edd326ce7887739c883efd 
Importing 'GUID: 5216b1b48296ef345ad2d2ec43105bf0 - Path: Packages/com.unity.timeline/Editor/StyleSheets/Images/Icons/TrackMuteButtonDisabled.png' with importer (TextureImporter)
Imported 'GUID: 5216b1b48296ef345ad2d2ec43105bf0' -> (Import Result ID: '0a4374450936da7f3ea1fff0c433b2d5') in 0.002 seconds [static and dynamic dependencies]. Details - ImportResultOutputID=5bd02a01d7338404197e630e2a24a81c DependenciesID=92b5ce88fe88db05f36918d89cd3f7ee StaticDependenciesID=17b48780f8b127a4e544a2901da76b93 
Importing 'GUID: 52a825037e457964f9c91a99d4522f14 - Path: Packages/com.unity.collab-proxy/Editor/Assets/Images/iconignoredoverlay.png' with importer (TextureImporter)
Imported 'GUID: 52a825037e457964f9c91a99d4522f14' -> (Import Result ID: '2505ffcd63b210e0d0dd8470f4361255') in 0.002 seconds [static and dynamic dependencies]. Details - ImportResultOutputID=600949b69cc4eb841bc6ecce877295bf DependenciesID=b3c90312a722a4147139b271b809143d StaticDependenciesID=b274c692287cc6882f54d46c4da06022 
Importing 'GUID: 525a6cca8dd9a4d28875a8fe824710d9 - Path: Packages/com.unity.multiplayer.center/Editor/MultiplayerCenterWindow/UI/Icons/d_Package.png' with importer (TextureImporter)
Imported 'GUID: 525a6cca8dd9a4d28875a8fe824710d9' -> (Import Result ID: '02b5822d34d5158f45ca0c0e7c4ceb00') in 0.002 seconds [static and dynamic dependencies]. Details - ImportResultOutputID=044872416f27e1ffdd1c2541949437ab DependenciesID=73ecb40ecf9580b88b375f22d12f1d0a StaticDependenciesID=3009c0dba55c76ba22541ad16098e4d6 
Importing 'GUID: 52ee3ba2abc3da14a95cdf64d32ae0ae - Path: Packages/com.unity.timeline/Editor/StyleSheets/Images/Icons/d_TrackLockButtonDisabled.png' with importer (TextureImporter)
Imported 'GUID: 52ee3ba2abc3da14a95cdf64d32ae0ae' -> (Import Result ID: 'e345b4721f36c93c0b965eb15c4b2a05') in 0.002 seconds [static and dynamic dependencies]. Details - ImportResultOutputID=517fa83cf28459ce058b3437e79cf6ea DependenciesID=b53c5ebc4314a1542e9be0c3a9381a3c StaticDependenciesID=b0c9fd0cd3f8cd67d5c11c9cb0634100 
Importing 'GUID: 626b9cddb29049e4cac50cd87b419945 - Path: Packages/com.unity.collab-proxy/Editor/Assets/Images/d_icondeletedremote@2x.png' with importer (TextureImporter)
Imported 'GUID: 626b9cddb29049e4cac50cd87b419945' -> (Import Result ID: '1a91ae0d2c2eee2fd3bd3d2b52159133') in 0.002 seconds [static and dynamic dependencies]. Details - ImportResultOutputID=2a21b7dcd5cc8a54fd8f3d7dd708b759 DependenciesID=baf08e6bea2b954b3ed2163e647569fe StaticDependenciesID=ef6705ca7af959f570823eb0e12a8fc3 
Importing 'GUID: 829511f8e35bf3a40be037a1050f801c - Path: Packages/com.unity.timeline/Editor/StyleSheets/Images/Shared/TimelineOutline.png' with importer (TextureImporter)
Imported 'GUID: 829511f8e35bf3a40be037a1050f801c' -> (Import Result ID: 'a07aad302a2ec15bf17012a7194d2a82') in 0.002 seconds [static and dynamic dependencies]. Details - ImportResultOutputID=ab82dd6478611b6a5aed170aac23c0bc DependenciesID=6e0d8cf7d042a57711beedd0438fb764 StaticDependenciesID=7828ae24dab9ed7f3546242c936593cb 
Importing 'GUID: 8219bbb48767b46e7b1588dad7f021aa - Path: Packages/com.unity.collab-proxy/Editor/Assets/Images/d_iconhistory.png' with importer (TextureImporter)
Imported 'GUID: 8219bbb48767b46e7b1588dad7f021aa' -> (Import Result ID: 'c5a9ff85a946cbe1427227b89e7901d8') in 0.002 seconds [static and dynamic dependencies]. Details - ImportResultOutputID=92b55e29fd1a272e6cf8cdf47460a009 DependenciesID=2de5c03a5e87af12b09748258b9eeb7b StaticDependenciesID=77afea9e733be5c087465174e38166a1 
Importing 'GUID: 824c4beb0ca6c934bbc7a26919302236 - Path: Packages/com.unity.timeline/Editor/StyleSheets/Images/LightSkin/TimelineStartPlayback.png' with importer (TextureImporter)
Imported 'GUID: 824c4beb0ca6c934bbc7a26919302236' -> (Import Result ID: '8c38041b207213eacadccf3dd0fee04a') in 0.002 seconds [static and dynamic dependencies]. Details - ImportResultOutputID=8bfc7ea41e498ed575187fde1a44f7a2 DependenciesID=e6fd3f41be30da52108ea546bee70f6e StaticDependenciesID=c716c9aea4a8c029c94b5e19c82e6266 
Importing 'GUID: 92027f7f8cfc4feaa477da0dc38d3d46 - Path: Packages/com.unity.ugui/Editor Resources/Textures/btn_AlignJustified.psd' with importer (TextureImporter)
Imported 'GUID: 92027f7f8cfc4feaa477da0dc38d3d46' -> (Import Result ID: '97ec719636ea30a74ec78650c5027736') in 0.002 seconds [static and dynamic dependencies]. Details - ImportResultOutputID=34efdbd4a0374ba2a5fbb97af06d8e18 DependenciesID=b32926c6173fa9bd98fb92d0b6e4eb92 StaticDependenciesID=01480926a7ece50ae2a420b76bf5a23e 
Importing 'GUID: 92b204cca46037444ab18ba6701f86f7 - Path: Packages/com.unity.collab-proxy/Editor/Assets/Images/d_icondeletedlocaloverlay@2x.png' with importer (TextureImporter)
Imported 'GUID: 92b204cca46037444ab18ba6701f86f7' -> (Import Result ID: 'e16bebb4462c81cfa111240be12f171c') in 0.002 seconds [static and dynamic dependencies]. Details - ImportResultOutputID=95d3a5a3c89812aafba2f2aa7fa809de DependenciesID=e92b048523a418de6f755891219e67ec StaticDependenciesID=6855e6ca6684ee174b4020291f09f26c 
Importing 'GUID: 9264df9de832d7f4bb90a1d0c31d8343 - Path: Packages/com.unity.collab-proxy/Editor/Assets/Images/d_iconshelve@2x.png' with importer (TextureImporter)
Imported 'GUID: 9264df9de832d7f4bb90a1d0c31d8343' -> (Import Result ID: 'dac2de474f9e99828421ed1f6f4b1427') in 0.002 seconds [static and dynamic dependencies]. Details - ImportResultOutputID=a3cf6299e07af07995e0da409c0c70ce DependenciesID=c4d3e296ceba835fb087da377a689f1d StaticDependenciesID=a5d68d91dbe2fb5693b9c1928b71c350 
Importing 'GUID: 92f4afa3e25264f5b964937ccea49ff2 - Path: Packages/com.unity.ai.navigation/Gizmos/NavMeshLink Icon.png' with importer (TextureImporter)
Imported 'GUID: 92f4afa3e25264f5b964937ccea49ff2' -> (Import Result ID: 'a0a608633f12b0d990c763dd51128760') in 0.004 seconds [static and dynamic dependencies]. Details - ImportResultOutputID=a28620598a07f30e8b066e1bf3842219 DependenciesID=9fc3962d945757d219adcd67f219b01d StaticDependenciesID=82e68f84c7df074a691b520aa4114d35 
Importing 'GUID: 92b5e4310629b264dad0fb2cc196d818 - Path: Packages/com.unity.timeline/Editor/StyleSheets/Images/DarkSkin/TimelineAutokey.png' with importer (TextureImporter)
Imported 'GUID: 92b5e4310629b264dad0fb2cc196d818' -> (Import Result ID: 'b0847d885242eea5cd3caa0101e0e834') in 0.001 seconds [static and dynamic dependencies]. Details - ImportResultOutputID=91383fa7c65b159e8620e348ff85ee2f DependenciesID=3caa0d1de48773f40f3e4b7e25d24e4c StaticDependenciesID=b7aaddbfe5f3da8327ffbf9013f133a6 
Importing 'GUID: 92f52bf261791408fb5ad445ce645efb - Path: Packages/com.unity.collab-proxy/Editor/Assets/Images/icondiff@2x.png' with importer (TextureImporter)
Imported 'GUID: 92f52bf261791408fb5ad445ce645efb' -> (Import Result ID: 'd563d3ff62592515e3e8b6a95c3c008e') in 0.003 seconds [static and dynamic dependencies]. Details - ImportResultOutputID=b794cedf0e0f5042ebbc54874fe3548e DependenciesID=41cdd59d1cdbffe7d66449cec73bf99d StaticDependenciesID=6bf0f76aa76f0cc80f873792e1e764ee 
Importing 'GUID: 9288066c33474b94b6ee5465f4df1cc0 - Path: Packages/com.unity.ugui/Editor Resources/Textures/btn_AlignLeft.psd' with importer (TextureImporter)
Imported 'GUID: 9288066c33474b94b6ee5465f4df1cc0' -> (Import Result ID: 'be3fe718f46e4bfc6c8cda4e7d2b310f') in 0.002 seconds [static and dynamic dependencies]. Details - ImportResultOutputID=e213eda0a4adb99593ae9c6cbd9300fc DependenciesID=8749358092ab4ab503de4ee0b17edf24 StaticDependenciesID=fb8d7436814d919fb53c628f0d6c097c 
Importing 'GUID: 92b8c447daf4d4b41a0ec148d1091261 - Path: Packages/com.unity.collab-proxy/Editor/Assets/Images/d_refresh.png' with importer (TextureImporter)
Imported 'GUID: 92b8c447daf4d4b41a0ec148d1091261' -> (Import Result ID: '607af0b0257d5c3012d624b8cd567b62') in 0.002 seconds [static and dynamic dependencies]. Details - ImportResultOutputID=fe10de7da69976d3b58d9a835328fc16 DependenciesID=567f6977bf913a81746ee9297483fca1 StaticDependenciesID=41db0a46a859087bc52c87e421212394 
Importing 'GUID: 925c1c4afd6fa5f47a9b1d206146de01 - Path: Packages/com.unity.multiplayer.center/Editor/MultiplayerCenterWindow/UI/Icons/BuildingBlocks/PlayerAccount.png' with importer (TextureImporter)
Imported 'GUID: 925c1c4afd6fa5f47a9b1d206146de01' -> (Import Result ID: '3ea60a41a6cca205468287125c2d4695') in 0.015 seconds [static and dynamic dependencies]. Details - ImportResultOutputID=66847faaa3c0ecd11efaa77d2b5b5c1d DependenciesID=aacc88584f2d346f939776e1022ba86a StaticDependenciesID=8a404c45ef950386926f72ad31b60052 
Importing 'GUID: a206ff0ddc681e642a2e62fc57a7d51c - Path: Packages/com.unity.ai.navigation/EditorResources/Overlay/d_NavigationOverlay On@2x.png' with importer (TextureImporter)
Imported 'GUID: a206ff0ddc681e642a2e62fc57a7d51c' -> (Import Result ID: '63857e6e13b3266eb604ec44c8b2ad62') in 0.002 seconds [static and dynamic dependencies]. Details - ImportResultOutputID=ff8fe9a6346ce11aa582b14114b1c395 DependenciesID=9121d4e71852d3ddbbd4ddcb530508e2 StaticDependenciesID=c4f6c36c9c77ffc007d19371400005df 
Importing 'GUID: a209135ce0e03cb4d92e8bb6bb81d169 - Path: Packages/com.unity.multiplayer.center/Editor/MultiplayerCenterWindow/UI/Icons/Questions/Cards.png' with importer (TextureImporter)
Imported 'GUID: a209135ce0e03cb4d92e8bb6bb81d169' -> (Import Result ID: '9d01ec63a1841f710c55b05c8f442b6f') in 0.019 seconds [static and dynamic dependencies]. Details - ImportResultOutputID=e269f4cde5c0170ae982bdf70f5da78b DependenciesID=da4b9bfcaa97ed5e1679785ddcbc4f7f StaticDependenciesID=e4c1a2958352e79aac8b013316efbe2d 
Importing 'GUID: a23c0dd570fd44b57a03a8880002fcca - Path: Packages/com.unity.multiplayer.center/Editor/MultiplayerCenterWindow/UI/Icons/CloudCode@2x.png' with importer (TextureImporter)
Imported 'GUID: a23c0dd570fd44b57a03a8880002fcca' -> (Import Result ID: '0d886230285d06bb23b67156f8d795f3') in 0.002 seconds [static and dynamic dependencies]. Details - ImportResultOutputID=0c54deb34e4251b11bce679ccdd4f3f8 DependenciesID=ef319310c18cd1b117ac408883f3feaa StaticDependenciesID=5fbc34449f6792ada03ff64dd2b0f971 
Importing 'GUID: b2ce704e56cc84fb3b347499263c6244 - Path: Packages/com.unity.multiplayer.center/Editor/MultiplayerCenterWindow/UI/Icons/ClientHosted.png' with importer (TextureImporter)
Imported 'GUID: b2ce704e56cc84fb3b347499263c6244' -> (Import Result ID: 'fc56931223c2c90ef2dbdedff4961aec') in 0.002 seconds [static and dynamic dependencies]. Details - ImportResultOutputID=143bb8cc257ccda0ac081153139a7192 DependenciesID=a396463addbeac9abb3a17036ed2f6e9 StaticDependenciesID=ea401295fafa11dcfd172eb52703f7fb 
Importing 'GUID: c285802d9d414814fad592b90b223f15 - Path: Packages/com.unity.timeline/Editor/StyleSheets/Images/DarkSkin/TimelineEndPlayback.png' with importer (TextureImporter)
Imported 'GUID: c285802d9d414814fad592b90b223f15' -> (Import Result ID: '38e2243c4d95f209f042e455df754fa8') in 0.001 seconds [static and dynamic dependencies]. Details - ImportResultOutputID=f98d928505bcb0cc2af94349f11d210d DependenciesID=359b3de40c8f5eaf55924d37831406b2 StaticDependenciesID=924ce2ac77bef04e5b72b2fb79e7f859 
Importing 'GUID: c207dcd389fb689489f5266468cd4609 - Path: Packages/com.unity.timeline/Editor/StyleSheets/Images/Icons/d_TrackAvatarButtonEnabled.png' with importer (TextureImporter)
Imported 'GUID: c207dcd389fb689489f5266468cd4609' -> (Import Result ID: '198e01f014411663ecf72ed9c0068cd6') in 0.001 seconds [static and dynamic dependencies]. Details - ImportResultOutputID=8a753ebdd1da91da699f480f43f05341 DependenciesID=439e405849c2c455d9b82d9f55eb87cf StaticDependenciesID=b6410abd9de440fcf2aaec9e525e9f26 
Importing 'GUID: c2f7f6a88b4c4f20a53deb72f3d9144c - Path: Packages/com.unity.ugui/Editor Resources/Textures/btn_AlignMidLine.psd' with importer (TextureImporter)
Imported 'GUID: c2f7f6a88b4c4f20a53deb72f3d9144c' -> (Import Result ID: 'ba16f2788b57dd7bea2f2ddcaad6358f') in 0.002 seconds [static and dynamic dependencies]. Details - ImportResultOutputID=8ab602a22ea365823d9c5ea7bd7a1317 DependenciesID=0dbaee00389ae104e8179002a4fbee1d StaticDependenciesID=0939e1f48ad590596677e97b50221222 
Importing 'GUID: d24e7e0b75e1a244bb9687d6fd4315ef - Path: Packages/com.unity.collab-proxy/Editor/Assets/Images/buttonssosigninemail.png' with importer (TextureImporter)
Imported 'GUID: d24e7e0b75e1a244bb9687d6fd4315ef' -> (Import Result ID: 'cf80f075d43d33eae7e20814e8e6827f') in 0.001 seconds [static and dynamic dependencies]. Details - ImportResultOutputID=760692f161b60771cca48706cad0c9d5 DependenciesID=a0a38ac927219af8c530cdb10aff1cda StaticDependenciesID=5869169ba26004822b6842bcb8018958 
Importing 'GUID: e2c5ee46f6b0148afbe40d935c70faee - Path: Packages/com.unity.collab-proxy/Editor/Assets/Images/d_ArrowCaretLeft.png' with importer (TextureImporter)
Imported 'GUID: e2c5ee46f6b0148afbe40d935c70faee' -> (Import Result ID: '91b5a557d4b1b8e118bc7bf7f107d02f') in 0.002 seconds [static and dynamic dependencies]. Details - ImportResultOutputID=9382f6e442c7464baa7873f2bc0ae088 DependenciesID=0670b75c0b414092c38d779d5454bb20 StaticDependenciesID=ceda3389d5d230a000e09e2d3edb57fb 
Importing 'GUID: e27bb56b83f03421880673ee2b951102 - Path: Packages/com.unity.collab-proxy/Editor/Assets/Images/d_iconmovedoverlay@2x.png' with importer (TextureImporter)
Imported 'GUID: e27bb56b83f03421880673ee2b951102' -> (Import Result ID: '569ab0b97f12d500537acc5160d9c8e6') in 0.002 seconds [static and dynamic dependencies]. Details - ImportResultOutputID=eb57c08b3d501f66e5f9151d6a63d448 DependenciesID=3ffc5ec1079bc5a4f3c0e06d173110d0 StaticDependenciesID=530030ab40367028e5a268061cb53ef7 
Importing 'GUID: 0304baf8d224f3e47b22d872c8dcd412 - Path: Packages/com.unity.timeline/Editor/StyleSheets/Images/LightSkin/TimelineDisabledBackground.png' with importer (TextureImporter)
Imported 'GUID: 0304baf8d224f3e47b22d872c8dcd412' -> (Import Result ID: 'd08c747369a9b156f0d45a5601fb3c30') in 0.003 seconds [static and dynamic dependencies]. Details - ImportResultOutputID=5b9bf2e1ac050569cb7b3455677d870b DependenciesID=c63faa37740561cab8b717aaf92637e6 StaticDependenciesID=32dd0ddd7db255af2297b32c5c9e446f 
Importing 'GUID: 0354877031b64465ea7e5cafea1a2653 - Path: Packages/com.unity.multiplayer.center/Editor/MultiplayerCenterWindow/UI/Icons/DistributedAuthority@2x.png' with importer (TextureImporter)
Imported 'GUID: 0354877031b64465ea7e5cafea1a2653' -> (Import Result ID: '23663cdb1fa720dc1af2fe7015daebeb') in 0.002 seconds [static and dynamic dependencies]. Details - ImportResultOutputID=9080d6d986bfa58037c26712f4f9cee4 DependenciesID=efc567e66621bbc10e6e79f16767618b StaticDependenciesID=6b751dcc2be9df9103593b187fe8c953 
Importing 'GUID: 0367ce1ebbbb18940b79eed63a0315d5 - Path: Packages/com.unity.timeline/Editor/StyleSheets/Images/Icons/TimelineCollapseMarkerButtonEnabled.png' with importer (TextureImporter)
Imported 'GUID: 0367ce1ebbbb18940b79eed63a0315d5' -> (Import Result ID: '4fd957c2d5a4e819afcb78471a02cea3') in 0.001 seconds [static and dynamic dependencies]. Details - ImportResultOutputID=0e986cd050fe799adda0554a5411bc6b DependenciesID=29dfc0db9ba8f040d6983319809d2881 StaticDependenciesID=563c57289f3968d76591c5a7ac5213ba 
Importing 'GUID: 034d3052cb4a54f028bf55f9f9115d3c - Path: Packages/com.unity.collab-proxy/Editor/Assets/Images/iconpendingchangesview.png' with importer (TextureImporter)
Imported 'GUID: 034d3052cb4a54f028bf55f9f9115d3c' -> (Import Result ID: '4d1dd4874eb0e6b56ddda99aaac5bebe') in 0.002 seconds [static and dynamic dependencies]. Details - ImportResultOutputID=bc2866e6a2c1f70390188041e3b24007 DependenciesID=90c616bff280d5a5e5f68bebc8c9d55f StaticDependenciesID=7c7722a6635b1bba3e117b7ddf29bcab 
Importing 'GUID: 03ae22b9de3989144a9bebf8972b4fad - Path: Packages/com.unity.timeline/Editor/StyleSheets/Images/Shared/TimelineDisplay.png' with importer (TextureImporter)
Imported 'GUID: 03ae22b9de3989144a9bebf8972b4fad' -> (Import Result ID: 'bcf2c2583425d80c72f501d13f33853f') in 0.002 seconds [static and dynamic dependencies]. Details - ImportResultOutputID=56d206cca7881c2aedb0cb6df11ab088 DependenciesID=188cb385c672819acd3e2dea5142f368 StaticDependenciesID=8f9a6cc61b2c52888a24413c8ab0a86c 
Importing 'GUID: 03cefa94d5aa9d74993fb2138af9d607 - Path: Packages/com.unity.collab-proxy/Editor/Assets/Images/secondarytabclose.png' with importer (TextureImporter)
Imported 'GUID: 03cefa94d5aa9d74993fb2138af9d607' -> (Import Result ID: '0890c3a25d1034f0952c567e75c5a504') in 0.002 seconds [static and dynamic dependencies]. Details - ImportResultOutputID=9eba7b34a51247a4aef69c8c32e2362b DependenciesID=9fa9b92e8a8be62c5fbd1af7f46d617c StaticDependenciesID=a12f85cb1c28a490a9044c9a5c00e2df 
Importing 'GUID: 13527793884104b46b7446fd7464c3ed - Path: Packages/com.unity.collab-proxy/Editor/Assets/Images/iconclosebutton.png' with importer (TextureImporter)
Imported 'GUID: 13527793884104b46b7446fd7464c3ed' -> (Import Result ID: 'f5d69a4dfe2c679bb5f93caf4e852485') in 0.001 seconds [static and dynamic dependencies]. Details - ImportResultOutputID=c148711bb510e0d120ce922fc24cd036 DependenciesID=22dec8a2120fe5b3c09a6a0a799d8f74 StaticDependenciesID=11d37789f6c7b6152a5bd7d49e9423eb 
Importing 'GUID: 1318ab8bf649dcf43b922511fa5e155b - Path: Packages/com.unity.collab-proxy/Editor/Assets/Images/iconconflictresolvedoverlay.png' with importer (TextureImporter)
Imported 'GUID: 1318ab8bf649dcf43b922511fa5e155b' -> (Import Result ID: 'cec51dc5181b7b83b92440476df43ba1') in 0.002 seconds [static and dynamic dependencies]. Details - ImportResultOutputID=2505558ef2d8e9ed5cd4bce0d2cfd894 DependenciesID=c342a0f26dc57b5aac1df82fa9d1b4dd StaticDependenciesID=098019ff846d586868eb52e770455a1e 
Importing 'GUID: 23743f0c0ed1e6546808a5d645c2a6a5 - Path: Packages/com.unity.collab-proxy/Editor/Assets/Images/d_iconplasticnotifyconflict@2x.png' with importer (TextureImporter)
Imported 'GUID: 23743f0c0ed1e6546808a5d645c2a6a5' -> (Import Result ID: 'ab16c524f51ecf7d2d7f164696193504') in 0.001 seconds [static and dynamic dependencies]. Details - ImportResultOutputID=ddd58c20987955f8bd801e1274f78187 DependenciesID=c4ca5e7f579b2119967d6bf4499bcd0a StaticDependenciesID=f7ab40b4b64a6cb4055e399b5039d494 
Importing 'GUID: 23e66f7264c74424889342127f229577 - Path: Packages/com.unity.collab-proxy/Editor/Assets/Images/d_icondeletedremote.png' with importer (TextureImporter)
Imported 'GUID: 23e66f7264c74424889342127f229577' -> (Import Result ID: 'de6e362c37d248b09944123110ba1787') in 0.001 seconds [static and dynamic dependencies]. Details - ImportResultOutputID=1a7a89c5cecb04388d29b33edd1ee527 DependenciesID=a1df1f591ec9067a66e99229241df6fc StaticDependenciesID=1410d9b705e76babf0272cc80cb59b0d 
Importing 'GUID: 232fe04bebe5e904bb0568e685bd32a6 - Path: Packages/com.unity.collab-proxy/Editor/Assets/Images/iconpendingchanges@2x.png' with importer (TextureImporter)
Imported 'GUID: 232fe04bebe5e904bb0568e685bd32a6' -> (Import Result ID: 'e9e2d17cc5f6136abe1fe50bfc1ab41c') in 0.002 seconds [static and dynamic dependencies]. Details - ImportResultOutputID=4e1aa4553c21b7085164eb06e8f99216 DependenciesID=cd41391c540822e0a59d0e82fd31009f StaticDependenciesID=8ca9da4e5b638724345243c7295fe739 
Importing 'GUID: 33b1871a2d09cfa459a93f4e8feb5c41 - Path: Packages/com.unity.timeline/Editor/StyleSheets/Images/Icons/TimelineClipFG.png' with importer (TextureImporter)
Imported 'GUID: 33b1871a2d09cfa459a93f4e8feb5c41' -> (Import Result ID: '5bd6c89370a876ce14d39c1ca51d9588') in 0.001 seconds [static and dynamic dependencies]. Details - ImportResultOutputID=6b835e65e2d9c0b773944bce621d3a0b DependenciesID=ca4d5db727349b4ca1433d41f971fd76 StaticDependenciesID=80c1e0624d0dc4f61666869eeab4b2e6 
Importing 'GUID: 334589c596cc053418f700189f91111c - Path: Packages/com.unity.ai.navigation/EditorResources/Overlay/NavigationOverlay On@2x.png' with importer (TextureImporter)
Imported 'GUID: 334589c596cc053418f700189f91111c' -> (Import Result ID: '33787bb60c1523080e088b223ea8a27e') in 0.001 seconds [static and dynamic dependencies]. Details - ImportResultOutputID=e8a049815fee2e92feb46141ae173eff DependenciesID=21684bb76008ef064a0ef4a617ac76fa StaticDependenciesID=1f7c10d4a0473f11644c3feabfe349ad 
Importing 'GUID: 33a52b41b4de5874ca7da1da32067e39 - Path: Packages/com.unity.timeline/Editor/StyleSheets/Images/Icons/TrackMarkerButtonDisabled.png' with importer (TextureImporter)
Imported 'GUID: 33a52b41b4de5874ca7da1da32067e39' -> (Import Result ID: '51da124cf1a10810feb406c96a198d88') in 0.002 seconds [static and dynamic dependencies]. Details - ImportResultOutputID=b7aae609d0028e95d28e929e8fc22338 DependenciesID=e6eac9488d91d794ef7b073d1c6470e8 StaticDependenciesID=18928d8ba8baf8bfa9b61d4c1fe5c60b 
Importing 'GUID: 43411f399f49b42eb9a7157481e8747c - Path: Packages/com.unity.collab-proxy/Editor/Assets/Images/inclusionrule@2x.png' with importer (TextureImporter)
Imported 'GUID: 43411f399f49b42eb9a7157481e8747c' -> (Import Result ID: '814838c82e0c45158ff99b35d504c453') in 0.002 seconds [static and dynamic dependencies]. Details - ImportResultOutputID=cd2bfcbb8f7badc477d3ab74697aabad DependenciesID=8c4e8117b4347839450f51e37ef1eee7 StaticDependenciesID=0468d907e1956a2cb392a3c7c929754b 
Importing 'GUID: 43735cb4df8a4aa49b379e83bd9d77b8 - Path: Packages/com.unity.collab-proxy/Editor/Assets/Images/d_iconzoomout.png' with importer (TextureImporter)
Imported 'GUID: 43735cb4df8a4aa49b379e83bd9d77b8' -> (Import Result ID: 'ef820f17d3aaa1a2171a461481f6403d') in 0.002 seconds [static and dynamic dependencies]. Details - ImportResultOutputID=91b2e9faed559153184c1bc8bf3a48ae DependenciesID=7afa4919873267508ab1e3085c73c2f0 StaticDependenciesID=71b771f06917e18fa44bda1224e9d1e4 
Importing 'GUID: 43ed4593c5ddda0439fcc1bdaf8309fe - Path: Packages/com.unity.timeline/Editor/StyleSheets/Images/Icons/d_TrackCurvesButtonEnabled@2x.png' with importer (TextureImporter)
Imported 'GUID: 43ed4593c5ddda0439fcc1bdaf8309fe' -> (Import Result ID: '4d1e81aa2bfc1f235fc9d11e528eb94f') in 0.002 seconds [static and dynamic dependencies]. Details - ImportResultOutputID=2b6ae0a7cae200a1773163df4891140c DependenciesID=fe38b366f1826419a46085a0c5801ba5 StaticDependenciesID=543139469e4ff1e4facea07402b88890 
Importing 'GUID: 43eeff8a446b32242a4fb1a5c1bd7b8e - Path: Packages/com.unity.timeline/Editor/StyleSheets/Images/DarkSkin/TimelinePlayRange.png' with importer (TextureImporter)
Imported 'GUID: 43eeff8a446b32242a4fb1a5c1bd7b8e' -> (Import Result ID: 'dedfc6df82c96efb4fc8cbac5dbfa56a') in 0.001 seconds [static and dynamic dependencies]. Details - ImportResultOutputID=8e373d85a8000b78e9e55a697dd9267a DependenciesID=cef3ab944925e2326b5ba623e2493d01 StaticDependenciesID=c953448e59b0974627d7b543cbb3aa68 
Importing 'GUID: 43fe0cd0da17e47fc9e56f08a2415f65 - Path: Packages/com.unity.collab-proxy/Editor/Assets/Images/d_iconincomingchangesview@2x.png' with importer (TextureImporter)
Imported 'GUID: 43fe0cd0da17e47fc9e56f08a2415f65' -> (Import Result ID: '1dd1ed1a9bd549cb746ddeccdbc28d4a') in 0.002 seconds [static and dynamic dependencies]. Details - ImportResultOutputID=ff3551c164321985fdb1287db58c5125 DependenciesID=34973b3e759a5597d02cac54f90fbebf StaticDependenciesID=0c58f2f65893255906e161f4d2f00686 
Importing 'GUID: 63387a17b866347b390227e10a2b1f2e - Path: Packages/com.unity.collab-proxy/Editor/Assets/Images/inclusionrule.png' with importer (TextureImporter)
Imported 'GUID: 63387a17b866347b390227e10a2b1f2e' -> (Import Result ID: '858ec4039ccdc7a760d0ca120d7beb51') in 0.002 seconds [static and dynamic dependencies]. Details - ImportResultOutputID=ab04e3a5128e81fde6badb124528a145 DependenciesID=20b4b63ccade235f58320c9f6f07f388 StaticDependenciesID=93debef9f018abafe11e2efdaf3acac5 
Importing 'GUID: 636d03a8834e3ed4cac3a1cb4b82deaf - Path: Packages/com.unity.collab-proxy/Editor/Assets/Images/iconoutofsync.png' with importer (TextureImporter)
Imported 'GUID: 636d03a8834e3ed4cac3a1cb4b82deaf' -> (Import Result ID: '404233cc3ca1b5092c28a9fb31888236') in 0.002 seconds [static and dynamic dependencies]. Details - ImportResultOutputID=ca8d738ab212e054ceb6a080dc5fceec DependenciesID=bd51a275538fe56c3e9b6b16bea654b9 StaticDependenciesID=64b1549a075ba024d2a52b102a7ffb79 
Importing 'GUID: 639dd667694184004a6f47c95ff5594b - Path: Packages/com.unity.collab-proxy/Editor/Assets/Images/d_RGBAAll@2x.png' with importer (TextureImporter)
Imported 'GUID: 639dd667694184004a6f47c95ff5594b' -> (Import Result ID: 'fdd0b6741e38e2e095392578cd7d952a') in 0.002 seconds [static and dynamic dependencies]. Details - ImportResultOutputID=ec0c0c0fb9f6d9e81ef1b993ebf992aa DependenciesID=6dd58130d0a391671cb62aaafacd9da8 StaticDependenciesID=68638496be866f37d771428f2c85f72b 
Importing 'GUID: 73d124bf77e463c45942d14136745d9f - Path: Packages/com.unity.collab-proxy/Editor/Assets/Images/d_iconaddedoverlay.png' with importer (TextureImporter)
Imported 'GUID: 73d124bf77e463c45942d14136745d9f' -> (Import Result ID: '65fd1dac5284f36fdef484e18508c4b1') in 0.001 seconds [static and dynamic dependencies]. Details - ImportResultOutputID=c6389d2b3fd06ad2b6080ec2bc8e6e09 DependenciesID=0f765836bdef8b4b2fdb86a0412b5842 StaticDependenciesID=6ee947165b78d2ce3bf68f98593c69f4 
Importing 'GUID: 731522d95656bec42a5fc0bdc672ebe9 - Path: Packages/com.unity.ai.navigation/EditorResources/Overlay/NavigationOverlay@16.png' with importer (TextureImporter)
Imported 'GUID: 731522d95656bec42a5fc0bdc672ebe9' -> (Import Result ID: 'ce8c8ec5d7630f1e7cff271adb8e431b') in 0.001 seconds [static and dynamic dependencies]. Details - ImportResultOutputID=2504d5d3394271e908dbccb274b0cbeb DependenciesID=9455566df36c8bda75acee7928738d7c StaticDependenciesID=126cfcd7d49b568d710ddcb467196d73 
Importing 'GUID: 73f5ebb64da7b2a40ab6bffac80f1a61 - Path: Packages/com.unity.timeline/Editor/StyleSheets/Images/Icons/TimelineSelector.png' with importer (TextureImporter)
Imported 'GUID: 73f5ebb64da7b2a40ab6bffac80f1a61' -> (Import Result ID: '0d6b702f1e9d2b6bb09843532e85dab3') in 0.001 seconds [static and dynamic dependencies]. Details - ImportResultOutputID=d46b4272582766c5cb58abe919de578a DependenciesID=b11bd79fe085d13c3fb245a3232f12cf StaticDependenciesID=9548ac54db58d332b58326340ca54a40 
Importing 'GUID: 73d87bc3a27171144985c68fbbd54380 - Path: Packages/com.unity.collab-proxy/Editor/Assets/Images/d_iconzoomin@2x.png' with importer (TextureImporter)
Imported 'GUID: 73d87bc3a27171144985c68fbbd54380' -> (Import Result ID: '2da59d3b8ec7437101d5bbbaa301071e') in 0.002 seconds [static and dynamic dependencies]. Details - ImportResultOutputID=e561e3da12c71c0a0acd626633be8d67 DependenciesID=27d56ff8b048b6a2423f89b3ac28f008 StaticDependenciesID=9e24a89af8b49b708debf0d6bc489999 
Importing 'GUID: 830164d71b9d60c40b606822b957d10b - Path: Packages/com.unity.collab-proxy/Editor/Assets/Images/iconinfobellnotification@2x.png' with importer (TextureImporter)
Imported 'GUID: 830164d71b9d60c40b606822b957d10b' -> (Import Result ID: '7bf276ea4f870903b3685b1167d52e08') in 0.002 seconds [static and dynamic dependencies]. Details - ImportResultOutputID=0fccdda7f0dc351f21ab53bd04fc7810 DependenciesID=7842889a97e351d840de672c3e2fd699 StaticDependenciesID=ad8cca72a2c43890eb7e8a4a8bc68c80 
Importing 'GUID: 83b28bcaaf34b4fd580114fb05d9f160 - Path: Packages/com.unity.multiplayer.center/Editor/MultiplayerCenterWindow/UI/Icons/NGO@2x.png' with importer (TextureImporter)
Imported 'GUID: 83b28bcaaf34b4fd580114fb05d9f160' -> (Import Result ID: '30ddd876a774747a8061d0226644418a') in 0.002 seconds [static and dynamic dependencies]. Details - ImportResultOutputID=4c10ac5af1f41ed566ca6c17e5df8e47 DependenciesID=0e4c48bbb09c7d4dcd5688dd29a9456a StaticDependenciesID=38bb52de7484ac798a09ec5f61aa5ad4 
Importing 'GUID: 93e273179c173b34d9e80e37fda41baf - Path: Packages/com.unity.multiplayer.center/Editor/MultiplayerCenterWindow/UI/Icons/BuildingBlocks/LeaderBoards.png' with importer (TextureImporter)
Imported 'GUID: 93e273179c173b34d9e80e37fda41baf' -> (Import Result ID: '5e4d53a9e4a88a0251f605dd2df2fa41') in 0.022 seconds [static and dynamic dependencies]. Details - ImportResultOutputID=1f7f7d3bd051f057972f77aececc313b DependenciesID=4b8fba9c48a7e997eca8c4289ec5f6b9 StaticDependenciesID=2561a3818c2fa063bb9d48ec42aeb5d8 
Importing 'GUID: 93298c6fcbff047f8aca0c4c8420f143 - Path: Packages/com.unity.collab-proxy/Editor/Assets/Images/iconçlast@2x.png' with importer (TextureImporter)
Imported 'GUID: 93298c6fcbff047f8aca0c4c8420f143' -> (Import Result ID: '118ebb27b2af7b04caf3eb39469c1d8c') in 0.002 seconds [static and dynamic dependencies]. Details - ImportResultOutputID=d3e9fff4650b86920a9b912c70c29d37 DependenciesID=5a9a2c4211ac0000aa6f9743213fb61c StaticDependenciesID=7cf8cd78b0ee103c06af9e035788784f 
Importing 'GUID: a383d8b1327c9254896ad76d6efaf357 - Path: Packages/com.unity.timeline/Editor/StyleSheets/Images/Icons/TrackCurvesButtonDisabled@2x.png' with importer (TextureImporter)
Imported 'GUID: a383d8b1327c9254896ad76d6efaf357' -> (Import Result ID: 'aa8a496d8e415cd6437627922d0499ec') in 0.002 seconds [static and dynamic dependencies]. Details - ImportResultOutputID=4ae2f4c285d0830bc6a67b1309fbd523 DependenciesID=37513e3b224a827a8bbb826dc1c6ebb1 StaticDependenciesID=6680dab894c51d9c71bf956ab00d4ae1 
Importing 'GUID: a3e491f99ea3ad74f8731ca93e84c497 - Path: Packages/com.unity.collab-proxy/Editor/Assets/Images/icondeletedlocaloverlay@2x.png' with importer (TextureImporter)
Imported 'GUID: a3e491f99ea3ad74f8731ca93e84c497' -> (Import Result ID: '41a1c7d54526dbf1c5effab62e82abca') in 0.002 seconds [static and dynamic dependencies]. Details - ImportResultOutputID=592881fdda78c424a1aa329df7974ba6 DependenciesID=fddae3ca4184213b3c8a36d8ebf76d1d StaticDependenciesID=8cc4358baf39bb696d3314dc98067500 
Importing 'GUID: a36e66e044a5fd94ca570351917c6bda - Path: Packages/com.unity.collab-proxy/Editor/Assets/Images/d_iconedit@2x.png' with importer (TextureImporter)
Imported 'GUID: a36e66e044a5fd94ca570351917c6bda' -> (Import Result ID: 'a1cf596f9e9151cf36565e5c2708cfed') in 0.002 seconds [static and dynamic dependencies]. Details - ImportResultOutputID=6271a44f9d07b3adead2d7340dbe894d DependenciesID=dbef6961312a4a01e71f740ec9021c82 StaticDependenciesID=c7f4ec86212f17d0214023e1c2b2a16b 
Importing 'GUID: a3ced8f7044b9de4787602a9e9b20ea7 - Path: Packages/com.unity.collab-proxy/Editor/Assets/Images/d_iconconflictedoverlay@2x.png' with importer (TextureImporter)
Imported 'GUID: a3ced8f7044b9de4787602a9e9b20ea7' -> (Import Result ID: 'cb9729d5ca615c20e0e30aa6160f29f2') in 0.001 seconds [static and dynamic dependencies]. Details - ImportResultOutputID=803587b397c8fd19b938ed89096d8186 DependenciesID=f5af17009a48c95dafabcb3ee488cbd5 StaticDependenciesID=3e8b1d4edf4c419e3b3e55a12b259e2b 
Importing 'GUID: b3e01e80c420d4ac9a425a6abf8c99ec - Path: Packages/com.unity.collab-proxy/Editor/Assets/Images/d_ArrowCaretLeft@2x.png' with importer (TextureImporter)
Imported 'GUID: b3e01e80c420d4ac9a425a6abf8c99ec' -> (Import Result ID: 'a9b3d889c9054e6c7c0e5178803012ef') in 0.002 seconds [static and dynamic dependencies]. Details - ImportResultOutputID=f49cc093bd03206561be021a238d4ef7 DependenciesID=c4acd3ec4789b4db963e2a563bb2a6b2 StaticDependenciesID=16ae0edfb9ddf4d91e42cb36d7a8b637 
Importing 'GUID: b3644a971cca0bd4eb357cb9aca4dde1 - Path: Packages/com.unity.timeline/Editor/StyleSheets/Images/Icons/d_TrackMarkerButtonDisabled.png' with importer (TextureImporter)
Imported 'GUID: b3644a971cca0bd4eb357cb9aca4dde1' -> (Import Result ID: '1492019ca24413e999312b05494a6907') in 0.001 seconds [static and dynamic dependencies]. Details - ImportResultOutputID=a95956822c662fed5af0cb584a807ee1 DependenciesID=ea17606af15511cbc9ab35929bed1ffe StaticDependenciesID=bf9099bbd08206f1c79b76f86be89ed8 
Importing 'GUID: b3cd430fb0ffe164fa829262bb9e1d4b - Path: Packages/com.unity.ai.navigation/EditorResources/Overlay/d_NavigationOverlay On@64.png' with importer (TextureImporter)
Imported 'GUID: b3cd430fb0ffe164fa829262bb9e1d4b' -> (Import Result ID: '134c4982bdf3840a805971dd9ce29e62') in 0.001 seconds [static and dynamic dependencies]. Details - ImportResultOutputID=5b3b50d38d03c45ff70588a4dc9a1016 DependenciesID=ca2cda3b32083c0024404fc8bf600443 StaticDependenciesID=d376880ef6fb9514e4e1f61d0f354bee 
Importing 'GUID: c35a22ede3f5feb488bf69587ddc36ed - Path: Packages/com.unity.timeline/Editor/StyleSheets/Images/Icons/TrackMarkerButtonEnabled@2x.png' with importer (TextureImporter)
Imported 'GUID: c35a22ede3f5feb488bf69587ddc36ed' -> (Import Result ID: '0a8666cac82c5dc868faee372286669c') in 0.002 seconds [static and dynamic dependencies]. Details - ImportResultOutputID=74745b67b16dc650d04b972a1ace301e DependenciesID=4981b38a4de8cc5b203263c86577b923 StaticDependenciesID=32ba7caaba786c8214745e6a5152dc9c 
Importing 'GUID: c34cd61ed96ff9a40a54e159467c5155 - Path: Packages/com.unity.collab-proxy/Editor/Assets/Images/d_iconretainedoverlay@2x.png' with importer (TextureImporter)
Imported 'GUID: c34cd61ed96ff9a40a54e159467c5155' -> (Import Result ID: 'ac36833207652dea0e2698781465c4cf') in 0.002 seconds [static and dynamic dependencies]. Details - ImportResultOutputID=b16c8d255039eb60cb3fa5baf81f91e9 DependenciesID=2af201ebb80b1839c9dc649b13a4204f StaticDependenciesID=efc9892313ba4303c6d2b9895ac7b0d1 
Importing 'GUID: d3b5c4f7d6b94f64085b3713bffa680e - Path: Packages/com.unity.timeline/Editor/StyleSheets/Images/DarkSkin/TimelinePingPong.png' with importer (TextureImporter)
Imported 'GUID: d3b5c4f7d6b94f64085b3713bffa680e' -> (Import Result ID: 'e1fa21249b41982346d100eb0010fcf9') in 0.001 seconds [static and dynamic dependencies]. Details - ImportResultOutputID=07ba32878557bf85526c1edf35b37d4d DependenciesID=00a7e46ceebbae7f59017221be66b685 StaticDependenciesID=1f145ce2f4dd0bbacbb79c64d0f2ecb2 
Importing 'GUID: d30af1e364af1fc48be2ff2dcb0d4724 - Path: Packages/com.unity.collab-proxy/Editor/Assets/Images/iconcurrentbranch.png' with importer (TextureImporter)
Imported 'GUID: d30af1e364af1fc48be2ff2dcb0d4724' -> (Import Result ID: '2b4808d1cde7290297a701e938e3687a') in 0.002 seconds [static and dynamic dependencies]. Details - ImportResultOutputID=f9424f6d9871666b90e20cf6ceb93904 DependenciesID=23690c9ce899eb6d66a23247d4e8a1bf StaticDependenciesID=daaddac9377fa0b5fb361b56d962e8ff 
Importing 'GUID: e3b0f810fdea84e40ab4ba20f256f7e8 - Path: Packages/com.unity.ugui/Editor Resources/Textures/SectionHeader_Light.psd' with importer (TextureImporter)
Imported 'GUID: e3b0f810fdea84e40ab4ba20f256f7e8' -> (Import Result ID: '812ef82a35ff7195e3c6b1de71594857') in 0.002 seconds [static and dynamic dependencies]. Details - ImportResultOutputID=086eef12995aaa3a1c3aefa85434efb8 DependenciesID=27ea3418ff627a79e89063cf20bbcd36 StaticDependenciesID=2765a6e599eb943fa0344b5be432be3a 
Importing 'GUID: e3f0b16456276c94aab8bd6664208dc3 - Path: Packages/com.unity.ai.navigation/EditorResources/Overlay/NavigationOverlay.png' with importer (TextureImporter)
Imported 'GUID: e3f0b16456276c94aab8bd6664208dc3' -> (Import Result ID: 'ca854f04deb9cb31f423979b91e2a537') in 0.002 seconds [static and dynamic dependencies]. Details - ImportResultOutputID=b23ac56c77016478e3e62afac62a0e59 DependenciesID=6a7781b6dee4d301f920348ae8a8c373 StaticDependenciesID=7c56f5b0cd58cfd7775098465b4a9b36 
Importing 'GUID: f3e2797165e71b443bae6264899b89d6 - Path: Packages/com.unity.collab-proxy/Editor/Assets/Images/iconplasticnotifypendingchanges.png' with importer (TextureImporter)
Imported 'GUID: f3e2797165e71b443bae6264899b89d6' -> (Import Result ID: 'a72d9b93ae4222595d31e943c06e908d') in 0.002 seconds [static and dynamic dependencies]. Details - ImportResultOutputID=8c4b191f15746819e296997dda2c2ef1 DependenciesID=e5d4051711f7bdbf313c6819ba86a858 StaticDependenciesID=cfd4aaa15e2a82d7d49ecfacdc1764f6 
Importing 'GUID: f31d2c855644aad4cb2030bce12859f6 - Path: Packages/com.unity.collab-proxy/Editor/Assets/Images/d_iconplasticnotifyincoming.png' with importer (TextureImporter)
Imported 'GUID: f31d2c855644aad4cb2030bce12859f6' -> (Import Result ID: '0ce86e38ad17d20bc0f61af393a46405') in 0.001 seconds [static and dynamic dependencies]. Details - ImportResultOutputID=4c4816b0099924fe62bbafba1275caf1 DependenciesID=b70c06109b69d38bbd0185e1cb2bd3f6 StaticDependenciesID=1461f39027d663f7ee6b4f1accc89161 
Importing 'GUID: f38e832edef3ab648bcc2ab5dfa2906d - Path: Packages/com.unity.collab-proxy/Editor/Assets/Images/d_iconinfobellnotification.png' with importer (TextureImporter)
Imported 'GUID: f38e832edef3ab648bcc2ab5dfa2906d' -> (Import Result ID: '66975b924ec57c87a58cda892b802f55') in 0.002 seconds [static and dynamic dependencies]. Details - ImportResultOutputID=f50a1bb6f2bae6cc54cda483b1416657 DependenciesID=2e0453c9ddf4d0fc86df127344506c6c StaticDependenciesID=cad724282a712b40ee0b953f5bdc4926 
Importing 'GUID: 0423146d9f51c4563a0f2a8200b6cd38 - Path: Packages/com.unity.multiplayer.center/Editor/MultiplayerCenterWindow/UI/Icons/PackageInstalled@2x.png' with importer (TextureImporter)
Imported 'GUID: 0423146d9f51c4563a0f2a8200b6cd38' -> (Import Result ID: '6ec8eca934d06cda57789a52e0ecae60') in 0.002 seconds [static and dynamic dependencies]. Details - ImportResultOutputID=c7a2c3aa6710dc79cf6b14df6c9b75bf DependenciesID=0745633e06f37c6dd73c2fbbed6a1be0 StaticDependenciesID=f2a43b9c2a7b37a182c45e98ca665443 
Importing 'GUID: 1463dc66197dc49609f516a8540465f0 - Path: Packages/com.unity.collab-proxy/Editor/Assets/Images/iconoriginalsize.png' with importer (TextureImporter)
Imported 'GUID: 1463dc66197dc49609f516a8540465f0' -> (Import Result ID: '5fd6fc11494ec785219d57c46ebb51cb') in 0.002 seconds [static and dynamic dependencies]. Details - ImportResultOutputID=c519410596a28526731a0a5f1d93666b DependenciesID=ff48f7346e42ec1483358caf0c759143 StaticDependenciesID=bd3c03c2cc1cb471cbdabd4bde99ca8a 
Importing 'GUID: 1497075210b6dcd4c8f31ecfc6c5c79c - Path: Packages/com.unity.ai.navigation/EditorResources/Overlay/NavigationOverlay@256.png' with importer (TextureImporter)
Imported 'GUID: 1497075210b6dcd4c8f31ecfc6c5c79c' -> (Import Result ID: 'ddd9ca220b0ef91c03ab6309ada2c100') in 0.003 seconds [static and dynamic dependencies]. Details - ImportResultOutputID=dd4bf658b257704b7157a294a7e850af DependenciesID=20b5019365672e2e81aaa421d101804c StaticDependenciesID=dffd4207584d3f23ef17e996aba7599c 
Importing 'GUID: 14e91e4835bce49a0b49a84da2532484 - Path: Packages/com.unity.collab-proxy/Editor/Assets/Images/d_RGBABlue.png' with importer (TextureImporter)
Imported 'GUID: 14e91e4835bce49a0b49a84da2532484' -> (Import Result ID: '067603270b9814f233f6e90d53ea06e6') in 0.002 seconds [static and dynamic dependencies]. Details - ImportResultOutputID=0382781102caf3e9688ecdf6c8bee776 DependenciesID=9e12f7ee171f433b1c098ccb4e4f8296 StaticDependenciesID=0790e7597a8652033d5740cd2bf4c214 
Importing 'GUID: 144aa74618b85974a9a50f612c2fa8fd - Path: Packages/com.unity.collab-proxy/Editor/Assets/Images/d_buttonssosigninemail@2x.png' with importer (TextureImporter)
Imported 'GUID: 144aa74618b85974a9a50f612c2fa8fd' -> (Import Result ID: 'd3f49f9de4e92c215a0f3b4186a94aaa') in 0.002 seconds [static and dynamic dependencies]. Details - ImportResultOutputID=536626c1762ed64efa68276715e652f5 DependenciesID=00431a699a713c83d35b643d2a454192 StaticDependenciesID=f5e711b749dfa4249805ba0a064a0ae5 
Importing 'GUID: 2446ee609b613cd4e9142ccc55cb7c43 - Path: Packages/com.unity.timeline/Editor/StyleSheets/Images/Icons/d_TimelineCollapseMarkerButtonEnabled.png' with importer (TextureImporter)
Imported 'GUID: 2446ee609b613cd4e9142ccc55cb7c43' -> (Import Result ID: 'cec6b05ebfe4ac47676536c41f3bfdbe') in 0.002 seconds [static and dynamic dependencies]. Details - ImportResultOutputID=9e682ab07ea4f74068e1095518ad630a DependenciesID=c94707e5325eff0b7876124163ab268e StaticDependenciesID=28c81244d41541e3f02d3fd8168ee016 
Importing 'GUID: 24b97c67b63a23b48bea4036d28a5818 - Path: Packages/com.unity.timeline/Editor/StyleSheets/Images/LightSkin/TimelineMarkerItem.png' with importer (TextureImporter)
Imported 'GUID: 24b97c67b63a23b48bea4036d28a5818' -> (Import Result ID: '490122ecb57d0f5e77f168fe7358cad0') in 0.002 seconds [static and dynamic dependencies]. Details - ImportResultOutputID=f1256efe2a98ef95159f8e218f8c76fa DependenciesID=122619d700ab51736efb7d7b6deb7990 StaticDependenciesID=24eceedd4a74ff4d95bad98f012c3c83 
Importing 'GUID: 3494dc956dfd7174abc07060940a2848 - Path: Packages/com.unity.collab-proxy/Editor/Assets/Images/d_stepok@2x.png' with importer (TextureImporter)
Imported 'GUID: 3494dc956dfd7174abc07060940a2848' -> (Import Result ID: 'c9cfd270e99e6e61f1661a987b461366') in 0.002 seconds [static and dynamic dependencies]. Details - ImportResultOutputID=4f9735a2d47cff851fe7f51f1ddf9519 DependenciesID=52973fb57583c9d891965c6aecddce51 StaticDependenciesID=2ebf07fb3145c355cfc9b9585fc873be 
Importing 'GUID: 342a0f8aca7f4f0691338912faec0494 - Path: Packages/com.unity.ugui/Editor Resources/Textures/btn_AlignRight.psd' with importer (TextureImporter)
Imported 'GUID: 342a0f8aca7f4f0691338912faec0494' -> (Import Result ID: '7e5ec4c48864cb173ba9799e8e562293') in 0.002 seconds [static and dynamic dependencies]. Details - ImportResultOutputID=a9d6f0a8ca9349e7df9d9195041e8195 DependenciesID=701a481ac7544f94e01cc224e6439058 StaticDependenciesID=65930132794480b7fc3056e2c3917602 
Importing 'GUID: 44837f46c53a42246a6de7fa161e0d00 - Path: Packages/com.unity.ai.navigation/EditorResources/Overlay/NavigationOverlay On@128.png' with importer (TextureImporter)
Imported 'GUID: 44837f46c53a42246a6de7fa161e0d00' -> (Import Result ID: 'a71b488433bbaca5dd74461916987429') in 0.002 seconds [static and dynamic dependencies]. Details - ImportResultOutputID=66dac23a73c99d67bf2d768dc398bb87 DependenciesID=8eacf9a03c243f41c296ec6ffd8ecb5c StaticDependenciesID=8bd6abebc9d4f5e4dcb8bb4469b856b0 
Importing 'GUID: 54024d7bafa404eb39097aa14df8a5cb - Path: Packages/com.unity.collab-proxy/Editor/Assets/Images/d_iconplasticnotifypendingchangesandincoming@2x.png' with importer (TextureImporter)
Imported 'GUID: 54024d7bafa404eb39097aa14df8a5cb' -> (Import Result ID: '8965920690951f57b80ebdff6257daa3') in 0.002 seconds [static and dynamic dependencies]. Details - ImportResultOutputID=4f2fb1d9599a7f6affe71ca609d56175 DependenciesID=395470ea79366b8cb0f251eddbea81e1 StaticDependenciesID=7748f7d0de5c2b1e87214e8a4ac8d935 
Importing 'GUID: 54623075676bd504d93243fb18745161 - Path: Packages/com.unity.timeline/Editor/StyleSheets/Images/Icons/TrackAvatarButtonDisabled.png' with importer (TextureImporter)
Imported 'GUID: 54623075676bd504d93243fb18745161' -> (Import Result ID: '10fef3ff876cacc899bbc0002922444f') in 0.002 seconds [static and dynamic dependencies]. Details - ImportResultOutputID=c90116761db535a9821bb2df6b9a5a0a DependenciesID=b22a0c81aa418e55b3e33363476bc312 StaticDependenciesID=255bef752cf1430d63a8457315cad95e 
Importing 'GUID: 64b9fad609434c489c32b1cdf2004a1c - Path: Packages/com.unity.ugui/Editor Resources/Textures/btn_AlignFlush_Light.psd' with importer (TextureImporter)
Imported 'GUID: 64b9fad609434c489c32b1cdf2004a1c' -> (Import Result ID: '597d699c5b3e1a4ed67095e3474b85aa') in 0.001 seconds [static and dynamic dependencies]. Details - ImportResultOutputID=78ea7cc107be1e8c9e644992f39a9b3d DependenciesID=f4d1852df88f6b8dad99ef8489222028 StaticDependenciesID=96d26e87e93b3e5d2e9f1cc9e8bf642a 
Importing 'GUID: 642f7453935154b44afc516c07b1d009 - Path: Packages/com.unity.ai.navigation/EditorResources/Overlay/d_NavigationOverlay On@256.png' with importer (TextureImporter)
Imported 'GUID: 642f7453935154b44afc516c07b1d009' -> (Import Result ID: '5c3d012525d4090214104c9843f52efb') in 0.003 seconds [static and dynamic dependencies]. Details - ImportResultOutputID=0efcf3bb9bd902a227d1f037a897005a DependenciesID=e380b57584668e4c8101547574d3b0d1 StaticDependenciesID=f9faa830465f2a63d4d7cf901ccad991 
Importing 'GUID: 741761e72e6f24446bd8ba03ea3d0261 - Path: Packages/com.unity.multiplayer.center/Editor/MultiplayerCenterWindow/UI/Icons/d_Questionnaire.png' with importer (TextureImporter)
Imported 'GUID: 741761e72e6f24446bd8ba03ea3d0261' -> (Import Result ID: '0520e4f5725812a48d05a5de08faa67a') in 0.002 seconds [static and dynamic dependencies]. Details - ImportResultOutputID=6c901513a7d96f6a10458097a0bab45a DependenciesID=82ff3cbd3a661827560bac54780a9d6b StaticDependenciesID=fd5211511875db42ecd89479b5ad9b2f 
Importing 'GUID: 74ef721fef79c44489d4e3edb0ab0c01 - Path: Packages/com.unity.collab-proxy/Editor/Assets/Images/iconaddedoverlay@2x.png' with importer (TextureImporter)
Imported 'GUID: 74ef721fef79c44489d4e3edb0ab0c01' -> (Import Result ID: 'f63b366a78c8f6aa8732b59b647911cb') in 0.002 seconds [static and dynamic dependencies]. Details - ImportResultOutputID=dbb3adb5c72819edbbca621fddcae22d DependenciesID=6ee3a9747223429639ca50b62e79739a StaticDependenciesID=25b4b827a4856d81d213165bf765ddee 
Importing 'GUID: 84e4bbd00035e4671bf14e0380a89001 - Path: Packages/com.unity.multiplayer.center/Editor/MultiplayerCenterWindow/UI/Icons/EmptyViewIcon.png' with importer (TextureImporter)
Imported 'GUID: 84e4bbd00035e4671bf14e0380a89001' -> (Import Result ID: '34250b4b3417da9527dabed9cfe8740e') in 0.005 seconds [static and dynamic dependencies]. Details - ImportResultOutputID=15f8069398db798e397955504af50a2b DependenciesID=4df879e5bac59488f8b91565e7059a7e StaticDependenciesID=9c5d511f1d77555cf0eccdf1db315d9f 
Importing 'GUID: 84f696eaa6e195043b22f318aa59b058 - Path: Packages/com.unity.collab-proxy/Editor/Assets/Images/iconrepository@2x.png' with importer (TextureImporter)
Imported 'GUID: 84f696eaa6e195043b22f318aa59b058' -> (Import Result ID: 'a100e48389123686fae7865687382bb5') in 0.002 seconds [static and dynamic dependencies]. Details - ImportResultOutputID=ef663ec446090930d85bc34b3488969e DependenciesID=d7fae2cccf96842e62ad448d2f8835d9 StaticDependenciesID=504ba0f78c3200048a8510202d2ed316 
Importing 'GUID: 940b9d1a2dc73495da39c6d329f2b3a0 - Path: Packages/com.unity.collab-proxy/Editor/Assets/Images/iconnext@2x.png' with importer (TextureImporter)
Imported 'GUID: 940b9d1a2dc73495da39c6d329f2b3a0' -> (Import Result ID: 'cadbde801e74136541d2a572768b96e8') in 0.002 seconds [static and dynamic dependencies]. Details - ImportResultOutputID=19aa9820fe9f3f7eb6109b3a8b1485b7 DependenciesID=3e866b33f803b701126267f3ba30e085 StaticDependenciesID=b96b95b96e480f50b8ff463c786c0a55 
Importing 'GUID: 94fe868620119564f9474f40cd6145aa - Path: Packages/com.unity.collab-proxy/Editor/Assets/Images/iconpressedclosebutton.png' with importer (TextureImporter)
Imported 'GUID: 94fe868620119564f9474f40cd6145aa' -> (Import Result ID: '51a58dd024dcfc4df37bb0462b330248') in 0.002 seconds [static and dynamic dependencies]. Details - ImportResultOutputID=fc44e06e4f2c8603fe850f619b49597b DependenciesID=bdf90e9d166472e55e6addbfa0d0f81b StaticDependenciesID=c995bc789406fb8819c6c9944f678a86 
Importing 'GUID: 945f4ecec6df62244b9ebcc363833642 - Path: Packages/com.unity.timeline/Editor/StyleSheets/Images/Icons/Timeline-Marker-Warning-Overlay.png' with importer (TextureImporter)
Imported 'GUID: 945f4ecec6df62244b9ebcc363833642' -> (Import Result ID: '6077363ceb39574264f2f9e5f5758ec0') in 0.002 seconds [static and dynamic dependencies]. Details - ImportResultOutputID=5453b1b72c8ff2f82ebdbc905791fb42 DependenciesID=0b025dc9ea35a8c5a8a7a5bb59aa30bb StaticDependenciesID=44ac289244da73adbeb8d861a250b941 
Importing 'GUID: b43651fb085b38445ade3f9de3ab0636 - Path: Packages/com.unity.collab-proxy/Editor/Assets/Images/iconinviteusers@2x.png' with importer (TextureImporter)
Imported 'GUID: b43651fb085b38445ade3f9de3ab0636' -> (Import Result ID: '7118fa7c29977d5c3e436bef548cefc8') in 0.002 seconds [static and dynamic dependencies]. Details - ImportResultOutputID=6dd71d3ef19a3ca6d89046536dc2afcc DependenciesID=baaff45cc8ca6f750b275a6ad81a1ea9 StaticDependenciesID=7b4823e04afdd7c2208db23678d14260 
Importing 'GUID: c41381829109cd84786a392ea6e3db60 - Path: Packages/com.unity.collab-proxy/Editor/Assets/Images/d_iconadd@2x.png' with importer (TextureImporter)
Imported 'GUID: c41381829109cd84786a392ea6e3db60' -> (Import Result ID: '80e77269099e2957d3ff7f16aaebd46b') in 0.002 seconds [static and dynamic dependencies]. Details - ImportResultOutputID=0bf4822594a5b7d3b5afaf664fa0d7b1 DependenciesID=076e629821373cec24b8d7e94f51e604 StaticDependenciesID=390d5b108b617d671668cc33d55f8f24 
Importing 'GUID: c48b8bcda45b63442a7a7c7244c84635 - Path: Packages/com.unity.collab-proxy/Editor/Assets/Images/d_iconcurrentbranch@2x.png' with importer (TextureImporter)
Imported 'GUID: c48b8bcda45b63442a7a7c7244c84635' -> (Import Result ID: '2dc8d61ca88d4e214956ed2faefea8a7') in 0.002 seconds [static and dynamic dependencies]. Details - ImportResultOutputID=da4fb268054a86b06d80ce326433bdae DependenciesID=c4c420115708a23ba9175c888b8b5acd StaticDependenciesID=fbe087dbf6470309ae3d858168066de3 
Importing 'GUID: d452c24a7410847ddac09d8ef2fbad23 - Path: Packages/com.unity.collab-proxy/Editor/Assets/Images/d_RGBABlue@2x.png' with importer (TextureImporter)
Imported 'GUID: d452c24a7410847ddac09d8ef2fbad23' -> (Import Result ID: 'b3727f598951b6d35048ed2ecd7a34ed') in 0.002 seconds [static and dynamic dependencies]. Details - ImportResultOutputID=7bf383c50f2836c491f1f6020f18cb4b DependenciesID=86636afb3dd93c168e91e6721fcd4890 StaticDependenciesID=a4b3de25549ab30b45306e8e2bc1c836 
Importing 'GUID: d4780dc1205c7c7478c970d8c61d24e8 - Path: Packages/com.unity.collab-proxy/Editor/Assets/Images/stepok.png' with importer (TextureImporter)
Imported 'GUID: d4780dc1205c7c7478c970d8c61d24e8' -> (Import Result ID: '678df0adb13e92bf0d8eac9792c38726') in 0.002 seconds [static and dynamic dependencies]. Details - ImportResultOutputID=7b4e329039f5f7e4e6dc63fc09aba3b1 DependenciesID=2e43a6deaa5bafd78136e21cbcfc492b StaticDependenciesID=aded89e4e04eaa8b63976f1333ee7596 
Importing 'GUID: d44fc8b11425e0043aa7c20a301ce707 - Path: Packages/com.unity.timeline/Editor/StyleSheets/Images/Icons/TimelineClipBG.png' with importer (TextureImporter)
Imported 'GUID: d44fc8b11425e0043aa7c20a301ce707' -> (Import Result ID: 'efee549862d6716512fbf92e7245e057') in 0.002 seconds [static and dynamic dependencies]. Details - ImportResultOutputID=b807870c03d5a80967ff3678bdb1ef85 DependenciesID=f894eab65ddb67e9dd847fe8f2d63332 StaticDependenciesID=7d74c0fc608b4d9499638cdf7541b2e8 
Importing 'GUID: d44f9c7a4044e1845b5b3627ba32fb10 - Path: Packages/com.unity.collab-proxy/Editor/Assets/Images/d_iconbrex.png' with importer (TextureImporter)
Imported 'GUID: d44f9c7a4044e1845b5b3627ba32fb10' -> (Import Result ID: '39d4a5e654f587b7039c894936ebb38b') in 0.003 seconds [static and dynamic dependencies]. Details - ImportResultOutputID=103d4eb412de9c41c1413f12fbca9cde DependenciesID=938ddce38f8cbd3a3d3fed0a65baa83d StaticDependenciesID=01e19dc29492480f3d93e5d9cd675f90 
Importing 'GUID: e4517bb2f521d99439ec9981a44a87ec - Path: Packages/com.unity.collab-proxy/Editor/Assets/Images/iconoutofsyncoverlay.png' with importer (TextureImporter)
Imported 'GUID: e4517bb2f521d99439ec9981a44a87ec' -> (Import Result ID: '273ec39b8823da907a4aa466265a7e13') in 0.002 seconds [static and dynamic dependencies]. Details - ImportResultOutputID=a5eef6d69ed8ba9aed1fc255930e19c4 DependenciesID=5860558c1db9bd1112c40161d814965b StaticDependenciesID=fff0eadbeb01ad4afabc9d77dc013020 
Importing 'GUID: e45389a8a97044d4caf408f252370632 - Path: Packages/com.unity.collab-proxy/Editor/Assets/Images/iconbranches@2x.png' with importer (TextureImporter)
Imported 'GUID: e45389a8a97044d4caf408f252370632' -> (Import Result ID: 'a56759997e55b438ccffb35a874ad8c4') in 0.002 seconds [static and dynamic dependencies]. Details - ImportResultOutputID=f3a4958afef355e88ecb4f7a92f832ca DependenciesID=fe7b444344ed5a5681b0dcfe288f3df2 StaticDependenciesID=bbb19864e7da131c90f5b28ccff7ecfd 
Importing 'GUID: e4f97225bcfb64760a1c81f460837f01 - Path: Packages/com.unity.ai.navigation/Gizmos/NavMeshSurface Icon.png' with importer (TextureImporter)
Imported 'GUID: e4f97225bcfb64760a1c81f460837f01' -> (Import Result ID: 'e9a598d7713ff86521d9a477334d9656') in 0.004 seconds [static and dynamic dependencies]. Details - ImportResultOutputID=fb371d1bc5f9a52ef987c4c2649c3887 DependenciesID=30f93160782b49c3900317dfe581ee47 StaticDependenciesID=5b6f3463140325a4e2b028c93d6084f3 
Importing 'GUID: f4d4cddc7d40e49e18d2253e661465b2 - Path: Packages/com.unity.collab-proxy/Editor/Assets/Images/d_ArrowCaretRight.png' with importer (TextureImporter)
Imported 'GUID: f4d4cddc7d40e49e18d2253e661465b2' -> (Import Result ID: '5b57867d6d18dcbb4db1b93a52d9e181') in 0.002 seconds [static and dynamic dependencies]. Details - ImportResultOutputID=91db7e498a817c66cd10edef05958804 DependenciesID=d682961dd0b8d159bc7a2e35c88d6135 StaticDependenciesID=5e24b3476b15a47e70b3d15bbd2c966e 
Importing 'GUID: f42a69ee6b34c4a8eb57e17686d6ab67 - Path: Packages/com.unity.collab-proxy/Editor/Assets/Images/iconhistory.png' with importer (TextureImporter)
Imported 'GUID: f42a69ee6b34c4a8eb57e17686d6ab67' -> (Import Result ID: '1225ebe63e5edf5b7405093384518d2c') in 0.002 seconds [static and dynamic dependencies]. Details - ImportResultOutputID=84868a5d065a2b1f8acde9f01d7d2ca8 DependenciesID=76a7698c2dd967609a78f5a855e534e8 StaticDependenciesID=89afe98d95d09888f5ae4eff80d7521c 
Importing 'GUID: 0525793900d728a42936791a8a6de63b - Path: Packages/com.unity.collab-proxy/Editor/Assets/Images/d_iconclosebutton@2x.png' with importer (TextureImporter)
Imported 'GUID: 0525793900d728a42936791a8a6de63b' -> (Import Result ID: 'be9a0e70911dfbd11d3c26f43e78c377') in 0.002 seconds [static and dynamic dependencies]. Details - ImportResultOutputID=6d60175a2b31aa85a437bec31a99f44e DependenciesID=5ba061102c86ed78d8017e039ac5730a StaticDependenciesID=1fa301a73b8ecb97f038edee1f84e78c 
Importing 'GUID: 05ba7199286b24c6ca7441e2c454f5c3 - Path: Packages/com.unity.collab-proxy/Editor/Assets/Images/d_inclusionrule.png' with importer (TextureImporter)
Imported 'GUID: 05ba7199286b24c6ca7441e2c454f5c3' -> (Import Result ID: '2cfbd02be560d0d19b6323951959154b') in 0.002 seconds [static and dynamic dependencies]. Details - ImportResultOutputID=b82334cf163b4b6ff2c2d86e5d6debf2 DependenciesID=00c2b55df1ca083feeb728b5252d7ca2 StaticDependenciesID=33bfd38461094aaa9285a1f91d362a5f 
Importing 'GUID: 056ee72c467a4e24d87541d42839ca72 - Path: Packages/com.unity.collab-proxy/Editor/Assets/Images/d_iconconflictresolvedoverlay.png' with importer (TextureImporter)
Imported 'GUID: 056ee72c467a4e24d87541d42839ca72' -> (Import Result ID: '9aec8744d8e114aa117622856bb638c2') in 0.002 seconds [static and dynamic dependencies]. Details - ImportResultOutputID=1ead3343cc8729c9252020650ddfd36e DependenciesID=f0f665f66fbc32d5135596aedf4c8349 StaticDependenciesID=17d6b9ea15723dee985fefc88771e0bb 
Importing 'GUID: 15845fb26c2846947b4dedb9fb348cc1 - Path: Packages/com.unity.timeline/Editor/StyleSheets/Images/Icons/TimelineSignal.png' with importer (TextureImporter)
Imported 'GUID: 15845fb26c2846947b4dedb9fb348cc1' -> (Import Result ID: 'fb7bb17d00f03e02f2da49951ec9d33a') in 0.001 seconds [static and dynamic dependencies]. Details - ImportResultOutputID=3b23e5c91391fcbd0ad2640d3b390f2a DependenciesID=bb8c95a2a7183c2278f393894e986070 StaticDependenciesID=8d28317a8e6cbbd3d4d4e771c7d55f28 
Importing 'GUID: 151753cf3d5916d4fbf624668c268675 - Path: Packages/com.unity.ai.navigation/EditorResources/Overlay/NavigationOverlay On@64.png' with importer (TextureImporter)
Imported 'GUID: 151753cf3d5916d4fbf624668c268675' -> (Import Result ID: '209b4741b0ea74fde7d549f8fba69478') in 0.001 seconds [static and dynamic dependencies]. Details - ImportResultOutputID=52539da206db9d77f2882d93e5652544 DependenciesID=da0e13e83b16eae2fa7407e63c561072 StaticDependenciesID=7c2dccee16e6199497b62ff698b89ecb 
Importing 'GUID: 155b8a0cbfb7948baab0167cb548c0f6 - Path: Packages/com.unity.collab-proxy/Editor/Assets/Images/iconcheckmark@2x.png' with importer (TextureImporter)
Imported 'GUID: 155b8a0cbfb7948baab0167cb548c0f6' -> (Import Result ID: 'ad7305786a75994d6f98ab42edd86d88') in 0.002 seconds [static and dynamic dependencies]. Details - ImportResultOutputID=d4326145aeca2f9b25f53853fa40eadf DependenciesID=5462a01c6f61ae49eb6cdee7885c647b StaticDependenciesID=dc58c8d151f590f227f6fd4f6dab8a2c 
Importing 'GUID: 259fe6e49c74eb143a9fc88f6bd3f050 - Path: Packages/com.unity.collab-proxy/Editor/Assets/Images/iconclouddriveview@2x.png' with importer (TextureImporter)
Imported 'GUID: 259fe6e49c74eb143a9fc88f6bd3f050' -> (Import Result ID: 'e5965a174e2eae3758aefec01e1e0edf') in 0.002 seconds [static and dynamic dependencies]. Details - ImportResultOutputID=4b57bb30fb29bb442c5e228736cdc4cc DependenciesID=542c65b6a9521cedc67db0e0330723e2 StaticDependenciesID=c1e71938a09fd5d32a7ef623266ab01c 
Importing 'GUID: 359cf58d5969d1a4aad29b095c7fc338 - Path: Packages/com.unity.timeline/Editor/StyleSheets/Images/DarkSkin/TimelineActivation.png' with importer (TextureImporter)
Imported 'GUID: 359cf58d5969d1a4aad29b095c7fc338' -> (Import Result ID: 'a78c50da691fd105ad99a85c97966308') in 0.001 seconds [static and dynamic dependencies]. Details - ImportResultOutputID=2e677b39d288ae87381c70074d5640f7 DependenciesID=c08fa29c90601dacaea1807c12ee6e4c StaticDependenciesID=096d272914667f62f06565970cdf5161 
Importing 'GUID: 35ff0937876540d3bd4b6a941df62a92 - Path: Packages/com.unity.ugui/Editor Resources/Textures/btn_AlignCenterGeo_Light.psd' with importer (TextureImporter)
Imported 'GUID: 35ff0937876540d3bd4b6a941df62a92' -> (Import Result ID: '0ee98ff8bb3e77e4961da97d6ebb41b2') in 0.001 seconds [static and dynamic dependencies]. Details - ImportResultOutputID=778c03659525c3bb723cf0ab21274ae3 DependenciesID=e3fb2a06e0ead31f6cfc7120b6b6ac68 StaticDependenciesID=c20f806c71815a69a5f2a30c0cc219ed 
Importing 'GUID: 450a5bff12481484c862ad1ab592a858 - Path: Packages/com.unity.collab-proxy/Editor/Assets/Images/d_iconnext.png' with importer (TextureImporter)
Imported 'GUID: 450a5bff12481484c862ad1ab592a858' -> (Import Result ID: '305360d2d124002af192429416d3338d') in 0.002 seconds [static and dynamic dependencies]. Details - ImportResultOutputID=f235cc63e4be6344c123469026d9a5a6 DependenciesID=dd19417942016d216821236511bf96c4 StaticDependenciesID=ec2e5c4cbd42a9419419ffcd4e2a492e 
Importing 'GUID: 5544f39aea350784ba1dd4ecc285b777 - Path: Packages/com.unity.collab-proxy/Editor/Assets/Images/d_iconzoomin.png' with importer (TextureImporter)
Imported 'GUID: 5544f39aea350784ba1dd4ecc285b777' -> (Import Result ID: 'fd5ef2f07ca28e9b9ef60609cea938a5') in 0.002 seconds [static and dynamic dependencies]. Details - ImportResultOutputID=c1428fa7f8e6c332a1e1b129b709b0f5 DependenciesID=cbaf728a6c09b99ba20d8b6e01e08b20 StaticDependenciesID=8cb90bf78e3da4da26ff0ec59cd53e30 
Importing 'GUID: 55747841a2e3b47dab36dc8d5e0dc4df - Path: Packages/com.unity.collab-proxy/Editor/Assets/Images/d_iconlock@2x.png' with importer (TextureImporter)
Imported 'GUID: 55747841a2e3b47dab36dc8d5e0dc4df' -> (Import Result ID: 'f549dbff387ec3b01c582b59a639892f') in 0.002 seconds [static and dynamic dependencies]. Details - ImportResultOutputID=acb394eb2f16dbb6cb267dcbac1f3719 DependenciesID=c8edbbbd66570362a62fbf56ea2f303a StaticDependenciesID=976838ec2b4bdfe6d2dbf00f30c6e8fd 
Importing 'GUID: 556a2f3b046024d4c9621c1b4be5f0c1 - Path: Packages/com.unity.collab-proxy/Editor/Assets/Images/xlink.png' with importer (TextureImporter)
Imported 'GUID: 556a2f3b046024d4c9621c1b4be5f0c1' -> (Import Result ID: '6d51aad51febc5744fadebc8dbfce927') in 0.002 seconds [static and dynamic dependencies]. Details - ImportResultOutputID=62d3f484a61b13f8ff592d5354a63418 DependenciesID=96abc881a9af1c60913ceee4c370d5d2 StaticDependenciesID=446af956f54cbdeecaf758934345e33d 
Importing 'GUID: 65f0e363b74cf5845ab8c3fbc14f39ac - Path: Packages/com.unity.collab-proxy/Editor/Assets/Images/d_iconconflicted@2x.png' with importer (TextureImporter)
Imported 'GUID: 65f0e363b74cf5845ab8c3fbc14f39ac' -> (Import Result ID: '1743415077e966a06f4edd022d4d4920') in 0.002 seconds [static and dynamic dependencies]. Details - ImportResultOutputID=b3ac4711a55b6d6921378082df461938 DependenciesID=915068019a2414ef2b032446e19018be StaticDependenciesID=88f003fdad1613cb79a3331012e39982 
Importing 'GUID: 75f26f1c549568c4e9950a368bd08cb8 - Path: Packages/com.unity.timeline/Editor/StyleSheets/Images/Shared/Timeline-Marker-Multi-Overlay.png' with importer (TextureImporter)
Imported 'GUID: 75f26f1c549568c4e9950a368bd08cb8' -> (Import Result ID: '35a5d076afb1ff85a60dfac3c6c470fd') in 0.001 seconds [static and dynamic dependencies]. Details - ImportResultOutputID=69e4e8344e3005f8f10a7723c621087d DependenciesID=848ddb9f2a62444f30af6717eff86e84 StaticDependenciesID=57f75510c91325ed16a78f721642dcdf 
Importing 'GUID: 752ba7759bdbd45c59b7e7df302ea223 - Path: Packages/com.unity.collab-proxy/Editor/Assets/Images/iconarrowdown@2x.png' with importer (TextureImporter)
Imported 'GUID: 752ba7759bdbd45c59b7e7df302ea223' -> (Import Result ID: 'a3fc4d52b01e78b3611c4627943dd5fa') in 0.002 seconds [static and dynamic dependencies]. Details - ImportResultOutputID=0f70e03503454d762b3ae734643c2949 DependenciesID=06003619fdc68b5b6724375305db784b StaticDependenciesID=1075c964d2c31f1edfc90387e88cc4b9 
Importing 'GUID: 8566cce82f494484caff62b669c10ab4 - Path: Packages/com.unity.multiplayer.center/Editor/MultiplayerCenterWindow/UI/Icons/Samples/Competitive_header.png' with importer (TextureImporter)
Imported 'GUID: 8566cce82f494484caff62b669c10ab4' -> (Import Result ID: 'c1ea8836455fb169e828163203435e6e') in 0.011 seconds [static and dynamic dependencies]. Details - ImportResultOutputID=5f0cb9e16eafd4e1a7207515bc13e4bc DependenciesID=b236f53c13ce8d9666d48ab789a90e2e StaticDependenciesID=3c85dd47b7909d83ccccd21518a4d679 
Importing 'GUID: 9589d5d9eb09dec43b2ad51af4e78b1e - Path: Packages/com.unity.timeline/Editor/StyleSheets/Images/Icons/TrackCurvesButtonEnabled.png' with importer (TextureImporter)
Imported 'GUID: 9589d5d9eb09dec43b2ad51af4e78b1e' -> (Import Result ID: 'e42c861c0987f16e73910836d0cb735a') in 0.002 seconds [static and dynamic dependencies]. Details - ImportResultOutputID=3038dbbb664e267fc482bf79b50aeb71 DependenciesID=b5a10713ee0d604af553a32146983853 StaticDependenciesID=0bcfa9c2efb86e983f2d2ce8f64bb412 
Importing 'GUID: 956deaef7c041ed4abe7a5a3690c28bc - Path: Packages/com.unity.collab-proxy/Editor/Assets/Images/buttonhome@2x.png' with importer (TextureImporter)
Imported 'GUID: 956deaef7c041ed4abe7a5a3690c28bc' -> (Import Result ID: 'eb063942dc0415af53296dd5f6f4149f') in 0.002 seconds [static and dynamic dependencies]. Details - ImportResultOutputID=0ab435de9700e4b8730b61a4f335035e DependenciesID=7f82250fcec109a72feea20a8adce16a StaticDependenciesID=0352560149d71f24530ca072b9d225db 
Importing 'GUID: a5e21f4e466690645980dd0cf0b664bc - Path: Packages/com.unity.timeline/Editor/StyleSheets/Images/DarkSkin/TimelineSignalSelected.png' with importer (TextureImporter)
Imported 'GUID: a5e21f4e466690645980dd0cf0b664bc' -> (Import Result ID: 'b9d7d01d228d8b8198523645cf37b133') in 0.001 seconds [static and dynamic dependencies]. Details - ImportResultOutputID=7857c1154651004f8b08f8f9f9dfaa7f DependenciesID=7b64090acc62f69ab478561d18bf84e9 StaticDependenciesID=8f2e5b847d03d46bc6bcaeb2b19662bf 
Importing 'GUID: a57d0bc93481bd844af3c2236db044f2 - Path: Packages/com.unity.collab-proxy/Editor/Assets/Images/iconaddedoverlay.png' with importer (TextureImporter)
Imported 'GUID: a57d0bc93481bd844af3c2236db044f2' -> (Import Result ID: '9423304bf11b9d7d242630737d34d5e3') in 0.002 seconds [static and dynamic dependencies]. Details - ImportResultOutputID=69b10e992440d2d93a0bda385ca76705 DependenciesID=d548acb8b701ae01248f2b0790ac34b1 StaticDependenciesID=57a0d7dcc7470d61b24d307f71ce14fa 
Importing 'GUID: b528c1b33a65cf94ea74f830b54c9acb - Path: Packages/com.unity.collab-proxy/Editor/Assets/Images/iconlockedlocaloverlay@2x.png' with importer (TextureImporter)
Imported 'GUID: b528c1b33a65cf94ea74f830b54c9acb' -> (Import Result ID: '2eafefa5e4baeb1a42a0471af8e3bd2c') in 0.001 seconds [static and dynamic dependencies]. Details - ImportResultOutputID=159dd7902fff37f2db04693d1503b5cb DependenciesID=3a155189532773c42f5cdeebe4dd95c4 StaticDependenciesID=8ebd7e2f8e6d02096b19c24e28510c38 
Importing 'GUID: b58a826ca804e4c67bab4283ad5a6102 - Path: Packages/com.unity.multiplayer.center/Editor/MultiplayerCenterWindow/UI/Icons/NoNetcode@2x.png' with importer (TextureImporter)
Imported 'GUID: b58a826ca804e4c67bab4283ad5a6102' -> (Import Result ID: 'ffa021ec61b3e3c810e05cf8d4d26149') in 0.002 seconds [static and dynamic dependencies]. Details - ImportResultOutputID=372c77f8fb9affe995074f414706c9ff DependenciesID=601c7272f7641c9f1a2a0e6c43523d4f StaticDependenciesID=f996a64622b585d9a3953ba91d69606a 
Importing 'GUID: c5c1f094d9a9b3f4c9cc6c3a87af871c - Path: Packages/com.unity.timeline/Editor/StyleSheets/Images/Icons/TimelineEditModeRippleON.png' with importer (TextureImporter)
Imported 'GUID: c5c1f094d9a9b3f4c9cc6c3a87af871c' -> (Import Result ID: 'cb2004311d5ba4891d842c08a0a1413c') in 0.001 seconds [static and dynamic dependencies]. Details - ImportResultOutputID=1e53d5e33693b1daf80be565514bfc8d DependenciesID=1c7ab69997e52af995cb2307e48849b2 StaticDependenciesID=121ccceaa42b5a0f285b4302f05beb84 
Importing 'GUID: c5d82e0b4fbcf42539ceffc642e631ce - Path: Packages/com.unity.collab-proxy/Editor/Assets/Images/iconchangesets.png' with importer (TextureImporter)
Imported 'GUID: c5d82e0b4fbcf42539ceffc642e631ce' -> (Import Result ID: 'da77c01fc40c48f5ed5f2d3d86fa4246') in 0.002 seconds [static and dynamic dependencies]. Details - ImportResultOutputID=868268235689756ac21d89a5fe4ab1b5 DependenciesID=9d02d43434bc57516461a778cc5ad9dc StaticDependenciesID=cd652112c4445bc1a1e9af3a5d543b6a 
Importing 'GUID: c5fc116b3271b5947808130b2212cd60 - Path: Packages/com.unity.collab-proxy/Editor/Assets/Images/d_iconplasticnotifyincoming@2x.png' with importer (TextureImporter)
Imported 'GUID: c5fc116b3271b5947808130b2212cd60' -> (Import Result ID: '087fbcff43df9243919ea634f485a1e6') in 0.002 seconds [static and dynamic dependencies]. Details - ImportResultOutputID=b1da8e8f25cfb0493e0aea41894fb5eb DependenciesID=e7f2b48f50f99c6d979082e5e39b5794 StaticDependenciesID=58c8947d36f24315ec3f7086bad54619 
Importing 'GUID: d5c3277b1dbad9448b46c2ec87a2cef8 - Path: Packages/com.unity.collab-proxy/Editor/Assets/Images/icondeletedremoteoverlay@2x.png' with importer (TextureImporter)
Imported 'GUID: d5c3277b1dbad9448b46c2ec87a2cef8' -> (Import Result ID: 'ac74226197d9708b75eb918d03681f97') in 0.002 seconds [static and dynamic dependencies]. Details - ImportResultOutputID=fc4ce7f9438b1db4e2e7d09a0dcc5957 DependenciesID=d2252420692d98a0dfa791f71be3d1ce StaticDependenciesID=ad3b9ba9d798f5868aa7a1ec4eebfa04 
Importing 'GUID: d55a54a15106e3f418a43134888f2211 - Path: Packages/com.unity.timeline/Editor/StyleSheets/Images/Icons/d_TrackCurvesButtonDisabled.png' with importer (TextureImporter)
Imported 'GUID: d55a54a15106e3f418a43134888f2211' -> (Import Result ID: '1f8e0730f1ce2bef31ac8e65b69b44e6') in 0.002 seconds [static and dynamic dependencies]. Details - ImportResultOutputID=a8091473fb1f108492a8e4f7ddf2fda4 DependenciesID=b218d042f4f265978f004df45f33c5df StaticDependenciesID=29fc78b73d390f421f675dd3f2d0758a 
Importing 'GUID: d58e94bfb1bac774dbb8ca9c2597ef2e - Path: Packages/com.unity.collab-proxy/Editor/Assets/Images/d_loading.png' with importer (TextureImporter)
Imported 'GUID: d58e94bfb1bac774dbb8ca9c2597ef2e' -> (Import Result ID: '6bdd4c2852741e750c5af9e1297f8428') in 0.002 seconds [static and dynamic dependencies]. Details - ImportResultOutputID=443495113c985c5a2a73d925390c1045 DependenciesID=1576a6a79d8514071c1247c316c584d3 StaticDependenciesID=a228b3a3026ff4965ca99f8fda9a3ed5 
Importing 'GUID: e50018fd67fc156459e4014bdad3f5f6 - Path: Packages/com.unity.timeline/Editor/StyleSheets/Images/Shared/TimelineSwatch.png' with importer (TextureImporter)
Imported 'GUID: e50018fd67fc156459e4014bdad3f5f6' -> (Import Result ID: '7009033e8f4f46994e61033130dd9cd2') in 0.002 seconds [static and dynamic dependencies]. Details - ImportResultOutputID=65c77b1cb51395d1a3deb4f77cca1e97 DependenciesID=41d5c4376917d910a56e297c937ac7f2 StaticDependenciesID=32a64d29e1e4c844374871f6be435e1f 
Importing 'GUID: e54e20c7a9730fe4c822d63228527ae4 - Path: Packages/com.unity.timeline/Editor/StyleSheets/Images/Icons/d_TrackMuteButtonEnabled@2x.png' with importer (TextureImporter)
Imported 'GUID: e54e20c7a9730fe4c822d63228527ae4' -> (Import Result ID: '17753456c99d7d6d880edab6153657b3') in 0.002 seconds [static and dynamic dependencies]. Details - ImportResultOutputID=6c9361c9357618f0376e5e18f4e10a1f DependenciesID=e7cb5518660a70e6c3d8e40a081c8391 StaticDependenciesID=c7743bad1b4506f6f492161b4d6e7dd8 
Importing 'GUID: f5dd88efd8622424998bf5326c5421eb - Path: Packages/com.unity.ai.navigation/EditorResources/Overlay/d_NavigationOverlay@256.png' with importer (TextureImporter)
Imported 'GUID: f5dd88efd8622424998bf5326c5421eb' -> (Import Result ID: '6bf66944e38dc8de584a687474b0d998') in 0.003 seconds [static and dynamic dependencies]. Details - ImportResultOutputID=61b2e9b1f5caf035f8c689bdcc696a06 DependenciesID=39447e08d0ca002e7a3a8934805971e3 StaticDependenciesID=dd0fa0bc94f8b0cc4d131cde90eace4c 
Importing 'GUID: 066619c9c9c84f89acb1b48c11a7efe2 - Path: Packages/com.unity.ugui/Editor Resources/Textures/btn_AlignMiddle_Light.psd' with importer (TextureImporter)
Imported 'GUID: 066619c9c9c84f89acb1b48c11a7efe2' -> (Import Result ID: 'a76ae0730430c48bd69b3b24e6687e74') in 0.002 seconds [static and dynamic dependencies]. Details - ImportResultOutputID=593c116e0c9930ef54e8c7e0ba5813f9 DependenciesID=f590f791b567ba569caba75078135fe8 StaticDependenciesID=ebcb6f41f121963585b6800ca60774ba 
Importing 'GUID: 06bf6150656339941aa98e175a995445 - Path: Packages/com.unity.timeline/Editor/StyleSheets/Images/Icons/d_TimelineSelector.png' with importer (TextureImporter)
Imported 'GUID: 06bf6150656339941aa98e175a995445' -> (Import Result ID: '943f457e8b76ddd18b91ed9ae14de363') in 0.002 seconds [static and dynamic dependencies]. Details - ImportResultOutputID=c0dfb494e76685e584a931ebf5ffe8cf DependenciesID=5edec667a19173463f8f2fe19a33ecfb StaticDependenciesID=1c7a17c40e437b035fd3f190e1927fd7 
Importing 'GUID: 16e2437bc79d04055b65b968f4eba9c0 - Path: Packages/com.unity.collab-proxy/Editor/Assets/Images/d_iconpendingchangesview@2x.png' with importer (TextureImporter)
Imported 'GUID: 16e2437bc79d04055b65b968f4eba9c0' -> (Import Result ID: 'd6d3c270677693e08a434f7f684c85a0') in 0.003 seconds [static and dynamic dependencies]. Details - ImportResultOutputID=e91f3add5d59e4ab95b7af203fb111f0 DependenciesID=8ab3bd62554068209cc7fbe83cef25a4 StaticDependenciesID=15e0b9d754aa098711a07bfc04a0a67e 
Importing 'GUID: 267a89f787a621e4290fbff7a5442750 - Path: Packages/com.unity.collab-proxy/Editor/Assets/Images/d_iconbranch@2x.png' with importer (TextureImporter)
Imported 'GUID: 267a89f787a621e4290fbff7a5442750' -> (Import Result ID: 'b875b9f7e08e4a77c932aa0f06247ef8') in 0.002 seconds [static and dynamic dependencies]. Details - ImportResultOutputID=61bbbba9e9e573c570344b207715284b DependenciesID=527f83835ba91436047b737c65c16a4b StaticDependenciesID=074d4e7e419b5f8e2f3da804ff901103 
Importing 'GUID: 36564eb85f1bdf2409df96325231cb6c - Path: Packages/com.unity.collab-proxy/Editor/Assets/Images/d_iconrepository@2x.png' with importer (TextureImporter)
Imported 'GUID: 36564eb85f1bdf2409df96325231cb6c' -> (Import Result ID: '389e74a68f64975410885a6b14c3f1a7') in 0.003 seconds [static and dynamic dependencies]. Details - ImportResultOutputID=16056afaf81ef919f5e02b40153c1239 DependenciesID=6bb6b00ec0595a9362dd9bd926143681 StaticDependenciesID=edba101f055f49430074e5ac16f4cdc6 
Importing 'GUID: 36e6970b84831434a9eac79abd03700b - Path: Packages/com.unity.collab-proxy/Editor/Assets/Images/step3@2x.png' with importer (TextureImporter)
Imported 'GUID: 36e6970b84831434a9eac79abd03700b' -> (Import Result ID: 'b128d3039f392af164c7482aa35ca9ba') in 0.002 seconds [static and dynamic dependencies]. Details - ImportResultOutputID=602abd008b2c879d83d36cf044b9b54d DependenciesID=3baf3521365ada36219d383d45164727 StaticDependenciesID=6cfc73ab1021b0b18e39b6d761ea481f 
Importing 'GUID: 360dded8761e81d4d98c10f469d55492 - Path: Packages/com.unity.timeline/Editor/StyleSheets/Images/DarkSkin/TimelineLoop.png' with importer (TextureImporter)
Imported 'GUID: 360dded8761e81d4d98c10f469d55492' -> (Import Result ID: '22dc1ff20557d7a302cffcfeabddde79') in 0.002 seconds [static and dynamic dependencies]. Details - ImportResultOutputID=f60a9b1de67809db1cdc4a304a8d783d DependenciesID=00cb7726763079828a9018612034207a StaticDependenciesID=74b90f9d2c107827ccc5ed275e0e31d1 
Importing 'GUID: 46930b20180b59e46b73494adf53abbb - Path: Packages/com.unity.collab-proxy/Editor/Assets/Images/d_step3.png' with importer (TextureImporter)
Imported 'GUID: 46930b20180b59e46b73494adf53abbb' -> (Import Result ID: '0c34d3a61b767474cd321a1e7cdf680b') in 0.002 seconds [static and dynamic dependencies]. Details - ImportResultOutputID=a4c1e62fb94b69eae7602ffc54fd98d7 DependenciesID=5dc31e391fda43fd8e369ec8dcd0a6d5 StaticDependenciesID=19a46d7e653a3a560d952b4016030805 
Importing 'GUID: 4616b2fa4acd1429e931835b80966c2a - Path: Packages/com.unity.multiplayer.center/Editor/MultiplayerCenterWindow/UI/Icons/PackageInstalled.png' with importer (TextureImporter)
Imported 'GUID: 4616b2fa4acd1429e931835b80966c2a' -> (Import Result ID: 'f5e12f4ba85667265b2c9f6d9595d62a') in 0.002 seconds [static and dynamic dependencies]. Details - ImportResultOutputID=a3cd18fbccf2b16ee9cc360508173016 DependenciesID=b9cb677751dc5f99d889b6c78bb38d02 StaticDependenciesID=de84afdc53ed628d9d3e010922b03346 
Importing 'GUID: 5679a74364f6b4440ab7e7aed55cd95e - Path: Packages/com.unity.collab-proxy/Editor/Assets/Images/iconconflictedoverlay@2x.png' with importer (TextureImporter)
Imported 'GUID: 5679a74364f6b4440ab7e7aed55cd95e' -> (Import Result ID: 'd7968a7ec7de31f0a9d907d9adafed0f') in 0.002 seconds [static and dynamic dependencies]. Details - ImportResultOutputID=b5ef2474fb0edddf3b37f9cd7db152bd DependenciesID=f58c6ad09bd3f98a804fa79a427cfbc4 StaticDependenciesID=b8ea9c36b96e1d8c3072efb8c65a2b7f 
Importing 'GUID: 569cb7c654ca242978cdc7428c2881a3 - Path: Packages/com.unity.collab-proxy/Editor/Assets/Images/iconmergeview.png' with importer (TextureImporter)
Imported 'GUID: 569cb7c654ca242978cdc7428c2881a3' -> (Import Result ID: '549a1bb805aa6652d3774300bc411580') in 0.002 seconds [static and dynamic dependencies]. Details - ImportResultOutputID=1fb558c01549fa16bee09380c8d9f372 DependenciesID=61ee6d114bd733f9c106b3a92e9d7861 StaticDependenciesID=832e2c3479f1f79f334e7ef4ac19e5dd 
Importing 'GUID: 76a05d2ec901a8b49a064fe0b0674ba7 - Path: Packages/com.unity.collab-proxy/Editor/Assets/Images/iconpendingchanges.png' with importer (TextureImporter)
Imported 'GUID: 76a05d2ec901a8b49a064fe0b0674ba7' -> (Import Result ID: '090c216c7103a3d19538bb72fcca4070') in 0.002 seconds [static and dynamic dependencies]. Details - ImportResultOutputID=68858f066fa7be6aee4ad739b69b0916 DependenciesID=192f04d6791c97d8b7face78bdd2b0d8 StaticDependenciesID=c16c343e8f0a58383c826b71dd15aefb 
Importing 'GUID: 864f64164beae6141b39879e1b6f4031 - Path: Packages/com.unity.collab-proxy/Editor/Assets/Images/d_iconadd.png' with importer (TextureImporter)
Imported 'GUID: 864f64164beae6141b39879e1b6f4031' -> (Import Result ID: 'e01f3cfe5a876ed4b5637f35d801b8cf') in 0.002 seconds [static and dynamic dependencies]. Details - ImportResultOutputID=00b268336bab694ee7a17c87f01a4147 DependenciesID=0a522e4dfed5381d65a718eb06504e8f StaticDependenciesID=a97372a1bdf96aee1af70f631e743acc 
Importing 'GUID: 96967b3953faf48f6885b45aed76490f - Path: Packages/com.unity.collab-proxy/Editor/Assets/Images/iconplasticnotifypendingchangesandincoming.png' with importer (TextureImporter)
Imported 'GUID: 96967b3953faf48f6885b45aed76490f' -> (Import Result ID: '548e5a5e40184d5286e266c90efe2b62') in 0.002 seconds [static and dynamic dependencies]. Details - ImportResultOutputID=92cac2738f3f20350eedb515ef278cad DependenciesID=e81e164e51e63ae76683d163d86d493c StaticDependenciesID=cb602d39a9da738f503962c461e5ec0c 
Importing 'GUID: 96c9a57d95a712d44978703ea9dd7f4e - Path: Packages/com.unity.ai.navigation/EditorResources/Overlay/d_NavigationOverlay On@16.png' with importer (TextureImporter)
Imported 'GUID: 96c9a57d95a712d44978703ea9dd7f4e' -> (Import Result ID: '01ddde06a1ac74e34dc7525133a6cf62') in 0.002 seconds [static and dynamic dependencies]. Details - ImportResultOutputID=58451e59877aec9c5212c2587e610f84 DependenciesID=c9398d619cf747086695adf9fdd08b64 StaticDependenciesID=9f3ab85b9bcc91528a9be9821c412d0f 
Importing 'GUID: a6219d44b6fc910449f7c3fee45db5c5 - Path: Packages/com.unity.collab-proxy/Editor/Assets/Images/iconbranches.png' with importer (TextureImporter)
Imported 'GUID: a6219d44b6fc910449f7c3fee45db5c5' -> (Import Result ID: '5c6776162000c9c5f27cc965e78b54ef') in 0.002 seconds [static and dynamic dependencies]. Details - ImportResultOutputID=9e66695af292d3c03831c8fb07413a57 DependenciesID=b2593875ef324d734380be5653b29bfb StaticDependenciesID=39c233e49464fe033b29f3bc7eb91a89 
Importing 'GUID: a67b58d6cddcd4345b1e001340de5a76 - Path: Packages/com.unity.collab-proxy/Editor/Assets/Images/iconaddedlocal@2x.png' with importer (TextureImporter)
Imported 'GUID: a67b58d6cddcd4345b1e001340de5a76' -> (Import Result ID: 'e7ee54e7f480c7493ebaee0d9f8d7ccf') in 0.002 seconds [static and dynamic dependencies]. Details - ImportResultOutputID=7166819b1cbaf0fc3fc630d45552f5ed DependenciesID=a1659d7e5a48013455041c52a0630593 StaticDependenciesID=5205d5ceb367c2eaa08eebf0482d130a 
Importing 'GUID: a6fbd5a181bc51e42a61a73fe8d727c8 - Path: Packages/com.unity.collab-proxy/Editor/Assets/Images/d_iconaddedoverlay@2x.png' with importer (TextureImporter)
Imported 'GUID: a6fbd5a181bc51e42a61a73fe8d727c8' -> (Import Result ID: '6799b7c07987deff97549a0fc0f79c72') in 0.002 seconds [static and dynamic dependencies]. Details - ImportResultOutputID=5c3138403de3fe580ab0e431bfe4c4ee DependenciesID=2cab110aff41f3ee49b87c2b65bd58cc StaticDependenciesID=0bb78abbd3a34e94236143a270278c59 
Importing 'GUID: a6fd0c627f5aa48fa81512221e70a11e - Path: Packages/com.unity.multiplayer.center/Editor/MultiplayerCenterWindow/UI/Icons/d_PackageManager@2x.png' with importer (TextureImporter)
Imported 'GUID: a6fd0c627f5aa48fa81512221e70a11e' -> (Import Result ID: '0157772bba1c536676316de546ca4ae9') in 0.002 seconds [static and dynamic dependencies]. Details - ImportResultOutputID=1ac34cf13c7d3bda5d5de05fc3864b90 DependenciesID=e2966e16d5b9a3b1067d8f4cb4c1400b StaticDependenciesID=586b18a87b4fe6d9e1290b552ddc757c 
Importing 'GUID: b642c6bf23e624e23ad11b3e1d471932 - Path: Packages/com.unity.ai.navigation/Gizmos/NavMeshModifier Icon.png' with importer (TextureImporter)
Imported 'GUID: b642c6bf23e624e23ad11b3e1d471932' -> (Import Result ID: '236df83ef33ff228e34fb5a12b9c615a') in 0.004 seconds [static and dynamic dependencies]. Details - ImportResultOutputID=938422ed360452ee03d8c07a145c40c8 DependenciesID=7df2f04b817456eabf01edd2d6995eeb StaticDependenciesID=9b0b3128a195bc417a2f0183914e4aee 
Importing 'GUID: b6073d723b6ef3f429aa7e1d0f3db44f - Path: Packages/com.unity.collab-proxy/Editor/Assets/Images/iconlockedlocaloverlay.png' with importer (TextureImporter)
Imported 'GUID: b6073d723b6ef3f429aa7e1d0f3db44f' -> (Import Result ID: '377adcb63c78171a8e232f623eada005') in 0.002 seconds [static and dynamic dependencies]. Details - ImportResultOutputID=930bc61e27f261497425056c08035c47 DependenciesID=0637956d794f418e64a40b0f710f92ad StaticDependenciesID=0a5c123845adb738fdd531bb17a62d56 
Importing 'GUID: b6f88350c63b24a4abdb197bf2e86d7a - Path: Packages/com.unity.collab-proxy/Editor/Assets/Images/d_buttonhome@2x.png' with importer (TextureImporter)
Imported 'GUID: b6f88350c63b24a4abdb197bf2e86d7a' -> (Import Result ID: 'afc94d8f54969e1d1ea14f050da1ecc6') in 0.003 seconds [static and dynamic dependencies]. Details - ImportResultOutputID=5aa46205282c4bea6c05a7a4b7e8370c DependenciesID=dfd8774f5abbfdf98de8138268fa9a69 StaticDependenciesID=8a0a55e4eff72fb7d098d642c958dc2d 
Importing 'GUID: b6e9dc9aad5843748a0124b8925c3743 - Path: Packages/com.unity.timeline/Editor/StyleSheets/Images/LightSkin/TimelineMarkerItemSelected.png' with importer (TextureImporter)
Imported 'GUID: b6e9dc9aad5843748a0124b8925c3743' -> (Import Result ID: 'c297712517ea13032c8587a9a5442421') in 0.002 seconds [static and dynamic dependencies]. Details - ImportResultOutputID=2c803bfae4aae7e432383ba510210b9b DependenciesID=c8f2275e5f894e15e116cc4dc962a527 StaticDependenciesID=f36435059a5b91f21688e500a5eb56ac 
Importing 'GUID: c6a0c6226c05f954fa6cd03aebb4d255 - Path: Packages/com.unity.timeline/Editor/StyleSheets/Images/Icons/TrackRecordButtonEnabled.png' with importer (TextureImporter)
Imported 'GUID: c6a0c6226c05f954fa6cd03aebb4d255' -> (Import Result ID: 'f358fdcdcbec25a258552e89a4205076') in 0.002 seconds [static and dynamic dependencies]. Details - ImportResultOutputID=6eb65d57c53dc85aba672d09d2cc75f3 DependenciesID=af72c7453b84abf3dcaccfc12661c0ce StaticDependenciesID=e4ac18abd744d77b3d7c0c0281a11859 
Importing 'GUID: c6b1bcaa3f4767141acd747384dbb276 - Path: Packages/com.unity.collab-proxy/Editor/Assets/Images/loading.png' with importer (TextureImporter)
Imported 'GUID: c6b1bcaa3f4767141acd747384dbb276' -> (Import Result ID: '1ce03ccf803fde299ebbdec69402d295') in 0.002 seconds [static and dynamic dependencies]. Details - ImportResultOutputID=bda7d31a62c255cdfa8a30a344758678 DependenciesID=00b392d74eb9582c2f701bb87a4b4bbc StaticDependenciesID=ed6a2bce5525daff7f88977a3de44f7a 
Importing 'GUID: c677bcd9111fb4514aa1a56844e9006f - Path: Packages/com.unity.collab-proxy/Editor/Assets/Images/iconincomingchangesview.png' with importer (TextureImporter)
Imported 'GUID: c677bcd9111fb4514aa1a56844e9006f' -> (Import Result ID: 'a58e6e09f24548abad82bee819749f2f') in 0.002 seconds [static and dynamic dependencies]. Details - ImportResultOutputID=1b5ec49cecdf20d5a51b9e1cdab227d1 DependenciesID=4546f4c9510c3292f09010b639c9c100 StaticDependenciesID=d491666092e67feb60d03fe1a15ac199 
Importing 'GUID: d63245ece6d8f476c8c7ca24da9937f6 - Path: Packages/com.unity.multiplayer.center/Editor/MultiplayerCenterWindow/UI/Icons/DistributedAuthority.png' with importer (TextureImporter)
Imported 'GUID: d63245ece6d8f476c8c7ca24da9937f6' -> (Import Result ID: 'f4b3911859cbfeb5489b09c2236beada') in 0.002 seconds [static and dynamic dependencies]. Details - ImportResultOutputID=257c8defb0b7e0a7070ad0137989ed66 DependenciesID=beb44f0a2f364b39bb6d04733f5cff79 StaticDependenciesID=bcb65d4302816f1f111d2ba1a0d06eb9 
Importing 'GUID: d616c78aaf225437199c9ac8c4f2197b - Path: Packages/com.unity.collab-proxy/Editor/Assets/Images/d_exclusionrule.png' with importer (TextureImporter)
Imported 'GUID: d616c78aaf225437199c9ac8c4f2197b' -> (Import Result ID: 'cb16a1e412a9cb773a7436f51caa4c85') in 0.002 seconds [static and dynamic dependencies]. Details - ImportResultOutputID=49976564b3b248c675a18e2e05099d52 DependenciesID=43dd5a71159f9791275acbad35fca322 StaticDependenciesID=b7c2573c76321499dc86c3e46141644a 
Importing 'GUID: d69b2503b822f4c3a95386e4bc0c8668 - Path: Packages/com.unity.collab-proxy/Editor/Assets/Images/iconprivateoverlay.png' with importer (TextureImporter)
Imported 'GUID: d69b2503b822f4c3a95386e4bc0c8668' -> (Import Result ID: 'b28dee4e2891391b6839e4cae1b77b01') in 0.002 seconds [static and dynamic dependencies]. Details - ImportResultOutputID=8ffb9b83f3c7449add42d99721dcaa56 DependenciesID=07551f61f45913dcde5a9eefb1acf05d StaticDependenciesID=51e0c821db14e1751d6e8e3641506598 
Importing 'GUID: d63fb8a8a3f06407e8e712a29a3499c0 - Path: Packages/com.unity.collab-proxy/Editor/Assets/Images/iconmovedoverlay.png' with importer (TextureImporter)
Imported 'GUID: d63fb8a8a3f06407e8e712a29a3499c0' -> (Import Result ID: 'f5e4930412cb31f0c89f01d54d0798b6') in 0.002 seconds [static and dynamic dependencies]. Details - ImportResultOutputID=7aa2975ce496bd87f48f7ac185bb945b DependenciesID=80661fb5f580cfd908717251a3f74b4e StaticDependenciesID=74b7e979b6420e68348dffa1050eb765 
Importing 'GUID: e64bde76852ee8247b40b50ef8880632 - Path: Packages/com.unity.collab-proxy/Editor/Assets/Images/d_iconplasticnotifypendingchanges.png' with importer (TextureImporter)
Imported 'GUID: e64bde76852ee8247b40b50ef8880632' -> (Import Result ID: 'a154144ba675808b5326d1a0c2ca90c1') in 0.002 seconds [static and dynamic dependencies]. Details - ImportResultOutputID=3b716170e21cc3fc962c8750ef0323cd DependenciesID=231a5363e29db707e846f0423ac9fa05 StaticDependenciesID=e62f42edbcf046bc43507192f70e2c70 
Importing 'GUID: f6717d61970edba4686c297677881a77 - Path: Packages/com.unity.timeline/Editor/StyleSheets/Images/LightSkin/TimelineAutokey_active@2x.png' with importer (TextureImporter)
Imported 'GUID: f6717d61970edba4686c297677881a77' -> (Import Result ID: '0beaa919b7e17bcaada706fa568b8f74') in 0.002 seconds [static and dynamic dependencies]. Details - ImportResultOutputID=68dcdf4c59dd72873acefdff18b50e3d DependenciesID=bcdb7e37d7a83226d323f8f92c3e8eba StaticDependenciesID=19bd8a5706b53f82a0de6f1204f809ba 
Importing 'GUID: f625c371407cd41789c91b6fedaae9e1 - Path: Packages/com.unity.collab-proxy/Editor/Assets/Images/RGBARed.png' with importer (TextureImporter)
Imported 'GUID: f625c371407cd41789c91b6fedaae9e1' -> (Import Result ID: 'aab5549e12cb5f801a0d31033dedcc7b') in 0.002 seconds [static and dynamic dependencies]. Details - ImportResultOutputID=147f8cd81265393983e2767a729a5a81 DependenciesID=14600d2a1c79ac7d863f8ffa4c14b78d StaticDependenciesID=eae5a7808e7d7a84f1dfd245494e662f 
Importing 'GUID: f6ea7eb320af940f6ade67ef3befef89 - Path: Packages/com.unity.collab-proxy/Editor/Assets/Images/d_iconincomingchangesview.png' with importer (TextureImporter)
Imported 'GUID: f6ea7eb320af940f6ade67ef3befef89' -> (Import Result ID: '9baa5e94f8320cf8aa04233b584a05d3') in 0.002 seconds [static and dynamic dependencies]. Details - ImportResultOutputID=8aed3d745aea1ad3ee78f095f5d4a637 DependenciesID=1e04337e16bc0d11fd64ee8961f02dcb StaticDependenciesID=d2d0c2d775d35dd4a4e8f5e9f6a1081e 
Importing 'GUID: 0727168a534af3641a8e744834225825 - Path: Packages/com.unity.collab-proxy/Editor/Assets/Images/iconzoomout.png' with importer (TextureImporter)
Imported 'GUID: 0727168a534af3641a8e744834225825' -> (Import Result ID: 'ed80bd4b2d87e32e2d6dc918cabf282d') in 0.003 seconds [static and dynamic dependencies]. Details - ImportResultOutputID=dc5253bb7013e7109d50c42adae30312 DependenciesID=736bc62383ad288831948f9e753b4dc3 StaticDependenciesID=91a2a03eb6f8a4e6f416209bde1a2598 
Importing 'GUID: 074c5a73ef68b42feb9b39c318715bc8 - Path: Packages/com.unity.collab-proxy/Editor/Assets/Images/d_RGBAAll.png' with importer (TextureImporter)
Imported 'GUID: 074c5a73ef68b42feb9b39c318715bc8' -> (Import Result ID: 'c232d3c284b2344f49682528b203391f') in 0.002 seconds [static and dynamic dependencies]. Details - ImportResultOutputID=ba2b9b867c4d1387d34fe3db79752424 DependenciesID=af59289ddeea4656e35438053862be5b StaticDependenciesID=04719e683409e94ef568626ba0a02b92 
Importing 'GUID: 079f562959995344baea4cd40a9ecea6 - Path: Packages/com.unity.collab-proxy/Editor/Assets/Images/d_iconignoredoverlay@2x.png' with importer (TextureImporter)
Imported 'GUID: 079f562959995344baea4cd40a9ecea6' -> (Import Result ID: '1973824e0b2e6857529e0853f1bcbbfe') in 0.002 seconds [static and dynamic dependencies]. Details - ImportResultOutputID=2a98151533db9f8dba96469c97c0e673 DependenciesID=d998800eef7c8c930b87a800eb956bb8 StaticDependenciesID=09d5f353fdd8d3e8d6f4d44a94ff3827 
Importing 'GUID: 277242a6729244ec1915c31e00f364a3 - Path: Packages/com.unity.collab-proxy/Editor/Assets/Images/d_iconprev.png' with importer (TextureImporter)
Imported 'GUID: 277242a6729244ec1915c31e00f364a3' -> (Import Result ID: '559d66630626c8e955756f01c6842192') in 0.002 seconds [static and dynamic dependencies]. Details - ImportResultOutputID=4cb2d8b836741939abdb612caffe82f5 DependenciesID=5f182b6271ac51d64331a9b4a3f9ae7e StaticDependenciesID=49f2f744f4f66a705810f7034b205d17 
Importing 'GUID: 3728580c149181a44b359e89f6edacae - Path: Packages/com.unity.collab-proxy/Editor/Assets/Images/iconoutofsyncoverlay@2x.png' with importer (TextureImporter)
Imported 'GUID: 3728580c149181a44b359e89f6edacae' -> (Import Result ID: 'c9ca0ff91d271ac0f7682ecaea7f0b31') in 0.002 seconds [static and dynamic dependencies]. Details - ImportResultOutputID=d387f017458479c4e816d5caac42ddd5 DependenciesID=ca71774957b9182ce60811dbba794e72 StaticDependenciesID=978e3a90a57966f0fc316af7c91759fc 
Importing 'GUID: 478e7a694cd244ed5a85d1ed919f305c - Path: Packages/com.unity.collab-proxy/Editor/Assets/Images/RGBAAll@2x.png' with importer (TextureImporter)
Imported 'GUID: 478e7a694cd244ed5a85d1ed919f305c' -> (Import Result ID: '8be303e0320092528539b5c47cae44ec') in 0.002 seconds [static and dynamic dependencies]. Details - ImportResultOutputID=b238345c12c46038c736c225bbaa26fa DependenciesID=eb2df20a381ba4477bb40f56fa74f446 StaticDependenciesID=0e9be3d2cc042d57edee9a8e90834bdf 
Importing 'GUID: 5787fe7d2b4da4b75a337e07cb5e1062 - Path: Packages/com.unity.collab-proxy/Editor/Assets/Images/d_iconoriginalsize.png' with importer (TextureImporter)
Imported 'GUID: 5787fe7d2b4da4b75a337e07cb5e1062' -> (Import Result ID: '645dab8259c9207bbfb1ab181730c0b2') in 0.002 seconds [static and dynamic dependencies]. Details - ImportResultOutputID=38fb6f4ae5b49c818908be42526c3409 DependenciesID=c7ccc52b53fcdc1e7f0cb00c3278f1ef StaticDependenciesID=5ca97f4842d51409f8d760b2e75bc2bb 
Importing 'GUID: 67e680da36c60e245ab0176daa656da5 - Path: Packages/com.unity.collab-proxy/Editor/Assets/Images/iconpackageupdateavailable@2x.png' with importer (TextureImporter)
Imported 'GUID: 67e680da36c60e245ab0176daa656da5' -> (Import Result ID: 'ef097b3164ce66d68baed8cbc6aa25f1') in 0.002 seconds [static and dynamic dependencies]. Details - ImportResultOutputID=b52f19cfe0cf714dacfc1d2cd26eea2f DependenciesID=549c1a87fd9d2fd0a27cc19c47d5f40a StaticDependenciesID=0ee4a087d5eded06238a2cc8755d77e7 
Importing 'GUID: 67a774c4384aa6c488128e2851b18ced - Path: Packages/com.unity.timeline/Editor/StyleSheets/Images/Icons/d_TimelineEditModeRippleON.png' with importer (TextureImporter)
Imported 'GUID: 67a774c4384aa6c488128e2851b18ced' -> (Import Result ID: '966c3a8c6dbfe966462851b8f8e96714') in 0.002 seconds [static and dynamic dependencies]. Details - ImportResultOutputID=bd41fffcda74448316de7a62f47489ab DependenciesID=c2b1f8b9a885941856641cdc119e66a9 StaticDependenciesID=545f4dcf23d514b04958c4d7c688a51b 
Importing 'GUID: 6768dd39d3740af429fb2d88f53390c2 - Path: Packages/com.unity.collab-proxy/Editor/Assets/Images/d_iconignoredoverlay.png' with importer (TextureImporter)
Imported 'GUID: 6768dd39d3740af429fb2d88f53390c2' -> (Import Result ID: '2860536c898c3f541d5a941db0e0143f') in 0.002 seconds [static and dynamic dependencies]. Details - ImportResultOutputID=d2cc72a0f895fa0dbb8758465aa36dce DependenciesID=bb4ef4376bb3d4aac100f772c6fd5b5a StaticDependenciesID=531c2c216cd1a3348032d910b9083955 
Importing 'GUID: 77d926c9a4ddcc940b8c000b45cbfb35 - Path: Packages/com.unity.timeline/Editor/StyleSheets/Images/Icons/d_TrackMarkerButtonDisabled@2x.png' with importer (TextureImporter)
Imported 'GUID: 77d926c9a4ddcc940b8c000b45cbfb35' -> (Import Result ID: '8ecd0510a4da77e7fa1f5fb42493db32') in 0.002 seconds [static and dynamic dependencies]. Details - ImportResultOutputID=52972329010128f65aca91625aee5d5b DependenciesID=f218c7b6cfa66581fe730f1467a3a24b StaticDependenciesID=283dacd6f76f72df26ce52056f978097 
Importing 'GUID: 77be953cf28de42a4ad8532539fef3f5 - Path: Packages/com.unity.multiplayer.center/Editor/MultiplayerCenterWindow/UI/Icons/d_PackageInstalled.png' with importer (TextureImporter)
Imported 'GUID: 77be953cf28de42a4ad8532539fef3f5' -> (Import Result ID: 'a40dfa653f02b33f86ab5428fcbf4ebd') in 0.002 seconds [static and dynamic dependencies]. Details - ImportResultOutputID=9b38c2c5aa132a1e34c607989ed89518 DependenciesID=3a6440043d54dbd49fd5a53d4de29eb1 StaticDependenciesID=d3accdadb0388d02b22e0e220a7c0485 
Importing 'GUID: 87480bc179519ff4da25283c61c2573b - Path: Packages/com.unity.collab-proxy/Editor/Assets/Images/iconbrex.png' with importer (TextureImporter)
Imported 'GUID: 87480bc179519ff4da25283c61c2573b' -> (Import Result ID: '7380a4431c2fd5400e6ef9e0755edbcd') in 0.002 seconds [static and dynamic dependencies]. Details - ImportResultOutputID=e0f489b2058c8d672b108eca9c4ce8af DependenciesID=cf5db3006d7068b4600247a511984da4 StaticDependenciesID=a690c8981bc2a13cdca3451f0e8efb86 
Importing 'GUID: 874d8401331ede14087e8d8d486ddda6 - Path: Packages/com.unity.collab-proxy/Editor/Assets/Images/d_iconbranches@2x.png' with importer (TextureImporter)
Imported 'GUID: 874d8401331ede14087e8d8d486ddda6' -> (Import Result ID: 'b684342d586872d89449e770d12d50a3') in 0.002 seconds [static and dynamic dependencies]. Details - ImportResultOutputID=430b0d4db02c04acffd19666aa80947f DependenciesID=d9b475eed1d392af48ffc19f96fc65dc StaticDependenciesID=9b21195f918b7f77ab7dc1a31e9cc0d1 
Importing 'GUID: 97a4e2b6ae08b1140a5ba9e22953e029 - Path: Packages/com.unity.collab-proxy/Editor/Assets/Images/iconplasticview@2x.png' with importer (TextureImporter)
Imported 'GUID: 97a4e2b6ae08b1140a5ba9e22953e029' -> (Import Result ID: 'ac792e22ffebc1afce9a63020a62c4c4') in 0.002 seconds [static and dynamic dependencies]. Details - ImportResultOutputID=1ce2add8c29ef67a6b4ef098d359ea2a DependenciesID=57286fe0aff5c3f52950f5d3782c9183 StaticDependenciesID=bdb0e90271ec41cabd102462849863cf 
Importing 'GUID: a7a968b204ed77c4ba90be3ef3ee8551 - Path: Packages/com.unity.timeline/Editor/StyleSheets/Images/LightSkin/TimelineIconClipOut.png' with importer (TextureImporter)
Imported 'GUID: a7a968b204ed77c4ba90be3ef3ee8551' -> (Import Result ID: '623c7e62bb863b0fed28fbad09972ae9') in 0.002 seconds [static and dynamic dependencies]. Details - ImportResultOutputID=ffffa027fb8536b46cbf126d402c2c63 DependenciesID=96be18f8310fda7d3fc89f22f7106748 StaticDependenciesID=5706b21eb1806add438856e4af448d13 
Importing 'GUID: a7ec9e7ad8b847b7ae4510af83c5d868 - Path: Packages/com.unity.ugui/Editor Resources/Gizmos/TMP - Dropdown Icon.psd' with importer (TextureImporter)
Imported 'GUID: a7ec9e7ad8b847b7ae4510af83c5d868' -> (Import Result ID: '8ecd523bdc9a88b12cd3923f95a13eb5') in 0.002 seconds [static and dynamic dependencies]. Details - ImportResultOutputID=1d092266e479a9389aa88f9e8c354cc3 DependenciesID=2cb844105627d057fa0c4a7ba8637425 StaticDependenciesID=d25cf6ffe4de545aadba23a2f6cf5bef 
Importing 'GUID: b76c20add7d3d4f79afcbafeaa12e974 - Path: Packages/com.unity.collab-proxy/Editor/Assets/Images/d_iconchangesets@2x.png' with importer (TextureImporter)
Imported 'GUID: b76c20add7d3d4f79afcbafeaa12e974' -> (Import Result ID: 'eb6e55d084b88578a97607d0f4c5f271') in 0.002 seconds [static and dynamic dependencies]. Details - ImportResultOutputID=e42f7fa8356452ffce5d102449ccb69f DependenciesID=3265117326a6f00bff33ebd12359ba86 StaticDependenciesID=1d243b7c57642b3eba468beb89a52cc1 
Importing 'GUID: c7a38e6eccbfc49778cb8b77f594a971 - Path: Packages/com.unity.multiplayer.center/Editor/MultiplayerCenterWindow/UI/Icons/ClientHosted@2x.png' with importer (TextureImporter)
Imported 'GUID: c7a38e6eccbfc49778cb8b77f594a971' -> (Import Result ID: 'b8f7d7fbb22de4b9b1116e9bcde0980e') in 0.002 seconds [static and dynamic dependencies]. Details - ImportResultOutputID=fe7390e5e69e97bcd7927f2223d1de5c DependenciesID=a5d9727431b388fde831d044523c60bb StaticDependenciesID=b2937672691d4dddc4bb1ea0cd313a42 
Importing 'GUID: c76700ea0062413d9f69409b4e9e151b - Path: Packages/com.unity.ugui/Editor Resources/Textures/btn_AlignCenterGeo.psd' with importer (TextureImporter)
Imported 'GUID: c76700ea0062413d9f69409b4e9e151b' -> (Import Result ID: 'b1578b6e679957dff7f9051c3063a9e8') in 0.002 seconds [static and dynamic dependencies]. Details - ImportResultOutputID=551b6c6a1f8fb74a993ae63fd522f76e DependenciesID=e92e33bbb65eeab36826fb08ad743777 StaticDependenciesID=512342258a9094da98cf6d47a54e2f89 
Importing 'GUID: c7bee029a895b44cfb249d7cd63d13af - Path: Packages/com.unity.collab-proxy/Editor/Assets/Images/iconmovedoverlay@2x.png' with importer (TextureImporter)
Imported 'GUID: c7bee029a895b44cfb249d7cd63d13af' -> (Import Result ID: 'd9d351638d0b4ed2d5eddbbac5f44987') in 0.002 seconds [static and dynamic dependencies]. Details - ImportResultOutputID=0f73f12f3cef66daf150642345671243 DependenciesID=5857f6d88ea68db0c10f61a522383847 StaticDependenciesID=293490622fc048ca9e7227be3bea3d3e 
Importing 'GUID: c7df1e797b21c774f9b859d17f674737 - Path: Packages/com.unity.timeline/Editor/StyleSheets/Images/LightSkin/TimelineLoop.png' with importer (TextureImporter)
Imported 'GUID: c7df1e797b21c774f9b859d17f674737' -> (Import Result ID: 'c6f713cd5701234e083ff99e12dded80') in 0.002 seconds [static and dynamic dependencies]. Details - ImportResultOutputID=6f03198f12d154e3a19b4b05dc0d0a4c DependenciesID=8d122516d6813b47bd090983f743f385 StaticDependenciesID=6e6deba051a4f589d856b271228f0110 
Importing 'GUID: d7711b0cc806d430b8a95f1e33ec3649 - Path: Packages/com.unity.multiplayer.center/Editor/MultiplayerCenterWindow/UI/Icons/CustomNetcode@2x.png' with importer (TextureImporter)
Imported 'GUID: d7711b0cc806d430b8a95f1e33ec3649' -> (Import Result ID: '56bc03c55de6f0869d565f5415cee87a') in 0.002 seconds [static and dynamic dependencies]. Details - ImportResultOutputID=2ec49c82117ecd3fcf45355fc0ec216d DependenciesID=ddf19a77ee05977b5215476f36ef3892 StaticDependenciesID=284de3c6e046f978e272fa2922a3a7ac 
Importing 'GUID: d7094718bdac022428dd29244922d06b - Path: Packages/com.unity.collab-proxy/Editor/Assets/Images/iconoutofsync@2x.png' with importer (TextureImporter)
Imported 'GUID: d7094718bdac022428dd29244922d06b' -> (Import Result ID: 'c1089e8afdaf165e5f3d4e6c3bf96875') in 0.001 seconds [static and dynamic dependencies]. Details - ImportResultOutputID=f698ba2be768cd986dbd4daff33c4270 DependenciesID=60dcbc1e90b1e490b9cc55d1a924fa05 StaticDependenciesID=7bc0821bcd1a9a452ae3849ca31ff2ff 
Importing 'GUID: e73eb87336d0d0846a48f288248f52eb - Path: Packages/com.unity.collab-proxy/Editor/Assets/Images/iconretainedoverlay.png' with importer (TextureImporter)
Imported 'GUID: e73eb87336d0d0846a48f288248f52eb' -> (Import Result ID: 'f9deb4bfb51db60dc98cb68d8fa22ee4') in 0.002 seconds [static and dynamic dependencies]. Details - ImportResultOutputID=63484a33b243f3b8629c4b602e5f3971 DependenciesID=00fc3566835775c716afc72367eca67d StaticDependenciesID=faba1f92363f7a9a85df33211d6f7956 
Importing 'GUID: f7a3e2b3beab29040bc1a68f0ad0045c - Path: Packages/com.unity.ai.navigation/EditorResources/Overlay/NavigationOverlay On@32.png' with importer (TextureImporter)
Imported 'GUID: f7a3e2b3beab29040bc1a68f0ad0045c' -> (Import Result ID: '8cd69bceefc5e1a91a37921e6d0a2562') in 0.002 seconds [static and dynamic dependencies]. Details - ImportResultOutputID=232936b1f7c3f991bc94aa24c0a71a9f DependenciesID=d2d53e64ac9131d955f8151eb4ae26b9 StaticDependenciesID=6992ab0b47f75219616940f05bd5850e 
Importing 'GUID: f747f9cdf03f2ff418fe728a77e8cbef - Path: Packages/com.unity.timeline/Editor/StyleSheets/Images/DarkSkin/TimelineContinue.png' with importer (TextureImporter)
Imported 'GUID: f747f9cdf03f2ff418fe728a77e8cbef' -> (Import Result ID: '14009ce09db8fc88ef960933c4c4ee34') in 0.002 seconds [static and dynamic dependencies]. Details - ImportResultOutputID=fc0d16734a6a3d9c529941d59e6ced4b DependenciesID=471018479a46feb9a7238e3d9ba3f442 StaticDependenciesID=690ef1ea1924792269a275c65977fed8 
Importing 'GUID: f73a7d8758d7be04588b15637d94b5a8 - Path: Packages/com.unity.collab-proxy/Editor/Assets/Images/iconlockedremoteoverlay@2x.png' with importer (TextureImporter)
Imported 'GUID: f73a7d8758d7be04588b15637d94b5a8' -> (Import Result ID: '24bdf86eadafb43c36379baa318a86c8') in 0.002 seconds [static and dynamic dependencies]. Details - ImportResultOutputID=b7d55e1776059448c5bb063d01a714f1 DependenciesID=c68baa4f140ab4823a0e61f423b87008 StaticDependenciesID=e8abe54a707febf12da797da58a5cfad 
Importing 'GUID: f7adc828ed70a485db62c459bdf09525 - Path: Packages/com.unity.collab-proxy/Editor/Assets/Images/d_iconlock.png' with importer (TextureImporter)
Imported 'GUID: f7adc828ed70a485db62c459bdf09525' -> (Import Result ID: 'b3931426b40f9455cce89e30b59e11d5') in 0.002 seconds [static and dynamic dependencies]. Details - ImportResultOutputID=a6d9f1fb91dd69460d26efcaeafe1d9e DependenciesID=84f5190ba20928a0c0da7545a6e8d16e StaticDependenciesID=c2db70b768c76aa4fc6f5ccafe236344 
Importing 'GUID: 08c1bc2a008284ed6987b801a480e64a - Path: Packages/com.unity.collab-proxy/Editor/Assets/Images/iconhistory@2x.png' with importer (TextureImporter)
Imported 'GUID: 08c1bc2a008284ed6987b801a480e64a' -> (Import Result ID: 'c9c85f8d4f8b0e8e4d05ad851fe73218') in 0.003 seconds [static and dynamic dependencies]. Details - ImportResultOutputID=80d082fa74ace8c5e0bccd2897d1ddf6 DependenciesID=0f079da5d083704eb2188079b4ab0e31 StaticDependenciesID=9262b428bb224be2c9d85c422d1c766f 
Importing 'GUID: 1844d3d99090a0b43b60a5f1ff821467 - Path: Packages/com.unity.collab-proxy/Editor/Assets/Images/iconlockretained@2x.png' with importer (TextureImporter)
Imported 'GUID: 1844d3d99090a0b43b60a5f1ff821467' -> (Import Result ID: '1cff486c8529898caac9ba9dceef4f13') in 0.002 seconds [static and dynamic dependencies]. Details - ImportResultOutputID=553da0add2a1fb67f49d4b42ae77ce64 DependenciesID=b7c39995b632d651366ffecd00fe61a1 StaticDependenciesID=1ad321de561023254d8e5169e508cc9a 
Importing 'GUID: 18775b51e3bd42299fd30bd036ea982f - Path: Packages/com.unity.ugui/Editor Resources/Textures/btn_AlignBaseLine_Light.psd' with importer (TextureImporter)
Imported 'GUID: 18775b51e3bd42299fd30bd036ea982f' -> (Import Result ID: 'b1c27b6c429b316cef71400661d993e2') in 0.002 seconds [static and dynamic dependencies]. Details - ImportResultOutputID=f6e8f49cf8d94c721f3f402fb9b527a4 DependenciesID=b4ef3a77fe4eadd52e2a4847701eae35 StaticDependenciesID=be23cbe8287b5be74c6e89b19ec95c1e 
Importing 'GUID: 183f7b7549219ab47becb461a16df882 - Path: Packages/com.unity.timeline/Editor/StyleSheets/Images/DarkSkin/TimelineAutokey_active@2x.png' with importer (TextureImporter)
Imported 'GUID: 183f7b7549219ab47becb461a16df882' -> (Import Result ID: 'a595460fa447ae6d4c9b3bc15b447807') in 0.002 seconds [static and dynamic dependencies]. Details - ImportResultOutputID=d6f742a0fde171f182bfc9a47278f7c6 DependenciesID=b90b52f17df66e085f0484744deb5b0b StaticDependenciesID=1f87c2d89b3c5a79f1eeb0b799ded468 
Importing 'GUID: 2887294cc7f1fe840bff6e349409648d - Path: Packages/com.unity.timeline/Editor/StyleSheets/Images/LightSkin/TimelineActivation.png' with importer (TextureImporter)
Imported 'GUID: 2887294cc7f1fe840bff6e349409648d' -> (Import Result ID: '773589e1a305612274ac9a0f2d2b86f6') in 0.001 seconds [static and dynamic dependencies]. Details - ImportResultOutputID=7ba7adddd3c9b0948a02374aaccea2ba DependenciesID=b502db440b501f633761be5258978900 StaticDependenciesID=09df958d18061b72f8760a0f8a15cf26 
Importing 'GUID: 28080b664b5d94db885a04224cf2967c - Path: Packages/com.unity.collab-proxy/Editor/Assets/Images/iconoriginalsize@2x.png' with importer (TextureImporter)
Imported 'GUID: 28080b664b5d94db885a04224cf2967c' -> (Import Result ID: 'dea433b74096cb164ac74822781c4c19') in 0.003 seconds [static and dynamic dependencies]. Details - ImportResultOutputID=c8753ebd6d1f7cd558bac82fcfe44e32 DependenciesID=31662ede2a787a5a24b48379ec8192eb StaticDependenciesID=42a05f7bdc0b4d52f0078170f590d0ef 
Importing 'GUID: 38236a82ff44aaa4b972248479d5f970 - Path: Packages/com.unity.collab-proxy/Editor/Assets/Images/d_step1.png' with importer (TextureImporter)
Imported 'GUID: 38236a82ff44aaa4b972248479d5f970' -> (Import Result ID: '4effc4d783107e39e1d4e688a609164d') in 0.002 seconds [static and dynamic dependencies]. Details - ImportResultOutputID=af28e81ebf38ca76bdfdbb29632323a4 DependenciesID=70c1ca81ae868f4a5c2cf22cc76fec9b StaticDependenciesID=c76f5f46208984c827182f9a1802f511 
Importing 'GUID: 38b78df4a34c94fa6a52c90239606ff1 - Path: Packages/com.unity.multiplayer.center/Editor/MultiplayerCenterWindow/UI/Icons/DedicatedServer@2x.png' with importer (TextureImporter)
Imported 'GUID: 38b78df4a34c94fa6a52c90239606ff1' -> (Import Result ID: '0eceb1503993ae8651b3e3fb37f0f801') in 0.003 seconds [static and dynamic dependencies]. Details - ImportResultOutputID=c6c011c790c9453369845d5456d093a5 DependenciesID=ea910315fb8fa75d69ce8bd74b60b1d8 StaticDependenciesID=09cd638d6c3dd094bb4d19d8229f4121 
Importing 'GUID: 48d034c499ee4697af9dd6e327110249 - Path: Packages/com.unity.ugui/Editor Resources/Textures/btn_AlignTop.psd' with importer (TextureImporter)
Imported 'GUID: 48d034c499ee4697af9dd6e327110249' -> (Import Result ID: '9eaab61a729a67c45f0419af2954ed21') in 0.002 seconds [static and dynamic dependencies]. Details - ImportResultOutputID=e402445ecb5546e716f83c6868a2cf53 DependenciesID=2f8f04feca89d08de7b0c2a97f29ba22 StaticDependenciesID=6aeaa971d658fb6be4d5c017d0e783cf 
Importing 'GUID: 58f6d5934224b4bb0a67d67e45a6654b - Path: Packages/com.unity.collab-proxy/Editor/Assets/Images/iconpendingchangesview@2x.png' with importer (TextureImporter)
Imported 'GUID: 58f6d5934224b4bb0a67d67e45a6654b' -> (Import Result ID: 'e9d10f779cee138d5cf6d4e59c3eac56') in 0.002 seconds [static and dynamic dependencies]. Details - ImportResultOutputID=4429f4b9b85bf5aee2aa352cf59bdeda DependenciesID=d5370e838e6f6a1b0c37114948fd23fe StaticDependenciesID=aa278b65c1d56cd4acbd36ab9253cd98 
Importing 'GUID: 585b70cb75dd43efbfead809c30a1731 - Path: Packages/com.unity.ugui/Editor Resources/Textures/btn_AlignBottom_Light.psd' with importer (TextureImporter)
Imported 'GUID: 585b70cb75dd43efbfead809c30a1731' -> (Import Result ID: 'c5ef39eda310c1a1e2d9d05c999f336a') in 0.002 seconds [static and dynamic dependencies]. Details - ImportResultOutputID=e1e558c1a56e06bd267f31432b9d3c78 DependenciesID=58fa524ee20e9b5a4de79174d01affe5 StaticDependenciesID=9d0cd4591fe50e628a54133bb729e315 
Importing 'GUID: 68302c8c48e3cee4aad72dbbf7894781 - Path: Packages/com.unity.collab-proxy/Editor/Assets/Images/d_iconpendingchanges@2x.png' with importer (TextureImporter)
Imported 'GUID: 68302c8c48e3cee4aad72dbbf7894781' -> (Import Result ID: '462f8af9d02a26dfdf42f73807de20a3') in 0.002 seconds [static and dynamic dependencies]. Details - ImportResultOutputID=a2c7cf37f4c5989973669f8e5b04f749 DependenciesID=9e6ad5635e9ce94d74dabc31b1381a4f StaticDependenciesID=9d9955d7aeadd64ca6489d1a5fa754a7 
Importing 'GUID: 68587391d99444fd2a157ca65484dee2 - Path: Packages/com.unity.collab-proxy/Editor/Assets/Images/d_iconprev@2x.png' with importer (TextureImporter)
Imported 'GUID: 68587391d99444fd2a157ca65484dee2' -> (Import Result ID: '515aa7d075c78e7d539d3452c16e061f') in 0.002 seconds [static and dynamic dependencies]. Details - ImportResultOutputID=0feb0b8d3af02be963a36a0e5fd3a925 DependenciesID=e6bade732f09787f4c7d30ebcca54f56 StaticDependenciesID=212c79767628d699143db56fbec4388e 
Importing 'GUID: 7843fb01e5ee34be0a20027af3edab78 - Path: Packages/com.unity.collab-proxy/Editor/Assets/Images/d_iconheckmark.png' with importer (TextureImporter)
Imported 'GUID: 7843fb01e5ee34be0a20027af3edab78' -> (Import Result ID: '39b8d18cc3da7c2dd559599c0025fee3') in 0.002 seconds [static and dynamic dependencies]. Details - ImportResultOutputID=ebec334f3ccab6e9cfcf0074123a6d05 DependenciesID=8801e1a28692ab2291b589b3fcb21e81 StaticDependenciesID=ee52ee854bf9d395ebdd535cacbbc3d0 
Importing 'GUID: 78de972b7bcb2424e8560a8c310a6d10 - Path: Packages/com.unity.collab-proxy/Editor/Assets/Images/d_exclusionrule@2x.png' with importer (TextureImporter)
Imported 'GUID: 78de972b7bcb2424e8560a8c310a6d10' -> (Import Result ID: '68272fff1abc355185310bd6ec2c5845') in 0.003 seconds [static and dynamic dependencies]. Details - ImportResultOutputID=d973b7b8b7ece87c376c615c146e92dd DependenciesID=937795dc54af52abaa3fd4465875d388 StaticDependenciesID=217fe1c42df09f4ab5f60a6d944178c0 
Importing 'GUID: 88d697f38121de443ba144702e5122d9 - Path: Packages/com.unity.timeline/Editor/StyleSheets/Images/LightSkin/TimelinePingPong.png' with importer (TextureImporter)
Imported 'GUID: 88d697f38121de443ba144702e5122d9' -> (Import Result ID: '25a2a4fc850f45432d0ac5a7922c51ca') in 0.001 seconds [static and dynamic dependencies]. Details - ImportResultOutputID=b064c36294ddda17b7fa75316f4368f2 DependenciesID=edc7ad2fa2fccb949ac23abb8855fd22 StaticDependenciesID=cf332d4313ebef3aa22093dd50eb212b 
Importing 'GUID: 881798b77426a8f47b533dcc4767e9e5 - Path: Packages/com.unity.collab-proxy/Editor/Assets/Images/d_iconconflicted.png' with importer (TextureImporter)
Imported 'GUID: 881798b77426a8f47b533dcc4767e9e5' -> (Import Result ID: '913008f23eecb4f635a070cc2bcf16d1') in 0.002 seconds [static and dynamic dependencies]. Details - ImportResultOutputID=49d9b1872063b74281712eca913c6e3e DependenciesID=1debbfd720ceee6513d81ec758a659a8 StaticDependenciesID=8292866646ecb0ee4f36cd5662411737 
Importing 'GUID: 98773313eabe35543bfdbf542ccea271 - Path: Packages/com.unity.collab-proxy/Editor/Assets/Images/iconundo.png' with importer (TextureImporter)
Imported 'GUID: 98773313eabe35543bfdbf542ccea271' -> (Import Result ID: '059ff521b873efc349807f2c5bad17d3') in 0.001 seconds [static and dynamic dependencies]. Details - ImportResultOutputID=3c3aba0d817a5e0fdb3aa8e9f89813fd DependenciesID=de368f67131665d0ee3c467dcec0938d StaticDependenciesID=4a0d8dd5b761b1442e637b96b6a908ab 
Importing 'GUID: 981b1c6358520f245a69c070270eca96 - Path: Packages/com.unity.collab-proxy/Editor/Assets/Images/iconbranch.png' with importer (TextureImporter)
Imported 'GUID: 981b1c6358520f245a69c070270eca96' -> (Import Result ID: '2bcf1f2518f0c28d40ce4fc1fea7439a') in 0.002 seconds [static and dynamic dependencies]. Details - ImportResultOutputID=9ac8134e79e739c85b7b783e9f61c6eb DependenciesID=d10017ff3e9d4f7e12154c0cfa8516dd StaticDependenciesID=f2ba87299e2cdb73402a770f699ea11f 
Importing 'GUID: a892bcc7ae1871447926b3c44d158763 - Path: Packages/com.unity.collab-proxy/Editor/Assets/Images/d_iconconflictedoverlay.png' with importer (TextureImporter)
Imported 'GUID: a892bcc7ae1871447926b3c44d158763' -> (Import Result ID: 'efd8440b65d4506a8cff7506f93a4b78') in 0.002 seconds [static and dynamic dependencies]. Details - ImportResultOutputID=f0dcdd783d45b9d8d14d77261893caf0 DependenciesID=bd1305723152c9fbefac74ab80df123d StaticDependenciesID=bf323aa928db27bc50ca97d0715a0a70 
Importing 'GUID: a82846d41464fcf4b962ebdc815963f5 - Path: Packages/com.unity.timeline/Editor/StyleSheets/Images/Icons/TimelineEditModeMixON.png' with importer (TextureImporter)
Imported 'GUID: a82846d41464fcf4b962ebdc815963f5' -> (Import Result ID: 'd04f207aabd2a44e4a726513c7e52115') in 0.002 seconds [static and dynamic dependencies]. Details - ImportResultOutputID=ca66762509600d420bbf4ee1fee0191a DependenciesID=272d7eb4cd8c1415e1ad788265678eed StaticDependenciesID=49890c1b36f695f4d319560324cbfe82 
Importing 'GUID: a88fa20ed164bbe4da6bf533f94a3113 - Path: Packages/com.unity.timeline/Editor/StyleSheets/Images/LightSkin/TimelineSignalCollapsed.png' with importer (TextureImporter)
Imported 'GUID: a88fa20ed164bbe4da6bf533f94a3113' -> (Import Result ID: '9dba899f02a482df573d68350994737a') in 0.001 seconds [static and dynamic dependencies]. Details - ImportResultOutputID=2725979d8ec6c176eef93a08cc8abd8d DependenciesID=849da6f0482459801ed6888039def0aa StaticDependenciesID=5506439b1e0b7f81ff1fac10a6b46bd5 
Importing 'GUID: b8c531b4e51e4994a81837c4e9b0d649 - Path: Packages/com.unity.timeline/Editor/StyleSheets/Images/Icons/TrackLockButtonEnabled@2x.png' with importer (TextureImporter)
Imported 'GUID: b8c531b4e51e4994a81837c4e9b0d649' -> (Import Result ID: '6a6611eebcd72469ff4736eb79935fb8') in 0.002 seconds [static and dynamic dependencies]. Details - ImportResultOutputID=59186af462433e975ab6af980c5df05d DependenciesID=b4baa14aeb0f86dd33dd6f7f435395ac StaticDependenciesID=9851956fb826cf4b1567bbcd40c39032 
Importing 'GUID: b8263c2f8ead9485180cfeaa9bde0999 - Path: Packages/com.unity.collab-proxy/Editor/Assets/Images/iconincomingchangesview@2x.png' with importer (TextureImporter)
Imported 'GUID: b8263c2f8ead9485180cfeaa9bde0999' -> (Import Result ID: 'd9ca2d241acf01891948db84116c4f88') in 0.002 seconds [static and dynamic dependencies]. Details - ImportResultOutputID=fc0736a1a1fbecb14659cb814aa2c37f DependenciesID=8a90a5a473796129ce5ab77e0a5dafcc StaticDependenciesID=bced7c754fb36fdcf5c355046e0e662e 
Importing 'GUID: b8a654e77ffbbcd4abdda7fdb70fbb9e - Path: Packages/com.unity.ai.navigation/EditorResources/Overlay/d_NavigationOverlay On@32.png' with importer (TextureImporter)
Imported 'GUID: b8a654e77ffbbcd4abdda7fdb70fbb9e' -> (Import Result ID: '1af3bd7eb45e8a35255607df9c1bc1bf') in 0.002 seconds [static and dynamic dependencies]. Details - ImportResultOutputID=1313b012ac599d528b7202e005e2da93 DependenciesID=c653a633d7fbde045f96bdae4eae092e StaticDependenciesID=80259654a047d5a45ce104d3a1a68bea 
Importing 'GUID: b85a4b2ec6433d04895612d791edc260 - Path: Packages/com.unity.collab-proxy/Editor/Assets/Images/icondeletedremote.png' with importer (TextureImporter)
Imported 'GUID: b85a4b2ec6433d04895612d791edc260' -> (Import Result ID: '7a285c1fb124cc7283be69c14881e354') in 0.002 seconds [static and dynamic dependencies]. Details - ImportResultOutputID=8851b2f0cbdcc48dbd3c397d5354c9b5 DependenciesID=b2b8946fd0a19776f926b00b2d51e5e7 StaticDependenciesID=da9281b3f51f5f6b9f7d638095175edf 
Importing 'GUID: b80d5b6acdfbc114b9efab6295fd96c1 - Path: Packages/com.unity.timeline/Editor/StyleSheets/Images/Icons/TimelineCollapseMarkerButtonDisabled.png' with importer (TextureImporter)
Imported 'GUID: b80d5b6acdfbc114b9efab6295fd96c1' -> (Import Result ID: '1a6ea1485a1c0e210eb0d158d6df0dcb') in 0.002 seconds [static and dynamic dependencies]. Details - ImportResultOutputID=ac9e26c94f3a9e900f1025bbcebdc7bd DependenciesID=56077b784f4fa28540f2f0d4aa146f32 StaticDependenciesID=fa14968fd5b7ca855b54608d1d55db93 
Importing 'GUID: c8a69ecdf54ac8e4b873466605de27ff - Path: Packages/com.unity.collab-proxy/Editor/Assets/Images/d_step1@2x.png' with importer (TextureImporter)
Imported 'GUID: c8a69ecdf54ac8e4b873466605de27ff' -> (Import Result ID: '2b96fa146c377ced2656dfaf725f4849') in 0.002 seconds [static and dynamic dependencies]. Details - ImportResultOutputID=c01e8f975cdd25189a53f52ba74f90e8 DependenciesID=16949af0a57924bc60428b36cac3b480 StaticDependenciesID=8d7f29ad2ab6cc5e24729505370f3b74 
Importing 'GUID: c8396bd7e257d6b4b8d1d72fdb7a2684 - Path: Packages/com.unity.collab-proxy/Editor/Assets/Images/iconlabel@2x.png' with importer (TextureImporter)
Imported 'GUID: c8396bd7e257d6b4b8d1d72fdb7a2684' -> (Import Result ID: '19b5f6287fb4947f4be5cfbd13efa633') in 0.002 seconds [static and dynamic dependencies]. Details - ImportResultOutputID=780a6dce901de46ef5ff53422b8e8c7e DependenciesID=9d82a14b57c3ac5b6436ccf47a4014b4 StaticDependenciesID=f5771ae0bf9bab42726555d6f931351a 
Importing 'GUID: d80583d4126ca4f74bd2c5e97e49f70d - Path: Packages/com.unity.collab-proxy/Editor/Assets/Images/iconfirst.png' with importer (TextureImporter)
Imported 'GUID: d80583d4126ca4f74bd2c5e97e49f70d' -> (Import Result ID: '8acda5a0b0772bb49cac5c43a0216a2d') in 0.002 seconds [static and dynamic dependencies]. Details - ImportResultOutputID=4c2b38de2b06d0550788482a7c049e0a DependenciesID=c475ab926279f73a0de330cfc7823400 StaticDependenciesID=78e26a26548a111c8ec5e3bc4ab47522 
Importing 'GUID: d83d26a46db2b504fbcfa6f2aae590b6 - Path: Packages/com.unity.collab-proxy/Editor/Assets/Images/d_iconretainedoverlay.png' with importer (TextureImporter)
Imported 'GUID: d83d26a46db2b504fbcfa6f2aae590b6' -> (Import Result ID: '9d1cdfd43f2e66eb97ad9d0d037ad1ce') in 0.002 seconds [static and dynamic dependencies]. Details - ImportResultOutputID=68c62c6a175c15056e29317b84996a5a DependenciesID=0ea2bdda3872d965673f75d67df21215 StaticDependenciesID=d1c22b17c3da2e722d2dfcf41395943d 
Importing 'GUID: e8aa120f1b4731e43a2dd31eb70bbbe2 - Path: Packages/com.unity.timeline/Editor/StyleSheets/Images/Icons/d_TrackLockButtonEnabled.png' with importer (TextureImporter)
Imported 'GUID: e8aa120f1b4731e43a2dd31eb70bbbe2' -> (Import Result ID: 'ce26887fd39ac2e5d2ae09e3379bcc0c') in 0.002 seconds [static and dynamic dependencies]. Details - ImportResultOutputID=8134ea61473103c2358b695c2e708003 DependenciesID=ba7f218c80c2019de57a3ba70df80305 StaticDependenciesID=b363faf1deeb3484b0f62b50b808257d 
Importing 'GUID: f8856f69b9af1424a95a5cb4f8b4ccd3 - Path: Packages/com.unity.multiplayer.center/Editor/MultiplayerCenterWindow/UI/Icons/unitycube.png' with importer (TextureImporter)
Imported 'GUID: f8856f69b9af1424a95a5cb4f8b4ccd3' -> (Import Result ID: '558c22be1c5aa5d9b3f4f5969b81cbca') in 0.005 seconds [static and dynamic dependencies]. Details - ImportResultOutputID=cc9bf6fd359e9ace6081795abdd696a4 DependenciesID=3e313a7e036dac1cf0e67f501cfa5be4 StaticDependenciesID=89d73db746ef2c62770b8a3b74c44582 
Importing 'GUID: f82dfc5fc3c5a8f4080a3550427019c8 - Path: Packages/com.unity.collab-proxy/Editor/Assets/Images/d_iconoutofsync@2x.png' with importer (TextureImporter)
Imported 'GUID: f82dfc5fc3c5a8f4080a3550427019c8' -> (Import Result ID: 'deca893d3bd03d58160d5cd3e01052f9') in 0.002 seconds [static and dynamic dependencies]. Details - ImportResultOutputID=a90a8aa9470ff108cf500890bd8001d7 DependenciesID=52f697ac0a55bafcd5d4d1c00efcfd15 StaticDependenciesID=8864bd36fc58aa33f98def5bc260416b 
Importing 'GUID: f8fef4740531af5ccaee7ae0c18cb5b1 - Path: Packages/com.unity.multiplayer.center/Editor/MultiplayerCenterWindow/UI/Icons/Samples/Getting-Started.png' with importer (TextureImporter)
Imported 'GUID: f8fef4740531af5ccaee7ae0c18cb5b1' -> (Import Result ID: 'e7897a0a90d1d15965ecc1e4f9bae6ee') in 0.010 seconds [static and dynamic dependencies]. Details - ImportResultOutputID=ec800f473938e1b4fcf4e0c2f1d3f8ec DependenciesID=a7a837ab8081556b39445c5d22ccab48 StaticDependenciesID=498db2d29133d5695c3ad44995c5c949 
Importing 'GUID: 092347b12f348a6439e85218cd291ea2 - Path: Packages/com.unity.collab-proxy/Editor/Assets/Images/icondeletedremoteoverlay.png' with importer (TextureImporter)
Imported 'GUID: 092347b12f348a6439e85218cd291ea2' -> (Import Result ID: 'e3407664733c13d3e59e2f19238e8659') in 0.002 seconds [static and dynamic dependencies]. Details - ImportResultOutputID=8b150b8bce716a81730ca59fb4d72888 DependenciesID=5fcc29385c96ad425852578a8ad91d7a StaticDependenciesID=b521cb0253919f889e5f0c178b62430c 
Importing 'GUID: 09fca212d621e844a8a0f11a9ac6c1bc - Path: Packages/com.unity.collab-proxy/Editor/Assets/Images/d_buttonhome.png' with importer (TextureImporter)
Imported 'GUID: 09fca212d621e844a8a0f11a9ac6c1bc' -> (Import Result ID: '8c266c193a831b756db73c3e2da8a73e') in 0.002 seconds [static and dynamic dependencies]. Details - ImportResultOutputID=09190937735cb99aedb340465d26a2e0 DependenciesID=5b2c130ba0701c1e902448a961781532 StaticDependenciesID=a20a10605b8673ee02713cf3a6eaa135 
Importing 'GUID: 09ae14686a02d484ab41e76fd1efba14 - Path: Packages/com.unity.timeline/Editor/StyleSheets/Images/Icons/TimelineEditModeReplaceOFF.png' with importer (TextureImporter)
Imported 'GUID: 09ae14686a02d484ab41e76fd1efba14' -> (Import Result ID: '424ed1a2dd7cc9d8cfc3a8fb5aac3bef') in 0.001 seconds [static and dynamic dependencies]. Details - ImportResultOutputID=c1987dd24c3f85afc8cd7c9d3a6531bf DependenciesID=acd179855bbab01873a2d27c9d265ab1 StaticDependenciesID=629d1279f7a3100f9667d733f21dd684 
Importing 'GUID: 19b06b801c204604290761788cf6e125 - Path: Packages/com.unity.collab-proxy/Editor/Assets/Images/d_iconpackageupdateavailable@2x.png' with importer (TextureImporter)
Imported 'GUID: 19b06b801c204604290761788cf6e125' -> (Import Result ID: '5bced77865c0cc000a3b449d287e74c6') in 0.002 seconds [static and dynamic dependencies]. Details - ImportResultOutputID=598583e6b323f20513df561a85a0dc7a DependenciesID=22c02afbb644ec30b3877f595ac8c4de StaticDependenciesID=dfbe1585198bad7c515f23cf9733cbf4 
Importing 'GUID: 193dae938a3136440b693b45a2494737 - Path: Packages/com.unity.timeline/Editor/StyleSheets/Images/Icons/TrackMarkerButtonDisabled@2x.png' with importer (TextureImporter)
Imported 'GUID: 193dae938a3136440b693b45a2494737' -> (Import Result ID: '038c24b449b009772fab67306d1714ee') in 0.001 seconds [static and dynamic dependencies]. Details - ImportResultOutputID=4c3fe0acede59e9f463494a2fe438f51 DependenciesID=2314f0d42ba37ef94a31a8f92ffce238 StaticDependenciesID=5b1be311f5f01133dd47e485345c2c84 
Importing 'GUID: 29395f0639574c1fbc8b729aa257fb84 - Path: Packages/com.unity.multiplayer.center/Editor/MultiplayerCenterWindow/UI/Icons/d_Check.png' with importer (TextureImporter)
Imported 'GUID: 29395f0639574c1fbc8b729aa257fb84' -> (Import Result ID: '685691664bc330a7dc591720b4f3c92b') in 0.001 seconds [static and dynamic dependencies]. Details - ImportResultOutputID=d713782f02715efe352ef48e31a4074b DependenciesID=b9366160b4d799967594071af5411f90 StaticDependenciesID=5f50e87fa82d170590c16d6e5db4a7da 
Importing 'GUID: 292bae633fda01e41b8847fad37495c2 - Path: Packages/com.unity.collab-proxy/Editor/Assets/Images/d_iconshelve.png' with importer (TextureImporter)
Imported 'GUID: 292bae633fda01e41b8847fad37495c2' -> (Import Result ID: '896f389ba62d6be0596665c458fd8d19') in 0.002 seconds [static and dynamic dependencies]. Details - ImportResultOutputID=f0944e5f87f2514c5633cfa85295fb48 DependenciesID=b328e7d6efd71f9709f622f4ee78b5a4 StaticDependenciesID=4d55c97edd43f66ebf267e9e0e7a73fd 
Importing 'GUID: 3943479b9e27741a78451950ae5841f6 - Path: Packages/com.unity.collab-proxy/Editor/Assets/Images/d_ArrowCaretRight@2x.png' with importer (TextureImporter)
Imported 'GUID: 3943479b9e27741a78451950ae5841f6' -> (Import Result ID: 'dcdcac0c5e125976f40f2eda426de836') in 0.002 seconds [static and dynamic dependencies]. Details - ImportResultOutputID=a42d93092893d3098d5c430a63ee2780 DependenciesID=94b0dc503b693568dcf3fb73fc3ca258 StaticDependenciesID=aff8561ede00d2f494ab05cce3c340a2 
Importing 'GUID: 3999034958d54364da380a8839a11050 - Path: Packages/com.unity.collab-proxy/Editor/Assets/Images/iconcheckedoutlocaloverlay@2x.png' with importer (TextureImporter)
Imported 'GUID: 3999034958d54364da380a8839a11050' -> (Import Result ID: '6efa430b83036834f3de1f784b4539e3') in 0.002 seconds [static and dynamic dependencies]. Details - ImportResultOutputID=1fbd8ff84815672529c6e7a51e05093d DependenciesID=5035fdfcb2c5dd8b1072918c427f6470 StaticDependenciesID=8a89d349bc62aaecb3366c91486a3290 
Importing 'GUID: 39d9575ed0465354cb02b69ea18526de - Path: Packages/com.unity.timeline/Editor/StyleSheets/Images/Icons/d_TimelineEditModeMixOFF.png' with importer (TextureImporter)
Imported 'GUID: 39d9575ed0465354cb02b69ea18526de' -> (Import Result ID: '095d6a5514d785868d9ed36809942543') in 0.002 seconds [static and dynamic dependencies]. Details - ImportResultOutputID=085726666379615d3d1d0aa36220a0e0 DependenciesID=75de852feafc665a68cd6148940345a1 StaticDependenciesID=c4d2de814d135b4a92b1fc8ff0745c5c 
Importing 'GUID: 39ea418026f63417da6b3e259222f850 - Path: Packages/com.unity.collab-proxy/Editor/Assets/Images/d_iconoriginalsize@2x.png' with importer (TextureImporter)
Imported 'GUID: 39ea418026f63417da6b3e259222f850' -> (Import Result ID: '393fa56c9d7cc841f0f066e52e2e6cdf') in 0.002 seconds [static and dynamic dependencies]. Details - ImportResultOutputID=7a4263604fd04a36ff39f173bcd6b88a DependenciesID=786f93004eca5b11a82e56c9971d3e35 StaticDependenciesID=2d557dbb706619e3e652d015a42b290c 
Importing 'GUID: 49679f302ac6408697f6b9314a38985c - Path: Packages/com.unity.ugui/Editor Resources/Textures/btn_AlignCapLine_Light.psd' with importer (TextureImporter)
Imported 'GUID: 49679f302ac6408697f6b9314a38985c' -> (Import Result ID: '3de534f201c4152d1d2fdbd606aa78b2') in 0.002 seconds [static and dynamic dependencies]. Details - ImportResultOutputID=9cc496fe7bf5f669bc85d61eeacb5589 DependenciesID=99af14b2c649e43576d0c0fcee47ab2c StaticDependenciesID=7d107c7a3b98713080b4cebcc25406a3 
Importing 'GUID: 495998c718a094540bbe57ae5ab07647 - Path: Packages/com.unity.timeline/Editor/StyleSheets/Images/Icons/TrackRecordButtonDisabled.png' with importer (TextureImporter)
Imported 'GUID: 495998c718a094540bbe57ae5ab07647' -> (Import Result ID: '6fa03200708b892c071fa1313009c22a') in 0.002 seconds [static and dynamic dependencies]. Details - ImportResultOutputID=b4e030cd74cd7dbe2051817715a7f126 DependenciesID=5fe4d488c061a3f3cf1093d86252be47 StaticDependenciesID=ba5bcee461f98d717bf5436df4e412cc 
Importing 'GUID: 4999348b6ce1c4d5fa3854f4e16dad48 - Path: Packages/com.unity.collab-proxy/Editor/Assets/Images/iconlast.png' with importer (TextureImporter)
Imported 'GUID: 4999348b6ce1c4d5fa3854f4e16dad48' -> (Import Result ID: '8cab533ed7b99b7501ea2d98c6fb8922') in 0.002 seconds [static and dynamic dependencies]. Details - ImportResultOutputID=a1e0d41dbc9300df2de9d9ba865943d1 DependenciesID=71bb58cae41ccf5aec73590eae42cf31 StaticDependenciesID=ad63424a670a8610aeaaa0bafb78db03 
Importing 'GUID: 49deb65084c2f495d8ee4d010ad486c2 - Path: Packages/com.unity.collab-proxy/Editor/Assets/Images/d_icondiff.png' with importer (TextureImporter)
Imported 'GUID: 49deb65084c2f495d8ee4d010ad486c2' -> (Import Result ID: '184c6eb2608cfc6e0149477a9075c930') in 0.004 seconds [static and dynamic dependencies]. Details - ImportResultOutputID=5593221cf1581267ed64670842ebecdb DependenciesID=abf18a50a4bff0e24bc232752d8d2adf StaticDependenciesID=d79f727824c101b9ed3fe3e193352d24 
Importing 'GUID: 59d17703fae374169bc28ce046728590 - Path: Packages/com.unity.collab-proxy/Editor/Assets/Images/iconchangesets@2x.png' with importer (TextureImporter)
Imported 'GUID: 59d17703fae374169bc28ce046728590' -> (Import Result ID: '0e649ed7557ea5061606b978cba00b68') in 0.007 seconds [static and dynamic dependencies]. Details - ImportResultOutputID=dde63e7507654f18b5fb81d5a5e83df8 DependenciesID=9880be61ccebb952f1d65478af3dc397 StaticDependenciesID=06c5a5347a7f9232e61e179af8606219 
Importing 'GUID: 59571f82a0dc1a14da606dc0df6f8ea7 - Path: Packages/com.unity.collab-proxy/Editor/Assets/Images/refresh@2x.png' with importer (TextureImporter)
Imported 'GUID: 59571f82a0dc1a14da606dc0df6f8ea7' -> (Import Result ID: '12bbc6eb35b6e1de87c7e164b3cac6e3') in 0.002 seconds [static and dynamic dependencies]. Details - ImportResultOutputID=ddef1704cefb52342a85b11d0eef7262 DependenciesID=51e9f05a2d3518db45c80e15f743ae34 StaticDependenciesID=be273b6ee2c23654316656b177bc50cd 
Importing 'GUID: 59b8d0702d484633b96569196ac69439 - Path: Packages/com.unity.multiplayer.center/Editor/MultiplayerCenterWindow/UI/Icons/Samples/casual-co-op-preview.png' with importer (TextureImporter)
Imported 'GUID: 59b8d0702d484633b96569196ac69439' -> (Import Result ID: 'e2634a6cd6314510c412490c693c4524') in 0.013 seconds [static and dynamic dependencies]. Details - ImportResultOutputID=2f40330d8806718b3df394d530a29b8e DependenciesID=df33fe46701a3963586cf4fe74549c2c StaticDependenciesID=c917040fdc9c107a1b2e8178cc7f444d 
Importing 'GUID: 592c238e58651834da7aa7b058912cb9 - Path: Packages/com.unity.multiplayer.center/Editor/MultiplayerCenterWindow/UI/Icons/d_ArrowCaretLeft.png' with importer (TextureImporter)
Imported 'GUID: 592c238e58651834da7aa7b058912cb9' -> (Import Result ID: 'd6b27f52432b3dbe0f8c88eda318b77d') in 0.002 seconds [static and dynamic dependencies]. Details - ImportResultOutputID=00e8a390eadf5f12ee4da2c4eba5b39e DependenciesID=fb79aa3a4004022c937672d7dfe90192 StaticDependenciesID=497a6f3739fcf4e28cec8212671d5cd8 
Importing 'GUID: 59eedc7f076ac5749993ec0e94b87af3 - Path: Packages/com.unity.collab-proxy/Editor/Assets/Images/d_iconclouddriveview@2x.png' with importer (TextureImporter)
Imported 'GUID: 59eedc7f076ac5749993ec0e94b87af3' -> (Import Result ID: '6488dd60be6e0e1efec57718df1a97c9') in 0.002 seconds [static and dynamic dependencies]. Details - ImportResultOutputID=725c7e278f593680b79f1abd77b3fc8b DependenciesID=04a287ec6e8afd93f82dbccfce8a2f4f StaticDependenciesID=0a5495a3c61ac1d54f6a9d0807ab1219 
Importing 'GUID: 6952cd3b0f88917449a8fa4d19fc5009 - Path: Packages/com.unity.timeline/Editor/StyleSheets/Images/LightSkin/TimelineEndPlayback.png' with importer (TextureImporter)
Imported 'GUID: 6952cd3b0f88917449a8fa4d19fc5009' -> (Import Result ID: '03abb58196b15a4cbbb7d44bb53b54b2') in 0.005 seconds [static and dynamic dependencies]. Details - ImportResultOutputID=905bb622c30428057f4612fb7871932f DependenciesID=516ae5915d4fc918495e63e04b0dfa35 StaticDependenciesID=9a4427198cceec207b4ccf0daabd1828 
Importing 'GUID: 691475c57a824010be0c6f474caeb7e1 - Path: Packages/com.unity.ugui/Editor Resources/Textures/btn_AlignFlush.psd' with importer (TextureImporter)
Imported 'GUID: 691475c57a824010be0c6f474caeb7e1' -> (Import Result ID: '5530d5cd5a01f4a59251da44fcccf6a3') in 0.003 seconds [static and dynamic dependencies]. Details - ImportResultOutputID=5afd75bc7a920208148f416979f0736b DependenciesID=f47ad224c1e2f4ac4039b1fbcfd5bce4 StaticDependenciesID=44bdc218b09594db6c32e1acf2f801ae 
Importing 'GUID: 6975ee4c1f40caf4da8dd733ee2cfeaf - Path: Packages/com.unity.collab-proxy/Editor/Assets/Images/d_secondarytabclose.png' with importer (TextureImporter)
Imported 'GUID: 6975ee4c1f40caf4da8dd733ee2cfeaf' -> (Import Result ID: '25a3733f098be1c295d7bb21a7690942') in 0.002 seconds [static and dynamic dependencies]. Details - ImportResultOutputID=f1bc7017868156165c1181baa0925b0a DependenciesID=47fabeaa383307a2c33af80b7045c9ed StaticDependenciesID=b2095ace1db7065a058611e9fe380029 
Importing 'GUID: 69899ed144c8eea4baea48b858b37746 - Path: Packages/com.unity.collab-proxy/Editor/Assets/Images/step3.png' with importer (TextureImporter)
Imported 'GUID: 69899ed144c8eea4baea48b858b37746' -> (Import Result ID: 'ec4a3beea5d10980ef04279143d34bf7') in 0.002 seconds [static and dynamic dependencies]. Details - ImportResultOutputID=1d588a7ba8d505b19c70a0e1a6ddce50 DependenciesID=dc0c5d7b77d3e5064facb0c0e840e958 StaticDependenciesID=79b77cae6a67c86fdfa2c169d1a9dcab 
Importing 'GUID: 691dc543ff5b9ca44bf846657ba04161 - Path: Packages/com.unity.collab-proxy/Editor/Assets/Images/d_iconundo.png' with importer (TextureImporter)
Imported 'GUID: 691dc543ff5b9ca44bf846657ba04161' -> (Import Result ID: 'ecf5418dc4426f71b3e944168862371f') in 0.001 seconds [static and dynamic dependencies]. Details - ImportResultOutputID=f79e642c0352dd1adaffc85250a17c50 DependenciesID=3d73642288bf8d5635662e51b9f7954a StaticDependenciesID=52b4f82c9125664d2dec8c121cf7f911 
Importing 'GUID: 695fbddd7238dc94c8f102d9191c2886 - Path: Packages/com.unity.collab-proxy/Editor/Assets/Images/iconshelve@2x.png' with importer (TextureImporter)
Imported 'GUID: 695fbddd7238dc94c8f102d9191c2886' -> (Import Result ID: '2ebbfa172a91d3566b1ca32d1589ae38') in 0.002 seconds [static and dynamic dependencies]. Details - ImportResultOutputID=e7ade81882f746236c9ec47c76d528a4 DependenciesID=b2b075e89f8fd8e545401e8dff6d4bd2 StaticDependenciesID=3ba9c3710f741377821a3512e1761060 
Importing 'GUID: 69ff79f863a32ad44a9497d4896d9d1c - Path: Packages/com.unity.timeline/Editor/StyleSheets/Images/LightSkin/TimelineInfiniteTrackNoShadow.png' with importer (TextureImporter)
Imported 'GUID: 69ff79f863a32ad44a9497d4896d9d1c' -> (Import Result ID: '86c55ce06977d51d9510b6a15b32f3b0') in 0.001 seconds [static and dynamic dependencies]. Details - ImportResultOutputID=68fda4b6c9a99a560383b577491c9b33 DependenciesID=4703763683bed9515d3cb926c7d9f056 StaticDependenciesID=fbb8387edf3005023d0837d797db794d 
Importing 'GUID: 897c3a3f5c4038345a7143573bbb4a40 - Path: Packages/com.unity.collab-proxy/Editor/Assets/Images/d_step2.png' with importer (TextureImporter)
Imported 'GUID: 897c3a3f5c4038345a7143573bbb4a40' -> (Import Result ID: '78756a969fdcf6ff6fe23a563a8f01a5') in 0.002 seconds [static and dynamic dependencies]. Details - ImportResultOutputID=16938aaef30dad3844b8789b5c1034e5 DependenciesID=a8a0c4b70008884513c327d804f1119e StaticDependenciesID=6be2b8e38b5056b06919bf2301102243 
Importing 'GUID: 99d1cf315f771ae48ab6f41c99a8d7cb - Path: Packages/com.unity.collab-proxy/Editor/Assets/Images/iconadd.png' with importer (TextureImporter)
Imported 'GUID: 99d1cf315f771ae48ab6f41c99a8d7cb' -> (Import Result ID: 'af125153f05bd3ff5df2cf5ddf46e255') in 0.002 seconds [static and dynamic dependencies]. Details - ImportResultOutputID=1415f84a9e9d3300afa6db0c87959128 DependenciesID=b24601ab8750f1dfb937817ec962bbf5 StaticDependenciesID=e74b85aff7bffd7b9a24559b52c8845a 
Importing 'GUID: 99da7b3894f364efdb5fa1443952a55d - Path: Packages/com.unity.multiplayer.center/Editor/MultiplayerCenterWindow/UI/Icons/NGO.png' with importer (TextureImporter)
Imported 'GUID: 99da7b3894f364efdb5fa1443952a55d' -> (Import Result ID: '5e3d9c67eb16fbf8647b304629bb7151') in 0.002 seconds [static and dynamic dependencies]. Details - ImportResultOutputID=81bab7f6729cbe041c5c3f35efa76c8a DependenciesID=bf6f3bc78161c4a742b6d4e98e0631e4 StaticDependenciesID=7b145e5c4b2bafdd481ea836e162136b 
Importing 'GUID: 998e4aae0494244578bee3771d57801c - Path: Packages/com.unity.collab-proxy/Editor/Assets/Images/d_iconmergeview.png' with importer (TextureImporter)
Imported 'GUID: 998e4aae0494244578bee3771d57801c' -> (Import Result ID: '5bb48c826fd9c59283807fd6683d0deb') in 0.002 seconds [static and dynamic dependencies]. Details - ImportResultOutputID=afd06dbbc21932102b605ac167e1b2f1 DependenciesID=2e5a2aabb8df38676cb2f365a3eded3c StaticDependenciesID=d4068d8cf96f48e2d61c78c1b64a5809 
Importing 'GUID: a916ed6819efd014588f58e3cfc48196 - Path: Packages/com.unity.collab-proxy/Editor/Assets/Images/iconplasticnotifyconflict.png' with importer (TextureImporter)
Imported 'GUID: a916ed6819efd014588f58e3cfc48196' -> (Import Result ID: 'b8e18ccdd7f2560da8cbd9de11f210c7') in 0.003 seconds [static and dynamic dependencies]. Details - ImportResultOutputID=4abe616fef1f8bfd1c0336884f25aef8 DependenciesID=ff26911f927428c84272b0356ef4a107 StaticDependenciesID=95d02254e774f6af5f5cf730e6d15ad9 
Importing 'GUID: a9cec377658c44e5ba06fde05976bee6 - Path: Packages/com.unity.collab-proxy/Editor/Assets/Images/d_iconlast.png' with importer (TextureImporter)
Imported 'GUID: a9cec377658c44e5ba06fde05976bee6' -> (Import Result ID: '5aba55e462142960d2ecc33b9a34881e') in 0.002 seconds [static and dynamic dependencies]. Details - ImportResultOutputID=037d0aaa2f39e26a1242b9fbd52bd734 DependenciesID=e0ec71a3ad57b2844234718ce6e593e8 StaticDependenciesID=95f9173f13ff59f1b96dd48783a78d02 
Importing 'GUID: c9ed6d6ea2f9657409bfa068d4846139 - Path: Packages/com.unity.collab-proxy/Editor/Assets/Images/d_step3@2x.png' with importer (TextureImporter)
Imported 'GUID: c9ed6d6ea2f9657409bfa068d4846139' -> (Import Result ID: '8fc20ae891090c48d0256bb91fe41c4c') in 0.004 seconds [static and dynamic dependencies]. Details - ImportResultOutputID=6fdbd0098218c4a23f771ea0fea4bb16 DependenciesID=c99baafbe147849e91f1ca4a8cd4d8ca StaticDependenciesID=88fc27d630be54de76b7143166b671f1 
Importing 'GUID: c9fdec563ba7c294c96f352d1dc50346 - Path: Packages/com.unity.multiplayer.center/Editor/MultiplayerCenterWindow/UI/Icons/Samples/TurnBased_header.png' with importer (TextureImporter)
Imported 'GUID: c9fdec563ba7c294c96f352d1dc50346' -> (Import Result ID: '44682b9864ca8635406294e5f89c3a5c') in 0.010 seconds [static and dynamic dependencies]. Details - ImportResultOutputID=4feafb918c0fa3ae29bf7dd89e66387c DependenciesID=fb3d479b60f570447464d319853943ea StaticDependenciesID=7c96b3589a6d714448c626b9ed963756 
Importing 'GUID: d91793cd853a258448e4d5545bb38e45 - Path: Packages/com.unity.timeline/Editor/StyleSheets/Images/DarkSkin/TimelineSignalCollapsed.png' with importer (TextureImporter)
Imported 'GUID: d91793cd853a258448e4d5545bb38e45' -> (Import Result ID: 'da05b440f24eff004b579101b41ea82b') in 0.001 seconds [static and dynamic dependencies]. Details - ImportResultOutputID=aa775fb79d167d34ddda091cc4615288 DependenciesID=eb19d2847baeb3fcfd8407f50ebc76f2 StaticDependenciesID=e9bad2b2c4868954d32e66b380a40ab8 
Importing 'GUID: d937bd39ca592471b942d16ee8094535 - Path: Packages/com.unity.collab-proxy/Editor/Assets/Images/iconprev@2x.png' with importer (TextureImporter)
Imported 'GUID: d937bd39ca592471b942d16ee8094535' -> (Import Result ID: '47799bae7641cdeb383c47be809be989') in 0.002 seconds [static and dynamic dependencies]. Details - ImportResultOutputID=60b598d690f95d117bdd91dec9d56d44 DependenciesID=12ce10f54d2774ab111474823283ceb0 StaticDependenciesID=8f466781927ef03adfbf7459747647fb 
Importing 'GUID: e9669051ff70449b5923861e0e0b8838 - Path: Packages/com.unity.multiplayer.center/Editor/MultiplayerCenterWindow/UI/Icons/N4E.png' with importer (TextureImporter)
Imported 'GUID: e9669051ff70449b5923861e0e0b8838' -> (Import Result ID: '393d64efe17ec7b6e69bc04aeb7592a0') in 0.002 seconds [static and dynamic dependencies]. Details - ImportResultOutputID=b5835b0f1c0bda6f262f1f9843cc9e63 DependenciesID=eac4fa817d1a6eec6a6511be91efbbb6 StaticDependenciesID=ee1592d5f81e1311f91029ad3f973bd7 
Importing 'GUID: e9cc02852345307449379a9a877679da - Path: Packages/com.unity.collab-proxy/Editor/Assets/Images/iconpackageupdateavailable.png' with importer (TextureImporter)
Imported 'GUID: e9cc02852345307449379a9a877679da' -> (Import Result ID: 'cee52bd7ddc89dcafdc2619c99db904c') in 0.002 seconds [static and dynamic dependencies]. Details - ImportResultOutputID=71255badfcce743183620df4a3ebfcaf DependenciesID=85aff599a0b2d0355c5fc44eb715dfea StaticDependenciesID=d74ca05934cd64b71ee52fba5dd84f18 
Importing 'GUID: f9a2f623ba32a844da6de770f5ccf17f - Path: Packages/com.unity.ai.navigation/EditorResources/Overlay/NavigationOverlay@32.png' with importer (TextureImporter)
Imported 'GUID: f9a2f623ba32a844da6de770f5ccf17f' -> (Import Result ID: '88170bb7563ee86551f3bd8a49054e06') in 0.001 seconds [static and dynamic dependencies]. Details - ImportResultOutputID=4e3fac553c97685c75bd47727f996e55 DependenciesID=9cf23d5393b2d0cb2483b9c41d6799a8 StaticDependenciesID=d5e72fc768ae60f9f086db05048c2e5a 
Importing 'GUID: f9161c6c9e06dc445ada3ee16d991f90 - Path: Packages/com.unity.collab-proxy/Editor/Assets/Images/buttonssosigninunity.png' with importer (TextureImporter)
Imported 'GUID: f9161c6c9e06dc445ada3ee16d991f90' -> (Import Result ID: '7cdda3581e32be63bad310f6fad31926') in 0.001 seconds [static and dynamic dependencies]. Details - ImportResultOutputID=063110f0007d1e4786dfcd3f77c12ee0 DependenciesID=dfc138f6b9347aff428d16065d1d9691 StaticDependenciesID=487ff34e8b866b2cbbc39a9d4318971f 
Importing 'GUID: f94d06b5a7fc94387a1a212b8dc9b2a5 - Path: Packages/com.unity.collab-proxy/Editor/Assets/Images/d_iconfirst@2x.png' with importer (TextureImporter)
Imported 'GUID: f94d06b5a7fc94387a1a212b8dc9b2a5' -> (Import Result ID: '7883bfbd02b25cda9c43549db2700f7f') in 0.003 seconds [static and dynamic dependencies]. Details - ImportResultOutputID=395f77ad1bd472f7f1ed447026a3c972 DependenciesID=41e4b62c245c4e58cf16772562f7fe61 StaticDependenciesID=5f3e7387a5bf53d0b14d8612f084db19 
Importing 'GUID: f9fd2f335364cda41937eab39bf20049 - Path: Packages/com.unity.timeline/Editor/StyleSheets/Images/LightSkin/TimelineKeyframe.png' with importer (TextureImporter)
Imported 'GUID: f9fd2f335364cda41937eab39bf20049' -> (Import Result ID: 'e857cd9869da7b11864561e87f231057') in 0.002 seconds [static and dynamic dependencies]. Details - ImportResultOutputID=1e35d55e33731249880abb1f7fb96f25 DependenciesID=c568f9c3217196bb0d8e1a7370f077f3 StaticDependenciesID=f688f6d04772fca57c41790f15e24449 
Importing 'GUID: f95f697d66d238446b1ab717def09945 - Path: Packages/com.unity.collab-proxy/Editor/Assets/Images/iconconflicted@2x.png' with importer (TextureImporter)
Imported 'GUID: f95f697d66d238446b1ab717def09945' -> (Import Result ID: '3600a0d42e8dac5a6607a2ba331d41a8') in 0.002 seconds [static and dynamic dependencies]. Details - ImportResultOutputID=65c252ea0a5ff33a92431ff0019f2491 DependenciesID=f690beac6a4be81b92cd9b6d13ea7c8f StaticDependenciesID=615499f00cfd9dd0fb3218edee8d7760 
Importing 'GUID: 0a02e43184c7e9c4c9c59b601100b705 - Path: Packages/com.unity.collab-proxy/Editor/Assets/Images/d_iconcurrentbranch.png' with importer (TextureImporter)
Imported 'GUID: 0a02e43184c7e9c4c9c59b601100b705' -> (Import Result ID: '7fd57bb3fa183ea8fe95fd2cff3baa5c') in 0.002 seconds [static and dynamic dependencies]. Details - ImportResultOutputID=50f8ca1c8b659c8070773b00eca18b5e DependenciesID=e5e4c8ac5d3a54887a6c70b0b9aaf72d StaticDependenciesID=3b568433c3032516802fb178823b9bfa 
Importing 'GUID: 0ac55f9f886d827408c102bdf33c5ff7 - Path: Packages/com.unity.collab-proxy/Editor/Assets/Images/d_iconemptygravatar@2x.png' with importer (TextureImporter)
Imported 'GUID: 0ac55f9f886d827408c102bdf33c5ff7' -> (Import Result ID: 'dfa8e28eeaafb924f6cb68e71b83009b') in 0.003 seconds [static and dynamic dependencies]. Details - ImportResultOutputID=42338bb498f73ab191cfa49a2e366f0d DependenciesID=b0aef1971e47dd0dc9ba231c84c2df62 StaticDependenciesID=01b0cfca3599b87b32ca560648cac9f4 
Importing 'GUID: 0a08fa9ec51507e488400cee024073a7 - Path: Packages/com.unity.collab-proxy/Editor/Assets/Images/hideversioncontrol.png' with importer (TextureImporter)
Imported 'GUID: 0a08fa9ec51507e488400cee024073a7' -> (Import Result ID: 'c1032f25fb55bb30bdec213f1bce5a9c') in 0.011 seconds [static and dynamic dependencies]. Details - ImportResultOutputID=b66bb5ff4412ccbaedefe4d6bbd76802 DependenciesID=0de5e83d055a12190b883751a3710556 StaticDependenciesID=e31a92c550527b65e69d45077835a1e6 
Importing 'GUID: 0a5e3e063c4e1ab45999cf6e40c13c07 - Path: Packages/com.unity.timeline/Editor/StyleSheets/Images/LightSkin/TimelineAutokey_active.png' with importer (TextureImporter)
Imported 'GUID: 0a5e3e063c4e1ab45999cf6e40c13c07' -> (Import Result ID: 'f0bd7c275b97bbafc9c7ac533190ff1a') in 0.002 seconds [static and dynamic dependencies]. Details - ImportResultOutputID=d67d1f51f28e38f526d0b1cf6e205cc0 DependenciesID=7a1bd97f7aaf9a3c30a1b5f48e280252 StaticDependenciesID=ba8870f24f8aef5376a4fd6c465b5f2f 
Importing 'GUID: 1a7852b1b33b816498b6af1e739f5995 - Path: Packages/com.unity.timeline/Editor/StyleSheets/Images/LightSkin/TimelineSignalSelected.png' with importer (TextureImporter)
Imported 'GUID: 1a7852b1b33b816498b6af1e739f5995' -> (Import Result ID: '7b8aa6df3a323d620a56363485c3fbb7') in 0.002 seconds [static and dynamic dependencies]. Details - ImportResultOutputID=6a07f3c5684b48b6f5c090e75dece7b0 DependenciesID=1593fa8ea2d61713f637e2eeabda6658 StaticDependenciesID=ab09c3db39e8c9a69bd80edc000922fc 
Importing 'GUID: 2adffcc506285402aa795dee6f3166d0 - Path: Packages/com.unity.multiplayer.center/Editor/MultiplayerCenterWindow/UI/Icons/EmptyViewIcon@2x.png' with importer (TextureImporter)
Imported 'GUID: 2adffcc506285402aa795dee6f3166d0' -> (Import Result ID: '495deeadafd61a899bd83c05501f07ee') in 0.013 seconds [static and dynamic dependencies]. Details - ImportResultOutputID=6baf5c250777f51daf8bb4820eb86ac8 DependenciesID=0eb45739f34670e707bd0135241728bb StaticDependenciesID=2a68fc18fd4e0e71bb59a4cef7217bb0 
Importing 'GUID: 3ac1672d8b4664bf3a3a5844d0be8a85 - Path: Packages/com.unity.collab-proxy/Editor/Assets/Images/d_iconcheckmark@2x.png' with importer (TextureImporter)
Imported 'GUID: 3ac1672d8b4664bf3a3a5844d0be8a85' -> (Import Result ID: '51fa148742fe4d8c4507a0d54392b7b3') in 0.002 seconds [static and dynamic dependencies]. Details - ImportResultOutputID=747271e843f0dfa948487af97728f363 DependenciesID=57ab47ce4d82f160d9acb045e71b9cfb StaticDependenciesID=2b5c5cef4b356c6edeed1311ba8788dd 
Importing 'GUID: 4a231ba0e81e63849a8f985c228e8acd - Path: Packages/com.unity.collab-proxy/Editor/Assets/Images/d_iconconflictresolvedoverlay@2x.png' with importer (TextureImporter)
Imported 'GUID: 4a231ba0e81e63849a8f985c228e8acd' -> (Import Result ID: '85e5f433eb0174825b7ea26ff57b69c9') in 0.002 seconds [static and dynamic dependencies]. Details - ImportResultOutputID=5c9ea3babae7588c9b88448979bce4b1 DependenciesID=373a8caa70ad15a872c1420a80e25d3f StaticDependenciesID=8acf205b609143d5f8518a943c342d77 
Importing 'GUID: 4aa4898734bfdbc4dbd410de4141e533 - Path: Packages/com.unity.collab-proxy/Editor/Assets/Images/d_iconpendingchanges.png' with importer (TextureImporter)
Imported 'GUID: 4aa4898734bfdbc4dbd410de4141e533' -> (Import Result ID: '1bb5c2321dfcf1316b4ce1cd5b2c9c69') in 0.002 seconds [static and dynamic dependencies]. Details - ImportResultOutputID=6e001b8691ca685533fd29b5a3a2e76a DependenciesID=9a85f3a5411305d8595c489a337a9bc0 StaticDependenciesID=188546272e37b0f24b129b3c89ada097 
Importing 'GUID: 4a652ffb5816840768619c35903cb1fa - Path: Packages/com.unity.collab-proxy/Editor/Assets/Images/d_iconprivateoverlay.png' with importer (TextureImporter)
Imported 'GUID: 4a652ffb5816840768619c35903cb1fa' -> (Import Result ID: 'c02e68d43998744fdba73d1eb59f2b42') in 0.003 seconds [static and dynamic dependencies]. Details - ImportResultOutputID=9ba463a3a1c587b4ea751e6f878c5226 DependenciesID=0fafaa8790e434a2513069d4d57edc04 StaticDependenciesID=031f326c70870fbaf6cdc561eca272c8 
Importing 'GUID: 4aa6f152b3bc842a6b793662d8374cf1 - Path: Packages/com.unity.collab-proxy/Editor/Assets/Images/d_iconfirst.png' with importer (TextureImporter)
Imported 'GUID: 4aa6f152b3bc842a6b793662d8374cf1' -> (Import Result ID: '8bc5ef389b2a83a8ec61d5c15792cccf') in 0.002 seconds [static and dynamic dependencies]. Details - ImportResultOutputID=819eeb16c95b2e02300cde300f1e7d90 DependenciesID=e8892e635ba089c6110bbc1349c5efb3 StaticDependenciesID=f116330f82275d3063047ebc3ed94f6e 
Importing 'GUID: 4a4dfcc81b0e1214fbbd0003c8ab4070 - Path: Packages/com.unity.collab-proxy/Editor/Assets/Images/d_iconrepository.png' with importer (TextureImporter)
Imported 'GUID: 4a4dfcc81b0e1214fbbd0003c8ab4070' -> (Import Result ID: 'f355ace9edd9e4a4a226a003da6401dc') in 0.003 seconds [static and dynamic dependencies]. Details - ImportResultOutputID=bf582449b5bc1c796f1da404607a6511 DependenciesID=69d45bb4ab26e18de9306e9f7b42ad88 StaticDependenciesID=74d68b91f9609eba65cb0442cb2e6fcf 
Importing 'GUID: 4ade4c197fc154817b0958bbe4e5dbcc - Path: Packages/com.unity.collab-proxy/Editor/Assets/Images/iconzoomtofit@2x.png' with importer (TextureImporter)
Imported 'GUID: 4ade4c197fc154817b0958bbe4e5dbcc' -> (Import Result ID: 'fc5e80bcf0562e5cc4ab78149288de97') in 0.004 seconds [static and dynamic dependencies]. Details - ImportResultOutputID=11c12d47f2c6662cc34e44cc03dda1cb DependenciesID=d5cb0ee9fec55bbb7c929d9795f5766d StaticDependenciesID=d72bb38c09f4560eb4dde2e6f8f3124d 
Importing 'GUID: 6ab002208ec290544b44bc263dc58a95 - Path: Packages/com.unity.timeline/Editor/StyleSheets/Images/Icons/d_TrackMuteButtonDisabled.png' with importer (TextureImporter)
Imported 'GUID: 6ab002208ec290544b44bc263dc58a95' -> (Import Result ID: '891f686b64c8b77af575aa49f3ca29af') in 0.002 seconds [static and dynamic dependencies]. Details - ImportResultOutputID=264cf374ab3c79aa413c8a03fb9620bf DependenciesID=779b8c8c341cad6e842f20c7c8d8fba9 StaticDependenciesID=afa49f85b4829c4264436033501cb411 
Importing 'GUID: 6a986a181c9bc6043b057a3d15edbaad - Path: Packages/com.unity.ai.navigation/EditorResources/Overlay/d_NavigationOverlay.png' with importer (TextureImporter)
Imported 'GUID: 6a986a181c9bc6043b057a3d15edbaad' -> (Import Result ID: 'ebe90a28c58cbca48dbf0c6f85a9729a') in 0.003 seconds [static and dynamic dependencies]. Details - ImportResultOutputID=33978e0c9f7b50229eb5beca501ac21b DependenciesID=5fa881bc86f1f31d891f7dd9c6ad0691 StaticDependenciesID=299f8dbd26e5cd499714a6061455c53e 
Importing 'GUID: 6a9d211bea1bc4a429d86cbb2d0b0a3e - Path: Packages/com.unity.collab-proxy/Editor/Assets/Images/d_secondarytabclosehover.png' with importer (TextureImporter)
Imported 'GUID: 6a9d211bea1bc4a429d86cbb2d0b0a3e' -> (Import Result ID: '973f0bbbb47c9c7dde4c00ffb3cb0680') in 0.002 seconds [static and dynamic dependencies]. Details - ImportResultOutputID=ea244b3bbeb32642ffe43ad2b64b31d4 DependenciesID=c26960904571a1f8a43bfe06a41ea060 StaticDependenciesID=9bd82613090cb9dac0281fc3d752b391 
Importing 'GUID: 6ace62d30f494c948b71d5594afce11d - Path: Packages/com.unity.ugui/Editor Resources/Textures/btn_AlignCenter_Light.psd' with importer (TextureImporter)
Imported 'GUID: 6ace62d30f494c948b71d5594afce11d' -> (Import Result ID: 'b7643a56a1c75b47b1119f221fd25be6') in 0.002 seconds [static and dynamic dependencies]. Details - ImportResultOutputID=1f51faee1a13a6eb15c9c59d502cf395 DependenciesID=f0e0598aba3dd2b04541dc5dc7654fdb StaticDependenciesID=6ce039aade2d172e1c333e1bf386b43e 
Importing 'GUID: 7a5b20a39b28c3646a25e798a8bd75fa - Path: Packages/com.unity.multiplayer.center/Editor/MultiplayerCenterWindow/UI/Icons/Samples/GenreHeader.png' with importer (TextureImporter)
Imported 'GUID: 7a5b20a39b28c3646a25e798a8bd75fa' -> (Import Result ID: '003dea054eedb9793abdabdb5b19c787') in 0.066 seconds [static and dynamic dependencies]. Details - ImportResultOutputID=c63df71a5ac67a821ef408b94f81aab2 DependenciesID=7d6d41efc9b956b300e440a6140779e0 StaticDependenciesID=53049da74c7853f91790d68cdfd282cd 
Importing 'GUID: 8ae8063bfa41044ddaa5c5c70943e142 - Path: Packages/com.unity.collab-proxy/Editor/Assets/Images/RGBAGreen.png' with importer (TextureImporter)
Imported 'GUID: 8ae8063bfa41044ddaa5c5c70943e142' -> (Import Result ID: '12ee0677ba81543291618bcc8382d533') in 0.003 seconds [static and dynamic dependencies]. Details - ImportResultOutputID=e3d3aa2992cb28f3cb7f52523de2a7e0 DependenciesID=d3ba77386a499e8fff2291343b5df7c8 StaticDependenciesID=c968680203df5f53a090ed1107966834 
Importing 'GUID: 9a9269fb6330f4ae1964f9eb1c203537 - Path: Packages/com.unity.collab-proxy/Editor/Assets/Images/iconplasticnotifypendingchangesandincoming@2x.png' with importer (TextureImporter)
Imported 'GUID: 9a9269fb6330f4ae1964f9eb1c203537' -> (Import Result ID: '3fe9cc91195d50843e912ba7d6a7dcdb') in 0.004 seconds [static and dynamic dependencies]. Details - ImportResultOutputID=9204b2ad0ab709e9ab7e358c13aec0f4 DependenciesID=e778d8b801f61274ddc7f0888f98ab0e StaticDependenciesID=b2deca3b65e2b9bd150af5f385c250d3 
Importing 'GUID: 9aa4348290784b2468144a97eb15d8d7 - Path: Packages/com.unity.collab-proxy/Editor/Assets/Images/d_secondarytabclosehover@2x.png' with importer (TextureImporter)
Imported 'GUID: 9aa4348290784b2468144a97eb15d8d7' -> (Import Result ID: '7a44652a02a84f93c32b6a8714e329de') in 0.002 seconds [static and dynamic dependencies]. Details - ImportResultOutputID=37600d0d1a4e121084b5dcf64f7b4c02 DependenciesID=1455cb2419c998068d1d8468efda8ee0 StaticDependenciesID=946566bb4d33407ffcc41051cbe4cbe5 
Importing 'GUID: 9a15ddcc5fd3d46d3b97dd236d6d9720 - Path: Packages/com.unity.collab-proxy/Editor/Assets/Images/RGBAlpha@2x.png' with importer (TextureImporter)
Imported 'GUID: 9a15ddcc5fd3d46d3b97dd236d6d9720' -> (Import Result ID: '17954e4d5a9a6fc9f6c1ec6ca7a0dde9') in 0.002 seconds [static and dynamic dependencies]. Details - ImportResultOutputID=bd61f2f6524dbca2b0461b79bfea1833 DependenciesID=57028ebf93b0b3ed9218859266c7d7c9 StaticDependenciesID=c4a846f309d0506f372a8631b2e11994 
Importing 'GUID: 9a1ab8af8c446204e989a90f18305caf - Path: Packages/com.unity.collab-proxy/Editor/Assets/Images/iconaddedlocal.png' with importer (TextureImporter)
Imported 'GUID: 9a1ab8af8c446204e989a90f18305caf' -> (Import Result ID: '6db61e97849b9f8d15543317b5cf3156') in 0.002 seconds [static and dynamic dependencies]. Details - ImportResultOutputID=6d4b3cbd1da97b2558697847a48de2cd DependenciesID=e9ec6b11f0a9cae845ba743675ce00f1 StaticDependenciesID=3c6623071f5d0e3b838294dae59b3b15 
Importing 'GUID: 9aebd705574f9e642aef1e5f59b3e4d8 - Path: Packages/com.unity.collab-proxy/Editor/Assets/Images/d_iconemptygravatar.png' with importer (TextureImporter)
Imported 'GUID: 9aebd705574f9e642aef1e5f59b3e4d8' -> (Import Result ID: '83b96bcd51a91ecf433cb7dd61754872') in 0.002 seconds [static and dynamic dependencies]. Details - ImportResultOutputID=19e881b775ebd4afe9fcca32afb9bc29 DependenciesID=b70c666951628600408bf795a7b9eac6 StaticDependenciesID=ab620b669e24b329435fb35f83c5a833 
Importing 'GUID: aa56ed15cc1254489866c414e4d3c7ba - Path: Packages/com.unity.collab-proxy/Editor/Assets/Images/d_iconmovedoverlay.png' with importer (TextureImporter)
Imported 'GUID: aa56ed15cc1254489866c414e4d3c7ba' -> (Import Result ID: 'fffd3e7f6f6a371286978c61a4a95d1d') in 0.002 seconds [static and dynamic dependencies]. Details - ImportResultOutputID=cd0f65b9749fe8a7cbb9ddaad5bfc1f7 DependenciesID=f677aecf72e8dc093d47a21d7393315a StaticDependenciesID=ae88567bd47338b2a8f5b64ac40a50b9 
Importing 'GUID: ba96945b6a1b743579931a87e98041fe - Path: Packages/com.unity.collab-proxy/Editor/Assets/Images/iconlock@2x.png' with importer (TextureImporter)
Imported 'GUID: ba96945b6a1b743579931a87e98041fe' -> (Import Result ID: '050a9fd6444abb558f0d64a45ef0d1f1') in 0.003 seconds [static and dynamic dependencies]. Details - ImportResultOutputID=388be94a75b7429938970088b3798b27 DependenciesID=b08f1a7146d317d1f3c0436f649ab4af StaticDependenciesID=59dc4773384e469d4d03c3061d0ac839 
Importing 'GUID: bac66973cba57b842965eb95154fba7e - Path: Packages/com.unity.collab-proxy/Editor/Assets/Images/iconlockretained.png' with importer (TextureImporter)
Imported 'GUID: bac66973cba57b842965eb95154fba7e' -> (Import Result ID: 'bcb3926f86251dda06dc721767f61d9e') in 0.002 seconds [static and dynamic dependencies]. Details - ImportResultOutputID=d899f791ffdc441f5637b84936805dab DependenciesID=d4426f74a5d1d4ecc350d3a642c5eb12 StaticDependenciesID=18909e0863d02442618726dd755662dd 
Importing 'GUID: ba2e8a5b6413ebc46b4f580903cb911d - Path: Packages/com.unity.collab-proxy/Editor/Assets/Images/d_iconlockretained.png' with importer (TextureImporter)
Imported 'GUID: ba2e8a5b6413ebc46b4f580903cb911d' -> (Import Result ID: 'bfd7474d3b07f4a8a200dc7767eec0fe') in 0.003 seconds [static and dynamic dependencies]. Details - ImportResultOutputID=84edf639084d56aeeb8705f3f4027b7a DependenciesID=edff1d8bf256536422e454f77ed35d20 StaticDependenciesID=e37db4aadc8622b31efa849a77cc2ba7 
Importing 'GUID: ca51b19024094d1b87f3e07edb0a75fb - Path: Packages/com.unity.ugui/Editor Resources/Textures/btn_AlignBottom.psd' with importer (TextureImporter)
Imported 'GUID: ca51b19024094d1b87f3e07edb0a75fb' -> (Import Result ID: 'a18430da1c0e0d4466724a35178e37f9') in 0.002 seconds [static and dynamic dependencies]. Details - ImportResultOutputID=2a8a94e4522c5ae4a87018c32ea80841 DependenciesID=d106226d912c9205fb33ddc4a6965645 StaticDependenciesID=7a62c9f3749049c4c872ef42bb344c0f 
Importing 'GUID: ca92e845b7b4b41da8e081ca8c0ed3b8 - Path: Packages/com.unity.collab-proxy/Editor/Assets/Images/iconmergeview@2x.png' with importer (TextureImporter)
Imported 'GUID: ca92e845b7b4b41da8e081ca8c0ed3b8' -> (Import Result ID: 'f256e902da11668706d7379ecca2de98') in 0.004 seconds [static and dynamic dependencies]. Details - ImportResultOutputID=3821f8a1ac8991be8b121dc485031be4 DependenciesID=96c80237de8df2fbf4d83e7c73c4019c StaticDependenciesID=a074a145683934c57e7514e40a8032bd 
Importing 'GUID: ca9343b72095cb846be99d76d069dfc0 - Path: Packages/com.unity.collab-proxy/Editor/Assets/Images/iconinfobellnotification.png' with importer (TextureImporter)
Imported 'GUID: ca9343b72095cb846be99d76d069dfc0' -> (Import Result ID: '3bc6270f214133a8451feec1b2dd2703') in 0.002 seconds [static and dynamic dependencies]. Details - ImportResultOutputID=0e8886f14d040db1d00410e7e98a7ad8 DependenciesID=afe4b236fc4f7cb8beca7275a0a571b5 StaticDependenciesID=9c461bf7620ffce960a8736f32988827 
Importing 'GUID: da545229eea36164d8b8cba2f75a1143 - Path: Packages/com.unity.collab-proxy/Editor/Assets/Images/iconemptygravatar@2x.png' with importer (TextureImporter)
Imported 'GUID: da545229eea36164d8b8cba2f75a1143' -> (Import Result ID: '2d1cd471e93ed295ea944ee62e2f609e') in 0.002 seconds [static and dynamic dependencies]. Details - ImportResultOutputID=c901408b64c9d1e9dbef53d1ec6d7265 DependenciesID=f92380d7c3a0794830e1f219e5e4f996 StaticDependenciesID=fdf28a484dd2acec43fcbe4a0fc894a4 
Importing 'GUID: dab91f148d99946e7b3c3a87ecf4b973 - Path: Packages/com.unity.multiplayer.center/Editor/MultiplayerCenterWindow/UI/Icons/d_Loading.png' with importer (TextureImporter)
Imported 'GUID: dab91f148d99946e7b3c3a87ecf4b973' -> (Import Result ID: '707c97f0cbc500ba10f6c89051829af7') in 0.002 seconds [static and dynamic dependencies]. Details - ImportResultOutputID=35c3c9b5cbcbbca5d0254b5fd02e108a DependenciesID=248ff72e0db2a72dafa0af20b30c2e67 StaticDependenciesID=f26030ce9c180ad09559902541725464 
Importing 'GUID: ead32eef98d0a664fb5b025c4bf013d4 - Path: Packages/com.unity.collab-proxy/Editor/Assets/Images/iconcurrentbranch@2x.png' with importer (TextureImporter)
Imported 'GUID: ead32eef98d0a664fb5b025c4bf013d4' -> (Import Result ID: 'b9c4df5890d06adf97610b7d034e64ec') in 0.002 seconds [static and dynamic dependencies]. Details - ImportResultOutputID=865b07214c0bee586dc226a3effd7427 DependenciesID=48a664a190e9386c6bc2059019d323ef StaticDependenciesID=4aafe91e6696da5de0fe8ec56a96bd98 
Importing 'GUID: eae63adb172f1164db61a7f4bdfc3637 - Path: Packages/com.unity.timeline/Editor/StyleSheets/Images/DarkSkin/TimelineInfiniteTrackNoShadow.png' with importer (TextureImporter)
Imported 'GUID: eae63adb172f1164db61a7f4bdfc3637' -> (Import Result ID: '2fb1c39c55670db97d7d6986f491d72f') in 0.001 seconds [static and dynamic dependencies]. Details - ImportResultOutputID=d8f2c7f2155ec600686cafcc7bafa729 DependenciesID=34fda19e7036a649447fdde736b92d69 StaticDependenciesID=b0f819d5e12dfd87a114e627c3f0574b 
Importing 'GUID: ea3ade5b156544d20ac650e8bc9d2fdc - Path: Packages/com.unity.collab-proxy/Editor/Assets/Images/RGBABlue@2x.png' with importer (TextureImporter)
Imported 'GUID: ea3ade5b156544d20ac650e8bc9d2fdc' -> (Import Result ID: '10c44fc80ff36b85ed03068a351a6097') in 0.002 seconds [static and dynamic dependencies]. Details - ImportResultOutputID=2674db30a19ce136ba0cfee85263c110 DependenciesID=471f062b0e9ff7c957245a1851a65f79 StaticDependenciesID=8ab1642f09718e7ead51334aaf84bd0e 
Importing 'GUID: fa6bd40a216346b783a4cce741d277a5 - Path: Packages/com.unity.ugui/Editor Resources/Textures/btn_AlignJustified_Light.psd' with importer (TextureImporter)
Imported 'GUID: fa6bd40a216346b783a4cce741d277a5' -> (Import Result ID: 'cb24f2d77aa8df9bacc1290c60a4194d') in 0.001 seconds [static and dynamic dependencies]. Details - ImportResultOutputID=e16884121b43b42f3197b34409cb6613 DependenciesID=608dd6daf157e9f56b290b2487088d17 StaticDependenciesID=d57b575d93ec8dcf432dceb2dd80643e 
Importing 'GUID: 1b6bf0e7b03fea94987a73d0cb14781b - Path: Packages/com.unity.ai.navigation/EditorResources/Overlay/NavigationOverlay@128.png' with importer (TextureImporter)
Imported 'GUID: 1b6bf0e7b03fea94987a73d0cb14781b' -> (Import Result ID: '8d266f434ea04fdabef0dfc14452b33d') in 0.002 seconds [static and dynamic dependencies]. Details - ImportResultOutputID=6f6a234b2e60f01ba41c20831604fd1b DependenciesID=3a996dcfeab22c12201698d64fd87338 StaticDependenciesID=837bf2204dab780be180488dc9416008 
Importing 'GUID: 1b4c88814ec6241eb8e327515399c006 - Path: Packages/com.unity.multiplayer.center/Editor/MultiplayerCenterWindow/UI/Icons/d_PackageManager.png' with importer (TextureImporter)
Imported 'GUID: 1b4c88814ec6241eb8e327515399c006' -> (Import Result ID: '172055141a93f2d51b0a09c3c5d65ed5') in 0.001 seconds [static and dynamic dependencies]. Details - ImportResultOutputID=621afa8e1a5a114e0d57aeb5dbdc3632 DependenciesID=d6b576682f89be7d04f4d38728d5d390 StaticDependenciesID=9c062fcf021e889996105f24076ba561 
Importing 'GUID: 2bb4e96f5d0b02c468932d665a015c54 - Path: Packages/com.unity.collab-proxy/Editor/Assets/Images/d_iconlockedremoteoverlay@2x.png' with importer (TextureImporter)
Imported 'GUID: 2bb4e96f5d0b02c468932d665a015c54' -> (Import Result ID: 'bd109010c13b6b771ecfe67db0b15265') in 0.003 seconds [static and dynamic dependencies]. Details - ImportResultOutputID=f8fbdb53de74a946498b9ecf50ed29b9 DependenciesID=aab9a815b8862e49a9496f84a81a6ecd StaticDependenciesID=6e208a160962c1478f13f90fe4c210a2 
Importing 'GUID: 2b9bf8ec5d54fe249ac9e20979ccd42c - Path: Packages/com.unity.collab-proxy/Editor/Assets/Images/d_iconinviteusers@2x.png' with importer (TextureImporter)
Imported 'GUID: 2b9bf8ec5d54fe249ac9e20979ccd42c' -> (Import Result ID: '0da30319aeb61e3d4cd1b96641b9b296') in 0.002 seconds [static and dynamic dependencies]. Details - ImportResultOutputID=49a3e1d45dda5c5e381dacfc56542fed DependenciesID=81378bf77d02bd2a2291b0dc93efd5a7 StaticDependenciesID=1ef2eee36e8baff1f3c58437bf9fbd5e 
Importing 'GUID: 2b5c1c756642f9a4db4b4832fff5aa16 - Path: Packages/com.unity.multiplayer.center/Editor/MultiplayerCenterWindow/UI/Icons/BuildingBlocks/Matchmaking.png' with importer (TextureImporter)
Imported 'GUID: 2b5c1c756642f9a4db4b4832fff5aa16' -> (Import Result ID: '15df100044609b3b2979c13cedd49555') in 0.021 seconds [static and dynamic dependencies]. Details - ImportResultOutputID=49f324d9bd27cacb6520e63ca8c9a0c1 DependenciesID=ff9ebd2079848a30105d3eb15ef9a069 StaticDependenciesID=9d6c83cf540e987b4f6f8b1483df7c19 
Importing 'GUID: 3b9e9b3d9ade166499e7a17109ca73bf - Path: Packages/com.unity.timeline/Editor/StyleSheets/Images/DarkSkin/TimelineTimeCursor.png' with importer (TextureImporter)
Imported 'GUID: 3b9e9b3d9ade166499e7a17109ca73bf' -> (Import Result ID: 'e8b16708dace52e058de969611a4188f') in 0.001 seconds [static and dynamic dependencies]. Details - ImportResultOutputID=0a348974366f00ff8728baf7e168a2cb DependenciesID=73ccc52e2f35865ee7ac048c84803f68 StaticDependenciesID=90b3c1bdb3c12b40a34298b8e13a9082 
Importing 'GUID: 4bf6507f1346b2746a35384f6a5fd5f9 - Path: Packages/com.unity.timeline/Editor/StyleSheets/Images/Icons/TrackAvatarButtonEnabled.png' with importer (TextureImporter)
Imported 'GUID: 4bf6507f1346b2746a35384f6a5fd5f9' -> (Import Result ID: '5eb4eaeab47e4896aa1c0a6b1172e78a') in 0.001 seconds [static and dynamic dependencies]. Details - ImportResultOutputID=52f39b1d8d50e0e19bf264b615126859 DependenciesID=e47ff0bcf69bb4b99d4d03e7c3bdd1b3 StaticDependenciesID=f85d7a88618070db05823d0c8a41ab43 
Importing 'GUID: 5bc0112babc1a49bdbd1f6e5d9c13c7b - Path: Packages/com.unity.collab-proxy/Editor/Assets/Images/d_iconmergeview@2x.png' with importer (TextureImporter)
Imported 'GUID: 5bc0112babc1a49bdbd1f6e5d9c13c7b' -> (Import Result ID: 'e02e15fee150e64992b81463eda0f96d') in 0.002 seconds [static and dynamic dependencies]. Details - ImportResultOutputID=16f87f34933eb3bbaae37c27fac41cb3 DependenciesID=71046fcf2a2e17c18d5ccbddf7e04fd8 StaticDependenciesID=797690080538352444434ceeee89d085 
Importing 'GUID: 5b2a8a1e265e99b4fb8d77061490f397 - Path: Packages/com.unity.ai.navigation/EditorResources/Overlay/d_NavigationOverlay On@128.png' with importer (TextureImporter)
Imported 'GUID: 5b2a8a1e265e99b4fb8d77061490f397' -> (Import Result ID: '6055d5e16f142694129dda4d1757b79c') in 0.002 seconds [static and dynamic dependencies]. Details - ImportResultOutputID=b006226c59afbaa07ad8418f4e889d4f DependenciesID=a61d2bd055807873341e4e33255a5427 StaticDependenciesID=104418ed03a73f73b9356510f601d17a 
Importing 'GUID: 7b4b3cedf598c954cb2f38d6e2e34c0d - Path: Packages/com.unity.timeline/Editor/StyleSheets/Images/Icons/d_TimelineEditModeReplaceON.png' with importer (TextureImporter)
Imported 'GUID: 7b4b3cedf598c954cb2f38d6e2e34c0d' -> (Import Result ID: 'e43f856239d2f2594160b6cde7d1f283') in 0.002 seconds [static and dynamic dependencies]. Details - ImportResultOutputID=045d835bba9e29051655e65a74fc5f25 DependenciesID=3991c08bebeb65c6498af737ee23a27a StaticDependenciesID=a82076f59c7574208064403c0df2887d 
Importing 'GUID: 8b32b34c806b4de4cb7f04b3344b6966 - Path: Packages/com.unity.collab-proxy/Editor/Assets/Images/d_iconclouddriveview.png' with importer (TextureImporter)
Imported 'GUID: 8b32b34c806b4de4cb7f04b3344b6966' -> (Import Result ID: 'bd28c4a6031a9b482a3fc11b63dd6f3f') in 0.003 seconds [static and dynamic dependencies]. Details - ImportResultOutputID=0739688559203453e4eed521921d8c76 DependenciesID=c90eb90227b5f34882d7b99fc169b265 StaticDependenciesID=4dace6e83a54341951d82ddded2c2e0c 
Importing 'GUID: 8bc445bb79654bf496c92d0407840a92 - Path: Packages/com.unity.ugui/Editor Resources/Textures/btn_AlignBaseLine.psd' with importer (TextureImporter)
Imported 'GUID: 8bc445bb79654bf496c92d0407840a92' -> (Import Result ID: 'ae0ed8edd814035efa03fd4d0b0e337c') in 0.001 seconds [static and dynamic dependencies]. Details - ImportResultOutputID=411fa1709135f51bd1ec62448f3e1636 DependenciesID=b28203e3e41c0187e8c85bdd52aac5df StaticDependenciesID=9e77ebaf615f0af468340136b971e6fd 
Importing 'GUID: 9b76c79563c3a274aa48b0dbdf009693 - Path: Packages/com.unity.collab-proxy/Editor/Assets/Images/d_iconbrex@2x.png' with importer (TextureImporter)
Imported 'GUID: 9b76c79563c3a274aa48b0dbdf009693' -> (Import Result ID: '1a7751605e84ab9b62dae2b5f3841acc') in 0.002 seconds [static and dynamic dependencies]. Details - ImportResultOutputID=1390576480521adf16d70a4856799b48 DependenciesID=c1015feceeb5a30db41480b2f82ffcc3 StaticDependenciesID=c8d0e96eee961c907ee525181b471fb3 
Importing 'GUID: 9b17bb516dcde4f24a6183d3f09501e4 - Path: Packages/com.unity.collab-proxy/Editor/Assets/Images/d_iconzoomtofit.png' with importer (TextureImporter)
Imported 'GUID: 9b17bb516dcde4f24a6183d3f09501e4' -> (Import Result ID: 'b7cb70cc8387a2504258f63def47b140') in 0.002 seconds [static and dynamic dependencies]. Details - ImportResultOutputID=ee7314f221f86bf73c509809cc464af1 DependenciesID=281da1d76717aac6086eddac29e8d078 StaticDependenciesID=40311c7b1bc1598aaff5df7d33b35b29 
Importing 'GUID: aba1d680189d74b2db37c50a7ee06b0d - Path: Packages/com.unity.collab-proxy/Editor/Assets/Images/RGBAlpha.png' with importer (TextureImporter)
Imported 'GUID: aba1d680189d74b2db37c50a7ee06b0d' -> (Import Result ID: '3414ca42afc646c50b86c81e622fa40e') in 0.002 seconds [static and dynamic dependencies]. Details - ImportResultOutputID=0202b37fb39464e02bddeac9225b4467 DependenciesID=232ba721e5f924f352867c2dc13e0b8e StaticDependenciesID=9f01aa400a64fa0a63f5a5972498d7aa 
Importing 'GUID: ab97695f01bc84c4b93e8440531417e7 - Path: Packages/com.unity.collab-proxy/Editor/Assets/Images/iconbrex@2x.png' with importer (TextureImporter)
Imported 'GUID: ab97695f01bc84c4b93e8440531417e7' -> (Import Result ID: '430027d04aec69f5f1e4ab285b64bcdb') in 0.002 seconds [static and dynamic dependencies]. Details - ImportResultOutputID=be7d3c9e11ce12393ae69eae2fb93a17 DependenciesID=114c05b5e937069d3aba7f4da30e61fc StaticDependenciesID=cc1be1e971ec6d3961b5638b6db3c591 
Importing 'GUID: ab1e2f0dfb0df5e40bb95359b3d8ed3a - Path: Packages/com.unity.timeline/Editor/StyleSheets/Images/DarkSkin/TimelineIconClipIn.png' with importer (TextureImporter)
Imported 'GUID: ab1e2f0dfb0df5e40bb95359b3d8ed3a' -> (Import Result ID: '4f9a7b78a3c9bcf4e5227db72fa1e6e7') in 0.001 seconds [static and dynamic dependencies]. Details - ImportResultOutputID=f397a7fe605cc73db502d2e22e4e4a9c DependenciesID=619d5b909d694a0aa086128b816f85bd StaticDependenciesID=c10a7daf745639944f926ecae175efef 
Importing 'GUID: bb42b2d967d6427983c901a4ffc8ecd9 - Path: Packages/com.unity.ugui/Editor Resources/Textures/btn_AlignMidline_Light.psd' with importer (TextureImporter)
Imported 'GUID: bb42b2d967d6427983c901a4ffc8ecd9' -> (Import Result ID: '8b8786a69383840c5e56e5b007d1753f') in 0.002 seconds [static and dynamic dependencies]. Details - ImportResultOutputID=53d405f2966708abd10393c0a8b796ad DependenciesID=3bc32e68c79eb2cdfc2cf73660ca9af3 StaticDependenciesID=793c8764f168dd2924c82463e6ac067a 
Importing 'GUID: bb1928aff4fd4cf44af1f629dc14ef9b - Path: Packages/com.unity.collab-proxy/Editor/Assets/Images/d_iconcheckedoutlocaloverlay.png' with importer (TextureImporter)
Imported 'GUID: bb1928aff4fd4cf44af1f629dc14ef9b' -> (Import Result ID: '2513b58bcccc26d0696b090aebefe9dd') in 0.001 seconds [static and dynamic dependencies]. Details - ImportResultOutputID=b0e1dc97a30cc5e48de99d0942f0d91a DependenciesID=2c6f19110d7726ad0f57486292b5f48b StaticDependenciesID=3c9cad9900ec4388326c028aae6a40b5 
Importing 'GUID: db31466324572e740a431e4e0e03a016 - Path: Packages/com.unity.timeline/Editor/StyleSheets/Images/Icons/TrackMuteButtonDisabled@2x.png' with importer (TextureImporter)
Imported 'GUID: db31466324572e740a431e4e0e03a016' -> (Import Result ID: '511588459fac1e10b539cbdaa48ef533') in 0.002 seconds [static and dynamic dependencies]. Details - ImportResultOutputID=fe3d918d518e5f88c6a244147a4a6218 DependenciesID=cbe14cfdb51d79685c899a041af9bf40 StaticDependenciesID=066e5303be20969610037273f175004a 
Importing 'GUID: db15c78579dee4a4db85f392634c8ecc - Path: Packages/com.unity.timeline/Editor/StyleSheets/Images/Icons/d_TrackRecordButtonDisabled@2x.png' with importer (TextureImporter)
Imported 'GUID: db15c78579dee4a4db85f392634c8ecc' -> (Import Result ID: 'cd14236aa584a091756333336ca300cf') in 0.002 seconds [static and dynamic dependencies]. Details - ImportResultOutputID=41b67e767fe5b8f1bb92e8fefddd0c0b DependenciesID=749cc296f95265600e0c6efe9021f452 StaticDependenciesID=f2c97426b65769aa74ce3dd19e023fd4 
Importing 'GUID: db66ea47c76423f4a881937d34495801 - Path: Packages/com.unity.timeline/Editor/StyleSheets/Images/Shared/TimelineBottomShadow.png' with importer (TextureImporter)
Imported 'GUID: db66ea47c76423f4a881937d34495801' -> (Import Result ID: '384d8027910e2fab2b051d73eec8c596') in 0.003 seconds [static and dynamic dependencies]. Details - ImportResultOutputID=6b4ac4636e13e61e9c2bc2d96ca8f551 DependenciesID=363d961709bb823a18c193f08b2b0b32 StaticDependenciesID=13793959f2e084ec521508431e94c795 
Importing 'GUID: eb56188e070e442c4b93b8856b5c1ab0 - Path: Packages/com.unity.collab-proxy/Editor/Assets/Images/d_iconprivateoverlay@2x.png' with importer (TextureImporter)
Imported 'GUID: eb56188e070e442c4b93b8856b5c1ab0' -> (Import Result ID: '48be7050b13d50f98c9bea354a94219e') in 0.002 seconds [static and dynamic dependencies]. Details - ImportResultOutputID=d1b90b61c05db0e635c0891d03ce761d DependenciesID=094cd19807bf0f54a0702c63e0b2fce6 StaticDependenciesID=f9d75838e597b3dcf07cf7503c7a2ca1 
Importing 'GUID: eb591dd22aae343468cc4dd017c550d0 - Path: Packages/com.unity.collab-proxy/Editor/Assets/Images/iconcheckedoutlocaloverlay.png' with importer (TextureImporter)
Imported 'GUID: eb591dd22aae343468cc4dd017c550d0' -> (Import Result ID: '5a23be7fe202356fd6c8a0767de422c0') in 0.002 seconds [static and dynamic dependencies]. Details - ImportResultOutputID=3cdf88221a6cbb458c2288bf443617cd DependenciesID=2ced0ea03a36e59d3337990c8dce425e StaticDependenciesID=bec09710fbcebc5695ca15b0b760a8d0 
Importing 'GUID: eb1c900f0d4a3ee42a9a49630bf88a12 - Path: Packages/com.unity.collab-proxy/Editor/Assets/Images/iconplasticnotifypendingchanges@2x.png' with importer (TextureImporter)
Imported 'GUID: eb1c900f0d4a3ee42a9a49630bf88a12' -> (Import Result ID: '18560b71759f88655589693ec97bbdc0') in 0.004 seconds [static and dynamic dependencies]. Details - ImportResultOutputID=b4ecc968998665916623d61ce4278929 DependenciesID=4e949f57e88c4bee00d6bac3102a67ce StaticDependenciesID=423c4e306eebfd6e4ba3678fb1248e85 
Importing 'GUID: eb5eaf673b49645f88e72f5122b40988 - Path: Packages/com.unity.collab-proxy/Editor/Assets/Images/d_iconarrowdown@2x.png' with importer (TextureImporter)
Imported 'GUID: eb5eaf673b49645f88e72f5122b40988' -> (Import Result ID: 'd09bfa39db3255d6512f66bff6c80259') in 0.003 seconds [static and dynamic dependencies]. Details - ImportResultOutputID=cc16a9797b2c87c8ec2db059f82b5e58 DependenciesID=b38045aa128aa563e4660cc5553f4ca3 StaticDependenciesID=0e85e90c73cb5208097e2019659e5ac7 
Importing 'GUID: fb519413feea947a6a64d10369922196 - Path: Packages/com.unity.collab-proxy/Editor/Assets/Images/d_iconzoomtofit@2x.png' with importer (TextureImporter)
Imported 'GUID: fb519413feea947a6a64d10369922196' -> (Import Result ID: 'e5d65765fe9406d55406c487ab2c69b9') in 0.004 seconds [static and dynamic dependencies]. Details - ImportResultOutputID=9268e3a74fd39bd3f16e2176a0bfc67f DependenciesID=f646a302099590a1818947113e8a78f1 StaticDependenciesID=e43cca1892f9de7b505796682d8619e0 
Importing 'GUID: fb5730e24283d0c489e5c7d0bee023d9 - Path: Packages/com.unity.ugui/Editor Resources/Textures/SectionHeader_Dark.psd' with importer (TextureImporter)
Imported 'GUID: fb5730e24283d0c489e5c7d0bee023d9' -> (Import Result ID: 'e68b55fd37408607104864788520a058') in 0.002 seconds [static and dynamic dependencies]. Details - ImportResultOutputID=f3138615d0dc36d72cce25e0d4a262e9 DependenciesID=8f546b62fcdece29150724ac67cc10f6 StaticDependenciesID=99bc241f7e2a94c70be8fb85441f2221 
Importing 'GUID: fb5a53c57b7d2e4438d1e9c756a0123d - Path: Packages/com.unity.multiplayer.center/Editor/MultiplayerCenterWindow/UI/Icons/Samples/Casual_header.png' with importer (TextureImporter)
Imported 'GUID: fb5a53c57b7d2e4438d1e9c756a0123d' -> (Import Result ID: '504ed54d69bc9b0c53093e18cd25a623') in 0.011 seconds [static and dynamic dependencies]. Details - ImportResultOutputID=e925c8e7b19c7660d1f6c5220a80cbb3 DependenciesID=32fe7427e1303bda6e7efc30ee723cf8 StaticDependenciesID=664ba06bfce3f6e9d3601ba94ed821aa 
Importing 'GUID: fb6daef73b4fc4a12b9cbd4fb0fc4d0d - Path: Packages/com.unity.collab-proxy/Editor/Assets/Images/d_RGBAGreen@2x.png' with importer (TextureImporter)
Imported 'GUID: fb6daef73b4fc4a12b9cbd4fb0fc4d0d' -> (Import Result ID: '316963ef13f53ff9273e044bbbdeb019') in 0.003 seconds [static and dynamic dependencies]. Details - ImportResultOutputID=4f0a55a496b0da12c5bb6b199f074e5e DependenciesID=61f47de7ee20b53db557dddbb61dc269 StaticDependenciesID=87ab3e3d68fa0a913d220d3584c9ef3a 
Importing 'GUID: fbcdeb07ee516a64daa01ce462874280 - Path: Packages/com.unity.timeline/Editor/StyleSheets/Images/Icons/d_TrackCurvesButtonEnabled.png' with importer (TextureImporter)
Imported 'GUID: fbcdeb07ee516a64daa01ce462874280' -> (Import Result ID: 'b93d5b29b78e43e8e9a8dc131ff931c2') in 0.002 seconds [static and dynamic dependencies]. Details - ImportResultOutputID=00b4ae4532925244f48064b6984d662d DependenciesID=e2cafffffb28eaefa610738674903168 StaticDependenciesID=0bb5cf5bfb99d183e07f1f9e5356f571 
Importing 'GUID: fbfdd7d489e0bd54f946ebc8e19db8bd - Path: Packages/com.unity.collab-proxy/Editor/Assets/Images/hideversioncontrol@2x.png' with importer (TextureImporter)
Imported 'GUID: fbfdd7d489e0bd54f946ebc8e19db8bd' -> (Import Result ID: '61068c431151c8a138e8b87b5bdf037f') in 0.002 seconds [static and dynamic dependencies]. Details - ImportResultOutputID=ba49aade1e3fee0e0a9bc2bf2abe1547 DependenciesID=d1457f5d74c39709d43c6d415be18b95 StaticDependenciesID=8f91021fd61e3a4d5d5dfd47b1cc35d2 
Importing 'GUID: 0c6a2a64ca9f9c946a7dbbd1674cf5bd - Path: Packages/com.unity.collab-proxy/Editor/Assets/Images/d_iconaddedlocal.png' with importer (TextureImporter)
Imported 'GUID: 0c6a2a64ca9f9c946a7dbbd1674cf5bd' -> (Import Result ID: 'b42add2d8b71fe5e096ad29525df1379') in 0.001 seconds [static and dynamic dependencies]. Details - ImportResultOutputID=b139048886c817fb423dc36e93558f41 DependenciesID=58dc925b6919c08bd423a8274d73419d StaticDependenciesID=57eb39df4d2f2b811cb91e3886f6b77e 
Importing 'GUID: 1c16a099b53fd4712b2d4cdb8fecd9f8 - Path: Packages/com.unity.collab-proxy/Editor/Assets/Images/ArrowCaretLeft.png' with importer (TextureImporter)
Imported 'GUID: 1c16a099b53fd4712b2d4cdb8fecd9f8' -> (Import Result ID: '796f1ed203f9140e129fcdd348390634') in 0.002 seconds [static and dynamic dependencies]. Details - ImportResultOutputID=d3efb35190e48836c04c351fcbbf550c DependenciesID=fc5e7f75caadd8125611a6c03bbb2451 StaticDependenciesID=2a6c77d7519d4872253e1e159f482cdc 
Importing 'GUID: 1c89fbe185cd30b4584ab3d5476807eb - Path: Packages/com.unity.ai.navigation/EditorResources/Overlay/NavigationOverlay On@16.png' with importer (TextureImporter)
Imported 'GUID: 1c89fbe185cd30b4584ab3d5476807eb' -> (Import Result ID: '059cda956483b9c873b66580663f5127') in 0.002 seconds [static and dynamic dependencies]. Details - ImportResultOutputID=f6ae22b33b547393b29ad5fe04994849 DependenciesID=92a65074746ebc0502a8e84181ecf2b8 StaticDependenciesID=4deacfe46f34d7b5eca58a83c7b3cfff 
Importing 'GUID: 2c85066ea99cfbe4f90294bf295ce543 - Path: Packages/com.unity.timeline/Editor/StyleSheets/Images/Icons/d_TrackLockButtonEnabled@2x.png' with importer (TextureImporter)
Imported 'GUID: 2c85066ea99cfbe4f90294bf295ce543' -> (Import Result ID: 'c066cfa91c8df382729e6b5847ee31b9') in 0.002 seconds [static and dynamic dependencies]. Details - ImportResultOutputID=7423471a5a1a0126d7a92e0df6ec049e DependenciesID=2944ac69187f02cf924a5be64e882949 StaticDependenciesID=e81c3531638aa33ad09e2dad89d4518d 
Importing 'GUID: 2cb589d4e01184d928bb698f06e77561 - Path: Packages/com.unity.multiplayer.center/Editor/MultiplayerCenterWindow/UI/Icons/N4E@2x.png' with importer (TextureImporter)
Imported 'GUID: 2cb589d4e01184d928bb698f06e77561' -> (Import Result ID: 'a5f7d6efb6adfbc2da011340968ab22d') in 0.003 seconds [static and dynamic dependencies]. Details - ImportResultOutputID=6540e2527beb290e378b4be34a602aea DependenciesID=e035e73a2e5c0513a770626ea1dcaaa1 StaticDependenciesID=88b081f6dc740e86e9aefa80f3cc9b21 
Importing 'GUID: 2cfbf6619eb047545a425e8a31732c83 - Path: Packages/com.unity.collab-proxy/Editor/Assets/Images/d_icondeletedremoteoverlay@2x.png' with importer (TextureImporter)
Imported 'GUID: 2cfbf6619eb047545a425e8a31732c83' -> (Import Result ID: '54dfec6857a3282943967a0ccd7bcdc0') in 0.002 seconds [static and dynamic dependencies]. Details - ImportResultOutputID=fd3d3cf7f8b4675a3f9208a7495a9000 DependenciesID=d18276fbfcabdff18fcfbc1a665166cb StaticDependenciesID=afcffe2bfa4f246ac4efae1d7e2246d5 
Importing 'GUID: 3cf3224ba1fae41148f493488b5ac83e - Path: Packages/com.unity.collab-proxy/Editor/Assets/Images/d_iconnext@2x.png' with importer (TextureImporter)
Imported 'GUID: 3cf3224ba1fae41148f493488b5ac83e' -> (Import Result ID: '4c1bc1abca727a3ac332e6fad35546a6') in 0.002 seconds [static and dynamic dependencies]. Details - ImportResultOutputID=7ce1a86d791dcb95c3560618ac4c5d20 DependenciesID=4e4737fc481457190f76d63f7f298674 StaticDependenciesID=c2484adf026a41059a33e028deaefa56 
Importing 'GUID: 3cf8ae89579fd29479f4269d09600e16 - Path: Packages/com.unity.collab-proxy/Editor/Assets/Images/d_iconinfobellnotification@2x.png' with importer (TextureImporter)
Imported 'GUID: 3cf8ae89579fd29479f4269d09600e16' -> (Import Result ID: '56740c178497743c74bc9bd4fde1521d') in 0.002 seconds [static and dynamic dependencies]. Details - ImportResultOutputID=280e88969916696b8e347ab1de42f573 DependenciesID=e72b2f6528956576b9ae2537c1f683aa StaticDependenciesID=d5c2cddc6a12d2e70b31249efba90cb9 
Importing 'GUID: 3cbf8d5b4d364724baa11fed1344d029 - Path: Packages/com.unity.collab-proxy/Editor/Assets/Images/iconedit.png' with importer (TextureImporter)
Imported 'GUID: 3cbf8d5b4d364724baa11fed1344d029' -> (Import Result ID: '983af03a78315f40a4ca00bc2f1cf0b9') in 0.004 seconds [static and dynamic dependencies]. Details - ImportResultOutputID=bbb1537d1d2047e65c3c4e6ed9fd2979 DependenciesID=87b2fb6a8386f67fe6c1b6952388e230 StaticDependenciesID=995dfb214c4a1d6324ad30ac4cf2c32b 
Importing 'GUID: 4c635bf514a064e8d9688218d937fe77 - Path: Packages/com.unity.collab-proxy/Editor/Assets/Images/exclusionrule@2x.png' with importer (TextureImporter)
Imported 'GUID: 4c635bf514a064e8d9688218d937fe77' -> (Import Result ID: 'b55556c8ede742fb166b12b77d1b3207') in 0.003 seconds [static and dynamic dependencies]. Details - ImportResultOutputID=03fb459ca5c2ad6bd3782a044dd687a3 DependenciesID=15a81de0bc1f9ca00bd363d34b3b7625 StaticDependenciesID=e43ff6e31ffa1804d3f09aff0ea3bf76 
Importing 'GUID: 4cffcba66879d7a4a9da8554709e9825 - Path: Packages/com.unity.collab-proxy/Editor/Assets/Images/iconlockedremoteoverlay.png' with importer (TextureImporter)
Imported 'GUID: 4cffcba66879d7a4a9da8554709e9825' -> (Import Result ID: '360d23a44ce8b161e7c8d97bdca1e9a7') in 0.002 seconds [static and dynamic dependencies]. Details - ImportResultOutputID=ff5c2eb59cb43adae8d0a9c2937e824f DependenciesID=720e9dc9391b9323fbb3388af8273387 StaticDependenciesID=58c9f443d6bb69673922b43ee251e56c 
Importing 'GUID: 5c5ac68c1bc4e104f9e987b9d1da4556 - Path: Packages/com.unity.ai.navigation/EditorResources/Overlay/d_NavigationOverlay On.png' with importer (TextureImporter)
Imported 'GUID: 5c5ac68c1bc4e104f9e987b9d1da4556' -> (Import Result ID: '87c02c78ca314ef284e1433756fc6a68') in 0.002 seconds [static and dynamic dependencies]. Details - ImportResultOutputID=13eb3cb3e7739adae07f2f2bcfbe8bb4 DependenciesID=8a37a7310121afaffd051e19b67a1da1 StaticDependenciesID=f6ccb784adeb756e924092b66c60fd79 
Importing 'GUID: 6ca5daa3415451940921fa7e2c3db9e8 - Path: Packages/com.unity.timeline/Editor/StyleSheets/Images/Shared/TimelineGroupBackground.png' with importer (TextureImporter)
Imported 'GUID: 6ca5daa3415451940921fa7e2c3db9e8' -> (Import Result ID: '3e00b1d8908bde7a6c3a14e24516ec91') in 0.002 seconds [static and dynamic dependencies]. Details - ImportResultOutputID=afeb2479091b31c13f6c7425bfcf2334 DependenciesID=9bc5df2bdad59e7665b561c88b89bafd StaticDependenciesID=f23c5ada913275a80a899b18c25a8e9f 
Importing 'GUID: 7c05578092876a0458b8b480269aef86 - Path: Packages/com.unity.timeline/Editor/StyleSheets/Images/Icons/TrackAvatarButtonDisabled@2x.png' with importer (TextureImporter)
Imported 'GUID: 7c05578092876a0458b8b480269aef86' -> (Import Result ID: '1da4664b942e180257841e275c037683') in 0.002 seconds [static and dynamic dependencies]. Details - ImportResultOutputID=25bb9602884c154419c765b2715b50bd DependenciesID=f6d81efa95b3712f96e665af6e9d88ce StaticDependenciesID=193dafd261697d213cf500755f62127e 
Importing 'GUID: 7c681ffb5a436684fa3e98a9b66775c0 - Path: Packages/com.unity.timeline/Editor/StyleSheets/Images/Icons/d_TimelineEditModeMixON.png' with importer (TextureImporter)
Imported 'GUID: 7c681ffb5a436684fa3e98a9b66775c0' -> (Import Result ID: '6f1e9ccf76d0899366aaa6ffd0862654') in 0.002 seconds [static and dynamic dependencies]. Details - ImportResultOutputID=1bd5dfbbd9b3f8f1ceb23b1629c37d03 DependenciesID=200e54cf8bda67485cc01c2f31fd6989 StaticDependenciesID=ca77abc5207719157b10226857eab5dc 
Importing 'GUID: 8c6487f945627471fb8a5adb32901fe8 - Path: Packages/com.unity.collab-proxy/Editor/Assets/Images/iconfirst@2x.png' with importer (TextureImporter)
Imported 'GUID: 8c6487f945627471fb8a5adb32901fe8' -> (Import Result ID: '6479156086cce3cc6b640830a6563004') in 0.003 seconds [static and dynamic dependencies]. Details - ImportResultOutputID=cfa612f7630ae2189adde505d9b562b5 DependenciesID=b4898bb3e39f8af6dddec8087f5fc1b4 StaticDependenciesID=2b2e3774c349c74fd9da96ff6444b6cf 
Importing 'GUID: 9c706019afb28944eb19b500ea0da38c - Path: Packages/com.unity.timeline/Editor/StyleSheets/Images/Icons/d_TrackMuteButtonDisabled@2x.png' with importer (TextureImporter)
Imported 'GUID: 9c706019afb28944eb19b500ea0da38c' -> (Import Result ID: '53d5e6aa2675b7bebb9a334ece12978c') in 0.003 seconds [static and dynamic dependencies]. Details - ImportResultOutputID=72166303dc304028cc2a124501e5c705 DependenciesID=c7267ff1aec30b7d2e3591ae302bbfcd StaticDependenciesID=36e7e09ba1048a29ecb610e1c1430b6c 
Importing 'GUID: 9ce84ff0fdeb13d4a83f077d075dd9a5 - Path: Packages/com.unity.collab-proxy/Editor/Assets/Images/step1.png' with importer (TextureImporter)
Imported 'GUID: 9ce84ff0fdeb13d4a83f077d075dd9a5' -> (Import Result ID: 'dc02dd78ebd7a0160acc8065b3e6d427') in 0.002 seconds [static and dynamic dependencies]. Details - ImportResultOutputID=671a47f27afb6e56817ca189ebd53cde DependenciesID=c299025248d37cf7f75af4938db5772d StaticDependenciesID=a6d0536877a6f6d5f3f151adf683d97f 
Importing 'GUID: 9c6daec86666cbb4b9e558b839a103db - Path: Packages/com.unity.timeline/Editor/StyleSheets/Images/Icons/d_TrackRecordButtonDisabled.png' with importer (TextureImporter)
Imported 'GUID: 9c6daec86666cbb4b9e558b839a103db' -> (Import Result ID: '5680abb4b75337a84046beac43722ed8') in 0.001 seconds [static and dynamic dependencies]. Details - ImportResultOutputID=34fbc565c863021878dec6c9c02979bb DependenciesID=c159e09ecf718f2b004898b300f8fe81 StaticDependenciesID=9a5f535aa759d7bfb61c06f1c5e7c8ea 
Importing 'GUID: 9cadde7a0d5f9024ab3f2cd5f6a740d6 - Path: Packages/com.unity.collab-proxy/Editor/Assets/Images/d_iconclosebutton.png' with importer (TextureImporter)
Imported 'GUID: 9cadde7a0d5f9024ab3f2cd5f6a740d6' -> (Import Result ID: '94f2822314447afa7b5102701992f3f9') in 0.001 seconds [static and dynamic dependencies]. Details - ImportResultOutputID=e64366043fa08c2b84cc3b4345f7dad4 DependenciesID=305afaeda3ab874ffd924cc3b937d37a StaticDependenciesID=c6e4dcc20db7cee02be9e28b2a415be3 
Importing 'GUID: ac5017dfbeee42347b3b45ecc572674e - Path: Packages/com.unity.timeline/Editor/StyleSheets/Images/Icons/d_TrackMuteButtonEnabled.png' with importer (TextureImporter)
Imported 'GUID: ac5017dfbeee42347b3b45ecc572674e' -> (Import Result ID: '0588397b0d9ebc7e27b0c083610518e8') in 0.001 seconds [static and dynamic dependencies]. Details - ImportResultOutputID=f0271ed1801434f8d282ac386dea17d6 DependenciesID=bc47a277eba036c53bc4c950551e878c StaticDependenciesID=caaeb3a3136ccada90f5ad6debf6585e 
Importing 'GUID: ac7f13e3d1c241a2991bdbd0c8babbfa - Path: Packages/com.unity.multiplayer.center/Editor/MultiplayerCenterWindow/UI/Icons/Samples/casual-co-op-preview-light.png' with importer (TextureImporter)
Imported 'GUID: ac7f13e3d1c241a2991bdbd0c8babbfa' -> (Import Result ID: 'e3fba17627a1dd03325f4cc0a19daa27') in 0.008 seconds [static and dynamic dependencies]. Details - ImportResultOutputID=18b0ac60c51e1169398bb067b5b1aab3 DependenciesID=87b300dcd07735a93161938abff160e1 StaticDependenciesID=2acd373c67ee3f6bfb0aa6d04c4807a6 
Importing 'GUID: bcc1ec3ffeb1c46f7abd19daa3e05f49 - Path: Packages/com.unity.collab-proxy/Editor/Assets/Images/d_inclusionrule@2x.png' with importer (TextureImporter)
Imported 'GUID: bcc1ec3ffeb1c46f7abd19daa3e05f49' -> (Import Result ID: '7cbb2eeeaf78f1dc7d185c08beca1181') in 0.002 seconds [static and dynamic dependencies]. Details - ImportResultOutputID=7bd96583b0d4ad3908ab9e413a362250 DependenciesID=5acca53e06134ef63965774a6c21a2eb StaticDependenciesID=cc152e7fd740b3e1a550a1a4871f76ef 
Importing 'GUID: cc036907824004dbfa9a0420b439ac67 - Path: Packages/com.unity.collab-proxy/Editor/Assets/Images/d_RGBARed.png' with importer (TextureImporter)
Imported 'GUID: cc036907824004dbfa9a0420b439ac67' -> (Import Result ID: '3de6f0c803c4a82a39422d1b212dbf4c') in 0.002 seconds [static and dynamic dependencies]. Details - ImportResultOutputID=4d6412dabef1fd29522d69971fce9e6c DependenciesID=c4dbd218224d285a0ee5a538d69bc731 StaticDependenciesID=3d3d53117ee51b5963a58d012389cea8 
Importing 'GUID: cc7b9475dbddf4f9088d327d6e10ab77 - Path: Packages/com.unity.ai.navigation/Gizmos/NavMeshModifierVolume Icon.png' with importer (TextureImporter)
Imported 'GUID: cc7b9475dbddf4f9088d327d6e10ab77' -> (Import Result ID: '30b3d647e74f60796334ff5a3a416dce') in 0.004 seconds [static and dynamic dependencies]. Details - ImportResultOutputID=cd86fd826d02ac04d6bb75e543781446 DependenciesID=43bd98bb18aa9a0b8f83c771f5ea2ecf StaticDependenciesID=8ffe1f92da048ce8eaf95e1052e497d8 
Importing 'GUID: dce12af736e0a4a1ba35d6424f897dc9 - Path: Packages/com.unity.multiplayer.center/Editor/MultiplayerCenterWindow/UI/Icons/CustomNetcode.png' with importer (TextureImporter)
Imported 'GUID: dce12af736e0a4a1ba35d6424f897dc9' -> (Import Result ID: 'da90a3029115d6808c454addb044b907') in 0.002 seconds [static and dynamic dependencies]. Details - ImportResultOutputID=76df338d07d200ee8e9b8c7f51660c7a DependenciesID=d2df7ebb6f7650e4e1edfa377afb1f12 StaticDependenciesID=c59806cc33eb93e34990ed03404a4311 
Importing 'GUID: dcb2ee37925b97e438ae244996d81a55 - Path: Packages/com.unity.collab-proxy/Editor/Assets/Images/iconplasticview.png' with importer (TextureImporter)
Imported 'GUID: dcb2ee37925b97e438ae244996d81a55' -> (Import Result ID: 'e854ba447ec048203cf8c0b3b9f464e6') in 0.002 seconds [static and dynamic dependencies]. Details - ImportResultOutputID=d2d0c52614db4d2749d3cb19bf74be09 DependenciesID=57fac32b15b88c131e7de985cfcd67ba StaticDependenciesID=d314c7fb5e7ba2d3fa45aaf393d979da 
Importing 'GUID: dc633de6e6e7415448c7568418239a9d - Path: Packages/com.unity.collab-proxy/Editor/Assets/Images/d_iconoutofsyncoverlay.png' with importer (TextureImporter)
Imported 'GUID: dc633de6e6e7415448c7568418239a9d' -> (Import Result ID: 'b54d02bb4589d06a236e048b42e6bb6f') in 0.002 seconds [static and dynamic dependencies]. Details - ImportResultOutputID=3a1c079fa49fcdaf6f64537dd645a9d3 DependenciesID=fa6e8e08336e5e7b5ea1c7e6f8163560 StaticDependenciesID=fe17c5850389a630d9f2694fdab59f2e 
Importing 'GUID: ec597fbbebec64e4f8725c31ce52fdb7 - Path: Packages/com.unity.collab-proxy/Editor/Assets/Images/d_hideversioncontrol.png' with importer (TextureImporter)
Imported 'GUID: ec597fbbebec64e4f8725c31ce52fdb7' -> (Import Result ID: '7061e2cfd12d6e06fb1dc12cb6e913fb') in 0.002 seconds [static and dynamic dependencies]. Details - ImportResultOutputID=8f0c97a7359678ed223d80c0f2bf9956 DependenciesID=c09db3296fb1a0cf3dc7d4efad477d30 StaticDependenciesID=9f8e7db7855570a3fc29df3cb2be4440 
Importing 'GUID: ec7c645d93308c04d8840982af12101e - Path: Packages/com.unity.ugui/Editor Resources/Gizmos/TMP - Sprite Asset Icon.psd' with importer (TextureImporter)
Imported 'GUID: ec7c645d93308c04d8840982af12101e' -> (Import Result ID: '7f1059d7ac29d3cc101b85033799460d') in 0.002 seconds [static and dynamic dependencies]. Details - ImportResultOutputID=c05f45e6cd38e0bcfcf31c81751c6073 DependenciesID=e67716c0aac56dd723c97dcd452bae60 StaticDependenciesID=da6dc773fe60859d1662f70ef9f74706 
Importing 'GUID: fc46fceb4d1516544b7f503337211f65 - Path: Packages/com.unity.ai.navigation/EditorResources/Overlay/NavigationOverlay@64.png' with importer (TextureImporter)
Imported 'GUID: fc46fceb4d1516544b7f503337211f65' -> (Import Result ID: '3263e441590970469c7e1563ef9541fb') in 0.002 seconds [static and dynamic dependencies]. Details - ImportResultOutputID=95d77e7a1639e9b096844c53ba2ec728 DependenciesID=c3d004df1b3d5966abe306330aef9d71 StaticDependenciesID=5b80e4c3726c2dc0e337cb791256bae9 
Importing 'GUID: fcbeb36f6ab89fb498ccbbc3bc2ef51c - Path: Packages/com.unity.collab-proxy/Editor/Assets/Images/iconignoredoverlay@2x.png' with importer (TextureImporter)
Imported 'GUID: fcbeb36f6ab89fb498ccbbc3bc2ef51c' -> (Import Result ID: 'a5ea6958ace21229982cbdd3d5c42363') in 0.002 seconds [static and dynamic dependencies]. Details - ImportResultOutputID=146168cc54cf1daed6457a5afc27e218 DependenciesID=588b58e83072adc4cd2dd2d340514ecd StaticDependenciesID=1ab90d0bb29c4826027709c2b2b95d77 
Importing 'GUID: 0d497449299bb1c49bf466d38d12a147 - Path: Packages/com.unity.multiplayer.center/Editor/MultiplayerCenterWindow/UI/Icons/Samples/BB_Matchmaker.png' with importer (TextureImporter)
Imported 'GUID: 0d497449299bb1c49bf466d38d12a147' -> (Import Result ID: 'bb6e017ec14d1884aba13274d7eb2454') in 0.266 seconds [static and dynamic dependencies]. Details - ImportResultOutputID=f6ea97b0693e99942cb13f44627dbab7 DependenciesID=abef2e8c4d432213d55b322fd38770ab StaticDependenciesID=03483331a99d513a9416367ce96d3b3e 
Importing 'GUID: 0d9a36012a224080966c7b55896aa0f9 - Path: Packages/com.unity.ugui/Editor Resources/Textures/btn_AlignCapLine.psd' with importer (TextureImporter)
Imported 'GUID: 0d9a36012a224080966c7b55896aa0f9' -> (Import Result ID: '1b139c15f2fe6fc88e3ba3b7e0a5658a') in 0.002 seconds [static and dynamic dependencies]. Details - ImportResultOutputID=356e4fed3287d790ed054772f20ea71a DependenciesID=ce6182cce08be188422af1477d33d550 StaticDependenciesID=9221d101b9b9810e92c30fc199af23d1 
Importing 'GUID: 0dfbb2b6ddcdd254da80e3418498b3a6 - Path: Packages/com.unity.collab-proxy/Editor/Assets/Images/iconundo@2x.png' with importer (TextureImporter)
Imported 'GUID: 0dfbb2b6ddcdd254da80e3418498b3a6' -> (Import Result ID: '4297f5442fd22db2ccdfb7fd024a4b6a') in 0.002 seconds [static and dynamic dependencies]. Details - ImportResultOutputID=499e2d5b6e6595019e27b698f5760511 DependenciesID=737dff746da2bf04311a4cfd2f0da208 StaticDependenciesID=f273a0917eb5fa35e741959fefd99595 
Importing 'GUID: 1dc16508006061742a802767b556accc - Path: Packages/com.unity.collab-proxy/Editor/Assets/Images/d_iconpackageupdateavailable.png' with importer (TextureImporter)
Imported 'GUID: 1dc16508006061742a802767b556accc' -> (Import Result ID: 'd3bdc2c273cab9523a857a6cadc5453b') in 0.003 seconds [static and dynamic dependencies]. Details - ImportResultOutputID=446307a9ab11bc18a6bb5560f9297729 DependenciesID=330f5c323d629ed3099c1b017e4f953e StaticDependenciesID=e2cc1f1248f9d39857c75db57b19bbcf 
Importing 'GUID: 1d3607c28f2ac434d8e003c4934b2a3b - Path: Packages/com.unity.collab-proxy/Editor/Assets/Images/d_RGBAlpha.png' with importer (TextureImporter)
Imported 'GUID: 1d3607c28f2ac434d8e003c4934b2a3b' -> (Import Result ID: 'b5600a77e76441013f769d307023b93f') in 0.002 seconds [static and dynamic dependencies]. Details - ImportResultOutputID=2d1768415e133316dd34653fdfddf9dc DependenciesID=bc182297eed99cb9e84b8712cafa2d71 StaticDependenciesID=5ae2b87fd99f5c21ba672fa2eafe20e4 
Importing 'GUID: 1dacc9e843ef1444fad71e40913ef05c - Path: Packages/com.unity.ai.navigation/EditorResources/Overlay/d_NavigationOverlay@64.png' with importer (TextureImporter)
Imported 'GUID: 1dacc9e843ef1444fad71e40913ef05c' -> (Import Result ID: 'c2fee660993b75ec2f38c159f9cc2f6b') in 0.002 seconds [static and dynamic dependencies]. Details - ImportResultOutputID=2a01c1e672c08dfa1224c3ab8dc12ed5 DependenciesID=cf63618512883dbfec374fe49515d286 StaticDependenciesID=48dcedad101d131db15bfaf50e2e5082 
Importing 'GUID: 1daed49eec0f94f7ebb36dfef6159884 - Path: Packages/com.unity.multiplayer.center/Editor/MultiplayerCenterWindow/UI/Icons/NoNetcode.png' with importer (TextureImporter)
Imported 'GUID: 1daed49eec0f94f7ebb36dfef6159884' -> (Import Result ID: '2833f68bf401630767ddf486336320f3') in 0.002 seconds [static and dynamic dependencies]. Details - ImportResultOutputID=02f50c13077b13fa61ee3733227f41b2 DependenciesID=7d9a595e6983323309f10909d4cd1f50 StaticDependenciesID=e4df2e3bf6a0c4d3331939cf8e7e8f95 
Importing 'GUID: 3dd65256ca8837544b3e738c0d3ee0e2 - Path: Packages/com.unity.timeline/Editor/StyleSheets/Images/DarkSkin/TimelineMarkerItemSelected.png' with importer (TextureImporter)
Imported 'GUID: 3dd65256ca8837544b3e738c0d3ee0e2' -> (Import Result ID: '200d627f4211129ebd116e3cfd35622a') in 0.002 seconds [static and dynamic dependencies]. Details - ImportResultOutputID=13c66775d2d4d1addf9533ff1f1d9459 DependenciesID=4025dee673acfae38f60c52ec8bc9911 StaticDependenciesID=6a84e4b21070571b250f0d274a60f21b 
Importing 'GUID: 3de8a0634e55df8499c88204001cb0dd - Path: Packages/com.unity.collab-proxy/Editor/Assets/Images/d_icondeletedremoteoverlay.png' with importer (TextureImporter)
Imported 'GUID: 3de8a0634e55df8499c88204001cb0dd' -> (Import Result ID: '008e5781f0aed69bb0756f35879ed9ec') in 0.002 seconds [static and dynamic dependencies]. Details - ImportResultOutputID=5931e4330f7fd7e37eee0d7667d2dfe4 DependenciesID=5f1e17e183004060cff354b6af15e269 StaticDependenciesID=9a3761d626852b5afe5e1bc1176c7908 
Importing 'GUID: 4d122458f85ea4e1d9e853cfb7539f46 - Path: Packages/com.unity.collab-proxy/Editor/Assets/Images/d_iconarrowdown.png' with importer (TextureImporter)
Imported 'GUID: 4d122458f85ea4e1d9e853cfb7539f46' -> (Import Result ID: 'a9aebe2663cc0e0b2fe20af2604f79e7') in 0.002 seconds [static and dynamic dependencies]. Details - ImportResultOutputID=692c421b6cd070f5876ae54e62de2722 DependenciesID=82aac177bb669b2ebec4fea2f524530c StaticDependenciesID=ab1cb1653121c3e3b3feb657f4b74956 
Importing 'GUID: 4da274d970a82a943ae3979e7833f3dd - Path: Packages/com.unity.collab-proxy/Editor/Assets/Images/d_icondeletedlocaloverlay.png' with importer (TextureImporter)
Imported 'GUID: 4da274d970a82a943ae3979e7833f3dd' -> (Import Result ID: '77e8e240092a980478b44c5494a5a408') in 0.002 seconds [static and dynamic dependencies]. Details - ImportResultOutputID=b7ea8f62a9c92f324a4123692e6c3632 DependenciesID=54f23e8bdbe3d3b32a5e1b9aded3738d StaticDependenciesID=2330f8a9526be5a56c9fbdaec39ff17d 
Importing 'GUID: 4da398eacd0c045bebf576a9f11339b0 - Path: Packages/com.unity.collab-proxy/Editor/Assets/Images/d_iconchangesets.png' with importer (TextureImporter)
Imported 'GUID: 4da398eacd0c045bebf576a9f11339b0' -> (Import Result ID: '7c7e88c29153e0b9b4da5e80bf817636') in 0.003 seconds [static and dynamic dependencies]. Details - ImportResultOutputID=30e4e7796453f85ac157bedf2fb3bea8 DependenciesID=47d893cfb589d6f223172dfea69e0afd StaticDependenciesID=3a55416d91197b7941759765c3090ad3 
Importing 'GUID: 4d7e6e570e9d65a4c9a994783a0652e2 - Path: Packages/com.unity.collab-proxy/Editor/Assets/Images/d_iconoutofsyncoverlay@2x.png' with importer (TextureImporter)
Imported 'GUID: 4d7e6e570e9d65a4c9a994783a0652e2' -> (Import Result ID: '31369ca98b60846cd036a8394b26813f') in 0.002 seconds [static and dynamic dependencies]. Details - ImportResultOutputID=26abf451882e42d3888ac66aef7e174b DependenciesID=f94f8659615f7bf665d0b2ae73a4d4d6 StaticDependenciesID=a93a32af81cfc632e1886083ec358759 
Importing 'GUID: 5de67bf0a3c601f4bab93b4fd3314ab1 - Path: Packages/com.unity.collab-proxy/Editor/Assets/Images/d_hideversioncontrol@2x.png' with importer (TextureImporter)
Imported 'GUID: 5de67bf0a3c601f4bab93b4fd3314ab1' -> (Import Result ID: '2d18e57009a5f9fd02564d862d5ea3b8') in 0.002 seconds [static and dynamic dependencies]. Details - ImportResultOutputID=d0866966937e99e7b54cb333baf6b420 DependenciesID=a4cb06f10b6da0fba44323891424358b StaticDependenciesID=4674a106784d8040bed82f3bcbde1cb8 
Importing 'GUID: 5dbc069eb79bd4d43840847264d6d956 - Path: Packages/com.unity.collab-proxy/Editor/Assets/Images/loading@2x.png' with importer (TextureImporter)
Imported 'GUID: 5dbc069eb79bd4d43840847264d6d956' -> (Import Result ID: 'b10c8a66bc7dd96217f82ed004d4ccfe') in 0.002 seconds [static and dynamic dependencies]. Details - ImportResultOutputID=e1fd3b6e2ee136f558887e10f89f49cc DependenciesID=4313a916311b05c82f24dd4f1a27f994 StaticDependenciesID=40df21d9e49430ec3bc2ee6d1f4b7ac6 
Importing 'GUID: 5dfe66e61e0d270468ae75349ff3a3eb - Path: Packages/com.unity.timeline/Editor/StyleSheets/Images/Shared/TimelineSeqEnd.png' with importer (TextureImporter)
Imported 'GUID: 5dfe66e61e0d270468ae75349ff3a3eb' -> (Import Result ID: '8db9149218e7c40c1677610e448c8eb1') in 0.002 seconds [static and dynamic dependencies]. Details - ImportResultOutputID=843eb9fc49436d24cc852fecd557e810 DependenciesID=09029bfd636f9c9b9de706ea15fd2afb StaticDependenciesID=0534348d2e7726c95808ae8e98cefd8b 
Importing 'GUID: 6d6088174bb906b49ad8428526ee337b - Path: Packages/com.unity.collab-proxy/Editor/Assets/Images/d_iconundo@2x.png' with importer (TextureImporter)
Imported 'GUID: 6d6088174bb906b49ad8428526ee337b' -> (Import Result ID: 'ac20fa34a6b4101cb7b14a844e934dc1') in 0.002 seconds [static and dynamic dependencies]. Details - ImportResultOutputID=1d908213e26fa09b587b7c60670de197 DependenciesID=b588ca4bb898280d49f95bf110cb4778 StaticDependenciesID=86bb7aceeb5548c45b5b969c05f19037 
Importing 'GUID: 6d41c3e8796a4fd4e80840354039e4ac - Path: Packages/com.unity.timeline/Editor/StyleSheets/Images/Icons/TimelineEditModeReplaceON.png' with importer (TextureImporter)
Imported 'GUID: 6d41c3e8796a4fd4e80840354039e4ac' -> (Import Result ID: '3df5fd9452eae9621ed0f68a5487def9') in 0.002 seconds [static and dynamic dependencies]. Details - ImportResultOutputID=af39af335c19e80edafa7bc3536a7a25 DependenciesID=ef29c0b95d67e845159699b31e6935ee StaticDependenciesID=0761a6bd7b33dbef2435b70e8b6fd542 
Importing 'GUID: 6d3851656b2e5439e8fe29130782469b - Path: Packages/com.unity.collab-proxy/Editor/Assets/Images/iconzoomtofit.png' with importer (TextureImporter)
Imported 'GUID: 6d3851656b2e5439e8fe29130782469b' -> (Import Result ID: '04b73ffb7e95ccf0c4b0777c62fd8966') in 0.002 seconds [static and dynamic dependencies]. Details - ImportResultOutputID=fd89a111144d88b4648898355d8298de DependenciesID=50297ddb66a474d054c90a09516be868 StaticDependenciesID=e82bc0e42d6287853a28950d33307e52 
Importing 'GUID: 6d3f95684dd634b18aa9ab45b3e06cfd - Path: Packages/com.unity.collab-proxy/Editor/Assets/Images/iconlock.png' with importer (TextureImporter)
Imported 'GUID: 6d3f95684dd634b18aa9ab45b3e06cfd' -> (Import Result ID: 'f84d319f0fbee7fd0ed87b4823875ec7') in 0.002 seconds [static and dynamic dependencies]. Details - ImportResultOutputID=22c323a3b4857f74a7a14c345b6850ce DependenciesID=2b289269623f2f4744eef3535cc282ac StaticDependenciesID=c09a7d87f0fc777e98e0180685b77998 
Importing 'GUID: 7d8062883d88145b687d6d7c63eeabd2 - Path: Packages/com.unity.collab-proxy/Editor/Assets/Images/RGBABlue.png' with importer (TextureImporter)
Imported 'GUID: 7d8062883d88145b687d6d7c63eeabd2' -> (Import Result ID: '6d0c90878bed93336279a1b25ad0db86') in 0.002 seconds [static and dynamic dependencies]. Details - ImportResultOutputID=f7731cd8ea7a742e3de0ba9eb4e1cfdb DependenciesID=a2b1bb0ee3124b0309443e543699f06a StaticDependenciesID=f300734d4ea2f3431ad062b972b8e001 
Importing 'GUID: 7d4691eba7565c34ab785c00fbc27ff8 - Path: Packages/com.unity.timeline/Editor/StyleSheets/Images/LightSkin/TimelineMarkerItemCollapsed.png' with importer (TextureImporter)
Imported 'GUID: 7d4691eba7565c34ab785c00fbc27ff8' -> (Import Result ID: '9a5fafb48b0323a46b9be131c9c83aaa') in 0.002 seconds [static and dynamic dependencies]. Details - ImportResultOutputID=fe296043b4f86ad5f56f918d564a5e34 DependenciesID=3ca8c25aa400f5a6435550da1b90aa3e StaticDependenciesID=8a272e130d219ca2d47a2807be26d9a3 
Importing 'GUID: 7d5867654fa2bf448b06f384143ceca7 - Path: Packages/com.unity.ai.navigation/EditorResources/Overlay/d_NavigationOverlay@2x.png' with importer (TextureImporter)
Imported 'GUID: 7d5867654fa2bf448b06f384143ceca7' -> (Import Result ID: '6be9ff77810482e0f0b6c06d2ae12cd7') in 0.002 seconds [static and dynamic dependencies]. Details - ImportResultOutputID=cd3c6e572cff0ed78d03616d634a6a9b DependenciesID=450f3873a4ff31176925104371731989 StaticDependenciesID=94b7ee811992143a361974a08515de60 
Importing 'GUID: 8d91317e8f7610f41a30fcb9c0d99196 - Path: Packages/com.unity.collab-proxy/Editor/Assets/Images/iconclipboard.png' with importer (TextureImporter)
Imported 'GUID: 8d91317e8f7610f41a30fcb9c0d99196' -> (Import Result ID: '9abfd539748e44a59bb007953c66fb97') in 0.004 seconds [static and dynamic dependencies]. Details - ImportResultOutputID=243413763782dc08617b88b6e129c378 DependenciesID=931fa2941ea795944d421ba5c3ca009c StaticDependenciesID=937fcd15d8e3edcdc1ca2c90f2a68206 
Importing 'GUID: 8d98ab6168c3e91439339f1908b8fe97 - Path: Packages/com.unity.collab-proxy/Editor/Assets/Images/d_iconcheckedoutlocaloverlay@2x.png' with importer (TextureImporter)
Imported 'GUID: 8d98ab6168c3e91439339f1908b8fe97' -> (Import Result ID: '74c686ac62f3e2da3d66a1d6c7b13ee7') in 0.002 seconds [static and dynamic dependencies]. Details - ImportResultOutputID=95ddea3496c7860fc3b9fd42139b9ba1 DependenciesID=b12f6bf9755c72f52a81787c3b8669c5 StaticDependenciesID=9c3eedb157897e97018bdaf9a5d50ff9 
Importing 'GUID: 8d8d1929f2279804e8a744d3da25e23b - Path: Packages/com.unity.ai.navigation/EditorResources/Overlay/d_NavigationOverlay@16.png' with importer (TextureImporter)
Imported 'GUID: 8d8d1929f2279804e8a744d3da25e23b' -> (Import Result ID: 'bc6bfb190b41900bc6a332cca21d0af7') in 0.002 seconds [static and dynamic dependencies]. Details - ImportResultOutputID=3bbeaa08c3950c25e96c3c33caa0644a DependenciesID=7223a7739286836a0eeed909cd72b425 StaticDependenciesID=60cbcfcf18a15055646c723f2c17dc7b 
Importing 'GUID: 9d244ceb235342e4c8f308aa1f71be7e - Path: Packages/com.unity.ai.navigation/EditorResources/Overlay/NavigationOverlay@2x.png' with importer (TextureImporter)
Imported 'GUID: 9d244ceb235342e4c8f308aa1f71be7e' -> (Import Result ID: '03e36adb25ab2d4a054678c3a04c2e0c') in 0.002 seconds [static and dynamic dependencies]. Details - ImportResultOutputID=c07c7512f554dba3029ab05eb21edac2 DependenciesID=f12962aef255553bbc118045d8a37d3c StaticDependenciesID=78e1b6f3ef70502b1d527af8a7231291 
Importing 'GUID: 9d9689eab72c8480c90679f4dcf18820 - Path: Packages/com.unity.multiplayer.center/Editor/MultiplayerCenterWindow/UI/Icons/Package.png' with importer (TextureImporter)
Imported 'GUID: 9d9689eab72c8480c90679f4dcf18820' -> (Import Result ID: '08dc72669ed64c5fbe43fd083f6710e7') in 0.002 seconds [static and dynamic dependencies]. Details - ImportResultOutputID=a1529884ec3d950e24a524ebbf0c0b96 DependenciesID=0a1a38900458db7137354cc4768435ad StaticDependenciesID=bbc92c33f30a22a919cddcc76a222498 
Importing 'GUID: ad1d29f4654194951a3c8bf507914d05 - Path: Packages/com.unity.multiplayer.center/Editor/MultiplayerCenterWindow/UI/Icons/CloudCode.png' with importer (TextureImporter)
Imported 'GUID: ad1d29f4654194951a3c8bf507914d05' -> (Import Result ID: 'a631911991ccd58eb47ec1859fe6a3f0') in 0.002 seconds [static and dynamic dependencies]. Details - ImportResultOutputID=b1981b479ce284276dabc99a830d1c52 DependenciesID=3450a6e2ec2ad9b9f5bc6505f1f56f52 StaticDependenciesID=98fca0e2799a39f85c182f855d4d7140 
Importing 'GUID: ad2e3e92b00839c4e991ca602ef19822 - Path: Packages/com.unity.timeline/Editor/StyleSheets/Images/Icons/d_TimelineSignal.png' with importer (TextureImporter)
Imported 'GUID: ad2e3e92b00839c4e991ca602ef19822' -> (Import Result ID: '8e5c622d5b987569672b6447ed67a2a8') in 0.001 seconds [static and dynamic dependencies]. Details - ImportResultOutputID=1e41bcd08694e8cc68bb16a7ed81e818 DependenciesID=776343956888ab9862ad78cd6f99ce9d StaticDependenciesID=d32874bf3ddbd16691ca152bc0045560 
Importing 'GUID: bd7b7cac6eb0c3f469781d9a729a1c94 - Path: Packages/com.unity.timeline/Editor/StyleSheets/Images/Icons/TimelineEditModeRippleOFF.png' with importer (TextureImporter)
Imported 'GUID: bd7b7cac6eb0c3f469781d9a729a1c94' -> (Import Result ID: '94a66674a1e09c5f288e856d0737e8e5') in 0.024 seconds [static and dynamic dependencies]. Details - ImportResultOutputID=cf02fad8a008186ff37cfd7226915af8 DependenciesID=a6bade22e86c3f90f5423a90dbbfbf30 StaticDependenciesID=7149ecaf2e9ae3f822a25e8489ce6a5a 
Importing 'GUID: cd221d2235472c94491e607ae42942dd - Path: Packages/com.unity.collab-proxy/Editor/Assets/Images/icondeletedlocaloverlay.png' with importer (TextureImporter)
Imported 'GUID: cd221d2235472c94491e607ae42942dd' -> (Import Result ID: '811b72eff3bfae17073d0f0b8cc3cf18') in 0.004 seconds [static and dynamic dependencies]. Details - ImportResultOutputID=084a9c978dd05f875ece022f6f4b66dd DependenciesID=d1e93ec5779d28c36e868d2727c2a38e StaticDependenciesID=71dd7402517b86da88d7f98248897a18 
Importing 'GUID: cdb88fdb0cf46b244a667edaff21c7df - Path: Packages/com.unity.collab-proxy/Editor/Assets/Images/d_step2@2x.png' with importer (TextureImporter)
Imported 'GUID: cdb88fdb0cf46b244a667edaff21c7df' -> (Import Result ID: 'c11856ee53b95303b0da0577d9cc451c') in 0.007 seconds [static and dynamic dependencies]. Details - ImportResultOutputID=aa1b3b238d950132d2e9c16f04208f80 DependenciesID=27eea021bdea4fd2622a8ed39ea18eb2 StaticDependenciesID=dd4bcde90f09ef422f7c216ab2863102 
Importing 'GUID: cd0b17b71a5c498428ee91dee8a78a88 - Path: Packages/com.unity.collab-proxy/Editor/Assets/Images/step2.png' with importer (TextureImporter)
Imported 'GUID: cd0b17b71a5c498428ee91dee8a78a88' -> (Import Result ID: '909e772f4a83f080f8a63070818a1e8f') in 0.003 seconds [static and dynamic dependencies]. Details - ImportResultOutputID=7b6ef055a4f1eac9098ddedd98d44b6a DependenciesID=9faab7716fa3747663d42d9a2b780849 StaticDependenciesID=28a5be5fcae398038dc52f4cf5e24ac4 
Importing 'GUID: dd70cd654275d47db807e918055e004f - Path: Packages/com.unity.multiplayer.center/Editor/MultiplayerCenterWindow/UI/Icons/Questionnaire.png' with importer (TextureImporter)
Imported 'GUID: dd70cd654275d47db807e918055e004f' -> (Import Result ID: 'd8806ebe4fd5fe04f889f94b6de46750') in 0.005 seconds [static and dynamic dependencies]. Details - ImportResultOutputID=f6d828ccdac33bb794dd766b70cd39a7 DependenciesID=1041d02d06b37709654df8d1030d9f05 StaticDependenciesID=53192afdaff9403e63852aca4788e52e 
Importing 'GUID: ddf2e76e8a1f88f46ae1e42277850b48 - Path: Packages/com.unity.collab-proxy/Editor/Assets/Images/buttonssosigninemail@2x.png' with importer (TextureImporter)
Imported 'GUID: ddf2e76e8a1f88f46ae1e42277850b48' -> (Import Result ID: 'ddaf294ffa9fe6f55155c15ff83eb678') in 0.003 seconds [static and dynamic dependencies]. Details - ImportResultOutputID=63280d298002734b80bf07ce5009be31 DependenciesID=586591bb75a2a9cc74d2c9458753b249 StaticDependenciesID=469c936c4f3db90c8b4632085003fd93 
Importing 'GUID: dda6504e0e7d670488e2fee625f7da02 - Path: Packages/com.unity.collab-proxy/Editor/Assets/Images/buttonhome.png' with importer (TextureImporter)
Imported 'GUID: dda6504e0e7d670488e2fee625f7da02' -> (Import Result ID: 'b970776efaa77a2b8dcda200cb98ec9d') in 0.003 seconds [static and dynamic dependencies]. Details - ImportResultOutputID=96c6cae14b274b203b688737b925ac70 DependenciesID=aff0b8e9464ffa998655e82658f09a5c StaticDependenciesID=291b44a4ce051a30ad1fa37c16c14693 
Importing 'GUID: ddbd45249a133a846b2f20e39b537565 - Path: Packages/com.unity.timeline/Editor/StyleSheets/Images/DarkSkin/TimelineHold.png' with importer (TextureImporter)
Imported 'GUID: ddbd45249a133a846b2f20e39b537565' -> (Import Result ID: '9479edc0b47f0bce613f4298b5201842') in 0.002 seconds [static and dynamic dependencies]. Details - ImportResultOutputID=34a6621b63e4ecaf8c95a5b57488dc8a DependenciesID=97f0abafacc814fd701fff15c4ddd785 StaticDependenciesID=47e739a6f2d4284cd5e746406bff1892 
Importing 'GUID: ed041e68439749a69d0efa0e3d896c2e - Path: Packages/com.unity.ugui/Editor Resources/Textures/btn_AlignTop_Light.psd' with importer (TextureImporter)
Imported 'GUID: ed041e68439749a69d0efa0e3d896c2e' -> (Import Result ID: 'ed7c58c478e977901fa4fe9bd1a8b810') in 0.002 seconds [static and dynamic dependencies]. Details - ImportResultOutputID=296341e6c6eff051f363f065bdc06234 DependenciesID=e569c0ac5f16056c1bb46c096d77ce49 StaticDependenciesID=cff6297ce7f83458541e2cc7b14df8bb 
Importing 'GUID: ed64f3a17f2ede646be21ed6edc9161a - Path: Packages/com.unity.collab-proxy/Editor/Assets/Images/iconrepository.png' with importer (TextureImporter)
Imported 'GUID: ed64f3a17f2ede646be21ed6edc9161a' -> (Import Result ID: '619a7823557f0e46b15a4766773b51a9') in 0.002 seconds [static and dynamic dependencies]. Details - ImportResultOutputID=1f29fa18f4452960e44a060d8f175668 DependenciesID=db8240ca1beb7a7b0506b82f43b8ce4d StaticDependenciesID=34c60abf3d881e4972cc3066a978ca4e 
Importing 'GUID: ed665472b4fee2043a5c1cc802beaa8e - Path: Packages/com.unity.timeline/Editor/StyleSheets/Images/LightSkin/TimelineTimeCursor.png' with importer (TextureImporter)
Imported 'GUID: ed665472b4fee2043a5c1cc802beaa8e' -> (Import Result ID: 'fe866ef4f68060117cdde3b11390917c') in 0.002 seconds [static and dynamic dependencies]. Details - ImportResultOutputID=0caf29bbdb9475d60ba23659ea4882a1 DependenciesID=64da996c14568b53865a569479c8c488 StaticDependenciesID=21b88ef5088a1ab58702cab788a49512 
Importing 'GUID: fd12dbe3b63ae464f824b4a74c0e1766 - Path: Packages/com.unity.timeline/Editor/StyleSheets/Images/Icons/d_TrackAvatarButtonEnabled@2x.png' with importer (TextureImporter)
Imported 'GUID: fd12dbe3b63ae464f824b4a74c0e1766' -> (Import Result ID: '61aa5456cdaf02fe4ad1d1d0c732890e') in 0.002 seconds [static and dynamic dependencies]. Details - ImportResultOutputID=99f312cb831a8b7c177c85058a47f84a DependenciesID=83e3f5883cd2641a9574d1eb072fac0f StaticDependenciesID=f2ac6a66fa91ee5177a5eda07d94b81f 
Importing 'GUID: fd194f75fe3d7ca4488fa775ae832fd8 - Path: Packages/com.unity.timeline/Editor/StyleSheets/Images/Icons/d_TrackAvatarButtonDisabled@2x.png' with importer (TextureImporter)
Imported 'GUID: fd194f75fe3d7ca4488fa775ae832fd8' -> (Import Result ID: 'aa062a1ff108099c2d483230b9e8f6fe') in 0.003 seconds [static and dynamic dependencies]. Details - ImportResultOutputID=aeb1c350a93264e296e634f673b43ad6 DependenciesID=0c45fa24dec4300d713060ddac4cd5d1 StaticDependenciesID=8cbad523420d1db686a6d6236d348d5a 
Importing 'GUID: 0e80bd0b4a8196f46acf73711b9505ec - Path: Packages/com.unity.collab-proxy/Editor/Assets/Images/d_iconoutofsync.png' with importer (TextureImporter)
Imported 'GUID: 0e80bd0b4a8196f46acf73711b9505ec' -> (Import Result ID: 'a971b11b7294397c58da0495e84090e7') in 0.001 seconds [static and dynamic dependencies]. Details - ImportResultOutputID=2a96b94b3d97cde07b5030d2682d0b0f DependenciesID=94e8ef982e8fee8491875a1591a8f54e StaticDependenciesID=111c1adadca93e5a2385d342db4af5cf 
Importing 'GUID: 0e5ba0f04df278944a8f5a62f64f5aa6 - Path: Packages/com.unity.timeline/Editor/StyleSheets/Images/Icons/d_TrackRecordButtonEnabled.png' with importer (TextureImporter)
Imported 'GUID: 0e5ba0f04df278944a8f5a62f64f5aa6' -> (Import Result ID: '668d126a940d9f5448e5ca329e5d49fd') in 0.001 seconds [static and dynamic dependencies]. Details - ImportResultOutputID=d899418aae244b0f70e1490e77b30cc6 DependenciesID=196e6f3b875edfe741686e638aa206d1 StaticDependenciesID=ce5ae23fe7e22cf02b7dd119b82658e9 
Importing 'GUID: 0e3e607c04fbd4d4090157ea31abb634 - Path: Packages/com.unity.collab-proxy/Editor/Assets/Images/iconedit@2x.png' with importer (TextureImporter)
Imported 'GUID: 0e3e607c04fbd4d4090157ea31abb634' -> (Import Result ID: '7e02c93b10eed82fe4d0eb87b96b8901') in 0.002 seconds [static and dynamic dependencies]. Details - ImportResultOutputID=3a1ddc41be1d7143800149dcd34cdf0e DependenciesID=7bbb8407931c62b85c57101499cf1cdb StaticDependenciesID=463a9219eaf3678dd523382ef0511a9d 
Importing 'GUID: 1e71b422b557b1247aaf914bb6e9c0c5 - Path: Packages/com.unity.collab-proxy/Editor/Assets/Images/iconzoomout@2x.png' with importer (TextureImporter)
Imported 'GUID: 1e71b422b557b1247aaf914bb6e9c0c5' -> (Import Result ID: '2e7d8eb516ec843996105bbf484c6f90') in 0.002 seconds [static and dynamic dependencies]. Details - ImportResultOutputID=21183affa3a3495b47e01c5ed1792d04 DependenciesID=703702bb6d93003186c80a18531b2867 StaticDependenciesID=3cdf399eeed01c2fc754a5c673e51e5c 
Importing 'GUID: 1e961af35726543d789225d3bf55d9cf - Path: Packages/com.unity.collab-proxy/Editor/Assets/Images/RGBAAll.png' with importer (TextureImporter)
Imported 'GUID: 1e961af35726543d789225d3bf55d9cf' -> (Import Result ID: 'a2f7d8c87322180a6ac3c5844c63c2bc') in 0.002 seconds [static and dynamic dependencies]. Details - ImportResultOutputID=e1b87ab356f7acd5c6bc209819b18097 DependenciesID=402ef8cc092bdad50baf935d118bfe1a StaticDependenciesID=c261672ab88dca0912295d289d773a68 
Importing 'GUID: 1e6c9635b80f973488d8335a081c905f - Path: Packages/com.unity.collab-proxy/Editor/Assets/Images/iconplasticnotifyincoming.png' with importer (TextureImporter)
Imported 'GUID: 1e6c9635b80f973488d8335a081c905f' -> (Import Result ID: 'e033ab088ce987162164aab0de29a3db') in 0.002 seconds [static and dynamic dependencies]. Details - ImportResultOutputID=f5a9a1e2b84b84bc336bfb0969adc78b DependenciesID=ee13a01722927436672890e573432d11 StaticDependenciesID=6073e42193199faeaac3fbc9041795d6 
Importing 'GUID: 3ee40aa79cd242a5b53b0b0ca4f13f0f - Path: Packages/com.unity.ugui/Editor Resources/Gizmos/TMP - Input Field Icon.psd' with importer (TextureImporter)
Imported 'GUID: 3ee40aa79cd242a5b53b0b0ca4f13f0f' -> (Import Result ID: 'b89c78b6cac2c2e0ff2cfe17b75a7197') in 0.002 seconds [static and dynamic dependencies]. Details - ImportResultOutputID=a008132ce3de77a4aa555df14f839c7a DependenciesID=b868e6146795b0a9a3cd2c9d1a6e8e75 StaticDependenciesID=7161c63cf97c0e0b1f843a12ea672410 
Importing 'GUID: 3e7f27aae014d415e9f711b0cb0e5d47 - Path: Packages/com.unity.collab-proxy/Editor/Assets/Images/RGBAGreen@2x.png' with importer (TextureImporter)
Imported 'GUID: 3e7f27aae014d415e9f711b0cb0e5d47' -> (Import Result ID: 'be15c690f5f8ed067ef63d92e9a03789') in 0.002 seconds [static and dynamic dependencies]. Details - ImportResultOutputID=845841b865ea0ba28ab16f6f9eae9bf0 DependenciesID=c49118e9d54a7b594cefaa3c6c23a06b StaticDependenciesID=acab928e74662ed7ba5a6c7c3d3aace9 
Importing 'GUID: 4e35979facdd58d4a886d60ae376c33b - Path: Packages/com.unity.multiplayer.center/Editor/MultiplayerCenterWindow/UI/Icons/BuildingBlocks/MultiplayerSession.png' with importer (TextureImporter)
Imported 'GUID: 4e35979facdd58d4a886d60ae376c33b' -> (Import Result ID: '2a42acb566cbac2fea0ffd98eaef97c1') in 0.017 seconds [static and dynamic dependencies]. Details - ImportResultOutputID=82042e11130a573687065fc2053b9cb3 DependenciesID=38c35e286b5ef1953cabb737d5f7fc80 StaticDependenciesID=442cebbc412379f65c484c8a432a986a 
Importing 'GUID: 6e0a54826ffc3ee46b0aa3e1c1575a69 - Path: Packages/com.unity.collab-proxy/Editor/Assets/Images/iconplasticnotifyconflict@2x.png' with importer (TextureImporter)
Imported 'GUID: 6e0a54826ffc3ee46b0aa3e1c1575a69' -> (Import Result ID: '3083486986140f0d64ca219808e3feed') in 0.002 seconds [static and dynamic dependencies]. Details - ImportResultOutputID=797b50088eeb25078eef169e4462ba28 DependenciesID=5c6d9d9afeea04f4861e74acda2f5e50 StaticDependenciesID=4acf1857ddb98d3ae994070a2d35cb50 
Importing 'GUID: 7ee48c5fba4919649a8a6094cbead669 - Path: Packages/com.unity.collab-proxy/Editor/Assets/Images/d_loading@2x.png' with importer (TextureImporter)
Imported 'GUID: 7ee48c5fba4919649a8a6094cbead669' -> (Import Result ID: '5ed7980e3205dd32de4259b2958cc231') in 0.002 seconds [static and dynamic dependencies]. Details - ImportResultOutputID=50d868546261fa3056c10c21686f438d DependenciesID=8bef76f73e3dc4b41d71928b2eefaea3 StaticDependenciesID=8faed1aefd9affe69109f4987d52ede3 
Importing 'GUID: 8eba099eb091faf419fecdcd5cdabfd7 - Path: Packages/com.unity.timeline/Editor/StyleSheets/Images/DarkSkin/TimelineKeyframe.png' with importer (TextureImporter)
Imported 'GUID: 8eba099eb091faf419fecdcd5cdabfd7' -> (Import Result ID: '4486c868009e5f34d744709f18d41914') in 0.002 seconds [static and dynamic dependencies]. Details - ImportResultOutputID=b9a3e5b7d3660295cda4407f65645a4c DependenciesID=0df9c4adf537c15bd335c7a4d581ad11 StaticDependenciesID=10e1727148487eda5db958bb7bba3a43 
Importing 'GUID: 8ebb93c64d7a141569a153a9d4fe9ae2 - Path: Packages/com.unity.collab-proxy/Editor/Assets/Images/exclusionrule.png' with importer (TextureImporter)
Imported 'GUID: 8ebb93c64d7a141569a153a9d4fe9ae2' -> (Import Result ID: 'bb6da377de997b66895f461163fe4ed3') in 0.003 seconds [static and dynamic dependencies]. Details - ImportResultOutputID=c0ce10de05775e8daa74f71eb8223cea DependenciesID=c8b8a5ccc3dbbb11a0e313d0af62ad34 StaticDependenciesID=6e80ef482200e5cffb9732261483cf15 
Importing 'GUID: 9e60047ccc6b8422193b170d51796ed2 - Path: Packages/com.unity.collab-proxy/Editor/Assets/Images/ArrowCaretLeft@2x.png' with importer (TextureImporter)
Imported 'GUID: 9e60047ccc6b8422193b170d51796ed2' -> (Import Result ID: 'bc2a7ab59e2cc6299e48b0cc2816e995') in 0.003 seconds [static and dynamic dependencies]. Details - ImportResultOutputID=f753f6444a1ab95fa8e72b9f94ea90b7 DependenciesID=4fab4f81733756e659db44aaa2f142b6 StaticDependenciesID=e5cf258a15757ff82d3a6285d154f609 
Importing 'GUID: 9e541b6dcfb77d34481f69b3d62d0343 - Path: Packages/com.unity.timeline/Editor/StyleSheets/Images/Icons/TrackCurvesButtonEnabled@2x.png' with importer (TextureImporter)
Imported 'GUID: 9e541b6dcfb77d34481f69b3d62d0343' -> (Import Result ID: '34894b0d21898f9bb21fb7c4e120106f') in 0.001 seconds [static and dynamic dependencies]. Details - ImportResultOutputID=ec3d8f8b4f5114e39a820aa68184bf8d DependenciesID=38177da1ec3f5e53738a6574f28b0842 StaticDependenciesID=d718bdee5d535296f5fced451c282d51 
Importing 'GUID: ae53a7884da90e94eb5dfeab594b746c - Path: Packages/com.unity.collab-proxy/Editor/Assets/Images/d_iconlockedlocaloverlay@2x.png' with importer (TextureImporter)
Imported 'GUID: ae53a7884da90e94eb5dfeab594b746c' -> (Import Result ID: '710564b2205f12a7e927aba652a160bd') in 0.002 seconds [static and dynamic dependencies]. Details - ImportResultOutputID=ee61a11e7082a0e1aa6ce0c4576f6bc0 DependenciesID=f92720e6ee4f0319985dc0b0af7da793 StaticDependenciesID=bb7fed90c2880dd292bec0d196a5419e 
Importing 'GUID: ae869fe6797f4454cbbf417d87ff637c - Path: Packages/com.unity.collab-proxy/Editor/Assets/Images/iconplasticnotifyincoming@2x.png' with importer (TextureImporter)
Imported 'GUID: ae869fe6797f4454cbbf417d87ff637c' -> (Import Result ID: '4b6694a2096884bdf3306ae1ed89c982') in 0.002 seconds [static and dynamic dependencies]. Details - ImportResultOutputID=e32a7d1bcde81c0036f0a4646a1a37cf DependenciesID=2ad016927b0555c8f7824ed2593d810d StaticDependenciesID=74eb51da1a29d254fc3709909e423994 
Importing 'GUID: be423a54b981d38428de82ad12534629 - Path: Packages/com.unity.collab-proxy/Editor/Assets/Images/d_stepok.png' with importer (TextureImporter)
Imported 'GUID: be423a54b981d38428de82ad12534629' -> (Import Result ID: '351e032bc8cefe321ce075b644d14ffe') in 0.001 seconds [static and dynamic dependencies]. Details - ImportResultOutputID=6644995fbc794153d45c2e171c0aa703 DependenciesID=b16b94526b09d5a72cabdc2d8e9ef7c5 StaticDependenciesID=f71723cba44c288857b28d808ded9e21 
Importing 'GUID: be340a165cb9c8d4cb50f1deeb51d4ea - Path: Packages/com.unity.collab-proxy/Editor/Assets/Images/stepok@2x.png' with importer (TextureImporter)
Imported 'GUID: be340a165cb9c8d4cb50f1deeb51d4ea' -> (Import Result ID: '531051ce1e31e5bfa0544d394a20afcf') in 0.002 seconds [static and dynamic dependencies]. Details - ImportResultOutputID=bb5fea600d6b509c49f196ed7a59215f DependenciesID=276aaf6c9e10640621921a0c75ba090d StaticDependenciesID=4edfc590493f757ecce15c699559bad8 
Importing 'GUID: be2e0deab40f1478a99038fcbc19219d - Path: Packages/com.unity.collab-proxy/Editor/Assets/Images/ArrowCaretRight@2x.png' with importer (TextureImporter)
Imported 'GUID: be2e0deab40f1478a99038fcbc19219d' -> (Import Result ID: 'b9889724179b0d168adf22638e139c11') in 0.003 seconds [static and dynamic dependencies]. Details - ImportResultOutputID=ab433d5f3155ca11aec36a183a2bbfe7 DependenciesID=c783013884d8b2b4c70f978049acff3e StaticDependenciesID=33bdb3af678c00762b0b058a6d504c44 
Importing 'GUID: ce435fe40bff4da41aadc577ebfb27d7 - Path: Packages/com.unity.collab-proxy/Editor/Assets/Images/d_iconlabel@2x.png' with importer (TextureImporter)
Imported 'GUID: ce435fe40bff4da41aadc577ebfb27d7' -> (Import Result ID: '1bb6e3c5c75c5f8bf844a12b771a5750') in 0.002 seconds [static and dynamic dependencies]. Details - ImportResultOutputID=e8dfd91427630de8d97cb7981664625b DependenciesID=1e9eb3e956d1be3935b54d280305da87 StaticDependenciesID=9eb8af3b548d56b6beb3d8b44e21a2ae 
Importing 'GUID: ced976fb9a7ad40a59f3e4f458c96080 - Path: Packages/com.unity.collab-proxy/Editor/Assets/Images/icondiff.png' with importer (TextureImporter)
Imported 'GUID: ced976fb9a7ad40a59f3e4f458c96080' -> (Import Result ID: '0a06bd3eb3415117e8eb6a5cccc005b4') in 0.002 seconds [static and dynamic dependencies]. Details - ImportResultOutputID=b82aefd7dedd56375765fc23efdf8af6 DependenciesID=aae1c00f9d1823b790c15a8e6a9b3251 StaticDependenciesID=ede4dca1cc5c84cbb599cbd7140840cf 
Importing 'GUID: ee148e281f3c41c5b4ff5f8a5afe5a6c - Path: Packages/com.unity.ugui/Editor Resources/Gizmos/TMP - Font Asset Icon.psd' with importer (TextureImporter)
Imported 'GUID: ee148e281f3c41c5b4ff5f8a5afe5a6c' -> (Import Result ID: 'd03b2b48e2b436d40566eae7b51b5655') in 0.002 seconds [static and dynamic dependencies]. Details - ImportResultOutputID=b610d6fc9b80d20a610fc38d08de0608 DependenciesID=4a030af1365db088e9e4528dd1323c29 StaticDependenciesID=f6fb8b45520767464e90df2a78b33b57 
Importing 'GUID: ee8ce5cd9c0883f4182b5cfd43cfd7fe - Path: Packages/com.unity.collab-proxy/Editor/Assets/Images/buttonssosigninunity@2x.png' with importer (TextureImporter)
Imported 'GUID: ee8ce5cd9c0883f4182b5cfd43cfd7fe' -> (Import Result ID: '22b757de5b44e49fd41fafadd60b85a6') in 0.002 seconds [static and dynamic dependencies]. Details - ImportResultOutputID=fa3aeb816f4b1d22f578f26798991951 DependenciesID=de437cb4a59b77a766b0d7c6b9bd00cb StaticDependenciesID=fe169f9ca1884b91346e79242d275a3c 
Importing 'GUID: fea4bd4d5cc294ea59798fa81207b6d9 - Path: Packages/com.unity.collab-proxy/Editor/Assets/Images/iconclosebutton@2x.png' with importer (TextureImporter)
Imported 'GUID: fea4bd4d5cc294ea59798fa81207b6d9' -> (Import Result ID: 'f94131522ca8b3ee6800caef940af070') in 0.002 seconds [static and dynamic dependencies]. Details - ImportResultOutputID=fd8d26ad658d24355707aa45c22d77fc DependenciesID=a6edfc75b144a1f66d206bb17e3633d4 StaticDependenciesID=edc2edd051db07a7bea2116e5ecb2373 
Importing 'GUID: fef7487d8b06bba408f70354e2463ce4 - Path: Packages/com.unity.timeline/Editor/StyleSheets/Images/Icons/TrackLockButtonDisabled.png' with importer (TextureImporter)
Imported 'GUID: fef7487d8b06bba408f70354e2463ce4' -> (Import Result ID: 'c64e940eec6da5753054df31643180bf') in 0.001 seconds [static and dynamic dependencies]. Details - ImportResultOutputID=c08fc102a50b22f083d8dfb8242cad13 DependenciesID=2107d8cb01ee152295afe6c93e626258 StaticDependenciesID=5cbd04df03e7a690c9a0c4f8a0df03ff 
Importing 'GUID: 0ff35d4ec6d381941bdbe1fb4b6dbceb - Path: Packages/com.unity.collab-proxy/Editor/Assets/Images/iconclipboard@2x.png' with importer (TextureImporter)
Imported 'GUID: 0ff35d4ec6d381941bdbe1fb4b6dbceb' -> (Import Result ID: 'a453723e8f90d415d03b7b97ad412902') in 0.003 seconds [static and dynamic dependencies]. Details - ImportResultOutputID=f2cf678e062ef79bfd5607d114f6a215 DependenciesID=d45e99e60244d9c67968e1cc7e36b4c6 StaticDependenciesID=c0cd1b3e9b52447453d3e254cff56b6b 
Importing 'GUID: 0f1c9a12872a30f45bab34f536332bb3 - Path: Packages/com.unity.timeline/Editor/StyleSheets/Images/Icons/d_TrackRecordButtonEnabled@2x.png' with importer (TextureImporter)
Imported 'GUID: 0f1c9a12872a30f45bab34f536332bb3' -> (Import Result ID: 'd6e8172b7354559a61a9f778480aff40') in 0.002 seconds [static and dynamic dependencies]. Details - ImportResultOutputID=b2332d4f842d4514f97721fc8467810e DependenciesID=283aee6561148cb81fc1e9208ffdb336 StaticDependenciesID=759c37ace0b44025655202a03e59a8f9 
Importing 'GUID: 1f3ea4caa6e0ec74388e4d7d16690e68 - Path: Packages/com.unity.timeline/Editor/StyleSheets/Images/Icons/d_TrackCurvesButtonDisabled@2x.png' with importer (TextureImporter)
Imported 'GUID: 1f3ea4caa6e0ec74388e4d7d16690e68' -> (Import Result ID: '6c340bdb7d6d6329f0741d43985d8d82') in 0.002 seconds [static and dynamic dependencies]. Details - ImportResultOutputID=6d93c52f2adcd61596b53347cd4d093c DependenciesID=14501f025d8ec2c8a22467761869d953 StaticDependenciesID=e9c99a0276c82ba3b0980eef3dc1b0e7 
Importing 'GUID: 2f46ec0fe83ef4781ae320b04343d69b - Path: Packages/com.unity.collab-proxy/Editor/Assets/Images/iconheckmark.png' with importer (TextureImporter)
Imported 'GUID: 2f46ec0fe83ef4781ae320b04343d69b' -> (Import Result ID: '3f8fc7419a8d48cafe1672d6f28fc057') in 0.002 seconds [static and dynamic dependencies]. Details - ImportResultOutputID=4d38d546aaa96762ddd9f8872e6702c1 DependenciesID=c6c07ea1a4a9feb04294de53a47face9 StaticDependenciesID=644b44d6f347a4bedf1f000d845b9e82 
Importing 'GUID: 2fd6421f253b4ef1a19526541f9ffc0c - Path: Packages/com.unity.ugui/Editor Resources/Gizmos/TMP - Text Component Icon.psd' with importer (TextureImporter)
Imported 'GUID: 2fd6421f253b4ef1a19526541f9ffc0c' -> (Import Result ID: '9259f222df9f4164459a8102c18a1bc4') in 0.002 seconds [static and dynamic dependencies]. Details - ImportResultOutputID=ffe81239b2f133157ffa9630bb2dde2e DependenciesID=ca95413d6875928840732b8c838edbe1 StaticDependenciesID=279d39d469c8806a5964f1898d84e31d 
Importing 'GUID: 3f65802f2a170a145bd30ab3801b8d80 - Path: Packages/com.unity.collab-proxy/Editor/Assets/Images/d_iconclipboard.png' with importer (TextureImporter)
Imported 'GUID: 3f65802f2a170a145bd30ab3801b8d80' -> (Import Result ID: 'd866548da2bcaa6d5c54469774ace727') in 0.002 seconds [static and dynamic dependencies]. Details - ImportResultOutputID=8085fc64922640243502ef89a1717d9e DependenciesID=9cbd8dc681effccee26690e98dd6f52c StaticDependenciesID=b0e38a0f65ac0ddc06f58d817407c5d4 
Importing 'GUID: 3fe892784421e47f5aa40c2784a6cb3e - Path: Packages/com.unity.multiplayer.center/Editor/MultiplayerCenterWindow/UI/Icons/DedicatedServer.png' with importer (TextureImporter)
Imported 'GUID: 3fe892784421e47f5aa40c2784a6cb3e' -> (Import Result ID: 'dc4771b04b5d62305faad360e984fab8') in 0.002 seconds [static and dynamic dependencies]. Details - ImportResultOutputID=edde13d516b7cf87d0d9636257edc0f7 DependenciesID=fe6299e02ed8fdf8e3d52d5e26bd8d3b StaticDependenciesID=8e7b1d516501d6a1d7640652255e3c76 
Importing 'GUID: 4fd230da4553f83f4b7d0e9b138cf65e - Path: Packages/com.unity.multiplayer.center/Editor/MultiplayerCenterWindow/UI/Icons/gradiant.png' with importer (TextureImporter)
Imported 'GUID: 4fd230da4553f83f4b7d0e9b138cf65e' -> (Import Result ID: 'fbcb4bdb28c56bd37cad32e0d8a1b456') in 0.002 seconds [static and dynamic dependencies]. Details - ImportResultOutputID=8ea2d180500d90f2bf6be07de2a2a343 DependenciesID=f831c78f449ad3302169aa0d30ad2b91 StaticDependenciesID=2ee3a144b7553c8e768ab231842ecba6 
Importing 'GUID: 4f78a544322c742b89e63fb68557b1d2 - Path: Packages/com.unity.multiplayer.center/Editor/MultiplayerCenterWindow/UI/Icons/Check.png' with importer (TextureImporter)
Imported 'GUID: 4f78a544322c742b89e63fb68557b1d2' -> (Import Result ID: 'cc631cf6621d549d505758e6d0cae116') in 0.002 seconds [static and dynamic dependencies]. Details - ImportResultOutputID=f9548469a953277cba1509f2d0b1ae50 DependenciesID=706c6190271a23e615b05f770bb581eb StaticDependenciesID=8d8eed2568b48a9dfb490a110e96e5e8 
Importing 'GUID: 4f8d98ef7dbbe3d469e14c04722cbeed - Path: Packages/com.unity.timeline/Editor/StyleSheets/Images/Icons/d_TimelineHeaderMarkerIcon.png' with importer (TextureImporter)
Imported 'GUID: 4f8d98ef7dbbe3d469e14c04722cbeed' -> (Import Result ID: '45a2f2fbb70de8a0dd7480ad31da7242') in 0.002 seconds [static and dynamic dependencies]. Details - ImportResultOutputID=ae489a3d6e45586e81594487a63d43a5 DependenciesID=99af5f51e81c2e40472495a9a84c0d4e StaticDependenciesID=d103109e4b6847ddf03ea7277efb7d25 
Importing 'GUID: 5f386b78366e8be43912360e0f2fbf95 - Path: Packages/com.unity.multiplayer.center/Editor/MultiplayerCenterWindow/UI/Icons/Questions/WheelOfTime.png' with importer (TextureImporter)
Imported 'GUID: 5f386b78366e8be43912360e0f2fbf95' -> (Import Result ID: '31599455b8af75ec3df9824a677b21d4') in 0.004 seconds [static and dynamic dependencies]. Details - ImportResultOutputID=b34a1c2eda2a2058e34a9e71b6e9f129 DependenciesID=7c0677972632d5ad0e6a44b1c8acdb5c StaticDependenciesID=c48cbb844b4ee3acd322282e0d33c755 
Importing 'GUID: 6f11428fb25804d439c7d1c42803828a - Path: Packages/com.unity.collab-proxy/Editor/Assets/Images/iconarrowdown.png' with importer (TextureImporter)
Imported 'GUID: 6f11428fb25804d439c7d1c42803828a' -> (Import Result ID: 'e67c2698d0d425aefdd5ecb214329097') in 0.002 seconds [static and dynamic dependencies]. Details - ImportResultOutputID=9780077d9db5e85805b4b4baa2bb03f8 DependenciesID=b46bcb43ef290688ab1c6b1cc0289dde StaticDependenciesID=4be52c07540b6931a6b732bc1ed9ef59 
Importing 'GUID: 6fb5cabb85ba3794682b16eba19440cb - Path: Packages/com.unity.timeline/Editor/StyleSheets/Images/Icons/TrackLockButtonDisabled@2x.png' with importer (TextureImporter)
Imported 'GUID: 6fb5cabb85ba3794682b16eba19440cb' -> (Import Result ID: '3a17e8e8edc080750be7c168c01da5eb') in 0.001 seconds [static and dynamic dependencies]. Details - ImportResultOutputID=be894758594cc385b6ee3477ef14eb81 DependenciesID=87cac188fedf84e33f194b55dd80d2b3 StaticDependenciesID=ae00b5c36765fbf09794f5a64e4c665e 
Importing 'GUID: 6f7999af133e84dbe85d476522b65612 - Path: Packages/com.unity.collab-proxy/Editor/Assets/Images/RGBARed@2x.png' with importer (TextureImporter)
Imported 'GUID: 6f7999af133e84dbe85d476522b65612' -> (Import Result ID: 'a38f2fac7e37e5d9c7bc1a615b6b3a9a') in 0.002 seconds [static and dynamic dependencies]. Details - ImportResultOutputID=01440b3d11da8645d57bdb22ab530d1d DependenciesID=3d2420ce8838f21cbe2b2affa45ed639 StaticDependenciesID=38800e2ea46ac105471336a8ab1b44df 
Importing 'GUID: 6f6a4c6bd7cdc654d9d91f7de72afcb6 - Path: Packages/com.unity.collab-proxy/Editor/Assets/Images/refresh.png' with importer (TextureImporter)
Imported 'GUID: 6f6a4c6bd7cdc654d9d91f7de72afcb6' -> (Import Result ID: 'cadf00c22dcc19583134a9373d7f0f21') in 0.001 seconds [static and dynamic dependencies]. Details - ImportResultOutputID=38d72de8742e4782f9c86b63e5d67bcc DependenciesID=463e5f364979de0c9051c4f67d13b852 StaticDependenciesID=6ba467a6a6b98b4131b241b6bfbd2ec9 
Importing 'GUID: 6f0b77e050cdb12478ed9514b3a0e40e - Path: Packages/com.unity.timeline/Editor/StyleSheets/Images/Icons/d_TrackLockButtonDisabled@2x.png' with importer (TextureImporter)
Imported 'GUID: 6f0b77e050cdb12478ed9514b3a0e40e' -> (Import Result ID: '193c0f47de80c7ee6efc852de56c6b34') in 0.001 seconds [static and dynamic dependencies]. Details - ImportResultOutputID=f6dceb26e7d1d619e06c6b0799d96808 DependenciesID=023fb1e2a64da35c2840eb254e21674b StaticDependenciesID=8c1074f3649e95e2b51fb724d63f4b8b 
Importing 'GUID: 6f3c566cd9f63c9408d201ea50b51444 - Path: Packages/com.unity.ai.navigation/EditorResources/Overlay/d_NavigationOverlay@32.png' with importer (TextureImporter)
Imported 'GUID: 6f3c566cd9f63c9408d201ea50b51444' -> (Import Result ID: 'd16324e5660bfc408a0c902c5ba6ba4b') in 0.002 seconds [static and dynamic dependencies]. Details - ImportResultOutputID=cd540613bead026a9a2c5d1705a85d56 DependenciesID=f802327dc8a3615c28e48922c760f990 StaticDependenciesID=38d899c68bbea45b964cb98ed53c9c93 
Importing 'GUID: 7f8cc7cc9d461433f943c59487385f04 - Path: Packages/com.unity.collab-proxy/Editor/Assets/Images/d_RGBAGreen.png' with importer (TextureImporter)
Imported 'GUID: 7f8cc7cc9d461433f943c59487385f04' -> (Import Result ID: 'bb05bb3dca94bc5409aec95ac074d043') in 0.002 seconds [static and dynamic dependencies]. Details - ImportResultOutputID=a9a327f1c69c5ffba5b2c88de479d1a8 DependenciesID=c3cb5a150498c760d191529428fe2d3e StaticDependenciesID=576e6093a430a7856c71103389e1e455 
Importing 'GUID: 8fca5ed160cdc5440a4c7561db4082b2 - Path: Packages/com.unity.timeline/Editor/StyleSheets/Images/Icons/TimelineEditModeMixOFF.png' with importer (TextureImporter)
Imported 'GUID: 8fca5ed160cdc5440a4c7561db4082b2' -> (Import Result ID: '5f0f182e638ce7bc7a31f287ffd0a2c0') in 0.001 seconds [static and dynamic dependencies]. Details - ImportResultOutputID=0e650f6445854dc17e7cbe88a90bc839 DependenciesID=d61127789cf13697c80e4c62e08d4cc4 StaticDependenciesID=5291c9e930a7236c32fed696d743a98e 
Importing 'GUID: 8fdae4ac756ed6047b01021ff0cc3ebb - Path: Packages/com.unity.timeline/Editor/StyleSheets/Images/Icons/TrackRecordButtonEnabled@2x.png' with importer (TextureImporter)
Imported 'GUID: 8fdae4ac756ed6047b01021ff0cc3ebb' -> (Import Result ID: '14791ed830658b49b8819ab7fc9d8e1f') in 0.001 seconds [static and dynamic dependencies]. Details - ImportResultOutputID=3dfd0e8637e1a4e5a7fb9f518cbdc20f DependenciesID=7bfaa2270c1f964e9b0d15a1f467957d StaticDependenciesID=5f7a217055dfe1f30c282a2f5f4ca6c8 
Importing 'GUID: 8fac55fff4ce5fa40a7b2efefc0e617a - Path: Packages/com.unity.collab-proxy/Editor/Assets/Images/secondarytabclosehover.png' with importer (TextureImporter)
Imported 'GUID: 8fac55fff4ce5fa40a7b2efefc0e617a' -> (Import Result ID: '7400bbc96365625b6deb697699e33bff') in 0.001 seconds [static and dynamic dependencies]. Details - ImportResultOutputID=58da6567c293a62eae81305dc321ded5 DependenciesID=ed20989b49c18ca49a2937a46def9564 StaticDependenciesID=e96524bad111c254683e59a82bb4e91c 
Importing 'GUID: af24c542434a025448222d576f61a956 - Path: Packages/com.unity.timeline/Editor/StyleSheets/Images/DarkSkin/TimelineAutokey@2x.png' with importer (TextureImporter)
Imported 'GUID: af24c542434a025448222d576f61a956' -> (Import Result ID: 'bb71de1e5f9e6f03ccbd0a3db61a5c16') in 0.001 seconds [static and dynamic dependencies]. Details - ImportResultOutputID=8a741fa6a6d3699f98099d7d226969bb DependenciesID=33f9f22d4d6d3d9e17e64e9081ba570e StaticDependenciesID=366f0e41eaea8a6159549cdc10717937 
Importing 'GUID: af3aec622aef40c45813b39e405966a3 - Path: Packages/com.unity.timeline/Editor/StyleSheets/Images/LightSkin/TimelineAutokey.png' with importer (TextureImporter)
Imported 'GUID: af3aec622aef40c45813b39e405966a3' -> (Import Result ID: '728f01e8f5be1de7cc614a470fceea55') in 0.001 seconds [static and dynamic dependencies]. Details - ImportResultOutputID=b7806c09f110824556706b4109eb6371 DependenciesID=28b6bcb86e7a3695d62aae14d7f2b569 StaticDependenciesID=ba6b237b1c71d56f490a4b2920b39071 
Importing 'GUID: af5dbec545ddf41e7b15fef8a3cfb75b - Path: Packages/com.unity.collab-proxy/Editor/Assets/Images/ArrowCaretRight.png' with importer (TextureImporter)
Imported 'GUID: af5dbec545ddf41e7b15fef8a3cfb75b' -> (Import Result ID: '0a20fd9426955034bc1f65c4fff37c7e') in 0.002 seconds [static and dynamic dependencies]. Details - ImportResultOutputID=356c8e33a7930a0268dab83c13f8202d DependenciesID=8069ed676455af61ff50b9e7ca9085ac StaticDependenciesID=53ba17f7afa62ed474d382a2a561d2a9 
Importing 'GUID: affeade9874cf2347abb155e8d0db4d8 - Path: Packages/com.unity.collab-proxy/Editor/Assets/Images/step1@2x.png' with importer (TextureImporter)
Imported 'GUID: affeade9874cf2347abb155e8d0db4d8' -> (Import Result ID: '937819ca6a5858f29f8bd68775163122') in 0.002 seconds [static and dynamic dependencies]. Details - ImportResultOutputID=54d33c51c2c0fc877043d8addef086c4 DependenciesID=2b9ef6e3f23c40db1303767e31237731 StaticDependenciesID=3cd2036a4dfae6daf570cb2f8815ef63 
Importing 'GUID: bf9a3e542f66af64a80a6631aa93e516 - Path: Packages/com.unity.collab-proxy/Editor/Assets/Images/iconzoomin.png' with importer (TextureImporter)
Imported 'GUID: bf9a3e542f66af64a80a6631aa93e516' -> (Import Result ID: '4d70c0a76bdeadb706a8db224a028689') in 0.002 seconds [static and dynamic dependencies]. Details - ImportResultOutputID=c44efb14c392d9e237a310751d0897db DependenciesID=215a42c5afdb6da679a9a03f866b92bd StaticDependenciesID=e5af109319629624ff80e5edde2dbfd4 
Importing 'GUID: bf1debab21103154b99778ba6e074175 - Path: Packages/com.unity.timeline/Editor/StyleSheets/Images/Icons/TimelineHeaderMarkerIcon.png' with importer (TextureImporter)
Imported 'GUID: bf1debab21103154b99778ba6e074175' -> (Import Result ID: 'fd4ae5d5f1bcf090b0f59b94d907a6ea') in 0.001 seconds [static and dynamic dependencies]. Details - ImportResultOutputID=af5cfb658521aca4a27fe55f45636942 DependenciesID=fec3289ce5fac6eabc8771dd6b814e8e StaticDependenciesID=fafc1d5b00d704d49d14955badfcf31a 
Importing 'GUID: cf575301f1e76c4478de0e77db15eba0 - Path: Packages/com.unity.timeline/Editor/StyleSheets/Images/Icons/TrackLockButtonEnabled.png' with importer (TextureImporter)
Imported 'GUID: cf575301f1e76c4478de0e77db15eba0' -> (Import Result ID: 'c599d837cba18605562c42fbc96791d9') in 0.001 seconds [static and dynamic dependencies]. Details - ImportResultOutputID=972a17f83c05e964045c2df4165dff9b DependenciesID=4b0b73d012bbb1357c5720e143bfd9b8 StaticDependenciesID=fb591a65ba0fe432db15e2c34b6155a1 
Importing 'GUID: cf3fbf98d5c3f1941bd9c0256918a4c8 - Path: Packages/com.unity.timeline/Editor/StyleSheets/Images/LightSkin/TimelineAutokey@2x.png' with importer (TextureImporter)
Imported 'GUID: cf3fbf98d5c3f1941bd9c0256918a4c8' -> (Import Result ID: '2522df0e043c8071353e8bb3be59228c') in 0.002 seconds [static and dynamic dependencies]. Details - ImportResultOutputID=30c96671231ef31db87509023270f29c DependenciesID=06ccb8ef999ddeb97c4fab1e602273bb StaticDependenciesID=c63cbf9b2b8b5f965deb39002c862d2d 
Importing 'GUID: df8c4eeadc2f24a3c8d1c1bad53d1cae - Path: Packages/com.unity.collab-proxy/Editor/Assets/Images/d_RGBARed@2x.png' with importer (TextureImporter)
Imported 'GUID: df8c4eeadc2f24a3c8d1c1bad53d1cae' -> (Import Result ID: '43156ff63f6c4f25473b5cdc4c1950f3') in 0.002 seconds [static and dynamic dependencies]. Details - ImportResultOutputID=1316dcbeef9bf045a73898914a5e032d DependenciesID=fc08c7b6ca4b567d090845bf91a4a4ae StaticDependenciesID=8f8c0a8fa48608c7caefef14e30c5eca 
Importing 'GUID: efa87fc6a7693ac48844726c5391e3ab - Path: Packages/com.unity.collab-proxy/Editor/Assets/Images/iconadd@2x.png' with importer (TextureImporter)
Imported 'GUID: efa87fc6a7693ac48844726c5391e3ab' -> (Import Result ID: 'eb3e5d528ea5b872a33d55069247fc95') in 0.002 seconds [static and dynamic dependencies]. Details - ImportResultOutputID=c349e253d3c69811ba7ab67c99b9ee1b DependenciesID=fca6a97ed97825c68ade0a7b88ce7f9f StaticDependenciesID=460d90c6f44c36209ce98b2fb7c3caf0 
Importing 'GUID: abe6991365a27d341a10580f3b7c0f44 - Path: Packages/com.unity.ugui/Editor Resources/Shaders/TMP_SDF_SSD.cginc' with importer (ShaderIncludeImporter)
Imported 'GUID: abe6991365a27d341a10580f3b7c0f44' -> (Import Result ID: 'cd76042a68f43c12c5fc241cc2dce666') in 0.001 seconds [static dependencies only]. Details - ImportResultOutputID=f0b0edc1f6845df24f32404ef2846fef DependenciesID=7997af0e60f66d034a0561c1cdc03da0 StaticDependenciesID=ff97963374970e5b41f05a9e62284a2d 
Importing 'GUID: 3c6c403084eacec478a1129ce20061ea - Path: Packages/com.unity.ugui/Editor Resources/Shaders/TMP_Properties.cginc' with importer (ShaderIncludeImporter)
Imported 'GUID: 3c6c403084eacec478a1129ce20061ea' -> (Import Result ID: '81b1365ade80524ba8c50f7e6ec814db') in 0.001 seconds [static dependencies only]. Details - ImportResultOutputID=75e4aafcd66ddfa4ba96feb8d8692d46 DependenciesID=b4b72d3b3ace47944b0bb555b7dc5f03 StaticDependenciesID=cafa208ba198ed32ac5f92f325b0b45b 
Importing 'GUID: 9c442dc870b456e48b615cd8add0e9ef - Path: Packages/com.unity.ugui/Editor Resources/Shaders/TMP_SDF Internal Editor.shader' with importer (ShaderImporter)
Launched and connected shader compiler UnityShaderCompiler.exe after 0.01 seconds
Imported 'GUID: 9c442dc870b456e48b615cd8add0e9ef' -> (Import Result ID: '61447257136a134c048ab16609e52b24') in 0.035 seconds [static and dynamic dependencies]. Details - ImportResultOutputID=217ae37ec1a2551cd23c1f2dfd06aa4a DependenciesID=8a2ebac69a7498270998200ddea5c9d3 StaticDependenciesID=44e1e3cc417c08023b5102c2d5784f16 
Importing 'GUID: f204d8bec93966a4fb716fe7bc4ae621 - Path: Assets/Materials/Disappearing.mat' with importer (NativeFormatImporter)
Imported 'GUID: f204d8bec93966a4fb716fe7bc4ae621' -> (Import Result ID: '45b72129433498829e5f663e18e0b9e6') in 0.002 seconds [static dependencies only]. Details - ImportResultOutputID=e17544bd2570b0e1604be62b515e6ea0 DependenciesID=1421e50764728bf4dd03afccbc0729e2 StaticDependenciesID=408ad2b8d521c6e4259734e06b7a1f79 
Importing 'GUID: 7546f4c75e0ff9c4ca523022a5ef9f2c - Path: Assets/Materials/Rubber.mat' with importer (NativeFormatImporter)
Imported 'GUID: 7546f4c75e0ff9c4ca523022a5ef9f2c' -> (Import Result ID: '88a32ce8ec1ea83c13ebe71ec7fe9737') in 0.001 seconds [static dependencies only]. Details - ImportResultOutputID=98cc1567a8b918b56d02255199c6a92b DependenciesID=7040ba8d63ff3832a9dd9cecbfa57e1a StaticDependenciesID=64b6288fd3b600df022b31edbe29ed21 
Importing 'GUID: 992a191c265ec3f4e8fa985779ab2f76 - Path: Assets/Materials/Static 1.mat' with importer (NativeFormatImporter)
Imported 'GUID: 992a191c265ec3f4e8fa985779ab2f76' -> (Import Result ID: '440dabf1a66796277e7bbecc269f038a') in 0.001 seconds [static dependencies only]. Details - ImportResultOutputID=b59342fae081c6a052f3a4dbda53a952 DependenciesID=33f11de39f1a7c77cb2c34f17eb983f5 StaticDependenciesID=bb68dc23c4f610c5ab1cff713956f7e5 
Importing 'GUID: c91389c39d842cc4190ea8be0836798a - Path: Packages/com.unity.timeline/Editor/StyleSheets/res/HumanoidDefault.anim' with importer (NativeFormatImporter)
Imported 'GUID: c91389c39d842cc4190ea8be0836798a' -> (Import Result ID: '7a875933928aeacbceea790977ac56b4') in 0.003 seconds [static dependencies only]. Details - ImportResultOutputID=e8ab7377b12dc08d8bcf258d576eecd9 DependenciesID=230a9046600868f00104ce01b0fb7dcb StaticDependenciesID=4e3cb44021afda0ce70e8dc33ec7ef50 
Importing 'GUID: 3c8f589085c4790418b7096f72a84e28 - Path: Assets/Materials/TransparentMoving.mat' with importer (NativeFormatImporter)
Imported 'GUID: 3c8f589085c4790418b7096f72a84e28' -> (Import Result ID: '8477f7a23921ecc5823303ac564dc139') in 0.001 seconds [static dependencies only]. Details - ImportResultOutputID=7079d73402eefc4ddf4ead6dcd7b2bb7 DependenciesID=88e4c78202169f72d97f70dbb2546b7b StaticDependenciesID=1dd332bb92dca63c6f6573e8a49cec92 
Importing 'GUID: 4d013c2d5d94b6a4ab3c29d536b4494b - Path: Assets/Materials/Moving.mat' with importer (NativeFormatImporter)
Imported 'GUID: 4d013c2d5d94b6a4ab3c29d536b4494b' -> (Import Result ID: 'ac2d4d579ebb5942be1003eeb7f7482d') in 0.001 seconds [static dependencies only]. Details - ImportResultOutputID=27c5c70f0da53dd20647f927bb2c6433 DependenciesID=ce99c7b284539e170627a742c0962bbe StaticDependenciesID=1a52ef10cf335f654cad5f3e2ad99fd2 
Importing 'GUID: bd39562f217cb3241bb918041fca97ca - Path: Assets/Materials/Fluid Flow Arrow.mat' with importer (NativeFormatImporter)
Imported 'GUID: bd39562f217cb3241bb918041fca97ca' -> (Import Result ID: '2ff71021b38d833ce998d27b647286d0') in 0.001 seconds [static dependencies only]. Details - ImportResultOutputID=f59331b3fa4b7e69643fe808fc27d8ee DependenciesID=cbae80f895be393d8ea474ccafb60372 StaticDependenciesID=1fea687618c56d74c709be2731829e4d 
Importing 'GUID: 8ec5f72da9ad13643add3dfe7558299e - Path: Assets/Materials/Static 2.mat' with importer (NativeFormatImporter)
Imported 'GUID: 8ec5f72da9ad13643add3dfe7558299e' -> (Import Result ID: '31c442b295893a63f6d515490ede32c8') in 0.001 seconds [static dependencies only]. Details - ImportResultOutputID=8d126aa7064e6ca2bbe2cffdee2fc8cf DependenciesID=17f22e87f1d593b4d26e77e6f9147a96 StaticDependenciesID=d3db8f0e1beea23367469ae385bea4ec 
Importing 'GUID: 2cb1ca12d228148318e1a7d8cc441147 - Path: Packages/com.unity.timeline/Editor/Localization/ja.po' with importer (LocalizationImporter)
Imported 'GUID: 2cb1ca12d228148318e1a7d8cc441147' -> (Import Result ID: '8e398bc2cba2092fc8e58e484088d464') in 0.002 seconds [static dependencies only]. Details - ImportResultOutputID=a5b67b09391759f7d28c02fbdbcb9065 DependenciesID=a03abd2cf6c587e11037d2ec7c985b7d StaticDependenciesID=5085c2426450c019bd8c0defecc64fa0 
Importing 'GUID: 9229ae5dbc38f488d921156ff75869e9 - Path: Packages/com.unity.collab-proxy/Editor/Assets/Fonts/Cascadia.ttf' with importer (TrueTypeFontImporter)
Imported 'GUID: 9229ae5dbc38f488d921156ff75869e9' -> (Import Result ID: '3028eb5aeb555686d94f5ff4c3489e1f') in 0.010 seconds [static and dynamic dependencies]. Details - ImportResultOutputID=7d998c810d727331c5bfef29ffaaf03d DependenciesID=063cfb470bb9b93c537f973ca7d1fa9b StaticDependenciesID=cc9ce94a1164c144a8252bc1800805ff 
Importing 'GUID: 40b02fbc78a116c40aba0c0e5ba99f28 - Path: Assets/Object Files/inner_rotor_gate_actuator.obj' with importer (FBXImporter)
Imported 'GUID: 40b02fbc78a116c40aba0c0e5ba99f28' -> (Import Result ID: 'a85bc87ca422909182a2c292ea942363') in 0.077 seconds [static and dynamic dependencies]. Details - ImportResultOutputID=fe96c53db8b1ea0b4f129acd4d84e377 DependenciesID=2e263dac4b3705967005377436da343d StaticDependenciesID=7ddccfdde9443d966d8c795c78f35d44 
Importing 'GUID: 90dbb4fc650a813418f092bcd7ec5335 - Path: Assets/Object Files/inner_rotor_gate_actuator_2.obj' with importer (FBXImporter)
Imported 'GUID: 90dbb4fc650a813418f092bcd7ec5335' -> (Import Result ID: '19f0fc4534b5597b2caddf266b8b3f03') in 0.017 seconds [static and dynamic dependencies]. Details - ImportResultOutputID=030c332365ac912458cef877f7cef739 DependenciesID=5a0b15e4a672b3f4d3d221fe2fd78f62 StaticDependenciesID=056ff50f65d4b98c00fa71f42f70d90d 
Importing 'GUID: 62f3dfc0e6c35b5468690a2caadabd67 - Path: Assets/Object Files/inner_prop_2.obj' with importer (FBXImporter)
Imported 'GUID: 62f3dfc0e6c35b5468690a2caadabd67' -> (Import Result ID: 'b70aab4e5489afc28508e30518c6ecdf') in 0.019 seconds [static and dynamic dependencies]. Details - ImportResultOutputID=31d00514751deef54d0e845d59272f33 DependenciesID=8bba20700bb4a684d62c78919cc18289 StaticDependenciesID=24ec81f4eca7b3c9f30db29ed6d39025 
Importing 'GUID: c6e45a18db8ba0c4bac4302519563160 - Path: Assets/Object Files/inner_prop.obj' with importer (FBXImporter)
Imported 'GUID: c6e45a18db8ba0c4bac4302519563160' -> (Import Result ID: '1ceb72fb7fcc617ec692470f33eb9f77') in 0.022 seconds [static and dynamic dependencies]. Details - ImportResultOutputID=96b19cc6399c3c1f969bce94c1984d52 DependenciesID=b8a0e1c98b6fb18af2271573bdca0925 StaticDependenciesID=471cc5e6a2c4291195e148e3cc5a60d4 
Importing 'GUID: 67faf1dbc537b5c45af0decc418cc96c - Path: Assets/Object Files/curvedarrow.obj' with importer (FBXImporter)
Imported 'GUID: 67faf1dbc537b5c45af0decc418cc96c' -> (Import Result ID: '7de7a0696c143e43179c1795a4695729') in 0.015 seconds [static and dynamic dependencies]. Details - ImportResultOutputID=2ecc0a90b283ea1e1ef5f2b8cb8988b9 DependenciesID=a176b8a5d26ba64bd9ea926cf2856d54 StaticDependenciesID=ffa8d392d044d3c97114b793c515b369 
Importing 'GUID: e78446e55e042e548977432a40b22061 - Path: Assets/Object Files/inner_prop_3.obj' with importer (FBXImporter)
Imported 'GUID: e78446e55e042e548977432a40b22061' -> (Import Result ID: '1bb66e53f3dc3bd35f6c043ab5b94199') in 0.017 seconds [static and dynamic dependencies]. Details - ImportResultOutputID=14a2c5c4e9b7254adec3881e2a3f966e DependenciesID=cdbfd073d2fa6a55ddb132ea1a964d83 StaticDependenciesID=a5f8104ad0f152663e4d8e4660028d26 
Importing 'GUID: c8dffd89292ea0f418f81e3b1745d2f2 - Path: Assets/Object Files/outershell.obj' with importer (FBXImporter)
Imported 'GUID: c8dffd89292ea0f418f81e3b1745d2f2' -> (Import Result ID: '944e47e2d03a2af05bef562a938c09fc') in 0.027 seconds [static and dynamic dependencies]. Details - ImportResultOutputID=2119f3a99ed7d59b68072a56239e4b92 DependenciesID=a4f41d657703dcf737552cd24e51fcc9 StaticDependenciesID=79cbd8a1c2e5efb9d6f6bffca4cc2616 
Importing 'GUID: f818f7f561ed8cb4ab77a992a62bf752 - Path: Assets/Object Files/middle_rotator.obj' with importer (FBXImporter)
Imported 'GUID: f818f7f561ed8cb4ab77a992a62bf752' -> (Import Result ID: '27681f9de6283a9ab74bb9c41b93758f') in 0.015 seconds [static and dynamic dependencies]. Details - ImportResultOutputID=62e3bb5853390c3a25425b4265ba4c3b DependenciesID=00eed23bc5c3799dde9db97a42f688da StaticDependenciesID=89f54f25aaf55f9f696d9e36addbc55c 
Importing 'GUID: f9e2075b3f1c9944ba6b54ed3ce57725 - Path: Assets/Object Files/pressure_gate.obj' with importer (FBXImporter)
Imported 'GUID: f9e2075b3f1c9944ba6b54ed3ce57725' -> (Import Result ID: 'e54624d04965f9fe7c024a2b3794b292') in 0.020 seconds [static and dynamic dependencies]. Details - ImportResultOutputID=b7d2fe93a4dd35ab60a4e67d3d75e802 DependenciesID=320de8bd0020421ab629fa902666281a StaticDependenciesID=b0f660255162be32b344288a846cf8d1 
Importing 'GUID: 3c31e5ca582e9934d8de877e83cc82d1 - Path: Assets/Object Files/outershell2.obj' with importer (FBXImporter)
Imported 'GUID: 3c31e5ca582e9934d8de877e83cc82d1' -> (Import Result ID: '959b8f53495dd1a855a3c11d4a28f67f') in 0.026 seconds [static and dynamic dependencies]. Details - ImportResultOutputID=671b060a84e35df004f5e4ba508a3077 DependenciesID=0a1a2d7e33a9818d47b1b65de298c85c StaticDependenciesID=d7b9841609c3f50c95da7a2d965d055c 
Importing 'GUID: fe12b28ac0e678845a95108d2a9d73ad - Path: Assets/Object Files/arrow.obj' with importer (FBXImporter)
Imported 'GUID: fe12b28ac0e678845a95108d2a9d73ad' -> (Import Result ID: '0b4a985899b8caf8e65d47fc8e659f13') in 0.013 seconds [static and dynamic dependencies]. Details - ImportResultOutputID=64a7696387b1f96a71ef01b79d7f6134 DependenciesID=e4afdff2ec88ee86d9ffe6af59b71ba8 StaticDependenciesID=aa6c8a4ad359a1d8e177294323f7a77a 
Importing 'GUID: d210bf608de468021bece85f47bf5397 - Path: Packages/com.unity.multiplayer.center/Editor/MultiplayerCenterWindow/Categories.asset' with importer (NativeFormatImporter)
Imported 'GUID: d210bf608de468021bece85f47bf5397' -> (Import Result ID: '6b5f2dc908f13afd4b1534900e871c64') in 0.005 seconds [static dependencies only]. Details - ImportResultOutputID=95a982f2afe745ea6f323407bfcf2062 DependenciesID=2b0de0d02249ae2eaded62977873bb30 StaticDependenciesID=725a29216b54184511d9b4c9f55e1fe9 
Importing 'GUID: e222fb736175dc724a4ff76c6b3ff7d6 - Path: Packages/com.unity.multiplayer.center/Editor/MultiplayerCenterWindow/PackagesRecommendations.asset' with importer (NativeFormatImporter)
Imported 'GUID: e222fb736175dc724a4ff76c6b3ff7d6' -> (Import Result ID: '173117f9a0630cde1f9ae6ec2e65cf46') in 0.004 seconds [static dependencies only]. Details - ImportResultOutputID=a18cee556f23f383252b09e8a71e0c64 DependenciesID=ed503565e6b54a0cb2261731d6d537d0 StaticDependenciesID=e4abb6d7d03b9b7b1d4ef726148c0edd 
Importing 'GUID: 13a8a84f37ede4760a590fd13172bdd4 - Path: Packages/com.unity.ai.navigation/EditorResources/NavigationWindowIcon.asset' with importer (NativeFormatImporter)
Imported 'GUID: 13a8a84f37ede4760a590fd13172bdd4' -> (Import Result ID: 'a1cc50b64be7189c46072387650a3fa1') in 0.001 seconds [static dependencies only]. Details - ImportResultOutputID=8c8b2326dcfbbf6163b931bde70edd29 DependenciesID=0d0e1b472751b78a8a1a6ddd6c95b415 StaticDependenciesID=5bec8757208c31c0e052579c6e0519b0 
Importing 'GUID: 4454599df2632f2aa822d0e029597e95 - Path: Packages/com.unity.multiplayer.center/Editor/MultiplayerCenterWindow/GameGenre.asset' with importer (NativeFormatImporter)
Imported 'GUID: 4454599df2632f2aa822d0e029597e95' -> (Import Result ID: 'a73cb3c8279125fff888ad1153afd5c7') in 0.002 seconds [static dependencies only]. Details - ImportResultOutputID=9e511ca55bf385657b42144f75724f41 DependenciesID=25461d9dff239539b170d56d2a43f613 StaticDependenciesID=4f9e31571baa0bb4acab7e116abecec3 
Importing 'GUID: 8a3f511c09935ad41b25c67a150b7fdb - Path: Packages/com.unity.multiplayer.center/Editor/MultiplayerCenterWindow/BuildingBlockList.asset' with importer (NativeFormatImporter)
Imported 'GUID: 8a3f511c09935ad41b25c67a150b7fdb' -> (Import Result ID: 'f342a2ea83ab303f9e7e7fabc17367ee') in 0.015 seconds [static dependencies only]. Details - ImportResultOutputID=fe5b1f67bf7d40006f45b9a1fac71b22 DependenciesID=2cd50ebf41671f2064cec4010e5f1a6b StaticDependenciesID=3d6ab590562078d0194a085dc3aa0ef0 
Importing 'GUID: caab9a664807a81cd92b1e1eb30cc0ba - Path: Packages/com.unity.multiplayer.center/Editor/MultiplayerCenterWindow/GettingStartedSamples.asset' with importer (NativeFormatImporter)
Imported 'GUID: caab9a664807a81cd92b1e1eb30cc0ba' -> (Import Result ID: '9e9befff4a341583f35fd0b9660014a2') in 0.006 seconds [static dependencies only]. Details - ImportResultOutputID=91ca9b085de492c9bb2d51cba1aabb0e DependenciesID=a1678cc2284ffbe7cac5889122a9884e StaticDependenciesID=319404a3e6a788ca579f9b09fe72391c 
Importing 'GUID: df6a6289992d3406cb4cad0c522e4adf - Path: Packages/com.unity.ai.navigation/EditorResources/d_NavigationWindowIcon.asset' with importer (NativeFormatImporter)
Imported 'GUID: df6a6289992d3406cb4cad0c522e4adf' -> (Import Result ID: 'c3b6ba6015eb43de2c12ce372c4bd096') in 0.003 seconds [static dependencies only]. Details - ImportResultOutputID=adbb03b7e2eb545a4b6f464efb2f6a5e DependenciesID=e2a94f8ec774e4a4f4334c9a5492d696 StaticDependenciesID=c39c6eb9e8f42bcb07e796fbe21a1d7a 
Importing 'GUID: 203bedb65db239c4aa5d9cf073cd3b73 - Path: Packages/com.unity.ai.navigation/ValidationExceptions.json' with importer (TextScriptImporter)
Imported 'GUID: 203bedb65db239c4aa5d9cf073cd3b73' -> (Import Result ID: '36c91fd7771bcd77979d2baf0a64061a') in 0.001 seconds [static dependencies only]. Details - ImportResultOutputID=fd7c627a92975a8f57bc74497f1b79ff DependenciesID=238e93f968272cd1f02b1a230414658d StaticDependenciesID=fb8d96be2d22541ce18c053581811e71 
Importing 'GUID: 30b312a167534621b316172253b08723 - Path: Packages/com.unity.modules.subsystems/package.json' with importer (PackageManifestImporter)
Imported 'GUID: 30b312a167534621b316172253b08723' -> (Import Result ID: '91cadbda1f4551ba4ae374b5d4ebbb95') in 0.001 seconds [static dependencies only]. Details - ImportResultOutputID=f12373219448441b0341099e7af5eb41 DependenciesID=c3a1a64a1ed707356763ac5780bfff54 StaticDependenciesID=b0c5384f3a63b37ff1cc33155b308e39 
Importing 'GUID: 40bf3cec17fa0b49fe04443c8332d638 - Path: Packages/com.unity.modules.jsonserialize/package.json' with importer (PackageManifestImporter)
Imported 'GUID: 40bf3cec17fa0b49fe04443c8332d638' -> (Import Result ID: '062926dc2f811d5fa649e1a6cf35b2be') in 0.001 seconds [static dependencies only]. Details - ImportResultOutputID=d715bb69eb97158ae78ee98bcdc249c8 DependenciesID=4e6f9b5b81636b56298af5228107b3cb StaticDependenciesID=0fc633a2d442bf1460b6d27ccd581959 
Importing 'GUID: 6022bdd5b2896a54f94123b812705321 - Path: Packages/com.unity.ide.visualstudio/CHANGELOG.md' with importer (TextScriptImporter)
Imported 'GUID: 6022bdd5b2896a54f94123b812705321' -> (Import Result ID: 'ef287330416445f6e6232585ee0948a3') in 0.001 seconds [static dependencies only]. Details - ImportResultOutputID=c0e58df697d8d3aed0a3958a0ae37c00 DependenciesID=5dae0207f906ef7c56008bf3abe2c0ab StaticDependenciesID=3bc5f93312d6c771c47ec3111a32a56e 
Importing 'GUID: 70554f6c9e4114e1084bb38f9ea400ce - Path: Packages/com.unity.multiplayer.center/LICENSE.md' with importer (TextScriptImporter)
Imported 'GUID: 70554f6c9e4114e1084bb38f9ea400ce' -> (Import Result ID: '60991c3ab3c49fdc664ca4dfae46556c') in 0.001 seconds [static dependencies only]. Details - ImportResultOutputID=ded4e9b2419ac8bfba58775085317662 DependenciesID=be587618482f084c628151bff8f682e3 StaticDependenciesID=47d65312a669a333c2ee2ae084490478 
Importing 'GUID: 80273283a2a8945eaac4de9bcf33a4bb - Path: Packages/com.unity.collab-proxy/Lib/Editor/Localization/xdiff.zh-Hant.txt' with importer (TextScriptImporter)
Imported 'GUID: 80273283a2a8945eaac4de9bcf33a4bb' -> (Import Result ID: '86aec10b6f2ebcc0d2eefc69ef149040') in 0.002 seconds [static dependencies only]. Details - ImportResultOutputID=098363357d9718d6fd4215d3c532e9eb DependenciesID=79009cd2f4c8139939d7601e04dec439 StaticDependenciesID=87fc3c946c0277bde026fcd11ccf621d 
Importing 'GUID: 80beef77cb19e713c7c2d481b65ed485 - Path: Packages/com.unity.modules.screencapture/package.json' with importer (PackageManifestImporter)
Imported 'GUID: 80beef77cb19e713c7c2d481b65ed485' -> (Import Result ID: '43371bca79999413678980d6fc470d9b') in 0.001 seconds [static dependencies only]. Details - ImportResultOutputID=b4ffc84b5928a9d8fa48bb1ab9ca0965 DependenciesID=c066d8070b2f6fb0d766951c3eb71b2b StaticDependenciesID=39cc6ec39bb1615df8637c27727a4672 
Importing 'GUID: 906c12bc9cd95d3963c6d58f62522c78 - Path: Packages/com.unity.modules.cloth/package.json' with importer (PackageManifestImporter)
Imported 'GUID: 906c12bc9cd95d3963c6d58f62522c78' -> (Import Result ID: '20459150db32dbf40baebe3351f8536a') in 0.001 seconds [static dependencies only]. Details - ImportResultOutputID=40599719a159f2424dc6caf7e57b374b DependenciesID=fa4d36e58cf5cfff9338af3c71e3bcd4 StaticDependenciesID=0cc8c8dd8d90fcd1bb3a740f254ee7cb 
Importing 'GUID: b0045c9f87a3f487c883404b3257f747 - Path: Packages/com.unity.collab-proxy/Lib/Editor/Localization/cm.es.txt' with importer (TextScriptImporter)
Imported 'GUID: b0045c9f87a3f487c883404b3257f747' -> (Import Result ID: 'd04a44ff000bfc18b55d8eba664a652b') in 0.001 seconds [static dependencies only]. Details - ImportResultOutputID=928b29ad50a234da166f59ea93fe6fec DependenciesID=a6c4297cb0c8a29728d5c0303cb76592 StaticDependenciesID=4c4a448d72643dd2ec688f8786a2088d 
Importing 'GUID: d0e3ad91972c66f5238f5b9b7d5ae58a - Path: Packages/com.unity.modules.unitywebrequesttexture/package.json' with importer (PackageManifestImporter)
Imported 'GUID: d0e3ad91972c66f5238f5b9b7d5ae58a' -> (Import Result ID: '29c257d3f95ab1385a113e0721079503') in 0.002 seconds [static dependencies only]. Details - ImportResultOutputID=f9819a2814b9d346b95c32cadc86b95f DependenciesID=519cc091285c3f57de53fce00a91dff1 StaticDependenciesID=de4675f32f28c25d668fe6a485729132 
Importing 'GUID: e0b2d2f09f2d34ba185ece61ed171f33 - Path: Packages/com.unity.collab-proxy/Lib/Editor/Localization/i3.zh-Hans.txt' with importer (TextScriptImporter)
Imported 'GUID: e0b2d2f09f2d34ba185ece61ed171f33' -> (Import Result ID: 'acb4d380c146af80f2ebf3d4ee69907c') in 0.002 seconds [static dependencies only]. Details - ImportResultOutputID=fd70f085abacf90c62a97c46dc9ce5c1 DependenciesID=57ec0116f762d9f9bfd87726dfe171bd StaticDependenciesID=20db5cf3aeea4e36d5ca26747a89bb02 
Importing 'GUID: e0ae6629cc70b514889df37fccb76832 - Path: Packages/com.unity.ugui/README.md' with importer (TextScriptImporter)
Imported 'GUID: e0ae6629cc70b514889df37fccb76832' -> (Import Result ID: 'ff4c6f164c81db02abbfbd12834460b6') in 0.001 seconds [static dependencies only]. Details - ImportResultOutputID=9708c64e8b19c45326eb84a19a6a7c07 DependenciesID=ba75302d059da8d6d3d2fde9895d33e3 StaticDependenciesID=76a9e24c1d0e8e7ca8008f83a0018b4a 
Importing 'GUID: f0f13f2ab3d6d13cfc6e4656824bfca8 - Path: Packages/com.unity.modules.ai/package.json' with importer (PackageManifestImporter)
Imported 'GUID: f0f13f2ab3d6d13cfc6e4656824bfca8' -> (Import Result ID: 'e8ffbb81041722dd8a51842cf8aa5b1a') in 0.001 seconds [static dependencies only]. Details - ImportResultOutputID=6c1e1e68cc352ca0c8f4fa95c3c80fe9 DependenciesID=0836e57675788e3b5d3d53f00dfdf241 StaticDependenciesID=ef62caa18b85eae761e5b71f9a8f42c6 
Importing 'GUID: 0141873b98c3d4889a41b404077edb94 - Path: Packages/com.unity.collab-proxy/Lib/Editor/Localization/workspaceserver.es.txt' with importer (TextScriptImporter)
Imported 'GUID: 0141873b98c3d4889a41b404077edb94' -> (Import Result ID: '5732f561da5ce8e3e3a1e89b7b0a3d36') in 0.001 seconds [static dependencies only]. Details - ImportResultOutputID=e757f2452c0a3aa0482612fa0ba263df DependenciesID=463a7489dcf856e90baaad8883028997 StaticDependenciesID=e70553f8eda33d20d003cc557e040d8c 
Importing 'GUID: 118fcf393362e4677a4b0fd04265f121 - Path: Packages/com.unity.collab-proxy/Lib/Editor/Localization/guihelp.zh-Hant.txt' with importer (TextScriptImporter)
Imported 'GUID: 118fcf393362e4677a4b0fd04265f121' -> (Import Result ID: '67ae119afdd7e441ea4d78ea6b8ed88e') in 0.001 seconds [static dependencies only]. Details - ImportResultOutputID=25c3de144428e97dbdb950aff05aca81 DependenciesID=15921187d6d9bfc9d6766677f13d40ab StaticDependenciesID=4ccb02e9277b52593d2fd56ad7bb53d8 
Importing 'GUID: 319b8889f363f5947acf209c17a94149 - Path: Packages/com.unity.ugui/package.json' with importer (PackageManifestImporter)
Imported 'GUID: 319b8889f363f5947acf209c17a94149' -> (Import Result ID: 'c02db6a1a00edd090014c1b7ad34afb9') in 0.001 seconds [static dependencies only]. Details - ImportResultOutputID=476d69259838683c3403395662739830 DependenciesID=3ca50671dc1bf41cf027ca3c6e1fbeb7 StaticDependenciesID=1a476b55d3d9db0cc6ec185eecabf14a 
Importing 'GUID: 510df96e3e40743a39860f8dd1e4fc4d - Path: Packages/com.unity.collab-proxy/Lib/Editor/Localization/images.zh-Hans.txt' with importer (TextScriptImporter)
Imported 'GUID: 510df96e3e40743a39860f8dd1e4fc4d' -> (Import Result ID: '2283c556eb1d026d2e6218a55cfbfd3e') in 0.001 seconds [static dependencies only]. Details - ImportResultOutputID=28983ad44016f65267b21ab421f3e384 DependenciesID=e93ca04dcf8f4eb02dc6feac45dffb61 StaticDependenciesID=b57aeb36d0e8e0c99410bbeec0d7d597 
Importing 'GUID: 8143d3a8390f2c64685e3bc272bd9e90 - Path: Packages/com.unity.ext.nunit/package.json' with importer (PackageManifestImporter)
Imported 'GUID: 8143d3a8390f2c64685e3bc272bd9e90' -> (Import Result ID: '348e755bcd88ed4be531481a0e37aaa3') in 0.001 seconds [static dependencies only]. Details - ImportResultOutputID=47b4f14681140d9bb1e09b9c9db18de3 DependenciesID=2695f3a8acff006aa04eff3e4dc77303 StaticDependenciesID=cf644d6770398a85ed11d59f3fc82bcf 
Importing 'GUID: c10740cd62ccaf54c8880da0a3f4d10f - Path: Packages/com.unity.collab-proxy/README.md' with importer (TextScriptImporter)
Imported 'GUID: c10740cd62ccaf54c8880da0a3f4d10f' -> (Import Result ID: '69239490e6fa8363d333cecf76e7b2a6') in 0.001 seconds [static dependencies only]. Details - ImportResultOutputID=cf6f0ef98d68a8f279ee159e9bbbac12 DependenciesID=f891b411c50393636673560d370d973b StaticDependenciesID=0bcaefabac692d8208c9af1810611df9 
Importing 'GUID: e1619c982c09c43beb4a3a70abf3bf9a - Path: Packages/com.unity.collab-proxy/Lib/Editor/Localization/guihelp.ja.txt' with importer (TextScriptImporter)
Imported 'GUID: e1619c982c09c43beb4a3a70abf3bf9a' -> (Import Result ID: 'ade2771ccb9e6d0f39f15c905a9c0c65') in 0.001 seconds [static dependencies only]. Details - ImportResultOutputID=b38e2f863e55715c05e75bb4ecacc869 DependenciesID=627e119be8da12ff989695fcbc0c3e55 StaticDependenciesID=c22f097bbe7d50f3bfd77fbd0a31c23c 
Importing 'GUID: e13a556ff924042cbaec3e059d695a23 - Path: Packages/com.unity.collab-proxy/Lib/Editor/Localization/i3.en.txt' with importer (TextScriptImporter)
Imported 'GUID: e13a556ff924042cbaec3e059d695a23' -> (Import Result ID: 'a95f3c1c9b52426e6306225b7fe4eabf') in 0.002 seconds [static dependencies only]. Details - ImportResultOutputID=e63624eb0945789a1488c055c87691e7 DependenciesID=128402ac64a1f37812362d2cef650d86 StaticDependenciesID=99fa8090869e3c56558011f43bff6a13 
Importing 'GUID: e15c5be84e68e4fe2a63b3a4d2adbae1 - Path: Packages/com.unity.collab-proxy/Lib/Editor/Localization/basecommands.zh-Hant.txt' with importer (TextScriptImporter)
Imported 'GUID: e15c5be84e68e4fe2a63b3a4d2adbae1' -> (Import Result ID: '1fc8250f0d48497660a5e3fea30b16e3') in 0.001 seconds [static dependencies only]. Details - ImportResultOutputID=cb6636b7dc5f67830762e07d70bb2418 DependenciesID=3f91a2e34bb7b11ee0efa7c3382ef0c0 StaticDependenciesID=5e036773cd7db4a54607ff2e64812753 
Importing 'GUID: e17dce0d3ad0941049a005c14ef3dc6e - Path: Packages/com.unity.collab-proxy/Lib/Editor/Localization/mergetool.es.txt' with importer (TextScriptImporter)
Imported 'GUID: e17dce0d3ad0941049a005c14ef3dc6e' -> (Import Result ID: 'a8045081f1348c1559596e98ff4c10e5') in 0.001 seconds [static dependencies only]. Details - ImportResultOutputID=84c83343b9ee06e49ea9e2049bdb79ae DependenciesID=85996e723b26b094bf50a53a34921f2b StaticDependenciesID=aac9493d6dfe857c5127bbc2315de868 
Importing 'GUID: e1ef8466c8fd01a549f10baa4d51fa17 - Path: Packages/com.unity.modules.assetbundle/package.json' with importer (PackageManifestImporter)
Imported 'GUID: e1ef8466c8fd01a549f10baa4d51fa17' -> (Import Result ID: '748132f011a260c8df556b8cee535e4c') in 0.001 seconds [static dependencies only]. Details - ImportResultOutputID=cfe9da6d42ce96a22193f1d8b2af86ad DependenciesID=16c55702c0aaaab1de43bc36cec08d92 StaticDependenciesID=7a1bc9322701c6205e280c430adfb524 
Importing 'GUID: f1b52905ca380454cb1eb270517534ee - Path: Packages/com.unity.collab-proxy/Lib/Editor/Localization/differences.ko.txt' with importer (TextScriptImporter)
Imported 'GUID: f1b52905ca380454cb1eb270517534ee' -> (Import Result ID: '0c6a7c79fda5cfb03aa4d6951fa0f9ce') in 0.001 seconds [static dependencies only]. Details - ImportResultOutputID=6ffea89ccb778a302d151bd467337b55 DependenciesID=9621d75aee94cc7a86969f93edb6b933 StaticDependenciesID=5eb648ddb944333a2eceec0568a99895 
Importing 'GUID: 3235ecefad2a6a645aa0222aca200aeb - Path: Packages/com.unity.timeline/Editor/StyleSheets/res/Timeline_LightSkin.txt' with importer (TextScriptImporter)
Imported 'GUID: 3235ecefad2a6a645aa0222aca200aeb' -> (Import Result ID: 'bf56e5aaf20c772ee9b3c6d2d5eeb6b0') in 0.002 seconds [static dependencies only]. Details - ImportResultOutputID=080b081d968aa39e098a17cd89405e5e DependenciesID=3428a9db9107212b4caef52b5e756ce2 StaticDependenciesID=01d8c81c81a07b07d6ab681f7ac35d99 
Importing 'GUID: 32bf5760cae4a4399aedc5a0c0a20f23 - Path: Packages/com.unity.collab-proxy/Lib/Editor/Localization/common.es.txt' with importer (TextScriptImporter)
Imported 'GUID: 32bf5760cae4a4399aedc5a0c0a20f23' -> (Import Result ID: '9911b26c36bbe1399e98a87fd56f421b') in 0.001 seconds [static dependencies only]. Details - ImportResultOutputID=31812b31a0a66dbb62676d0620ccbda3 DependenciesID=405ae46543f01f337f6af11254a58d3e StaticDependenciesID=a491d2af984b30ff5d17051f48b2913d 
Importing 'GUID: 42fe78c8fe682715a2cb531422e6ccb3 - Path: Packages/com.unity.modules.imgui/package.json' with importer (PackageManifestImporter)
Imported 'GUID: 42fe78c8fe682715a2cb531422e6ccb3' -> (Import Result ID: '38d3bb719d37ec99f8a9f6c14d39c414') in 0.001 seconds [static dependencies only]. Details - ImportResultOutputID=a5346159d22bce0395fd3c3cfff1d1a1 DependenciesID=bb3e0f71c194a791f04bcb82e59b0e77 StaticDependenciesID=fcba81c59960cbb5fd08016f128ba1a0 
Importing 'GUID: 52a2c019761d4f74ea3dbdaa0d889673 - Path: Packages/com.unity.collab-proxy/LICENSE.md' with importer (TextScriptImporter)
Imported 'GUID: 52a2c019761d4f74ea3dbdaa0d889673' -> (Import Result ID: 'be3b3b0d7def8136a383f969d1d80d57') in 0.001 seconds [static dependencies only]. Details - ImportResultOutputID=a408c32edd8ed3019a01becbf3af7b9d DependenciesID=d23e4a18206c389e1fa04adecddfd26b StaticDependenciesID=c286373b776573da16e4ce73f99ecd5a 
Importing 'GUID: 521b26df9e05046eab5b7a40261b5ae6 - Path: Packages/com.unity.collab-proxy/Lib/Editor/Localization/commontypes.ko.txt' with importer (TextScriptImporter)
Imported 'GUID: 521b26df9e05046eab5b7a40261b5ae6' -> (Import Result ID: '44e970bca3a2a173bb7403889770bb64') in 0.001 seconds [static dependencies only]. Details - ImportResultOutputID=a4b50c55e633219844e3463d8d98feea DependenciesID=0bbbe718f3bd9a7ecab40d624767f206 StaticDependenciesID=5695d5a447fd91a71fb5674ecbeb2282 
Importing 'GUID: 92a378669877c05c6071d0fed687bb95 - Path: Packages/com.unity.modules.tilemap/package.json' with importer (PackageManifestImporter)
Imported 'GUID: 92a378669877c05c6071d0fed687bb95' -> (Import Result ID: '08175b43d19d068c3d070bec5e4db444') in 0.002 seconds [static dependencies only]. Details - ImportResultOutputID=23dd1249d007cf65d61b546a4fe02828 DependenciesID=d50bdc650850cd95506663c9d7227b68 StaticDependenciesID=7ba57acf13f14af7fe4f557b15547504 
Importing 'GUID: b233593fc686844cba46ccf1c5f750f6 - Path: Packages/com.unity.collab-proxy/Lib/Editor/Localization/workspaceserver.ko.txt' with importer (TextScriptImporter)
Imported 'GUID: b233593fc686844cba46ccf1c5f750f6' -> (Import Result ID: 'd0a9bb3f0c21a035dd9c7da739eb0067') in 0.001 seconds [static dependencies only]. Details - ImportResultOutputID=e64bd7c91a05f357b542ef7408f6bdcb DependenciesID=160945144aa0dd600ae6ff9e6c183294 StaticDependenciesID=802e96b3bcbe2251c62d28a9feed99d8 
Importing 'GUID: d27ac2618f7174359bf02e3d71d7cd7b - Path: Packages/com.unity.collab-proxy/Lib/Editor/Localization/cm-help.en.txt' with importer (TextScriptImporter)
Imported 'GUID: d27ac2618f7174359bf02e3d71d7cd7b' -> (Import Result ID: '7fc46933ddf949b0589eb3e3e10d8794') in 0.002 seconds [static dependencies only]. Details - ImportResultOutputID=2be3d1f739cbf4039ad3baabccae35d9 DependenciesID=c489a10d2cab33c151ef5954b5a5042c StaticDependenciesID=0c0495564abec94558ba35ebb50fce4a 
Importing 'GUID: e2f3f1dcf8d9b45dbaa98b0878dce447 - Path: Packages/com.unity.collab-proxy/Lib/Editor/Localization/configurehelper.ko.txt' with importer (TextScriptImporter)
Imported 'GUID: e2f3f1dcf8d9b45dbaa98b0878dce447' -> (Import Result ID: 'de5baa686d2ea989f3c1571163441c15') in 0.001 seconds [static dependencies only]. Details - ImportResultOutputID=e6d2d2cf47e95a8d1398eb1e94a6621b DependenciesID=60d173d0ebc96307ee4b8c6032f50bae StaticDependenciesID=4ab408df613aabead749371dc8a81255 
Importing 'GUID: 13a9c1b4df2e489e8eb9cacca7429596 - Path: Packages/com.unity.timeline/package.json' with importer (PackageManifestImporter)
Imported 'GUID: 13a9c1b4df2e489e8eb9cacca7429596' -> (Import Result ID: '264e7fc2fbbce953467c2699a703a3fe') in 0.001 seconds [static dependencies only]. Details - ImportResultOutputID=f965308e5fd9a3298aa8cd91f3772024 DependenciesID=cb6e09cf7b4b149cd5b6889240b8e452 StaticDependenciesID=8c8ecdb134fa2937f64833943dc56067 
Importing 'GUID: 2355cb699865a417db515b08840c5226 - Path: Packages/com.unity.collab-proxy/Lib/Editor/Localization/workspaceserver.zh-Hant.txt' with importer (TextScriptImporter)
Imported 'GUID: 2355cb699865a417db515b08840c5226' -> (Import Result ID: 'b6142dbdb462430aeee982d12f7264b9') in 0.002 seconds [static dependencies only]. Details - ImportResultOutputID=e9f7f4b40c3228f6883dae3985c18d90 DependenciesID=758eb4a7eebfcd544ab106015a1b728e StaticDependenciesID=70c5489007fd1475aae4b010534b6a78 
Importing 'GUID: 43674d438e19b89d7fe6af07234f3252 - Path: Packages/com.unity.modules.accessibility/package.json' with importer (PackageManifestImporter)
Imported 'GUID: 43674d438e19b89d7fe6af07234f3252' -> (Import Result ID: 'f8c87b4fbc6298e300bc3ef00722b65a') in 0.001 seconds [static dependencies only]. Details - ImportResultOutputID=09acbb368a6bac60c9ab3566ee7106ae DependenciesID=921d601850da1ec9b05f1f468436ab0e StaticDependenciesID=c19d0189e83c9cd3e5aa4d1c325afb07 
Importing 'GUID: 73a6d79b8d4574c869d48676dcab25b2 - Path: Packages/com.unity.collab-proxy/Lib/Editor/Localization/basecommands.es.txt' with importer (TextScriptImporter)
Imported 'GUID: 73a6d79b8d4574c869d48676dcab25b2' -> (Import Result ID: 'e9c9002c5ac793e83a4cb6ae887f6192') in 0.001 seconds [static dependencies only]. Details - ImportResultOutputID=00b64ba65aec1a72793a16b5504ac55b DependenciesID=46053e3b8568f64df7e6bf9b4d513b58 StaticDependenciesID=83b1b5bf03362e3c76d4f9e8acaf7430 
Importing 'GUID: 939b89fc6b924ea2e821fc1be1b09f56 - Path: Packages/com.unity.modules.tetgen/package.json' with importer (PackageManifestImporter)
Imported 'GUID: 939b89fc6b924ea2e821fc1be1b09f56' -> (Import Result ID: '11768157ac485b2639961b8822c46966') in 0.001 seconds [static dependencies only]. Details - ImportResultOutputID=29fa5e06454fd7d4a3de4ebaad1b9fb3 DependenciesID=c1b4948256745152fc2049e828600095 StaticDependenciesID=85fe6b83da180efd3b8a71f4f73ea1d2 
Importing 'GUID: a3f71b076c36a204a864f8c44142b3a9 - Path: Packages/com.unity.ide.visualstudio/ValidationConfig.json' with importer (TextScriptImporter)
Imported 'GUID: a3f71b076c36a204a864f8c44142b3a9' -> (Import Result ID: '6bc194c0e5cf2c0ea377129ee0200221') in 0.002 seconds [static dependencies only]. Details - ImportResultOutputID=cff9390ab0252068bea3e095f4d8ef8d DependenciesID=9d8b025ffb710ac31101c22b75c904b3 StaticDependenciesID=cb892ee866859957be28e6dcd81741fb 
Importing 'GUID: c359bcaf4a0bc4040aac650bf14ec619 - Path: Packages/com.unity.multiplayer.center/README.md' with importer (TextScriptImporter)
Imported 'GUID: c359bcaf4a0bc4040aac650bf14ec619' -> (Import Result ID: 'a0aa86928b67fcfa1cce09564c08e735') in 0.002 seconds [static dependencies only]. Details - ImportResultOutputID=4299c9e8923d237765035bbb987544ae DependenciesID=4318dbf710493082bfa7b5c848d1ccf1 StaticDependenciesID=59c76040cc814dcf9de202fc039a453d 
Importing 'GUID: d3cbe921f7b3d9a3257e7c61a5761796 - Path: Packages/com.unity.modules.terrainphysics/package.json' with importer (PackageManifestImporter)
Imported 'GUID: d3cbe921f7b3d9a3257e7c61a5761796' -> (Import Result ID: 'c6962603b20062c5a3d8cbe46638f06b') in 0.001 seconds [static dependencies only]. Details - ImportResultOutputID=dd1e3adb7083a3027e8e76a0f466a653 DependenciesID=6517e97cccb0ebb2f51518d264d97ccd StaticDependenciesID=89337a2390f409565d8be9f960167083 
Importing 'GUID: 04d1d03a8de3f47ea9ef95eaeff48ab0 - Path: Packages/com.unity.collab-proxy/Lib/Editor/Localization/basecommands.ja.txt' with importer (TextScriptImporter)
Imported 'GUID: 04d1d03a8de3f47ea9ef95eaeff48ab0' -> (Import Result ID: '1a91426901152b9394c63352d7d29fd4') in 0.002 seconds [static dependencies only]. Details - ImportResultOutputID=7ca5489f0a5ad41c078a1fb623aa5e3f DependenciesID=f49e481fa31ca1622710ceac459ea742 StaticDependenciesID=7280f2d7491fea7e199c289277dd8479 
Importing 'GUID: 04d1eeb7f27d6493ea75bc0478ed7ce4 - Path: Packages/com.unity.collab-proxy/Lib/Editor/Localization/cm.zh-Hant.txt' with importer (TextScriptImporter)
Imported 'GUID: 04d1eeb7f27d6493ea75bc0478ed7ce4' -> (Import Result ID: '81ad59b6e90a4b1fafd6a50612ba06b5') in 0.001 seconds [static dependencies only]. Details - ImportResultOutputID=8852f1a7d04ab81a4250da63f7775816 DependenciesID=3fbc4f7d44064c0a0f6a4c6089ca8f5a StaticDependenciesID=1614ef3190c091f81b935535e466e2db 
Importing 'GUID: 2479a4656ed89570ebd1de1fdda3dae5 - Path: Packages/com.unity.modules.timelinefoundation/package.json' with importer (PackageManifestImporter)
Imported 'GUID: 2479a4656ed89570ebd1de1fdda3dae5' -> (Import Result ID: '0302208327ef60b38a6c6ef73efb8e67') in 0.001 seconds [static dependencies only]. Details - ImportResultOutputID=46a2b4bb43d4824a41d6c5129c0be0e9 DependenciesID=da2ed76247ab9d845fc0bddff5663209 StaticDependenciesID=89e750f67239ef258d2e24cbb0e9b393 
Importing 'GUID: 3422f2294d08c4f13915960a1f4a0808 - Path: Packages/com.unity.collab-proxy/Lib/Editor/Localization/guihelp.en.txt' with importer (TextScriptImporter)
Imported 'GUID: 3422f2294d08c4f13915960a1f4a0808' -> (Import Result ID: 'dbc6cd833eba40be1e7e55c4f9deb411') in 0.001 seconds [static dependencies only]. Details - ImportResultOutputID=9da13aaa094e2ec1b45d5542b55f74db DependenciesID=c8fc80a5cd2a922d2883297c0f9cf162 StaticDependenciesID=a03a9dfff01471a935ba42a461cc5b1e 
Importing 'GUID: 54905d77593e9eb44a7c25d704bb4163 - Path: Packages/com.unity.timeline/Editor/StyleSheets/res/Timeline_DarkSkin.txt' with importer (TextScriptImporter)
Imported 'GUID: 54905d77593e9eb44a7c25d704bb4163' -> (Import Result ID: '6683a662edc13fe94963da7eaaf94d22') in 0.001 seconds [static dependencies only]. Details - ImportResultOutputID=ed5d74549910a1b530571e654de621be DependenciesID=c7bb13c8f25b2169c60aaa2c5514b01c StaticDependenciesID=73b40a865ec7e665c7ba759e36774ae2 
Importing 'GUID: 64e81b2d5d66940ccb46edf3fe7c2ada - Path: Packages/com.unity.collab-proxy/Lib/Editor/Localization/cm.ja.txt' with importer (TextScriptImporter)
Imported 'GUID: 64e81b2d5d66940ccb46edf3fe7c2ada' -> (Import Result ID: '1dec96cdf0ce7a33297ca7595375f5e0') in 0.001 seconds [static dependencies only]. Details - ImportResultOutputID=a2cc0462c40a720bb551afa919e5e224 DependenciesID=d15b159a6fdeb33174459b5b70b5dee2 StaticDependenciesID=59677582b005442e3646b2cb9a8fde9f 
Importing 'GUID: 7434ec0f802604f68bee7449e1ab5673 - Path: Packages/com.unity.collab-proxy/Lib/Editor/Localization/common.en.txt' with importer (TextScriptImporter)
Imported 'GUID: 7434ec0f802604f68bee7449e1ab5673' -> (Import Result ID: 'db9ff6744ff8d268cce0e0bdacc5f9e6') in 0.001 seconds [static dependencies only]. Details - ImportResultOutputID=b4fd5dc73299c275f8a6b597d87d637c DependenciesID=eeb6a77461eb41e357a2d66556d007a6 StaticDependenciesID=6596bda39f36cdd1db43e66d09e44a95 
Importing 'GUID: 743fda8c4b219c8429fb5a77ede1c879 - Path: Packages/com.unity.collab-proxy/package.json' with importer (PackageManifestImporter)
Imported 'GUID: 743fda8c4b219c8429fb5a77ede1c879' -> (Import Result ID: 'b55f4405dcdfd568b8c00e832af691ce') in 0.001 seconds [static dependencies only]. Details - ImportResultOutputID=cd95d71ab52b767e2f9e6960abcb3d7b DependenciesID=a9b0a3f02536bbdc681dfafe31e8eb20 StaticDependenciesID=c4033591be626a29d147629f05844c76 
Importing 'GUID: 744fc2e853cbb46b1a5de3a22529af56 - Path: Packages/com.unity.collab-proxy/Lib/Editor/Localization/guihelp.es.txt' with importer (TextScriptImporter)
Imported 'GUID: 744fc2e853cbb46b1a5de3a22529af56' -> (Import Result ID: '8484ff1700ed74370b2ed9b783e6fed1') in 0.001 seconds [static dependencies only]. Details - ImportResultOutputID=949e4286c1ad8d0482fab8931edea1c2 DependenciesID=69d66cd9551bbe9521228422fd23f947 StaticDependenciesID=109ce43f4b221e066f379a70784a3285 
Importing 'GUID: 949061f1e48b34bfea6207e70ea0a0f6 - Path: Packages/com.unity.collab-proxy/Lib/Editor/Localization/cm.zh-Hans.txt' with importer (TextScriptImporter)
Imported 'GUID: 949061f1e48b34bfea6207e70ea0a0f6' -> (Import Result ID: '35fb9ce078eb76c232ac5e0795bc52e4') in 0.001 seconds [static dependencies only]. Details - ImportResultOutputID=529a6daa7af0be04ead0809ba8b98a88 DependenciesID=23269e99dfb33b6d1ba9e1c8dedf5086 StaticDependenciesID=d9fb196d5ca7dc13b1283c0b9ddbb1f8 
Importing 'GUID: c459bcd1659474966b59ac3f4adb1461 - Path: Packages/com.unity.collab-proxy/Lib/Editor/Localization/configurehelper.zh-Hans.txt' with importer (TextScriptImporter)
Imported 'GUID: c459bcd1659474966b59ac3f4adb1461' -> (Import Result ID: 'e8e65c0b11cb0fb1a74dd3a7a1c690ef') in 0.001 seconds [static dependencies only]. Details - ImportResultOutputID=8584de278b9376200dd6530bb65dbb83 DependenciesID=1707ad0a24760bec532248fe2743add5 StaticDependenciesID=f7f50d0085ab7165dc4fd43be2c5c521 
Importing 'GUID: e44ad81467ad247c587c5847830740b0 - Path: Packages/com.unity.collab-proxy/Lib/Editor/Localization/xdiff.es.txt' with importer (TextScriptImporter)
Imported 'GUID: e44ad81467ad247c587c5847830740b0' -> (Import Result ID: 'daccf4c2073676674b88e026a2c5b177') in 0.001 seconds [static dependencies only]. Details - ImportResultOutputID=b26d4e55dd47453f1102d7aa4195d358 DependenciesID=af768dec5a850074e44510ea69e9f092 StaticDependenciesID=b748217943b6ef804bcb949fbc7cd4d9 
Importing 'GUID: f415c70214a29428b9297efda0fa5867 - Path: Packages/com.unity.collab-proxy/Lib/Editor/Localization/clientcommon.es.txt' with importer (TextScriptImporter)
Imported 'GUID: f415c70214a29428b9297efda0fa5867' -> (Import Result ID: '54b8c822f4c7dc5bb71aed56bb936278') in 0.001 seconds [static dependencies only]. Details - ImportResultOutputID=efece29be5546565e4e55faf62d77c37 DependenciesID=3f81f2440e024fbd029578bac40f708e StaticDependenciesID=47b112ae5e0cdb2a27ff573d3668fc9d 
Importing 'GUID: f49bbe06ffa5ae24abe32abdab430c24 - Path: Packages/com.unity.ext.nunit/CHANGELOG.md' with importer (TextScriptImporter)
Imported 'GUID: f49bbe06ffa5ae24abe32abdab430c24' -> (Import Result ID: 'cd4dff66c699a226bf55f5e7c0a1f4b0') in 0.001 seconds [static dependencies only]. Details - ImportResultOutputID=01168eb68a0f3be6f532fd87433b1d0d DependenciesID=410372227720ae096651114bf4c0a19e StaticDependenciesID=afa1787e8d8c28cb672470fcab17a9b6 
Importing 'GUID: 05f5bfd584002f948982a1498890f9a9 - Path: Packages/com.unity.ugui/PackageConversionData.json' with importer (TextScriptImporter)
Imported 'GUID: 05f5bfd584002f948982a1498890f9a9' -> (Import Result ID: '9d6044e8c23af260ec056506e9467f43') in 0.001 seconds [static dependencies only]. Details - ImportResultOutputID=514ad8f63f1072d3b0a1e5a4464c8dfb DependenciesID=251e78c6e028cc4939d4363f316ac59f StaticDependenciesID=431e48ef2b7284a5ae6beeae3a9f4dab 
Importing 'GUID: 05f7f519769978b79b31d063a7fc6fa1 - Path: Packages/com.unity.modules.unitywebrequestassetbundle/package.json' with importer (PackageManifestImporter)
Imported 'GUID: 05f7f519769978b79b31d063a7fc6fa1' -> (Import Result ID: '4e7f058c964e1e63e1c953b992af019b') in 0.001 seconds [static dependencies only]. Details - ImportResultOutputID=bc2c97e74faeca88ac7413fb1ab6bdad DependenciesID=4922d3f5480f1c735012b971dc672e06 StaticDependenciesID=d86e0c2d1b53ce6b8f92e493f4765894 
Importing 'GUID: 254f40821697f4cd0a87eafc8ffdd99a - Path: Packages/com.unity.collab-proxy/Lib/Editor/Localization/plastic-gui.ko.txt' with importer (TextScriptImporter)
Imported 'GUID: 254f40821697f4cd0a87eafc8ffdd99a' -> (Import Result ID: 'a578129826a22b4a9372f9caa9019d05') in 0.001 seconds [static dependencies only]. Details - ImportResultOutputID=27973575e7ad95e77b8635cfe3ba140a DependenciesID=157f45503e1d1eef60246cdd800ceda7 StaticDependenciesID=147676ae3cdb33d43e359a9411772d08 
Importing 'GUID: 35e4e59a581b14a438871c37fee1eb75 - Path: Packages/com.unity.collab-proxy/Lib/Editor/Localization/images.es.txt' with importer (TextScriptImporter)
Imported 'GUID: 35e4e59a581b14a438871c37fee1eb75' -> (Import Result ID: '7cfe8f23866258233292485a4057bf06') in 0.001 seconds [static dependencies only]. Details - ImportResultOutputID=4d5ca0ec5ad7651db5a1a91cbd6fd9d0 DependenciesID=78fb60d1406333eed92b4b13b1534625 StaticDependenciesID=200e333c22096a643670a97f8ef73d2b 
Importing 'GUID: 352d8dfb4e64c4362bea2314a465969e - Path: Packages/com.unity.collab-proxy/Lib/Editor/Localization/semantic.en.txt' with importer (TextScriptImporter)
Imported 'GUID: 352d8dfb4e64c4362bea2314a465969e' -> (Import Result ID: '570a77d4ba79fb24f0747058f134ed1e') in 0.001 seconds [static dependencies only]. Details - ImportResultOutputID=ece163c47aaf6020e07bd805f062336f DependenciesID=0416bcdc8cd1cd3d12e0d8e2c823d909 StaticDependenciesID=265c0da5a273ff41b5e42c53eb1bc0f3 
Importing 'GUID: 5598b14661b5f4c43bed757f34b6d172 - Path: Packages/com.unity.ide.rider/LICENSE.md' with importer (TextScriptImporter)
Imported 'GUID: 5598b14661b5f4c43bed757f34b6d172' -> (Import Result ID: 'edf5f386fa5935ba76146f2e667a75ce') in 0.001 seconds [static dependencies only]. Details - ImportResultOutputID=327a019b016b061199b139089c9f7588 DependenciesID=26e7eae126c0167609ad958f04cf5999 StaticDependenciesID=9b3fb3b79c2968dbd1c57f75c7eec358 
Importing 'GUID: 65f3b5a9bc28743fa8f2708cfd11ed08 - Path: Packages/com.unity.collab-proxy/Lib/Editor/Localization/commontypes.es.txt' with importer (TextScriptImporter)
Imported 'GUID: 65f3b5a9bc28743fa8f2708cfd11ed08' -> (Import Result ID: '7fa1b26d03d610596a6f5125f3d214af') in 0.001 seconds [static dependencies only]. Details - ImportResultOutputID=dbbf3a040bb4ee97809c0dd7ed075709 DependenciesID=e7083ab0873e3e962fac160f38b9ea3e StaticDependenciesID=899635cf5bff3d19cebd1a15d7e64b44 
Importing 'GUID: 658d4b56a429c42dc82f506a2767b2e6 - Path: Packages/com.unity.collab-proxy/Lib/Editor/Localization/i3.ja.txt' with importer (TextScriptImporter)
Imported 'GUID: 658d4b56a429c42dc82f506a2767b2e6' -> (Import Result ID: '11bc3e5891dbbde513e243edad4f9f82') in 0.001 seconds [static dependencies only]. Details - ImportResultOutputID=3e3b396fea60cbeb50f8dc0d607c2a60 DependenciesID=c0494f9cafeca70b1ef7ded86f8093b0 StaticDependenciesID=917608c501c5a0d1ae74a79be83b507f 
Importing 'GUID: 656f74f6edaa396458412b9e3903d8cd - Path: Packages/com.unity.ide.visualstudio/package.json' with importer (PackageManifestImporter)
Imported 'GUID: 656f74f6edaa396458412b9e3903d8cd' -> (Import Result ID: '026fbff18d6d8ccd2105aaf4207fab86') in 0.001 seconds [static dependencies only]. Details - ImportResultOutputID=c6c234ec4788ad4daafb8100490de712 DependenciesID=e856ee9d89f09216e15ef763c814698e StaticDependenciesID=d58099b9ef64c5201453a22746692171 
Importing 'GUID: 754c536771c1f404c8b3c600e2c1f38e - Path: Packages/com.unity.collab-proxy/Lib/Editor/Localization/cm.ko.txt' with importer (TextScriptImporter)
Imported 'GUID: 754c536771c1f404c8b3c600e2c1f38e' -> (Import Result ID: '1c2f4bba64e0a51632922f11a535389f') in 0.001 seconds [static dependencies only]. Details - ImportResultOutputID=96396c19a14c34f6878fee56fadacf1f DependenciesID=3d70fcfa4f3c37ffc1162f69920a2f00 StaticDependenciesID=ea5ce3df736f33311576cbcc42c0deb4 
Importing 'GUID: 9504038b26e9241129fb5162ff8877f6 - Path: Packages/com.unity.collab-proxy/Lib/Editor/Localization/images.ja.txt' with importer (TextScriptImporter)
Imported 'GUID: 9504038b26e9241129fb5162ff8877f6' -> (Import Result ID: '411ac46c0b398d680628a62c6974b003') in 0.001 seconds [static dependencies only]. Details - ImportResultOutputID=54d0099c7ec8042be80d947b5db959c1 DependenciesID=5f9d7388ccc952ddc7a34724bc03fd0e StaticDependenciesID=00cdef39a6ee028466369dd555805b9e 
Importing 'GUID: 953fab16d15d5885b3600fcd6388b2ad - Path: Packages/com.unity.modules.imageconversion/package.json' with importer (PackageManifestImporter)
Imported 'GUID: 953fab16d15d5885b3600fcd6388b2ad' -> (Import Result ID: 'f429bdfb79f913ce8c501a82d8358497') in 0.001 seconds [static dependencies only]. Details - ImportResultOutputID=0e4995c3f3dd5769464d8a543795eb59 DependenciesID=65c452b17df9a2ed2f86b3ad31f5fd59 StaticDependenciesID=3a87574dc1bf2139ab2e833c570d41ac 
Importing 'GUID: b5930dbc378b45d406aeb881f06b6dfa - Path: Packages/com.unity.modules.physicscore2d/package.json' with importer (PackageManifestImporter)
Imported 'GUID: b5930dbc378b45d406aeb881f06b6dfa' -> (Import Result ID: '2a94add01761f8fc65c922a501319370') in 0.001 seconds [static dependencies only]. Details - ImportResultOutputID=af44914a33c884dc4608f0447aad1ab8 DependenciesID=bbce0d58c26795613a52965175925ea9 StaticDependenciesID=920f07d595124003c9dbccbb35574a76 
Importing 'GUID: d5535157d876041cca6e4b5685064ebf - Path: Packages/com.unity.collab-proxy/Lib/Editor/Localization/commontypes.zh-Hans.txt' with importer (TextScriptImporter)
Imported 'GUID: d5535157d876041cca6e4b5685064ebf' -> (Import Result ID: 'a8a2b839a21d9ec3c8892c195f3d9df9') in 0.001 seconds [static dependencies only]. Details - ImportResultOutputID=e60fc4aacdf8a4e0b8220e3cf5bb7d4e DependenciesID=3865d95f8ea3206366469c98efe0b05d StaticDependenciesID=f161075c91492b3f39ff11e23225ad7d 
Importing 'GUID: 26a4f29db434fd79025c91f6126382cc - Path: Packages/com.unity.modules.unityanalytics/package.json' with importer (PackageManifestImporter)
Imported 'GUID: 26a4f29db434fd79025c91f6126382cc' -> (Import Result ID: '1f638ec50865121ee10f404e14c75ab5') in 0.001 seconds [static dependencies only]. Details - ImportResultOutputID=d24cdca416056c3767c03f6739fd11b9 DependenciesID=8bdea4c5466816daf6e8103cf30828da StaticDependenciesID=4ebdb3799ab953706fae87a220b5817b 
Importing 'GUID: 6637a4e3859ff40ef8966ef15207c985 - Path: Packages/com.unity.collab-proxy/Lib/Editor/Localization/clientcommon.zh-Hans.txt' with importer (TextScriptImporter)
Imported 'GUID: 6637a4e3859ff40ef8966ef15207c985' -> (Import Result ID: '8a738e53c9123363d48e0a76f914a9f3') in 0.001 seconds [static dependencies only]. Details - ImportResultOutputID=fbd25aa793cd8f573cbcc59627d6b745 DependenciesID=89d64714a37edd63874d3397581b57b7 StaticDependenciesID=24f4034a8ff335a424044c18cd34bfce 
Importing 'GUID: 66c95bb3c74257f41bae2622511dc02d - Path: Packages/com.unity.ide.rider/package.json' with importer (PackageManifestImporter)
Imported 'GUID: 66c95bb3c74257f41bae2622511dc02d' -> (Import Result ID: '2d48b3247060e80247497281f12a74d8') in 0.001 seconds [static dependencies only]. Details - ImportResultOutputID=f89ff0383dd1cd9973d5836fc09a4be8 DependenciesID=71ba70c35d6bc9f6ffbb1a3f64b3d602 StaticDependenciesID=af2497d9d1327f4cf331ec0b6078f68f 
Importing 'GUID: 8645aa9c3c74fb34ba9499e14fb332b5 - Path: Packages/com.unity.ide.rider/CHANGELOG.md' with importer (TextScriptImporter)
Imported 'GUID: 8645aa9c3c74fb34ba9499e14fb332b5' -> (Import Result ID: 'ca2f202aafa234975268fc06aed9535b') in 0.001 seconds [static dependencies only]. Details - ImportResultOutputID=dd3c231205f1535e4e5415aae999a968 DependenciesID=11a9b17e0d5c1acc8c70bad97de3a745 StaticDependenciesID=58ddf74d8480a0ce5936b8187118a61f 
Importing 'GUID: 96d14b71b907bb52333b2886e665aba6 - Path: Packages/com.unity.modules.video/package.json' with importer (PackageManifestImporter)
Imported 'GUID: 96d14b71b907bb52333b2886e665aba6' -> (Import Result ID: '6b4f50a4e00b550b15fbd8f3ac5e84b5') in 0.001 seconds [static dependencies only]. Details - ImportResultOutputID=0a5bae1cac69280d6b37914850384cc6 DependenciesID=77125f870918faa373ab6ef5167113de StaticDependenciesID=68f521bd5c1f61d426b3051a918c6b9e 
Importing 'GUID: b6029123aa4ab4e0481a4b3ad8a15af9 - Path: Packages/com.unity.ide.rider/ValidationExceptions.json' with importer (TextScriptImporter)
Imported 'GUID: b6029123aa4ab4e0481a4b3ad8a15af9' -> (Import Result ID: 'bae1c1b0434e288081f0fd8719c30c3d') in 0.001 seconds [static dependencies only]. Details - ImportResultOutputID=6f52e86b1f5116132a8a30131b940fa4 DependenciesID=6a83c3389cff2b6a1a377c08c7d8e8ac StaticDependenciesID=699685fe34e51757b946cd0401fbce0a 
Importing 'GUID: b69f7dbec673945568d075d495946c76 - Path: Packages/com.unity.collab-proxy/Lib/Editor/Localization/clientcommon.en.txt' with importer (TextScriptImporter)
Imported 'GUID: b69f7dbec673945568d075d495946c76' -> (Import Result ID: 'a30cd7c051276ddb7d1d5204db4e0778') in 0.001 seconds [static dependencies only]. Details - ImportResultOutputID=a293e4b135ef9a9edbe62fcf1f669bf7 DependenciesID=ab7f9271de3d22716920a7349e3a6819 StaticDependenciesID=caf88c2381508cb32605c14fb8f6766b 
Importing 'GUID: d691174143fd3774ba63d7c493633b99 - Path: Packages/com.unity.test-framework/CHANGELOG.md' with importer (TextScriptImporter)
Imported 'GUID: d691174143fd3774ba63d7c493633b99' -> (Import Result ID: 'c3fca394a9cc09d5d88d3d5a76ec5eb4') in 0.001 seconds [static dependencies only]. Details - ImportResultOutputID=574d6ecf949752cdaa9f864cbd026df1 DependenciesID=3ebce2b7a7e20f8a29d788af81daa402 StaticDependenciesID=3db3ee678f4ead70f7573c01750b7294 
Importing 'GUID: d6a2e6e4803de7b43baacdc355fc144d - Path: Packages/com.unity.test-framework/package.json' with importer (PackageManifestImporter)
Imported 'GUID: d6a2e6e4803de7b43baacdc355fc144d' -> (Import Result ID: 'dc2de8ceea91842f3301a8d983a270ff') in 0.001 seconds [static dependencies only]. Details - ImportResultOutputID=f16442526b8bbcc714f892b5b0c5c546 DependenciesID=acbf898442377d38eb65847ba3660f47 StaticDependenciesID=2b11c65ed56e43c132aa19ee322ea359 
Importing 'GUID: d63b557b2dc494bd4a7639fdd39bc3f8 - Path: Packages/com.unity.collab-proxy/Lib/Editor/Localization/configurehelper.en.txt' with importer (TextScriptImporter)
Imported 'GUID: d63b557b2dc494bd4a7639fdd39bc3f8' -> (Import Result ID: '8d7070f9dbe29f1b5e3283136cff6adf') in 0.001 seconds [static dependencies only]. Details - ImportResultOutputID=de2af614f0e8aebf42c01f100e6cbf9a DependenciesID=dc88776455282ecfaa7a69e5d7751e0f StaticDependenciesID=70c21a869e6d40b009332576420af269 
Importing 'GUID: f66454863bc106549a6b53849ee63b41 - Path: Packages/com.unity.timeline/README.md' with importer (TextScriptImporter)
Imported 'GUID: f66454863bc106549a6b53849ee63b41' -> (Import Result ID: 'ffcbf3153ae54a80790dce38a40e8384') in 0.001 seconds [static dependencies only]. Details - ImportResultOutputID=0f336cc359ff0f574ec302a9882f6afa DependenciesID=d8bd01cde80b2911b3c4d4716182d1a7 StaticDependenciesID=fea0c92b33323490829fa08cb5f3cd4c 
Importing 'GUID: 27b146ccf48d544ceb6075cf89e2e6b7 - Path: Packages/com.unity.collab-proxy/Lib/Editor/Localization/cm-help.ko.txt' with importer (TextScriptImporter)
Imported 'GUID: 27b146ccf48d544ceb6075cf89e2e6b7' -> (Import Result ID: '14589e485e9f879b13cc535677fb42c2') in 0.002 seconds [static dependencies only]. Details - ImportResultOutputID=b3c97ebcc9f7a65016b6afb4b71a6f4b DependenciesID=e194df71ac91d7936c037d6242a1e73a StaticDependenciesID=4718350a846b3f25f17f2c796c7e25f8 
Importing 'GUID: 37641adce24ed48bf862c789b4290a18 - Path: Packages/com.unity.collab-proxy/Lib/Editor/Localization/cm-help.es.txt' with importer (TextScriptImporter)
Imported 'GUID: 37641adce24ed48bf862c789b4290a18' -> (Import Result ID: '32c1818a5dccf9063eedfbc56cdb216c') in 0.002 seconds [static dependencies only]. Details - ImportResultOutputID=e7c012a0c682822643d6465ef4a0e349 DependenciesID=8c7922043995e07134bd3f1556e39b77 StaticDependenciesID=9a62d36ce9b014696dc4b4895e38c5ce 
Importing 'GUID: 47777d81697d65f45befb6ccd55b2324 - Path: Packages/com.unity.collab-proxy/CHANGELOG.md' with importer (TextScriptImporter)
Imported 'GUID: 47777d81697d65f45befb6ccd55b2324' -> (Import Result ID: 'be02f16fc05e65bd73e236a452900794') in 0.001 seconds [static dependencies only]. Details - ImportResultOutputID=1634c7dd3a0218f7b66acae7a46eb1b6 DependenciesID=0eb82666b8fa44a83c259ac52d8362b3 StaticDependenciesID=72b6e217b67ca00db73b18236123f37b 
Importing 'GUID: 87d720faa37005c08600090e04d8c739 - Path: Packages/com.unity.modules.particlesystem/package.json' with importer (PackageManifestImporter)
Imported 'GUID: 87d720faa37005c08600090e04d8c739' -> (Import Result ID: '15ba545013c55640b4ce8e0d94e20d46') in 0.001 seconds [static dependencies only]. Details - ImportResultOutputID=af5c3885a5831dbe4c34a3756290e84a DependenciesID=bbdc17fc46e2a3d1111a4d4e4153fb2a StaticDependenciesID=06de8909aa29b12b2795f90e8aee05d2 
Importing 'GUID: 87682812dc6554d4a9ec8ab671249e1a - Path: Packages/com.unity.collab-proxy/Lib/Editor/Localization/differences.es.txt' with importer (TextScriptImporter)
Imported 'GUID: 87682812dc6554d4a9ec8ab671249e1a' -> (Import Result ID: '70bd99d18b028effacbab5fb845c6ccb') in 0.001 seconds [static dependencies only]. Details - ImportResultOutputID=728f483f016867b1739e03bfa999ac45 DependenciesID=946ab955aed418629d767e3189f5bff0 StaticDependenciesID=61a957dbdfa9cb539fc884c5271c76a3 
Importing 'GUID: 877a99378004f41f2b5a80b2c6541f82 - Path: Packages/com.unity.collab-proxy/Lib/Editor/Localization/differences.zh-Hans.txt' with importer (TextScriptImporter)
Imported 'GUID: 877a99378004f41f2b5a80b2c6541f82' -> (Import Result ID: '2b43dbd7a75e754e118d1486e6138fe0') in 0.001 seconds [static dependencies only]. Details - ImportResultOutputID=b114fbc976c17d6531401322764ae889 DependenciesID=b99aaa51915ae4e5d142766b9c7bbf1b StaticDependenciesID=cf2877e8fadfd4dc20cf8ff85e76dc15 
Importing 'GUID: c7aab5799325e4902abe60fbfd72648d - Path: Packages/com.unity.collab-proxy/Lib/Editor/Localization/i3.zh-Hant.txt' with importer (TextScriptImporter)
Imported 'GUID: c7aab5799325e4902abe60fbfd72648d' -> (Import Result ID: '80d1fb111cebfe27882308fd259c5f71') in 0.001 seconds [static dependencies only]. Details - ImportResultOutputID=9f62f1b87fc4c739c75045379b3fa9d3 DependenciesID=3f8cea07783ade9275ac98678881ebbc StaticDependenciesID=75ff713ca35c7d5e3c8826ee2d011a5b 
Importing 'GUID: c70ea648a3f0e4ff9b199c2290c995ba - Path: Packages/com.unity.collab-proxy/Lib/Editor/Localization/commontypes.zh-Hant.txt' with importer (TextScriptImporter)
Imported 'GUID: c70ea648a3f0e4ff9b199c2290c995ba' -> (Import Result ID: '72f1ab5f9ac6029eaea3ee1b74b75436') in 0.001 seconds [static dependencies only]. Details - ImportResultOutputID=7bd11d2ce033439499aa589ca64c4502 DependenciesID=74a6a702f558eac90bbee927ab36f878 StaticDependenciesID=52741e40fc26da64b7acd57198046f7d 
Importing 'GUID: e75e0df8dd2c8478ebfabe12247bb691 - Path: Packages/com.unity.collab-proxy/Lib/Editor/Localization/differences.ja.txt' with importer (TextScriptImporter)
Imported 'GUID: e75e0df8dd2c8478ebfabe12247bb691' -> (Import Result ID: 'ef299f384c1a50c9ff3fdbe915d16cb3') in 0.001 seconds [static dependencies only]. Details - ImportResultOutputID=233663b191d708d4d7f6fdbeb8ba14fc DependenciesID=8548a3793b406a9bf63cca4dc2cdcc4c StaticDependenciesID=0307e8c777ca5e50640a0358c76894a3 
Importing 'GUID: f7a8357347c80dc69c08d0b1a05e2122 - Path: Packages/com.unity.modules.physics2d/package.json' with importer (PackageManifestImporter)
Imported 'GUID: f7a8357347c80dc69c08d0b1a05e2122' -> (Import Result ID: '8e18bbb66b2b3d8f7842ee3a260e5e45') in 0.001 seconds [static dependencies only]. Details - ImportResultOutputID=ffdd5cf71990097dc8e67f888e336b27 DependenciesID=68187d32eb6aebb86cb290844636b6d9 StaticDependenciesID=f56b4961831f9b23bfaa0e5ff6985f7e 
Importing 'GUID: 28e6bfc8d8ce6402389de7e623366f4c - Path: Packages/com.unity.collab-proxy/Lib/Editor/Localization/basecommands.zh-Hans.txt' with importer (TextScriptImporter)
Imported 'GUID: 28e6bfc8d8ce6402389de7e623366f4c' -> (Import Result ID: 'd498183dc7df07ce70f1dc670c4af3cd') in 0.001 seconds [static dependencies only]. Details - ImportResultOutputID=4fec040764f890b08224cf5f54bdf72d DependenciesID=fd6898c3f350af687a77c8e2bb4c12a9 StaticDependenciesID=079f55bcde3186d714092dadf5a95e49 
Importing 'GUID: 282cf81f2a10042db8ff91019ddedbcb - Path: Packages/com.unity.collab-proxy/Lib/Editor/Localization/commontypes.ja.txt' with importer (TextScriptImporter)
Imported 'GUID: 282cf81f2a10042db8ff91019ddedbcb' -> (Import Result ID: '30283178ee77c35a5190127c3110d20e') in 0.001 seconds [static dependencies only]. Details - ImportResultOutputID=3514281e04daf9c98b14c5d757c0be0a DependenciesID=87fbd9e9f760ba3c0de373421e2a54f1 StaticDependenciesID=8d0574607522e9b82b87522975b69a14 
Importing 'GUID: 5802aa7500f454c90b4d8ff48d6d5f0a - Path: Packages/com.unity.collab-proxy/Lib/Editor/Localization/semantic.ko.txt' with importer (TextScriptImporter)
Imported 'GUID: 5802aa7500f454c90b4d8ff48d6d5f0a' -> (Import Result ID: 'dc5d5a4ac40014011332136054266cf0') in 0.001 seconds [static dependencies only]. Details - ImportResultOutputID=240036e299095ab225be361a71c65cec DependenciesID=c8e23f46d80737cbb041b530f9d0bf2a StaticDependenciesID=107bf47e886c0e85f3198b37f0bce4d0 
Importing 'GUID: 78e5667e52329c3ceef41288763404ae - Path: Packages/com.unity.modules.vectorgraphics/package.json' with importer (PackageManifestImporter)
Imported 'GUID: 78e5667e52329c3ceef41288763404ae' -> (Import Result ID: '09f01d89e95ac1113032cda9f5947657') in 0.001 seconds [static dependencies only]. Details - ImportResultOutputID=ef5e6b3fee8048647d8f25b6cde53588 DependenciesID=cc5ecf416d7daecaadaacc0456f35c38 StaticDependenciesID=084b183a4b093193949ce92dec6e1dc4 
Importing 'GUID: 7809f42f64c877f4b90ac233e5ec2372 - Path: Packages/com.unity.ide.visualstudio/ThirdPartyNotices.md' with importer (TextScriptImporter)
Imported 'GUID: 7809f42f64c877f4b90ac233e5ec2372' -> (Import Result ID: 'a28aa1402ac8e637190ddf8440cc5e87') in 0.001 seconds [static dependencies only]. Details - ImportResultOutputID=f154d8c91844fe25266ca0011028e787 DependenciesID=5c2ffb1af8d1a639e99b218df7f42831 StaticDependenciesID=43742991ad5fb88fc39b2047e4b47ea1 
Importing 'GUID: 788fbcfc0abc6c54b9504cfee3176c22 - Path: Packages/com.unity.ide.visualstudio/ValidationExceptions.json' with importer (TextScriptImporter)
Imported 'GUID: 788fbcfc0abc6c54b9504cfee3176c22' -> (Import Result ID: '81135997c364631328a054147938fac8') in 0.001 seconds [static dependencies only]. Details - ImportResultOutputID=99c9b320b2a231cc13cad939eaabe428 DependenciesID=6dad5110de8a6794f881a3e6a17a8b63 StaticDependenciesID=9764ead717ca00dc09d6f901b9296d05 
Importing 'GUID: 88f256f2677614287b3dcc01ebaed742 - Path: Packages/com.unity.collab-proxy/Lib/Editor/Localization/plastic-gui.zh-Hans.txt' with importer (TextScriptImporter)
Imported 'GUID: 88f256f2677614287b3dcc01ebaed742' -> (Import Result ID: 'c072975e0cff0776f8f0f093047e93f7') in 0.001 seconds [static dependencies only]. Details - ImportResultOutputID=afb59c9f43a79557156e1935402e300b DependenciesID=f9aa3b49d67eb345e748d5e0627c6f61 StaticDependenciesID=8d7b88a7275e82774a3966b9a5353243 
Importing 'GUID: a83407279afb941b881a311361179ac0 - Path: Packages/com.unity.collab-proxy/Lib/Editor/Localization/mergetool.zh-Hant.txt' with importer (TextScriptImporter)
Imported 'GUID: a83407279afb941b881a311361179ac0' -> (Import Result ID: '2bc8f64f430a571659e70a7b2dcb9744') in 0.001 seconds [static dependencies only]. Details - ImportResultOutputID=f9ed657258281d24397b1cfb5e3d2bb9 DependenciesID=158360ca58b3aa052a43c27b793af4f9 StaticDependenciesID=4ff42050cea9ad725ce7911aee585c50 
Importing 'GUID: b81eba7aab1be4cd58887d73e21fd1bb - Path: Packages/com.unity.collab-proxy/Lib/Editor/Localization/commontypes.en.txt' with importer (TextScriptImporter)
Imported 'GUID: b81eba7aab1be4cd58887d73e21fd1bb' -> (Import Result ID: '49371d7b7c0505f3aa0fe23ec08040f1') in 0.001 seconds [static dependencies only]. Details - ImportResultOutputID=9182a4e53bc05c248b15f6e3e657efc8 DependenciesID=a198b4a5d316957ff4d78c8631a7e582 StaticDependenciesID=71e55defe7bb161ba59adc1c3f246f61 
Importing 'GUID: b83f06ac0c0696e9563230865ca72b81 - Path: Packages/com.unity.modules.wind/package.json' with importer (PackageManifestImporter)
Imported 'GUID: b83f06ac0c0696e9563230865ca72b81' -> (Import Result ID: '9dc79958c73e3a55e2560d2ec74ff90d') in 0.001 seconds [static dependencies only]. Details - ImportResultOutputID=86a5be3d0a8a6444c0847994148a04c5 DependenciesID=95d8fc5d2bbd997a55ecfbddefb96c80 StaticDependenciesID=66cc94a4346663330b5c6298f2e148dc 
Importing 'GUID: c851bee4305bddf438cc6ffc515991ce - Path: Packages/com.unity.ugui/CHANGELOG.md' with importer (TextScriptImporter)
Imported 'GUID: c851bee4305bddf438cc6ffc515991ce' -> (Import Result ID: 'a012aa7a92d2b2145f8e32ab3761bb83') in 0.002 seconds [static dependencies only]. Details - ImportResultOutputID=a17492c96aae21c813ce305b809d9038 DependenciesID=349b08313617deb0ba401464a877e20f StaticDependenciesID=cbffa6c092ccccd73df2f6f90f225dd4 
Importing 'GUID: c8f6fa942856442b8bd72594d3ce7363 - Path: Packages/com.unity.multiplayer.center/Third Party Notices.md' with importer (TextScriptImporter)
Imported 'GUID: c8f6fa942856442b8bd72594d3ce7363' -> (Import Result ID: 'daa1d59a0994113c1c9fe48d6ed17217') in 0.001 seconds [static dependencies only]. Details - ImportResultOutputID=65c2035eb4bb0e8db3f8f805549344a7 DependenciesID=fc9821cf46f6511057f7d0b0b1ef79d7 StaticDependenciesID=d410016650112776b1402c0093ad9e72 
Importing 'GUID: d82aed42d3f844894a9db69e57405e03 - Path: Packages/com.unity.collab-proxy/Lib/Editor/Localization/guihelp.ko.txt' with importer (TextScriptImporter)
Imported 'GUID: d82aed42d3f844894a9db69e57405e03' -> (Import Result ID: '0292a5b52b6abddeb6a0ea89abe32516') in 0.001 seconds [static dependencies only]. Details - ImportResultOutputID=b6d633e8644e4348cf39ec7a53a58a7a DependenciesID=e93f71fd95e3c899186673d4be3ec387 StaticDependenciesID=1646b72ca05376dc382ecdc83d633c2e 
Importing 'GUID: d85e5eeaf8f135aeaaebdc8aa3cff6c3 - Path: Packages/com.unity.modules.umbra/package.json' with importer (PackageManifestImporter)
Imported 'GUID: d85e5eeaf8f135aeaaebdc8aa3cff6c3' -> (Import Result ID: 'ee2615399b279152b0335e685f9e4f21') in 0.001 seconds [static dependencies only]. Details - ImportResultOutputID=6667220eaf37b9411d76bda967a29351 DependenciesID=bb715ffc975102cf4a247ccc967a7412 StaticDependenciesID=eb37a685219cb5aef5fbd5df60eae697 
Importing 'GUID: 29b1e9ffb25b74031b50a8221de97f8d - Path: Packages/com.unity.collab-proxy/Lib/Editor/Localization/cm-help.zh-Hant.txt' with importer (TextScriptImporter)
Imported 'GUID: 29b1e9ffb25b74031b50a8221de97f8d' -> (Import Result ID: '651a78bd0fc71d8099eab424e6aab0a3') in 0.001 seconds [static dependencies only]. Details - ImportResultOutputID=fafd19ce4f25a93ee96ad6430422156d DependenciesID=823046526fa68c7356e94fae13ce57da StaticDependenciesID=b1b8b4f7f6f363015dfa6ad0147b3bc9 
Importing 'GUID: 59cbf3334d6d341e7aa10e40a866ec08 - Path: Packages/com.unity.collab-proxy/Lib/Editor/Localization/clientcommon.ja.txt' with importer (TextScriptImporter)
Imported 'GUID: 59cbf3334d6d341e7aa10e40a866ec08' -> (Import Result ID: '2796596f7623323f4d48923d3d98b935') in 0.001 seconds [static dependencies only]. Details - ImportResultOutputID=035b611120bd8ffac8af382022675f38 DependenciesID=10ef964edbb446cff36df222bcee7892 StaticDependenciesID=d7968d40cb712e75be535302fe9a0064 
Importing 'GUID: 69ead5bd7679848fc9a97fa8b4195b87 - Path: Packages/com.unity.collab-proxy/Lib/Editor/Localization/cm.en.txt' with importer (TextScriptImporter)
Imported 'GUID: 69ead5bd7679848fc9a97fa8b4195b87' -> (Import Result ID: '9ec5037653b388035ba42004d59544a0') in 0.001 seconds [static dependencies only]. Details - ImportResultOutputID=e903aceb0872a21291d968436f276362 DependenciesID=03122da2f8e2b88c306b21d94d453fa9 StaticDependenciesID=feba9a731aa2620f735a851bc75df73c 
Importing 'GUID: 794ad79b3d07f4ca58ab42f0cff5c9d3 - Path: Packages/com.unity.collab-proxy/Lib/Editor/Localization/xdiff.zh-Hans.txt' with importer (TextScriptImporter)
Imported 'GUID: 794ad79b3d07f4ca58ab42f0cff5c9d3' -> (Import Result ID: '4dd0ad27848f25ccaf9e4d19086682c2') in 0.001 seconds [static dependencies only]. Details - ImportResultOutputID=9f65ea975c0d8b44eed50adb66adc795 DependenciesID=5c11b9fa74c4d28251fc4708b1580697 StaticDependenciesID=f69b3f0cb59e5a45eb23ba2bb94ebb4e 
Importing 'GUID: 992242bf8b23e574bbc95a128844c481 - Path: Packages/com.unity.collab-proxy/Lib/Editor/FileSystemWatcherLicense.txt' with importer (TextScriptImporter)
Imported 'GUID: 992242bf8b23e574bbc95a128844c481' -> (Import Result ID: 'b63218426c7c9e9dcfa156b6175aa8c9') in 0.001 seconds [static dependencies only]. Details - ImportResultOutputID=d917fc2b65779f8e6b8d2acd03bebf2e DependenciesID=8f25f33734d8fa616bb6cef038f42318 StaticDependenciesID=50010a9ef31d218838825d982493c279 
Importing 'GUID: c9aabac5924106d4790d7b3a924ca34d - Path: Packages/com.unity.ide.vscode/LICENSE.md' with importer (TextScriptImporter)
Imported 'GUID: c9aabac5924106d4790d7b3a924ca34d' -> (Import Result ID: '32000c1944c908fdcd0e0f5d5b8c1f84') in 0.001 seconds [static dependencies only]. Details - ImportResultOutputID=1bab02189b624ec2c947b63d9931980a DependenciesID=52028a9a3827632ada438d20ec1d5807 StaticDependenciesID=d268367fed76eebc9722195d95e2fd1b 
Importing 'GUID: d96c656f30ddc4678ad028fdb55449c3 - Path: Packages/com.unity.collab-proxy/Lib/Editor/Localization/mergetool.ko.txt' with importer (TextScriptImporter)
Imported 'GUID: d96c656f30ddc4678ad028fdb55449c3' -> (Import Result ID: 'ec3cb0216aac85036b02540be36d763c') in 0.001 seconds [static dependencies only]. Details - ImportResultOutputID=8f8ec8c45b1c2dfbf4d3d93bc34e4b8d DependenciesID=880ed70208fc37ad580723a0dccd09fa StaticDependenciesID=44a38049f600f5561f63e02bb32fb51b 
Importing 'GUID: e9df95f53f1c1d0c9199e235d6c42b50 - Path: Packages/com.unity.modules.audio/package.json' with importer (PackageManifestImporter)
Imported 'GUID: e9df95f53f1c1d0c9199e235d6c42b50' -> (Import Result ID: '3da0abae5321bad105734fca4c4bca28') in 0.001 seconds [static dependencies only]. Details - ImportResultOutputID=9e7a8ca17c9ada176ee8f9feaacb145a DependenciesID=b61383e346dbc8a029c6c7d93da0c63e StaticDependenciesID=a6ba264de710eb848c1def723963e3cc 
Importing 'GUID: f91a00d2dca52b843b2d50ccf750737d - Path: Packages/com.unity.ext.nunit/LICENSE.md' with importer (TextScriptImporter)
Imported 'GUID: f91a00d2dca52b843b2d50ccf750737d' -> (Import Result ID: '4a79da6677dd67cc5d5f747357bc40de') in 0.001 seconds [static dependencies only]. Details - ImportResultOutputID=d854dc97e3ddfb1399f46d637df03eb9 DependenciesID=4a66b8c1e54c8eb3ce2459fec3d8a4ef StaticDependenciesID=4e9ac9040dec2c3da17f383824ffe8cc 
Importing 'GUID: 1a4266815e998967becf686f9c71f0a6 - Path: Packages/com.unity.modules.physics/package.json' with importer (PackageManifestImporter)
Imported 'GUID: 1a4266815e998967becf686f9c71f0a6' -> (Import Result ID: '7b29e9278b7ae7ab0bcead621cf46af3') in 0.001 seconds [static dependencies only]. Details - ImportResultOutputID=a2d6f3bfd9bb75782461acb9a5eb4f5a DependenciesID=bd4510c5c9c050edfefb2c84c95abf90 StaticDependenciesID=ff880c4980be6e10637516ee80719398 
Importing 'GUID: 1a0694d6bd88642c9b2adc7ef6b59518 - Path: Packages/com.unity.collab-proxy/Lib/Editor/Localization/configurehelper.ja.txt' with importer (TextScriptImporter)
Imported 'GUID: 1a0694d6bd88642c9b2adc7ef6b59518' -> (Import Result ID: '645757f518acdaa5fed4c392f4915788') in 0.001 seconds [static dependencies only]. Details - ImportResultOutputID=c58c6b5662fc59749066ca051bde9337 DependenciesID=2ac755cce99dfb4fa9d2b19dab42ea95 StaticDependenciesID=0e355edd6a7034627741c31a3340a8a3 
Importing 'GUID: 3a8f5c21be7674f6b8232ba08beedfa4 - Path: Packages/com.unity.collab-proxy/Lib/Editor/Localization/plastic-gui.zh-Hant.txt' with importer (TextScriptImporter)
Imported 'GUID: 3a8f5c21be7674f6b8232ba08beedfa4' -> (Import Result ID: '1126006aad6630487a580d41bef3a8fc') in 0.001 seconds [static dependencies only]. Details - ImportResultOutputID=8b7e3b1cca3d49736d5b69e16bbe98f5 DependenciesID=61458bbef3d4dac672b04e12ca371585 StaticDependenciesID=e1ae517489a22b287c103109f2c2351e 
Importing 'GUID: 4a0757ee0236f39489520769ae710288 - Path: Packages/com.unity.timeline/CHANGELOG.md' with importer (TextScriptImporter)
Imported 'GUID: 4a0757ee0236f39489520769ae710288' -> (Import Result ID: '7c8d2fb2c2b8dcb3178720f6205c06e1') in 0.001 seconds [static dependencies only]. Details - ImportResultOutputID=357934bb99816b65128671d0cdabaf0b DependenciesID=61759e27e43e41b6cf56e5f393cce630 StaticDependenciesID=c265a055b2c1a95614577860364dacf6 
Importing 'GUID: 5a3da995a095e476dacd429a81195602 - Path: Packages/com.unity.collab-proxy/Lib/Editor/Localization/mergetool.zh-Hans.txt' with importer (TextScriptImporter)
Imported 'GUID: 5a3da995a095e476dacd429a81195602' -> (Import Result ID: 'e5c253e5536521ce5b903100ba4f58c1') in 0.001 seconds [static dependencies only]. Details - ImportResultOutputID=339e723bd950f92fd7f1cb7551cef114 DependenciesID=e81fdeea5efec7a9714be510951bd180 StaticDependenciesID=458cce4c9b1560240e9767e7db3f5183 
Importing 'GUID: 6afb166a156df2d20433d981f4bb2832 - Path: Packages/com.unity.modules.vehicles/package.json' with importer (PackageManifestImporter)
Imported 'GUID: 6afb166a156df2d20433d981f4bb2832' -> (Import Result ID: '8b13c179e857afa8bd8b8fea88399ef0') in 0.001 seconds [static dependencies only]. Details - ImportResultOutputID=913c781524e2f88f1f61dedb313e4c06 DependenciesID=76d2c74133d94ef22145f285a1490df1 StaticDependenciesID=0ea68813f79d4edf8309ce9abbe27516 
Importing 'GUID: ba3bd539c0d56488dbde76ca701d1771 - Path: Packages/com.unity.collab-proxy/Lib/Editor/Localization/workspaceserver.ja.txt' with importer (TextScriptImporter)
Imported 'GUID: ba3bd539c0d56488dbde76ca701d1771' -> (Import Result ID: '6471277ef78d56cce7fa4d478d5d1bb9') in 0.001 seconds [static dependencies only]. Details - ImportResultOutputID=72e6b903ecf135749ea1808b7c61d223 DependenciesID=d9bead18fc8498f3b13513bc322a452a StaticDependenciesID=7a8ffb0c7dacd5bfa369f6d79e407361 
Importing 'GUID: da3b9e545e5e0475d952e5604aec2d20 - Path: Packages/com.unity.collab-proxy/Lib/Editor/Localization/workspaceserver.zh-Hans.txt' with importer (TextScriptImporter)
Imported 'GUID: da3b9e545e5e0475d952e5604aec2d20' -> (Import Result ID: '0f349bd1a94917053b183b79b9b13984') in 0.001 seconds [static dependencies only]. Details - ImportResultOutputID=e1d5ad51fc3f05dc761f28ca9aa3b2cf DependenciesID=503e19924c9f0c3c5a45b68b5c6b769d StaticDependenciesID=4060dc9b4bc414a1deec307bb9e9f574 
Importing 'GUID: fa27413e9edb06a6058d6c894eca0338 - Path: Packages/com.unity.modules.unitywebrequestwww/package.json' with importer (PackageManifestImporter)
Imported 'GUID: fa27413e9edb06a6058d6c894eca0338' -> (Import Result ID: '9a74feef4dcfee670a5eb21bda97016d') in 0.001 seconds [static dependencies only]. Details - ImportResultOutputID=5205eed9bc215ff67b1f0174ef8ee9e2 DependenciesID=5bcd3dbd358387d2ec18d64b6a8aac49 StaticDependenciesID=63a1a8073e35af2c81c07d08e1454c22 
Importing 'GUID: 0bc90b8d62e8b4c149f24005a8c952fe - Path: Packages/com.unity.collab-proxy/Lib/Editor/Localization/i3.es.txt' with importer (TextScriptImporter)
Imported 'GUID: 0bc90b8d62e8b4c149f24005a8c952fe' -> (Import Result ID: '2f41635a692bdbfb504fef0b7517a61e') in 0.001 seconds [static dependencies only]. Details - ImportResultOutputID=8afe8d32bca5ba35eff732291b884d52 DependenciesID=2e0232e4cf61aff62ef6a7dbbc4ec40e StaticDependenciesID=ff39385f43087c0edec38ee7bf2745ce 
Importing 'GUID: 1b0309336d5d24445a134e6864de91b8 - Path: Packages/com.unity.collab-proxy/Lib/Editor/Localization/semantic.ja.txt' with importer (TextScriptImporter)
Imported 'GUID: 1b0309336d5d24445a134e6864de91b8' -> (Import Result ID: 'f96d09219caf0d6164b1966c11f720b5') in 0.001 seconds [static dependencies only]. Details - ImportResultOutputID=ff85b6304090c6b75aa3ec410df7cbeb DependenciesID=ef44d083dae44e9d5403c47cb576f6b4 StaticDependenciesID=abce64682890b9bd37b07f95b840e5de 
Importing 'GUID: 3bbd27b3dd7be4a74aeab8da6b0af5cc - Path: Packages/com.unity.multiplayer.center/CHANGELOG.md' with importer (TextScriptImporter)
Imported 'GUID: 3bbd27b3dd7be4a74aeab8da6b0af5cc' -> (Import Result ID: '9781eaaaafda2aa711816d1c1dea7bbc') in 0.001 seconds [static dependencies only]. Details - ImportResultOutputID=bba991828f6a7f332a8ca3176054e071 DependenciesID=b9f8246dd3c5dcbcc8b0062956d0669d StaticDependenciesID=6324b3fd598ffc749567f2ca049cf8e2 
Importing 'GUID: 4b518b37798c97b0f860962cbf615533 - Path: Packages/com.unity.modules.unitywebrequestaudio/package.json' with importer (PackageManifestImporter)
Imported 'GUID: 4b518b37798c97b0f860962cbf615533' -> (Import Result ID: 'e725fec144678b00eb2da485abf6a653') in 0.001 seconds [static dependencies only]. Details - ImportResultOutputID=3ac3d29a7b2daa2a646425d6f9137196 DependenciesID=2e46841df581e962aa2293fc9a833445 StaticDependenciesID=593560aa1b7a7af813f7b98c268e79f8 
Importing 'GUID: 7b89ac0e45bc74375b750336920a60a3 - Path: Packages/com.unity.collab-proxy/Lib/Editor/Localization/images.ko.txt' with importer (TextScriptImporter)
Imported 'GUID: 7b89ac0e45bc74375b750336920a60a3' -> (Import Result ID: '82b5b6d05bbb0a5b8529d4c71e4d5913') in 0.002 seconds [static dependencies only]. Details - ImportResultOutputID=c4153a20f27fe1a65aa287d2c885f082 DependenciesID=9430e6ae3ae8a2e72af73d6fbcac74ba StaticDependenciesID=b6154dd342fb2cd2c7b86d32a997978c 
Importing 'GUID: 8b8de605417c342e597b910cbf5db226 - Path: Packages/com.unity.collab-proxy/Lib/Editor/Localization/semantic.zh-Hant.txt' with importer (TextScriptImporter)
Imported 'GUID: 8b8de605417c342e597b910cbf5db226' -> (Import Result ID: '62a37249b727e17a1fb16b6537a8b0f7') in 0.001 seconds [static dependencies only]. Details - ImportResultOutputID=a20ec197eecd72c71d097d794d4f9628 DependenciesID=edbae8a87d334c0c0f323f7f000f6ada StaticDependenciesID=c9485f76d86411d1d600258f688860f5 
Importing 'GUID: 9b1a5759726ef9d39a0ab82047b615f1 - Path: Packages/com.unity.modules.hierarchycore/package.json' with importer (PackageManifestImporter)
Imported 'GUID: 9b1a5759726ef9d39a0ab82047b615f1' -> (Import Result ID: 'e2f2a4dc1806eafb567812fa13071323') in 0.001 seconds [static dependencies only]. Details - ImportResultOutputID=1dea4a637fffff459a716aab2b4544dc DependenciesID=d8bebc9a9b7a84bd405ce0fcce71b5c8 StaticDependenciesID=882b96a1432b49929b6e23cde2929d1c 
Importing 'GUID: 9bff32140d1498a4a9f6f18b09e8959c - Path: Packages/com.unity.collab-proxy/Third Party Notices.md' with importer (TextScriptImporter)
Imported 'GUID: 9bff32140d1498a4a9f6f18b09e8959c' -> (Import Result ID: '66e080e9008f2bb7b400062535f6b842') in 0.001 seconds [static dependencies only]. Details - ImportResultOutputID=b62d06a60b67a484f6408ce60148ca48 DependenciesID=e318c5e9a8602ee202f97297bea446b5 StaticDependenciesID=e20d36db909528b70a5d937bc271242e 
Importing 'GUID: cb3c9f5ba9ced5e4b99de1b3dbd68d09 - Path: Packages/com.unity.collab-proxy/ValidationConfig.json' with importer (TextScriptImporter)
Imported 'GUID: cb3c9f5ba9ced5e4b99de1b3dbd68d09' -> (Import Result ID: '0219b59395d3ee7f6bb1f330ef2c430d') in 0.001 seconds [static dependencies only]. Details - ImportResultOutputID=af8941f464174f875bcfaed70155815b DependenciesID=41dfb43ceb276a5d782c194993167373 StaticDependenciesID=2cb76b4f680936e07663a68e439734de 
Importing 'GUID: db6f3182134654dd498ebee12ca843af - Path: Packages/com.unity.collab-proxy/Lib/Editor/Localization/mergetool.ja.txt' with importer (TextScriptImporter)
Imported 'GUID: db6f3182134654dd498ebee12ca843af' -> (Import Result ID: 'd936633e6ce64d8e7ef7f70dd36185dc') in 0.001 seconds [static dependencies only]. Details - ImportResultOutputID=1f53e051c7b0ca68f54f0f5713f43d70 DependenciesID=90aadcf5431eb1e5ad11eaab03ea99e6 StaticDependenciesID=a8095a7d76ed3605046470c05fe27275 
Importing 'GUID: ebdd61faa5a2c45c787f1351a7adb665 - Path: Packages/com.unity.collab-proxy/Lib/Editor/Localization/xdiff.en.txt' with importer (TextScriptImporter)
Imported 'GUID: ebdd61faa5a2c45c787f1351a7adb665' -> (Import Result ID: '67d41df3be556422a69e20876b952d8a') in 0.001 seconds [static dependencies only]. Details - ImportResultOutputID=6a06d451606b06d04f633c582d56d66a DependenciesID=7b8031114821cac1cc288e6922078763 StaticDependenciesID=21dd95ff71abc420166717435b404d7b 
Importing 'GUID: fbee67e09f48e4652bfa085460c895c7 - Path: Packages/com.unity.ai.navigation/package.json' with importer (PackageManifestImporter)
Imported 'GUID: fbee67e09f48e4652bfa085460c895c7' -> (Import Result ID: 'd44c101b33f2010d4d985df705f90768') in 0.001 seconds [static dependencies only]. Details - ImportResultOutputID=55b5a5dbfe971b77910a9f9deff6c690 DependenciesID=560afed2cf5587d38523a3704b2062db StaticDependenciesID=0fa25ffcfa6d3b63e267db1c61d7fc96 
Importing 'GUID: 0c3c75fb6cf9b42f8849264a300297fe - Path: Packages/com.unity.collab-proxy/Lib/Editor/Localization/semantic.zh-Hans.txt' with importer (TextScriptImporter)
Imported 'GUID: 0c3c75fb6cf9b42f8849264a300297fe' -> (Import Result ID: 'a3d5c3d7e8c1645ddd2f2a975301f373') in 0.001 seconds [static dependencies only]. Details - ImportResultOutputID=99aa303f9a45142bbed2bd582b9afcf8 DependenciesID=99fa0b0f9e315aa3b76b6c51b2a1a1a6 StaticDependenciesID=b6f6c0b3e676dc771e123a3cfb45a2c2 
Importing 'GUID: 0ccd3915d220242f89cba2d1b4643e64 - Path: Packages/com.unity.collab-proxy/Lib/Editor/Localization/guihelp.zh-Hans.txt' with importer (TextScriptImporter)
Imported 'GUID: 0ccd3915d220242f89cba2d1b4643e64' -> (Import Result ID: '4ff56fa6cb227275e407a7511af097de') in 0.001 seconds [static dependencies only]. Details - ImportResultOutputID=4f1b4eec88b49cbe6c843fd945276707 DependenciesID=363e6637ff788e141a9252a1c303b655 StaticDependenciesID=9f6ab68976e416a59f6f8807f6a93373 
Importing 'GUID: 1cc86432c1db1455eb241690e538fe3b - Path: Packages/com.unity.collab-proxy/Lib/Editor/Localization/images.en.txt' with importer (TextScriptImporter)
Imported 'GUID: 1cc86432c1db1455eb241690e538fe3b' -> (Import Result ID: '3dca5d00ce871a384124ba802b767a5f') in 0.001 seconds [static dependencies only]. Details - ImportResultOutputID=d2a3c0266c3ade8268ba0855852d53ae DependenciesID=28690ef47cc40d79c679cf97c6e9287b StaticDependenciesID=dcb4bda30df40eb7f07f3f448b8e5d65 
Importing 'GUID: 2c814623cb42764d304be0c5ddd03ceb - Path: Packages/com.unity.modules.xr/package.json' with importer (PackageManifestImporter)
Imported 'GUID: 2c814623cb42764d304be0c5ddd03ceb' -> (Import Result ID: '3da53f8cacc6be07556e579b152a3075') in 0.001 seconds [static dependencies only]. Details - ImportResultOutputID=1262664d19c2258369288d30beb2cdb6 DependenciesID=57697ae4248f807eca533f4fde7c490c StaticDependenciesID=50443b01181fb4ffad09dd60cbe10d44 
Importing 'GUID: 3c2f0ca2d64084ba68f464f91a44eea5 - Path: Packages/com.unity.collab-proxy/Lib/Editor/Localization/differences.en.txt' with importer (TextScriptImporter)
Imported 'GUID: 3c2f0ca2d64084ba68f464f91a44eea5' -> (Import Result ID: 'a5f0d8f29cd5aa10ebb22f1ba227f400') in 0.001 seconds [static dependencies only]. Details - ImportResultOutputID=d5d90a938443a602c48563b48e53f3f0 DependenciesID=5dfbe79696185c416cdca8d893652648 StaticDependenciesID=915ea2ddcefaac84254e4a0855332907 
Importing 'GUID: 4c413a81cadcce7038e446e56570117e - Path: Packages/com.unity.modules.adaptiveperformance/package.json' with importer (PackageManifestImporter)
Imported 'GUID: 4c413a81cadcce7038e446e56570117e' -> (Import Result ID: '6bc9096e03b526a234bd93df8e40474d') in 0.001 seconds [static dependencies only]. Details - ImportResultOutputID=1f07c1ff1eeefc2532264b0ab169267a DependenciesID=2824091591b7cc56042c6ee0b731bf44 StaticDependenciesID=1a42c6fc11b3b4a5a41df228177a979d 
Importing 'GUID: 4c08e6a0780d643598da0bb992e42b8b - Path: Packages/com.unity.collab-proxy/Lib/Editor/Localization/cm-help.ja.txt' with importer (TextScriptImporter)
Imported 'GUID: 4c08e6a0780d643598da0bb992e42b8b' -> (Import Result ID: '87834fdf1b96013dac6bfe0470e630d0') in 0.002 seconds [static dependencies only]. Details - ImportResultOutputID=8ddeba11509a801c8dfde1fd9c7bef18 DependenciesID=a85b925a96f8ab43f075deb2fec40fd9 StaticDependenciesID=98ac056878edc233f18e03e8f40ffe72 
Importing 'GUID: ccdfde25179bd45acb7145793b3b87f8 - Path: Packages/com.unity.ai.navigation/CHANGELOG.md' with importer (TextScriptImporter)
Imported 'GUID: ccdfde25179bd45acb7145793b3b87f8' -> (Import Result ID: 'c60063543668f87dcfdbf9b9e13d257e') in 0.001 seconds [static dependencies only]. Details - ImportResultOutputID=2166b7b0299794c9408d3b6b918c8805 DependenciesID=abb89ce144369b50a222cba6277ec256 StaticDependenciesID=4e2205db80182845f897da49e839e933 
Importing 'GUID: ec02776fe29df900b897106d61977735 - Path: Packages/com.unity.modules.director/package.json' with importer (PackageManifestImporter)
Imported 'GUID: ec02776fe29df900b897106d61977735' -> (Import Result ID: '492a653eef361c2234f2ab95b5e32efa') in 0.001 seconds [static dependencies only]. Details - ImportResultOutputID=e6c46672aaf283c4f268e9bb004b543a DependenciesID=c278012f0e730bd8614bf4ae12d7f0cf StaticDependenciesID=e4ecc0992a31879a4dc5fafeaa443773 
Importing 'GUID: fc368c32d6432ff4bb374d520000749c - Path: Packages/com.unity.ide.vscode/ValidationExceptions.json' with importer (TextScriptImporter)
Imported 'GUID: fc368c32d6432ff4bb374d520000749c' -> (Import Result ID: 'eab816aa9e93a0cdcfe20209b4b9229b') in 0.001 seconds [static dependencies only]. Details - ImportResultOutputID=ab43242aa8660272c63ed1a86110ec96 DependenciesID=e26f498eb0602e3e9967211652b77c54 StaticDependenciesID=2eba218ae194b90228ce8a851b0369ab 
Importing 'GUID: fcb9be00baf924c4183fc0313e6185c5 - Path: Packages/com.unity.ide.vscode/CONTRIBUTING.md' with importer (TextScriptImporter)
Imported 'GUID: fcb9be00baf924c4183fc0313e6185c5' -> (Import Result ID: '37360efd7543f969f4780fd507d8547d') in 0.001 seconds [static dependencies only]. Details - ImportResultOutputID=89f76e1f620fc5712dcb02a1e33012ef DependenciesID=15367dc45288e1949018b32c200b510d StaticDependenciesID=04a97d56cd365cb164dc3a30a699be4d 
Importing 'GUID: 0da283bbdc6e44f4ba3dc2e3d75ca225 - Path: Packages/com.unity.collab-proxy/Lib/Editor/Localization/images.zh-Hant.txt' with importer (TextScriptImporter)
Imported 'GUID: 0da283bbdc6e44f4ba3dc2e3d75ca225' -> (Import Result ID: '6adffa3e35aa8065c0ff99cf72922022') in 0.001 seconds [static dependencies only]. Details - ImportResultOutputID=51490f6ca38d345761ab15d9e1e333a3 DependenciesID=69d125ec246367337e57eff1aa87c5c7 StaticDependenciesID=ff058479d06b94b3e228a8d05fb162ed 
Importing 'GUID: 0d3f1486893d2444299cec6fac63fdbe - Path: Packages/com.unity.collab-proxy/Lib/Editor/Localization/configurehelper.zh-Hant.txt' with importer (TextScriptImporter)
Imported 'GUID: 0d3f1486893d2444299cec6fac63fdbe' -> (Import Result ID: 'b8a764da6f53aa2c97428178795abdf3') in 0.001 seconds [static dependencies only]. Details - ImportResultOutputID=4d5e0fa4fb3eb031802b4672852c2501 DependenciesID=ba63f7033cd69ec388c6ff1bbf39ead4 StaticDependenciesID=20d98ef4701d25b90d60b0072d070c89 
Importing 'GUID: 3d160931f5a1d463cacc8e46051bac91 - Path: Packages/com.unity.collab-proxy/Lib/Editor/Localization/workspaceserver.en.txt' with importer (TextScriptImporter)
Imported 'GUID: 3d160931f5a1d463cacc8e46051bac91' -> (Import Result ID: '5cd5668c5b8d6e89ad203cdb93779830') in 0.001 seconds [static dependencies only]. Details - ImportResultOutputID=60e6aafce200b668d1104ce898a0931e DependenciesID=821ca834131ead89eef709c2a20acbc2 StaticDependenciesID=aad31af2d4b2eea270e29da72733f7cb 
Importing 'GUID: 4ddcdc3816429494a8bea67e973875f7 - Path: Packages/com.unity.ide.vscode/CHANGELOG.md' with importer (TextScriptImporter)
Imported 'GUID: 4ddcdc3816429494a8bea67e973875f7' -> (Import Result ID: '348eedb9551b40a97aca9689480a6523') in 0.001 seconds [static dependencies only]. Details - ImportResultOutputID=8dbae82cbf6f6c926dcb765f6ce2198f DependenciesID=d05408b92337ff716d2c5e35dafe25b7 StaticDependenciesID=fe7bc9a4e8beb897ae33ea96f45b71ce 
Importing 'GUID: 4d3d51749e989f747b2674e0b4d9b3d7 - Path: Packages/com.unity.ugui/LICENSE.md' with importer (TextScriptImporter)
Imported 'GUID: 4d3d51749e989f747b2674e0b4d9b3d7' -> (Import Result ID: 'b6cf6630aa0fe2d51da6c53e19985b7b') in 0.001 seconds [static dependencies only]. Details - ImportResultOutputID=c071a1e51437c55e108d087fc4bbb5cb DependenciesID=d6851ec9d112dd7adc80cd106fb91d8d StaticDependenciesID=a109e2cc911b59b49ef8492626e8c2f6 
Importing 'GUID: 5da62a0c1c5218c4aa16b74546a7822d - Path: Packages/com.unity.ext.nunit/README.md' with importer (TextScriptImporter)
Imported 'GUID: 5da62a0c1c5218c4aa16b74546a7822d' -> (Import Result ID: '592d9dd6a64470a9f8e825fd6229006b') in 0.001 seconds [static dependencies only]. Details - ImportResultOutputID=c8657eaa0cd2cb7909b75292d5c2cac7 DependenciesID=a0989442b53f21c8891136d7e7395d08 StaticDependenciesID=2412cf4b705c843d874bb0f8c90adae9 
Importing 'GUID: 6d56244f8c39a851975d3c0bd432c66f - Path: Packages/com.unity.modules.terrain/package.json' with importer (PackageManifestImporter)
Imported 'GUID: 6d56244f8c39a851975d3c0bd432c66f' -> (Import Result ID: 'acdf629200802dc846f4b01de6f3d421') in 0.001 seconds [static dependencies only]. Details - ImportResultOutputID=5e40d0b8d35162ad5eb9813bcce344e1 DependenciesID=0fdc6c03230f00196d66509291acf7a7 StaticDependenciesID=98ac750c63e45666278d0decee7f0873 
Importing 'GUID: 8dc346ba856ba49aea0cae2c6fb63e9d - Path: Packages/com.unity.collab-proxy/Lib/Editor/Localization/plastic-gui.ja.txt' with importer (TextScriptImporter)
Imported 'GUID: 8dc346ba856ba49aea0cae2c6fb63e9d' -> (Import Result ID: 'a07855d1a872e30a61659af45a661a03') in 0.002 seconds [static dependencies only]. Details - ImportResultOutputID=9311a9f0857ee6b6d38067da718a0e3d DependenciesID=36d502e35e6a3df2b5e4a9e9cf116efc StaticDependenciesID=7be17901c265c278da62d8647431cf6a 
Importing 'GUID: adcfd2a628cf24bc69a32a06e1e6d609 - Path: Packages/com.unity.collab-proxy/Lib/Editor/Localization/i3.ko.txt' with importer (TextScriptImporter)
Imported 'GUID: adcfd2a628cf24bc69a32a06e1e6d609' -> (Import Result ID: '06db6eaac8bb0cba5e74c6c264f4ba26') in 0.001 seconds [static dependencies only]. Details - ImportResultOutputID=737ffedd8ffda664c1109e0cf3a42089 DependenciesID=3da2602c2ef509ca0f67ce7300b8e0b4 StaticDependenciesID=27a276fa146538bc546f18d1b6522e25 
Importing 'GUID: bd1af0a6633ee94ae21c7d1d702cdc12 - Path: Packages/com.unity.modules.androidjni/package.json' with importer (PackageManifestImporter)
Imported 'GUID: bd1af0a6633ee94ae21c7d1d702cdc12' -> (Import Result ID: 'c66b3a289a73bbec2fda23e48bc08026') in 0.001 seconds [static dependencies only]. Details - ImportResultOutputID=7126a0377f515e9a6995b9946f69e957 DependenciesID=3460a296a7931240235c48d675c04d07 StaticDependenciesID=766670ff5734e879714b6e5bd1fc3fee 
Importing 'GUID: bd5f1c13809c1430398256ce75a55836 - Path: Packages/com.unity.collab-proxy/Lib/Editor/Localization/mergetool.en.txt' with importer (TextScriptImporter)
Imported 'GUID: bd5f1c13809c1430398256ce75a55836' -> (Import Result ID: 'e88df5f2e65c54aaa7fb64faea5509fd') in 0.001 seconds [static dependencies only]. Details - ImportResultOutputID=fe6f33e9a06480686fa98d1a47c7f99c DependenciesID=0283ade08d7f5273d54b97146f78db25 StaticDependenciesID=92d31c25a3a469c37b8461fb4bc42a4f 
Importing 'GUID: cd78ce5b75b8be84d8b94cd99903161f - Path: Packages/com.unity.ide.visualstudio/CONTRIBUTING.md' with importer (TextScriptImporter)
Imported 'GUID: cd78ce5b75b8be84d8b94cd99903161f' -> (Import Result ID: '90ce997c7b0b9a72c1a4bbc8359255a1') in 0.001 seconds [static dependencies only]. Details - ImportResultOutputID=2e903f86b6274379e888bf8205a28a62 DependenciesID=70fad9e9c5fb93c90ae3bc1cfaf55621 StaticDependenciesID=83a52b79b18beab5b489fe9907122b65 
Importing 'GUID: fdcb46ea2f08d4174aae9f266754080b - Path: Packages/com.unity.collab-proxy/Lib/Editor/Localization/basecommands.en.txt' with importer (TextScriptImporter)
Imported 'GUID: fdcb46ea2f08d4174aae9f266754080b' -> (Import Result ID: 'd30fc0e5144976605b2e9616c0eadb6c') in 0.001 seconds [static dependencies only]. Details - ImportResultOutputID=cdf8e16677f6a23eb526cb2d8202e14b DependenciesID=74a923a46ed60e2aa9f779bd3180da8a StaticDependenciesID=7a78e7557e1e9ca6e7bc831f153c88b4 
Importing 'GUID: 0e30f58f573775148b05a8c86715b527 - Path: Packages/com.unity.collab-proxy/Lib/Editor/Localization/plastic-gui.es.txt' with importer (TextScriptImporter)
Imported 'GUID: 0e30f58f573775148b05a8c86715b527' -> (Import Result ID: '7e6b83af10eb786f5c884cb56966eb09') in 0.002 seconds [static dependencies only]. Details - ImportResultOutputID=a97a474156ff4e6abe23bbaf09690f74 DependenciesID=4584bcff29f6ca1e82a280f7976608de StaticDependenciesID=688325e5c85c2388e543786bc25671e6 
Importing 'GUID: 0e0afa652c0031c48896a97b424d027b - Path: Packages/com.unity.ugui/PackageConversionData_Assets.json' with importer (TextScriptImporter)
Imported 'GUID: 0e0afa652c0031c48896a97b424d027b' -> (Import Result ID: '9ba8860fdb7523d0121a589b80e1db09') in 0.002 seconds [static dependencies only]. Details - ImportResultOutputID=a8d1ec1a9aa70f2cb19b25741c2097d7 DependenciesID=b333c7e405e4deea9b63f8885c5d5c1f StaticDependenciesID=042f13c75eea42e7d5f0e98495fa9094 
Importing 'GUID: 1e6d3ecf959ad40459c4dce16a7b25c8 - Path: Packages/com.unity.collab-proxy/Lib/Editor/Localization/plastic-gui.en.txt' with importer (TextScriptImporter)
Imported 'GUID: 1e6d3ecf959ad40459c4dce16a7b25c8' -> (Import Result ID: '58273164cab7d3bf6b69c1538e6e1cab') in 0.002 seconds [static dependencies only]. Details - ImportResultOutputID=6c18704253a027312682df3886525e71 DependenciesID=81b0331da10f9045a167b7e7dfa4ce0a StaticDependenciesID=71726e7732824aa75af56776cbecd596 
Importing 'GUID: 2ebacf56c1e624ee79268c18346f16eb - Path: Packages/com.unity.collab-proxy/Lib/Editor/Localization/cm-help.zh-Hans.txt' with importer (TextScriptImporter)
Imported 'GUID: 2ebacf56c1e624ee79268c18346f16eb' -> (Import Result ID: '547f69deccee36d26933275df8f6d724') in 0.002 seconds [static dependencies only]. Details - ImportResultOutputID=163bed9beaea198b546dd7e7ea3ead7d DependenciesID=fc2e8ab22d27ea0e9c56da82d618dfa8 StaticDependenciesID=b082bde00c153e87f9de2803d05e2626 
Importing 'GUID: 3ec7596410385054a9e0bc90377fbe63 - Path: Packages/com.unity.test-framework/LICENSE.md' with importer (TextScriptImporter)
Imported 'GUID: 3ec7596410385054a9e0bc90377fbe63' -> (Import Result ID: '3a1c9d30bdeada97253cfb6695045bc3') in 0.001 seconds [static dependencies only]. Details - ImportResultOutputID=bba2943017dac050fc7c7408db0545e8 DependenciesID=2a5c50339c505478545b9a6b332308d4 StaticDependenciesID=979fcfe7b19f9d33c0758a6b2a5be9b4 
Importing 'GUID: 4e6cae1e91a544050a661ae2855d2f47 - Path: Packages/com.unity.collab-proxy/Lib/Editor/Localization/basecommands.ko.txt' with importer (TextScriptImporter)
Imported 'GUID: 4e6cae1e91a544050a661ae2855d2f47' -> (Import Result ID: '63b95fcbd16bf152ce33a3b0f68f66ce') in 0.002 seconds [static dependencies only]. Details - ImportResultOutputID=96cef3b6fc2871c5f0115f5d4d72f67f DependenciesID=d6521f1df945da4f6ea01a6dc3ab897d StaticDependenciesID=3a376d0669ea96c124ce5ef37aacdcec 
Importing 'GUID: 5e83f8baac96eaa47bdd9ca781cd2002 - Path: Packages/com.unity.ide.rider/CONTRIBUTING.md' with importer (TextScriptImporter)
Imported 'GUID: 5e83f8baac96eaa47bdd9ca781cd2002' -> (Import Result ID: 'df0cebd9447d1612751bd7af1f3a21de') in 0.001 seconds [static dependencies only]. Details - ImportResultOutputID=299398a35b0d6ab073c07e25e1931264 DependenciesID=4420fbc427b51d1f4f4759a393a225ad StaticDependenciesID=dbd5140748e3c8e099a6a3e5d2e4ab08 
Importing 'GUID: 6ecb9e17e44feb84cb80451fa27b09fe - Path: Packages/com.unity.timeline/LICENSE.md' with importer (TextScriptImporter)
Imported 'GUID: 6ecb9e17e44feb84cb80451fa27b09fe' -> (Import Result ID: 'd6c5bd1886e6ae4366564c0781902be2') in 0.001 seconds [static dependencies only]. Details - ImportResultOutputID=0edf65cf63d9f756a482b6d25411a8c9 DependenciesID=e3a05554ab1505fd6de551a33c670a1d StaticDependenciesID=54f8077c1e367d2deafd407e77bd5123 
Importing 'GUID: 7ef8348b8ea834d7e1bc214b07f7fb87 - Path: Packages/com.unity.modules.animation/package.json' with importer (PackageManifestImporter)
Imported 'GUID: 7ef8348b8ea834d7e1bc214b07f7fb87' -> (Import Result ID: '82e086625e3caaa7556c47741779fbbd') in 0.001 seconds [static dependencies only]. Details - ImportResultOutputID=b91668c34ad33289ab3788464c3773fc DependenciesID=0065dbae8c760ef394d86b185f8b83a2 StaticDependenciesID=a1cddf4511130d831d577e406d2312e6 
Importing 'GUID: 9e56b150f059e654b911faff982eacf8 - Path: Packages/com.unity.collab-proxy/Editor/_Deprecated/README.md' with importer (TextScriptImporter)
Imported 'GUID: 9e56b150f059e654b911faff982eacf8' -> (Import Result ID: '4d58829be1685ec8f8169c2e695583d0') in 0.001 seconds [static dependencies only]. Details - ImportResultOutputID=5a7d220af54757ce8eda37b7d96df02e DependenciesID=d1e802b4f180cc5312afb0b361b891bb StaticDependenciesID=d145eb561ef0baab56fbbd2381b51888 
Importing 'GUID: fea7dac218f7f4522a87a01a0c3c53d0 - Path: Packages/com.unity.collab-proxy/Lib/Editor/Localization/clientcommon.ko.txt' with importer (TextScriptImporter)
Imported 'GUID: fea7dac218f7f4522a87a01a0c3c53d0' -> (Import Result ID: 'af97732ccecd180f1b10381960b626fc') in 0.001 seconds [static dependencies only]. Details - ImportResultOutputID=0aea1c025a573c253c0192a105e02d6d DependenciesID=530f980a4e83db9710d03304c042aaec StaticDependenciesID=624b21dd280b9faa44a77af563d08e8b 
Importing 'GUID: 0fa7df26493184285aab742ad62c95c1 - Path: Packages/com.unity.collab-proxy/Lib/Editor/Localization/differences.zh-Hant.txt' with importer (TextScriptImporter)
Imported 'GUID: 0fa7df26493184285aab742ad62c95c1' -> (Import Result ID: 'de9c4b088681bf6ad0f13c9afa0f9e4c') in 0.001 seconds [static dependencies only]. Details - ImportResultOutputID=102dc921183dbb06c637cb01b245282c DependenciesID=0fad477c5972807f55d9a68505be3abb StaticDependenciesID=6893e7f688f882c9afcac863bd998074 
Importing 'GUID: 1f24336f68d45492daf4c81106fef3aa - Path: Packages/com.unity.collab-proxy/Lib/Editor/Localization/xdiff.ko.txt' with importer (TextScriptImporter)
Imported 'GUID: 1f24336f68d45492daf4c81106fef3aa' -> (Import Result ID: '6815f869f4384f90ca96d776b5fb3703') in 0.001 seconds [static dependencies only]. Details - ImportResultOutputID=409822d193579e569793e7d6db705cce DependenciesID=8ce3894f536f4e583610e1f3e7ade4f5 StaticDependenciesID=7d492f8eda4104e613c74c7af7cdaf6e 
Importing 'GUID: 1f47f388d466a499b9d9fa66f4eee75c - Path: Packages/com.unity.collab-proxy/Lib/Editor/Localization/xdiff.ja.txt' with importer (TextScriptImporter)
Imported 'GUID: 1f47f388d466a499b9d9fa66f4eee75c' -> (Import Result ID: '6631a96c665169e892d9293cc670060e') in 0.001 seconds [static dependencies only]. Details - ImportResultOutputID=2475935c4813011d49e0c8f3d4bca9f0 DependenciesID=fa761f1d36975723ccfa0ca0f2a34de0 StaticDependenciesID=3c266db4b2de0785f1b310e1a9040b5e 
Importing 'GUID: 1fe9e6e1ae93cf64bbdfbd29300752e1 - Path: Packages/com.unity.ide.visualstudio/LICENSE.md' with importer (TextScriptImporter)
Imported 'GUID: 1fe9e6e1ae93cf64bbdfbd29300752e1' -> (Import Result ID: '3810f04e5a6dea9d7192322c518317fc') in 0.001 seconds [static dependencies only]. Details - ImportResultOutputID=59b2bdb7a2a944bdd850427bde77d577 DependenciesID=63009f1a6fb1b534e5b44aa1d21f03d3 StaticDependenciesID=cfdc7fb9a1450b6ca3a201af1edec05b 
Importing 'GUID: 2fde7e5b694b24190a8efa287e8ebafd - Path: Packages/com.unity.collab-proxy/Lib/Editor/Localization/configurehelper.es.txt' with importer (TextScriptImporter)
Imported 'GUID: 2fde7e5b694b24190a8efa287e8ebafd' -> (Import Result ID: '927db9fbdf6fc15eb53222f01a796640') in 0.001 seconds [static dependencies only]. Details - ImportResultOutputID=8ce894f7f279369e9848adf1543b80d5 DependenciesID=a295ca28231a65965a2b3d3f911cbf1c StaticDependenciesID=d7f088404cfa8dab20cf67cce6e61ac7 
Importing 'GUID: 3fdd83b151eb8d25c5e2f82fc39dcb04 - Path: Packages/com.unity.modules.unitywebrequest/package.json' with importer (PackageManifestImporter)
Imported 'GUID: 3fdd83b151eb8d25c5e2f82fc39dcb04' -> (Import Result ID: '92635879e69b098a24aed6b11124d6af') in 0.001 seconds [static dependencies only]. Details - ImportResultOutputID=c3fdc439e8f1f75cc7a0e86c4c6ba96d DependenciesID=af541476494a73d8e0e3c25128f3ed67 StaticDependenciesID=7d8ffda6dfec0ff398f84144af32c448 
Importing 'GUID: 4f0f9b9f3ed97ad2b9ba8f1a8e4666c2 - Path: Packages/com.unity.modules.uielements/package.json' with importer (PackageManifestImporter)
Imported 'GUID: 4f0f9b9f3ed97ad2b9ba8f1a8e4666c2' -> (Import Result ID: '184794dd62116f07f31b8718f7db4388') in 0.001 seconds [static dependencies only]. Details - ImportResultOutputID=c6edeb5d9bc578ffca7fbf049f13618e DependenciesID=55e8d1ec6ce87a14c2bd6ab2efec80b4 StaticDependenciesID=6a093705c82ba59492894df208618d92 
Importing 'GUID: 6fc2b2cf518e540319637f5c5c573d3a - Path: Packages/com.unity.ai.navigation/README.md' with importer (TextScriptImporter)
Imported 'GUID: 6fc2b2cf518e540319637f5c5c573d3a' -> (Import Result ID: '2fa9ffad04b1fbaf7f04919841c28b03') in 0.001 seconds [static dependencies only]. Details - ImportResultOutputID=afb45b447eba3748bb8b7087ffa71db9 DependenciesID=fb775b05e6579c0566c2af7fd7fb2cb2 StaticDependenciesID=e8216bfaabe1aa0253458f906580086e 
Importing 'GUID: 8fc7e1799af624ff6a5215018d3e092b - Path: Packages/com.unity.collab-proxy/Lib/Editor/Localization/clientcommon.zh-Hant.txt' with importer (TextScriptImporter)
Imported 'GUID: 8fc7e1799af624ff6a5215018d3e092b' -> (Import Result ID: '3d081f2c426485c87789cb7bf37bfd38') in 0.001 seconds [static dependencies only]. Details - ImportResultOutputID=c19ab9331fde0f3c65c2bdc86e0e4425 DependenciesID=d512140f9b074dad6470d295b9f54101 StaticDependenciesID=9f518f80fbbfc69c71e0b103a4ac3b3e 
Importing 'GUID: 9f1543f841f7a40b09eef3c7523d3b26 - Path: Packages/com.unity.collab-proxy/Lib/Editor/Localization/semantic.es.txt' with importer (TextScriptImporter)
Imported 'GUID: 9f1543f841f7a40b09eef3c7523d3b26' -> (Import Result ID: 'e5a9be78d0abe5aeae5fcd94c511497d') in 0.001 seconds [static dependencies only]. Details - ImportResultOutputID=3f358bd54b3e5eb2eb99b14aaf6810d7 DependenciesID=e094c703f414520feadb89a071240e02 StaticDependenciesID=317ed22e918fff16393fb052fbbc9aed 
Importing 'GUID: af8f9a7f066204789819c6a616afe2c0 - Path: Packages/com.unity.ai.navigation/LICENSE.md' with importer (TextScriptImporter)
Imported 'GUID: af8f9a7f066204789819c6a616afe2c0' -> (Import Result ID: '8f7bc96573fa7ed041af55ca79f9387a') in 0.001 seconds [static dependencies only]. Details - ImportResultOutputID=0b6b277576e08ec167721f4a3dd1943c DependenciesID=272567963f71893e86c27ae6515265f6 StaticDependenciesID=49a3954db27fae8c749530771aaf192f 
Importing 'GUID: bfd567a3d1631a761bca9e99fa53d86d - Path: Packages/com.unity.modules.ui/package.json' with importer (PackageManifestImporter)
Imported 'GUID: bfd567a3d1631a761bca9e99fa53d86d' -> (Import Result ID: '4dd710bbce123bc757f4a8a01bdf269a') in 0.001 seconds [static dependencies only]. Details - ImportResultOutputID=2c146ae310e14069b7968d16cdff2b0b DependenciesID=b1c5e489db4e32517744613cffb974f4 StaticDependenciesID=9d4c7cf74df7148af2e86e5b6924c57c 
Importing 'GUID: bfcb3ba499f7d452b92d9a9cc3378788 - Path: Packages/com.unity.ext.nunit/Third Party Notices.md' with importer (TextScriptImporter)
Imported 'GUID: bfcb3ba499f7d452b92d9a9cc3378788' -> (Import Result ID: 'e6cfe1d808178a6dfdb4b89ccfc62c2a') in 0.001 seconds [static dependencies only]. Details - ImportResultOutputID=13e034fa650cd897dd3935828cea6abc DependenciesID=75baafcacaf8f610432359dceece7d61 StaticDependenciesID=c41ef689649a42705725ae0c14ba6db5 
Importing 'GUID: df0857f6a11054383be91b1f8e1b5800 - Path: Packages/com.unity.multiplayer.center/package.json' with importer (PackageManifestImporter)
Imported 'GUID: df0857f6a11054383be91b1f8e1b5800' -> (Import Result ID: '02cb872b2b5b5a5d0158a9a5925ba322') in 0.001 seconds [static dependencies only]. Details - ImportResultOutputID=bf17cb3d4f3a05ce72d43fc1a17b75c1 DependenciesID=2c5ee50cedf0f516e575033b52026ec4 StaticDependenciesID=27fac7f3a8dd9578c6ee303fe2ea6245 
Importing 'GUID: ffc6271f08270b64ca0aae9c49235d81 - Path: Packages/com.unity.ide.vscode/package.json' with importer (PackageManifestImporter)
Imported 'GUID: ffc6271f08270b64ca0aae9c49235d81' -> (Import Result ID: '7dc1657c0a2dacafa7835414a071ba57') in 0.001 seconds [static dependencies only]. Details - ImportResultOutputID=7364da6e068392807549dbdd72ebeb63 DependenciesID=c676bc90a6e39e041d0b7b7011580b6b StaticDependenciesID=e9d3cc157c140a7fe2fb5674e73ff052 
Importing 'GUID: bdf4f3d05dd541fa829ffa06bfbc8d0c - Path: Packages/com.unity.collab-proxy/Editor/Assets/Styles/Base.uss' with importer (ScriptedImporter : UnityEditor.CoreModule:UnityEditor.UIElements.StyleSheets:StyleSheetImporter)
Imported 'GUID: bdf4f3d05dd541fa829ffa06bfbc8d0c' -> (Import Result ID: '24f72a72dcef0e5e8c3b72900a545ffb') in 0.060 seconds [static and dynamic dependencies]. Details - ImportResultOutputID=2eb2d416feb682a8e83c1fef01b9bdf6 DependenciesID=c81e55930244e2b64e4291c1d08147bb StaticDependenciesID=832d20671dca6e9ab2bd861b276fd232 
Importing 'GUID: 3073089003718474ab284d743790fbb2 - Path: Packages/com.unity.collab-proxy/Editor/Assets/Styles/DownloadPlasticExeDialog.uss' with importer (ScriptedImporter : UnityEditor.CoreModule:UnityEditor.UIElements.StyleSheets:StyleSheetImporter)
Imported 'GUID: 3073089003718474ab284d743790fbb2' -> (Import Result ID: '8cafdda4a6f015195b056b1a78577966') in 0.020 seconds [static and dynamic dependencies]. Details - ImportResultOutputID=21b3b59237e6c3cc34c169ce719095b6 DependenciesID=495895a8f41ffd2c72d08b981fcc5e15 StaticDependenciesID=d52e5909fb3a62b2fca644cc3e73608a 
Importing 'GUID: 90945345530e7174eb4f0575a0bec0bf - Path: Packages/com.unity.collab-proxy/Editor/Assets/Styles/WaitingSignInPanel.uss' with importer (ScriptedImporter : UnityEditor.CoreModule:UnityEditor.UIElements.StyleSheets:StyleSheetImporter)
Imported 'GUID: 90945345530e7174eb4f0575a0bec0bf' -> (Import Result ID: '8e40ac2a45b39e021fe9fdffb5a1a334') in 0.004 seconds [static and dynamic dependencies]. Details - ImportResultOutputID=3c56de53596a10a05f8a12559b8685d6 DependenciesID=a32593da66cf67176423325ff396fd3e StaticDependenciesID=53a33c23b6dd38e86efc47f79de158a5 
Importing 'GUID: e05b9be8556f5ae41aa78140b83146d5 - Path: Packages/com.unity.collab-proxy/Editor/Assets/Styles/ProgressControlsForDialogs.uss' with importer (ScriptedImporter : UnityEditor.CoreModule:UnityEditor.UIElements.StyleSheets:StyleSheetImporter)
Imported 'GUID: e05b9be8556f5ae41aa78140b83146d5' -> (Import Result ID: '0b06680bb254add50a25c23c0f035954') in 0.004 seconds [static and dynamic dependencies]. Details - ImportResultOutputID=70aee9c2cdb7af446527e8682625ad92 DependenciesID=1cf7c24d6470c99c7e04cea6c3823ecd StaticDependenciesID=4000f5b808a54c9d471ec67c49b612ef 
Importing 'GUID: f1ac2efb1bcd4dfd95dc196ed3c11367 - Path: Packages/com.unity.multiplayer.center/Editor/MultiplayerCenterWindow/UI/light.uss' with importer (ScriptedImporter : UnityEditor.CoreModule:UnityEditor.UIElements.StyleSheets:StyleSheetImporter)
Imported 'GUID: f1ac2efb1bcd4dfd95dc196ed3c11367' -> (Import Result ID: '3b9ed2e92cb1cb891fcf064aa99b2442') in 0.021 seconds [static and dynamic dependencies]. Details - ImportResultOutputID=59bc4146908420a0e22ac0bf71d18962 DependenciesID=f238f56f97ecce9c801c08bd74066ffe StaticDependenciesID=eb1bbb5513fee76ee3139bf45c2d2c73 
Importing 'GUID: 5393cdb70614ab24f94f78bfcf5d1455 - Path: Packages/com.unity.timeline/Editor/StyleSheets/Extensions/dark.uss' with importer (ScriptedImporter : UnityEditor.CoreModule:UnityEditor.UIElements.StyleSheets:StyleSheetImporter)
Imported 'GUID: 5393cdb70614ab24f94f78bfcf5d1455' -> (Import Result ID: '33f411a07e032d419177d8da5448327a') in 0.009 seconds [static and dynamic dependencies]. Details - ImportResultOutputID=f1e2a7862913191418aeabe8eef4bfcc DependenciesID=f126afdee179f476beb1dcebe471cb53 StaticDependenciesID=842cba53c405a8c290d7efdaa71c34f5 
Importing 'GUID: 63cb84b97408b4d25a6925daccffcd22 - Path: Packages/com.unity.ai.navigation/Editor/ConversionSystem/converter_widget.uss' with importer (ScriptedImporter : UnityEditor.CoreModule:UnityEditor.UIElements.StyleSheets:StyleSheetImporter)
Imported 'GUID: 63cb84b97408b4d25a6925daccffcd22' -> (Import Result ID: '751fd38af60acb314fc3b9ae17998663') in 0.002 seconds [static and dynamic dependencies]. Details - ImportResultOutputID=7fa8eeff1c288369ee1d6be5b8fcaf3b DependenciesID=926cfcfa1f618107e264dfc27b5bcb30 StaticDependenciesID=aca4e62f1848d7d950d4f8621c98a20b 
Importing 'GUID: b37675bc656348c429a6c56b2eda1345 - Path: Packages/com.unity.collab-proxy/Editor/Assets/Styles/SignInWithEmailPanel.uss' with importer (ScriptedImporter : UnityEditor.CoreModule:UnityEditor.UIElements.StyleSheets:StyleSheetImporter)
Imported 'GUID: b37675bc656348c429a6c56b2eda1345' -> (Import Result ID: 'b42beb4b8e504af20a6c8a413a028409') in 0.010 seconds [static and dynamic dependencies]. Details - ImportResultOutputID=7426e42263fbd14eda8a64404de87073 DependenciesID=9fdf7e873295f091b8c3800b8a9d72a1 StaticDependenciesID=06cbd532efaac5677f921e01dd4b2bdf 
Importing 'GUID: e3ff025771d34d4edb265538b05ebcb6 - Path: Packages/com.unity.multiplayer.center/Editor/MultiplayerCenterWindow/UI/GettingStartedSamples.uss' with importer (ScriptedImporter : UnityEditor.CoreModule:UnityEditor.UIElements.StyleSheets:StyleSheetImporter)
Imported 'GUID: e3ff025771d34d4edb265538b05ebcb6' -> (Import Result ID: 'db21f78653d951012016217856151b15') in 0.004 seconds [static and dynamic dependencies]. Details - ImportResultOutputID=5b8bb43d3c58b4e677bb32a58388ccfc DependenciesID=0b1004d471072bde6742b87c37c9deeb StaticDependenciesID=faf97d66eb0a37a74ef183d9eb51ba95 
Importing 'GUID: 642639f75f2dfbd4ab01e6708b58f304 - Path: Packages/com.unity.collab-proxy/Editor/Assets/Styles/OrganizationPanel.uss' with importer (ScriptedImporter : UnityEditor.CoreModule:UnityEditor.UIElements.StyleSheets:StyleSheetImporter)
Imported 'GUID: 642639f75f2dfbd4ab01e6708b58f304' -> (Import Result ID: 'd9ac08a3265ae0e0edd3d05c48efd7b3') in 0.006 seconds [static and dynamic dependencies]. Details - ImportResultOutputID=8bf5efa88aa62eca92be8dc7f256e818 DependenciesID=2dac0c1349a85985264eb15292b614b4 StaticDependenciesID=ca386f340de1e24aca83b1cd6eb758fe 
Importing 'GUID: c673e4e20ea67ab40a4661592f51aa99 - Path: Packages/com.unity.collab-proxy/Editor/Assets/Styles/SignInPanel.uss' with importer (ScriptedImporter : UnityEditor.CoreModule:UnityEditor.UIElements.StyleSheets:StyleSheetImporter)
Imported 'GUID: c673e4e20ea67ab40a4661592f51aa99' -> (Import Result ID: '73ff35b0abf3c3d06f8470e6430ef36b') in 0.005 seconds [static and dynamic dependencies]. Details - ImportResultOutputID=051676ed43fc68d0ea30c38a4d83860c DependenciesID=ae0664617dcf7b8d38df23b4d66ddea7 StaticDependenciesID=2421d500e334466dc192f88f4c0e8409 
Importing 'GUID: 47ad576eb7d74fd3a7d77f47acc4e79c - Path: Packages/com.unity.multiplayer.center/Editor/MultiplayerCenterWindow/UI/PlaceHolder.uss' with importer (ScriptedImporter : UnityEditor.CoreModule:UnityEditor.UIElements.StyleSheets:StyleSheetImporter)
Imported 'GUID: 47ad576eb7d74fd3a7d77f47acc4e79c' -> (Import Result ID: '989293870e01f9ef07de42a5afd988e3') in 0.005 seconds [static and dynamic dependencies]. Details - ImportResultOutputID=e96f19a148ebdec63a0b8c2612987fb8 DependenciesID=4fc88ea16db92a9b005f6c41e72e4e67 StaticDependenciesID=62db246fe46e3e221a9081b1fab4c684 
Importing 'GUID: d7b952ba582c434d9eb0f94a617290b1 - Path: Packages/com.unity.multiplayer.center/Editor/MultiplayerCenterWindow/UI/Recommendations.uss' with importer (ScriptedImporter : UnityEditor.CoreModule:UnityEditor.UIElements.StyleSheets:StyleSheetImporter)
Imported 'GUID: d7b952ba582c434d9eb0f94a617290b1' -> (Import Result ID: '1f4e62178c3e4541344d5dd42c8faf2f') in 0.005 seconds [static and dynamic dependencies]. Details - ImportResultOutputID=c8f16a5a24bb0aa43547d4a20a2de6e1 DependenciesID=409839dd25fa09bed6d8822980543f03 StaticDependenciesID=c6e42f0db8365c1f071071c47580f662 
Importing 'GUID: 588de2e11d0f4913bbf8d538c38d020f - Path: Packages/com.unity.multiplayer.center/Editor/MultiplayerCenterWindow/UI/MultiplayerCenterWindow.uss' with importer (ScriptedImporter : UnityEditor.CoreModule:UnityEditor.UIElements.StyleSheets:StyleSheetImporter)
Imported 'GUID: 588de2e11d0f4913bbf8d538c38d020f' -> (Import Result ID: 'dad85ada3ce2c9b42b0c3faf52dd7327') in 0.006 seconds [static and dynamic dependencies]. Details - ImportResultOutputID=302fdaf6ec66d2a54a4420c5bffb79a5 DependenciesID=c33398346427805f1aa6b0bb1b3ed814 StaticDependenciesID=441f03a992eadfa77c6208cfdceef085 
Importing 'GUID: 88da5407899aaaf448a40c85888108ae - Path: Packages/com.unity.collab-proxy/Editor/Assets/Styles/TabView.uss' with importer (ScriptedImporter : UnityEditor.CoreModule:UnityEditor.UIElements.StyleSheets:StyleSheetImporter)
Imported 'GUID: 88da5407899aaaf448a40c85888108ae' -> (Import Result ID: '7f03a47dc605b55ef20b12897795391e') in 0.007 seconds [static and dynamic dependencies]. Details - ImportResultOutputID=6aa05a57440e2375c0615e62a4ea2be1 DependenciesID=d873f6f4f3b0a97198c978b3a27e3a3d StaticDependenciesID=4bf27741cdc497766235d6ebbb4eff3d 
Importing 'GUID: 1984cd07fe96417f9e88f5771f6b4b32 - Path: Packages/com.unity.multiplayer.center/Editor/MultiplayerCenterWindow/UI/dark.uss' with importer (ScriptedImporter : UnityEditor.CoreModule:UnityEditor.UIElements.StyleSheets:StyleSheetImporter)
Imported 'GUID: 1984cd07fe96417f9e88f5771f6b4b32' -> (Import Result ID: '2a598a9d982601933519544ef6503d93') in 0.011 seconds [static and dynamic dependencies]. Details - ImportResultOutputID=1f858c30d1f9c3148778bfab2eace40c DependenciesID=e88f5a2d177c0f9f5e24a391d42253ae StaticDependenciesID=0141de0bd42f5f08c6e55fdd3b89e82a 
Importing 'GUID: c9e2efc56fdf45a8bbf2841612e452ce - Path: Packages/com.unity.multiplayer.center/Editor/MultiplayerCenterWindow/UI/QuestionDescription.uss' with importer (ScriptedImporter : UnityEditor.CoreModule:UnityEditor.UIElements.StyleSheets:StyleSheetImporter)
Imported 'GUID: c9e2efc56fdf45a8bbf2841612e452ce' -> (Import Result ID: '881d544b8c7c0c9c67109d65bdff19c7') in 0.007 seconds [static and dynamic dependencies]. Details - ImportResultOutputID=8f085b148254f65a643ec22066479b35 DependenciesID=3369017456002c83ecc488a18831ce61 StaticDependenciesID=d4c73f6faf1e5077a4232d07d7acfe78 
Importing 'GUID: e98085123be873947970c4f10099a39a - Path: Packages/com.unity.timeline/Editor/StyleSheets/Extensions/light.uss' with importer (ScriptedImporter : UnityEditor.CoreModule:UnityEditor.UIElements.StyleSheets:StyleSheetImporter)
Imported 'GUID: e98085123be873947970c4f10099a39a' -> (Import Result ID: 'f570b782d86890ee8377d86e642b2948') in 0.006 seconds [static and dynamic dependencies]. Details - ImportResultOutputID=74e6d33b9c56a8b36f0a0428ef19dd97 DependenciesID=479f9c0db10a81716cc7ddc357d0024d StaticDependenciesID=5687d7456148f433743493c86f840f54 
Importing 'GUID: bac00d6e07f0b4305bb395363c89d92b - Path: Packages/com.unity.multiplayer.center/Editor/MultiplayerCenterWindow/UI/DeprecatedMultiplayerCenterWindow.uss' with importer (ScriptedImporter : UnityEditor.CoreModule:UnityEditor.UIElements.StyleSheets:StyleSheetImporter)
Imported 'GUID: bac00d6e07f0b4305bb395363c89d92b' -> (Import Result ID: '684186df5ea1ba851df0dc2ee66e8982') in 0.034 seconds [static and dynamic dependencies]. Details - ImportResultOutputID=7124fd0a951b9c783b6cf097d47e5846 DependenciesID=f76fc29c4da50bf2abd3bf9f359ab412 StaticDependenciesID=ff49885e92ac381260819006d68251ac 
Importing 'GUID: 1cd69f37df825af4385cd9efe745fc30 - Path: Packages/com.unity.collab-proxy/Editor/Assets/Styles/TeamEditionConfigurationWindow.uss' with importer (ScriptedImporter : UnityEditor.CoreModule:UnityEditor.UIElements.StyleSheets:StyleSheetImporter)
Imported 'GUID: 1cd69f37df825af4385cd9efe745fc30' -> (Import Result ID: 'c27da4f66ff130e558d9213c4f2f38b2') in 0.005 seconds [static and dynamic dependencies]. Details - ImportResultOutputID=c4c9eb530c8c8ed291128059b0200e82 DependenciesID=2dd924572f89a19d16c639f5556c3335 StaticDependenciesID=5b67b82dbd40c195f1755fcfe3269f36 
Importing 'GUID: ada555936059fa149bb48537842ee230 - Path: Packages/com.unity.timeline/Editor/StyleSheets/Extensions/common.uss' with importer (ScriptedImporter : UnityEditor.CoreModule:UnityEditor.UIElements.StyleSheets:StyleSheetImporter)
Imported 'GUID: ada555936059fa149bb48537842ee230' -> (Import Result ID: 'acca5431ad043ab2562fa3340d2462cf') in 0.016 seconds [static and dynamic dependencies]. Details - ImportResultOutputID=3bc224ea268557c50d10653f4c742758 DependenciesID=266f5b8a0c54ed6e8e28d0c5e02cd4dc StaticDependenciesID=6b608d3adc9e28f40f9a7a6c681b8d13 
Importing 'GUID: eded20d65a4c8a7489e4df3772953e51 - Path: Packages/com.unity.timeline/Editor/StyleSheets/ClipInspector.uss' with importer (ScriptedImporter : UnityEditor.CoreModule:UnityEditor.UIElements.StyleSheets:StyleSheetImporter)
Imported 'GUID: eded20d65a4c8a7489e4df3772953e51' -> (Import Result ID: '8cb69ca9cc2b5ad2a1eeed83595f8e75') in 0.003 seconds [static and dynamic dependencies]. Details - ImportResultOutputID=9dfa45e268098d11fe495cbf9ab5427b DependenciesID=85573dc03598565754cd711456d9a760 StaticDependenciesID=3d5ac59ca077cec77c32d6ed1c249e5b 
Importing 'GUID: 3eb99c80b411349188e1e5167887ac6c - Path: Packages/com.unity.ai.navigation/Editor/ConversionSystem/converter_editor.uss' with importer (ScriptedImporter : UnityEditor.CoreModule:UnityEditor.UIElements.StyleSheets:StyleSheetImporter)
Imported 'GUID: 3eb99c80b411349188e1e5167887ac6c' -> (Import Result ID: '394bcd73d7bb2f002368b30a3c0dc6b7') in 0.005 seconds [static and dynamic dependencies]. Details - ImportResultOutputID=d5bfdd3e2c796d7cfee772f4217b8bab DependenciesID=64c64927297839196cd335044a67435d StaticDependenciesID=b79120a08378c7d415f0774a9fbfe3ca 
Importing 'GUID: ce242d2ce4fc4d5fb2276869d1fa1fa7 - Path: Packages/com.unity.multiplayer.center/Editor/MultiplayerCenterWindow/UI/Community.uss' with importer (ScriptedImporter : UnityEditor.CoreModule:UnityEditor.UIElements.StyleSheets:StyleSheetImporter)
Imported 'GUID: ce242d2ce4fc4d5fb2276869d1fa1fa7' -> (Import Result ID: 'a6663e8a0075da7c42c38314ae15f3c2') in 0.003 seconds [static and dynamic dependencies]. Details - ImportResultOutputID=a67587f20569692b6aefb41a37ad17fb DependenciesID=39766a1e4d23a415dbb39ae0849c57b7 StaticDependenciesID=b2f10f4f457fbbfd15ed18208592fcc8 
Importing 'GUID: eef2722d11da0cb4dbc1b337005bb84a - Path: Packages/com.unity.multiplayer.center/Editor/MultiplayerCenterWindow/UI/BuildingBlock.uss' with importer (ScriptedImporter : UnityEditor.CoreModule:UnityEditor.UIElements.StyleSheets:StyleSheetImporter)
Imported 'GUID: eef2722d11da0cb4dbc1b337005bb84a' -> (Import Result ID: '7c65e8973982a9d83ccfc9d6a7d05bbd') in 0.005 seconds [static and dynamic dependencies]. Details - ImportResultOutputID=27eeebaa28eceef22e3ee657de8f1a87 DependenciesID=c576c17ccdc2395259a90dc5aa222864 StaticDependenciesID=b1fd83406afa55383098b906cc3833bc 
Importing 'GUID: 2f1d5cde0e95bf04ea03dd1d0e7c3e2b - Path: Packages/com.unity.multiplayer.center/Editor/MultiplayerCenterWindow/UI/Templates/HeaderStyle.uss' with importer (ScriptedImporter : UnityEditor.CoreModule:UnityEditor.UIElements.StyleSheets:StyleSheetImporter)
Imported 'GUID: 2f1d5cde0e95bf04ea03dd1d0e7c3e2b' -> (Import Result ID: '6a1a2de6976c4c70c1357e4041cb9e10') in 0.005 seconds [static and dynamic dependencies]. Details - ImportResultOutputID=b14ffd719231baaaa6246df26926212b DependenciesID=b8b3ecbbe475d481e7dadd5664a403c3 StaticDependenciesID=fe9f60a06059266772f08a434474e8c6 
Importing 'GUID: 1a012efc688a59b4da396437b51c7522 - Path: Packages/com.unity.multiplayer.center/Editor/MultiplayerCenterWindow/UI/SimpleHyperLink.uxml' with importer (ScriptedImporter : UnityEditor.UIElementsModule:UnityEditor.UIElements:UIElementsViewImporter)
Imported 'GUID: 1a012efc688a59b4da396437b51c7522' -> (Import Result ID: 'd400a3cbc77f19d0125a2380d6b7ca63') in 0.033 seconds [static and dynamic dependencies]. Details - ImportResultOutputID=6a063125709019800c4c34ace37d954a DependenciesID=8ccb2ddb98cf1c1417ed6aa4c71cafe1 StaticDependenciesID=7c84cdfe46d59be29559655a1c0e3358 
Importing 'GUID: 009b4d8b084b400cbb368036be7c557d - Path: Packages/com.unity.multiplayer.center/Editor/MultiplayerCenterWindow/UI/Community.uxml' with importer (ScriptedImporter : UnityEditor.UIElementsModule:UnityEditor.UIElements:UIElementsViewImporter)
Imported 'GUID: 009b4d8b084b400cbb368036be7c557d' -> (Import Result ID: '635c74322517c742b49fe16d12105d20') in 0.071 seconds [static and dynamic dependencies]. Details - ImportResultOutputID=26d1024d125643526e5186426dfb7030 DependenciesID=d97c11fad3d0a11496ebceafa1742735 StaticDependenciesID=b7c96c37b1510e689d9daac4fdf83d2f 
Importing 'GUID: 608d7cd3b6dc19c2e9adf5bb6143cde6 - Path: Packages/com.unity.multiplayer.center/Editor/MultiplayerCenterWindow/UI/ListViewElement.uxml' with importer (ScriptedImporter : UnityEditor.UIElementsModule:UnityEditor.UIElements:UIElementsViewImporter)
Imported 'GUID: 608d7cd3b6dc19c2e9adf5bb6143cde6' -> (Import Result ID: '75c4419df3cb9044f72c7f06e4810308') in 0.005 seconds [static and dynamic dependencies]. Details - ImportResultOutputID=efae67c39f4a484e0f4d14a54f07e2a0 DependenciesID=9bef9379ae53152dc000bc04da663908 StaticDependenciesID=2446dc7f54d1fc68f279a24592979a3d 
Importing 'GUID: d0a8e201e79e1f441bdf295aef957220 - Path: Packages/com.unity.collab-proxy/Editor/Assets/Layouts/TabView.uxml' with importer (ScriptedImporter : UnityEditor.UIElementsModule:UnityEditor.UIElements:UIElementsViewImporter)
Imported 'GUID: d0a8e201e79e1f441bdf295aef957220' -> (Import Result ID: 'f6b6a8e54d3cb190bf9920ccf3a043b6') in 0.003 seconds [static and dynamic dependencies]. Details - ImportResultOutputID=5ea05209b20bc937600bfe4f718c6f5c DependenciesID=d7c25930e2028a9e0322d7cdef22ce8b StaticDependenciesID=94ae85c25f8ebbf06b1b1736918e7461 
Importing 'GUID: 913c727eecab25c489fa2adbad9c9ab8 - Path: Packages/com.unity.collab-proxy/Editor/Assets/Layouts/WaitingSignInPanel.uxml' with importer (ScriptedImporter : UnityEditor.UIElementsModule:UnityEditor.UIElements:UIElementsViewImporter)
Imported 'GUID: 913c727eecab25c489fa2adbad9c9ab8' -> (Import Result ID: '9c475fb01fad6a64a778627779e76acd') in 0.004 seconds [static and dynamic dependencies]. Details - ImportResultOutputID=962b45cc49ed8ae128e59882a2d84c35 DependenciesID=f06b0f158241e5cff79c7f000dcc09bb StaticDependenciesID=bd424769e9b87a3e3191eb3adf20abe3 
Importing 'GUID: 0229db2477529f049aa3683cfba9d23b - Path: Packages/com.unity.collab-proxy/Editor/Assets/Layouts/SignInWithEmailPanel.uxml' with importer (ScriptedImporter : UnityEditor.UIElementsModule:UnityEditor.UIElements:UIElementsViewImporter)
Imported 'GUID: 0229db2477529f049aa3683cfba9d23b' -> (Import Result ID: '3231fbc80d380c69668c94465c7140e0') in 0.005 seconds [static and dynamic dependencies]. Details - ImportResultOutputID=6438fdc112a37a4322ecc0c62b47362e DependenciesID=da8ca0cd57b94c8f887e589842d81409 StaticDependenciesID=4d8aefe59b8807b3ad1212f90642ba1c 
Importing 'GUID: b395c87b577f47742b7de4a3dc05a105 - Path: Packages/com.unity.multiplayer.center/Editor/MultiplayerCenterWindow/UI/BuildingBlockTemplate.uxml' with importer (ScriptedImporter : UnityEditor.UIElementsModule:UnityEditor.UIElements:UIElementsViewImporter)
Imported 'GUID: b395c87b577f47742b7de4a3dc05a105' -> (Import Result ID: '74c056b8359c358c284ed7a3f31cfd61') in 0.006 seconds [static and dynamic dependencies]. Details - ImportResultOutputID=185c177127d78864b62c4f27fdbef5a1 DependenciesID=d1b2e1a1a231fa39499a9a6251860ef1 StaticDependenciesID=68fee3e6bf8d090529c2a66adc669adf 
Importing 'GUID: 944af6732f6e40a48ef18c1011847230 - Path: Packages/com.unity.multiplayer.center/Editor/MultiplayerCenterWindow/UI/QuestionDescription.uxml' with importer (ScriptedImporter : UnityEditor.UIElementsModule:UnityEditor.UIElements:UIElementsViewImporter)
Imported 'GUID: 944af6732f6e40a48ef18c1011847230' -> (Import Result ID: 'f05e8c0ac87794a31f2d5dd67b37b0b4') in 0.011 seconds [static and dynamic dependencies]. Details - ImportResultOutputID=42d99843f744377988212ec59e358981 DependenciesID=29bfaf87fac80c92b5eb8a7cd8e54f24 StaticDependenciesID=aaafaa66b4211e78c84693c5c54ee8a9 
Importing 'GUID: f4485b1dfbf4e94ec9712e5a26e52515 - Path: Packages/com.unity.multiplayer.center/Editor/MultiplayerCenterWindow/UI/RecommendationItem.uxml' with importer (ScriptedImporter : UnityEditor.UIElementsModule:UnityEditor.UIElements:UIElementsViewImporter)
Imported 'GUID: f4485b1dfbf4e94ec9712e5a26e52515' -> (Import Result ID: '1dd9eca308aed2bc3df9ff36c5acf870') in 0.005 seconds [static and dynamic dependencies]. Details - ImportResultOutputID=dd3a47d96f276fdd91b1baf81faca983 DependenciesID=2a614541a254547b195be971e13c76e2 StaticDependenciesID=74632340190d27edc5c0b4bd64c47199 
Importing 'GUID: 26d3a583da6079145a52a8bef4beb6c5 - Path: Packages/com.unity.collab-proxy/Editor/Assets/Layouts/TeamEditionConfigurationWindow.uxml' with importer (ScriptedImporter : UnityEditor.UIElementsModule:UnityEditor.UIElements:UIElementsViewImporter)
Imported 'GUID: 26d3a583da6079145a52a8bef4beb6c5' -> (Import Result ID: 'a78941d7e02889daa2531b6e5578c04b') in 0.005 seconds [static and dynamic dependencies]. Details - ImportResultOutputID=ebea111feba9086fb787019cd851e811 DependenciesID=2ef6af0e9f46833dac658b2ba43c038c StaticDependenciesID=98637183f7efcb1d17357c60aa0bb05d 
Importing 'GUID: b6420407edc75d04f89d57eb2fcc314b - Path: Packages/com.unity.collab-proxy/Editor/Assets/Layouts/OrganizationPanel.uxml' with importer (ScriptedImporter : UnityEditor.UIElementsModule:UnityEditor.UIElements:UIElementsViewImporter)
Imported 'GUID: b6420407edc75d04f89d57eb2fcc314b' -> (Import Result ID: '6d6a3557b45419d06a0e32f72b6a3f1c') in 0.004 seconds [static and dynamic dependencies]. Details - ImportResultOutputID=9505e511b7a41363457d3c464bddb28e DependenciesID=95df12e88089643780ac3a6e15e14be3 StaticDependenciesID=4c7567b190e1b1a6626260e9d9bfc4b6 
Importing 'GUID: b6a7e2174f77bedb88eadb17f763a775 - Path: Packages/com.unity.multiplayer.center/Editor/MultiplayerCenterWindow/UI/MultiplayerCenterWindow.uxml' with importer (ScriptedImporter : UnityEditor.UIElementsModule:UnityEditor.UIElements:UIElementsViewImporter)
Imported 'GUID: b6a7e2174f77bedb88eadb17f763a775' -> (Import Result ID: 'ce09f03fdcfefdaf5cff60f5b721b14e') in 0.023 seconds [static and dynamic dependencies]. Details - ImportResultOutputID=9af4dfe1fba2ddd9d2bfdd911e206863 DependenciesID=6bc4e37ede59dcc255a4ea0107b9ebf2 StaticDependenciesID=618645387a7141082ffaf7405e0649d7 
Importing 'GUID: d6de7697d63d64fabbfb31425d93541e - Path: Packages/com.unity.ai.navigation/Editor/ConversionSystem/converter_widget_item.uxml' with importer (ScriptedImporter : UnityEditor.UIElementsModule:UnityEditor.UIElements:UIElementsViewImporter)
Imported 'GUID: d6de7697d63d64fabbfb31425d93541e' -> (Import Result ID: 'c3bdc6c6c3c74f8f9afc47e258659f97') in 0.005 seconds [static and dynamic dependencies]. Details - ImportResultOutputID=5581a3857bec8220ec69cd3ed2f259e5 DependenciesID=a3301fb879c90b115cf55f4aa176e29c StaticDependenciesID=cc4205d927a846e1b7976a8951c9fd49 
Importing 'GUID: a73e3729fc91e544c931c37ebe21ea93 - Path: Packages/com.unity.multiplayer.center/Editor/MultiplayerCenterWindow/UI/Templates/CasualGenreHeaderTemplate.uxml' with importer (ScriptedImporter : UnityEditor.UIElementsModule:UnityEditor.UIElements:UIElementsViewImporter)
Imported 'GUID: a73e3729fc91e544c931c37ebe21ea93' -> (Import Result ID: 'c31560589c34279fadfa14883534d5a6') in 0.004 seconds [static and dynamic dependencies]. Details - ImportResultOutputID=2c520d91ec8e1b4d876e79df1b9bd10a DependenciesID=46832d9b4bb38de865dbdf9d43690ccf StaticDependenciesID=ff291fb57f54e9fb8132271719e143dc 
Importing 'GUID: 18b097dd2d10fb442a321314f4541401 - Path: Packages/com.unity.collab-proxy/Editor/Assets/Layouts/SignInPanel.uxml' with importer (ScriptedImporter : UnityEditor.UIElementsModule:UnityEditor.UIElements:UIElementsViewImporter)
Imported 'GUID: 18b097dd2d10fb442a321314f4541401' -> (Import Result ID: 'b68a2a81f783404ab8a3a1c9db5844fd') in 0.004 seconds [static and dynamic dependencies]. Details - ImportResultOutputID=cf3b5f8367e565c07d128cc11713c238 DependenciesID=e740e1d47cab8902ab4a5a031603773a StaticDependenciesID=08071551319c1b6c9c93a47a7b73606a 
Importing 'GUID: 1833468ed15085a568e8ad41ba1956c5 - Path: Packages/com.unity.multiplayer.center/Editor/MultiplayerCenterWindow/UI/GettingStartedSamples.uxml' with importer (ScriptedImporter : UnityEditor.UIElementsModule:UnityEditor.UIElements:UIElementsViewImporter)
Imported 'GUID: 1833468ed15085a568e8ad41ba1956c5' -> (Import Result ID: 'ceeebb8db5eeb9aa5756d3723349abf4') in 0.006 seconds [static and dynamic dependencies]. Details - ImportResultOutputID=440a45fb849a377f86a605b3efbdbec9 DependenciesID=4c1a50f047e10176e5928a7313e03dae StaticDependenciesID=b51168f0966bd1a6b6648910e67a96e3 
Importing 'GUID: 3965d8f06d27b5e48b5ca2725c7c4adc - Path: Packages/com.unity.multiplayer.center/Editor/MultiplayerCenterWindow/UI/Templates/TurnBasedGenreHeaderTemplate.uxml' with importer (ScriptedImporter : UnityEditor.UIElementsModule:UnityEditor.UIElements:UIElementsViewImporter)
Imported 'GUID: 3965d8f06d27b5e48b5ca2725c7c4adc' -> (Import Result ID: '237ad60975d10b18817931dd1b2a1a5f') in 0.005 seconds [static and dynamic dependencies]. Details - ImportResultOutputID=207d5cea4458b85c0e02c4885b101d36 DependenciesID=de0bcb1bd5363934a360dc8712b3cc83 StaticDependenciesID=9c288d8693b5189d6c6e2094c69c00f6 
Importing 'GUID: aaa3e510761864dac9b71f85526490d6 - Path: Packages/com.unity.ai.navigation/Editor/ConversionSystem/converter_widget.uxml' with importer (ScriptedImporter : UnityEditor.UIElementsModule:UnityEditor.UIElements:UIElementsViewImporter)
Imported 'GUID: aaa3e510761864dac9b71f85526490d6' -> (Import Result ID: 'e853453f627a668f262a8d997a468d72') in 0.010 seconds [static and dynamic dependencies]. Details - ImportResultOutputID=9b7039fea0dd619bb6912180f41653b1 DependenciesID=5ac1a3daaeabaca9625310c0e23e4791 StaticDependenciesID=5bc6ad9f811d9d3d41262a245632e933 
Importing 'GUID: 5c480267dadb29d4e81812bf24f1a9d8 - Path: Packages/com.unity.multiplayer.center/Editor/MultiplayerCenterWindow/UI/PlaceHolder.uxml' with importer (ScriptedImporter : UnityEditor.UIElementsModule:UnityEditor.UIElements:UIElementsViewImporter)
Imported 'GUID: 5c480267dadb29d4e81812bf24f1a9d8' -> (Import Result ID: '0aac772a2ff3f23fb8d4a86d33bd6aa5') in 0.006 seconds [static and dynamic dependencies]. Details - ImportResultOutputID=746575b7530a64253d984c2b949901c3 DependenciesID=63b5285cb1b4b772bdd9e503cea8c0b9 StaticDependenciesID=d617a5f00753dfd09c3f7e6b07bdc00f 
Importing 'GUID: 3da0c7cf51d8e4b40a5af55a4ca63e4e - Path: Packages/com.unity.collab-proxy/Editor/Assets/Layouts/DownloadPlasticExeDialog.uxml' with importer (ScriptedImporter : UnityEditor.UIElementsModule:UnityEditor.UIElements:UIElementsViewImporter)
Imported 'GUID: 3da0c7cf51d8e4b40a5af55a4ca63e4e' -> (Import Result ID: '7fe772591a3bf46b77e04ae990b4ca08') in 0.003 seconds [static and dynamic dependencies]. Details - ImportResultOutputID=160d0344a982cc6124d57453e6ffe84e DependenciesID=0b5b406b99b75526e4f77d5f86566a48 StaticDependenciesID=78dd1425ec8d7abe0896fbc972ff10b9 
Importing 'GUID: cd1eb3c3c695c494d855ea678fe7395b - Path: Packages/com.unity.ai.navigation/Editor/ConversionSystem/converter_editor.uxml' with importer (ScriptedImporter : UnityEditor.UIElementsModule:UnityEditor.UIElements:UIElementsViewImporter)
Imported 'GUID: cd1eb3c3c695c494d855ea678fe7395b' -> (Import Result ID: 'a866ff7dc33d6ff5bebaae60090e0282') in 0.006 seconds [static and dynamic dependencies]. Details - ImportResultOutputID=f49610688aa30e3d46276c239aaea6f8 DependenciesID=eb9a32627be9fb043b4d6189e4c8080c StaticDependenciesID=bb1d6fee1d791191d8b8dc12027c2a3e 
Importing 'GUID: feccc3dff22272744a267246ae760a73 - Path: Packages/com.unity.collab-proxy/Editor/Assets/Layouts/ProgressControlsForDialogs.uxml' with importer (ScriptedImporter : UnityEditor.UIElementsModule:UnityEditor.UIElements:UIElementsViewImporter)
Imported 'GUID: feccc3dff22272744a267246ae760a73' -> (Import Result ID: '98133f8ee0f3219134509b3a671dba1f') in 0.003 seconds [static and dynamic dependencies]. Details - ImportResultOutputID=164a4a84cee23c4da4aeeb69b61e247d DependenciesID=856c2c4cf05f6aa5d4e7822f9424f3e9 StaticDependenciesID=23d46fe03e0cb90e3ee840f680dea22d 
Importing 'GUID: 0f5c78702c34067069caddb5ba4eab51 - Path: Packages/com.unity.multiplayer.center/Editor/MultiplayerCenterWindow/UI/Recommendations.uxml' with importer (ScriptedImporter : UnityEditor.UIElementsModule:UnityEditor.UIElements:UIElementsViewImporter)
Imported 'GUID: 0f5c78702c34067069caddb5ba4eab51' -> (Import Result ID: '00b180ad1cee2d5d32bc0271d011c257') in 0.006 seconds [static and dynamic dependencies]. Details - ImportResultOutputID=ac128b94aa32779db1f8ed872b1f5bb7 DependenciesID=70e195987125d8c3d11a29cacd164b27 StaticDependenciesID=9e658f9d15f385899ea37d29641a1b99 
Importing 'GUID: ff431a7b3eb8b134d94706de7fbcbd93 - Path: Packages/com.unity.multiplayer.center/Editor/MultiplayerCenterWindow/UI/Templates/CompetitiveGenreHeaderTemplate.uxml' with importer (ScriptedImporter : UnityEditor.UIElementsModule:UnityEditor.UIElements:UIElementsViewImporter)
Imported 'GUID: ff431a7b3eb8b134d94706de7fbcbd93' -> (Import Result ID: '4624b7dbeabc4404d0b656762a2a43b0') in 0.004 seconds [static and dynamic dependencies]. Details - ImportResultOutputID=7a5890b603af0bda409e029249b3bfa1 DependenciesID=dea3d8f00377cfe73fbe5a3019d863c2 StaticDependenciesID=d28c685b5968c768b4c89f5c52f96a35 
[C:\build\output\unity\unity\Modules\LocalizationEditor\LocalizationDatabase.cpp:816]Packages/com.unity.timeline/Editor/Localization/ja.po
Launched and connected shader compiler UnityShaderCompiler.exe after 0.02 seconds
Launched and connected shader compiler UnityShaderCompiler.exe after 0.01 seconds
No restricted APIs configured; Validation skipped.
Checking 9 assemblies for restricted APIs found 0 usage(s) in 6 ms
Loading style catalogs (8)
	StyleSheets/Extensions/base/common.uss
	UIPackageResources/StyleSheets/Default/Variables/Public/common.uss
	StyleSheets/Northstar/common.uss
	StyleSheets/Extensions/fonts/inter.uss
	StyleSheets/Extensions/base/dark.uss
	UIPackageResources/StyleSheets/Default/Northstar/Palette/dark.uss
	Packages/com.unity.timeline/Editor/StyleSheets/Extensions/dark.uss
	Packages/com.unity.timeline/Editor/StyleSheets/Extensions/common.uss
Refreshing native plugins compatible for Editor in 2.39 ms, found 3 plugins.

Asset Pipeline Refresh (id=081b46b46633a6642b60a570763be292): Total: 114.021 seconds - Initiated by InitialRefreshV2(ForceSynchronousImport)
	(Values over 0.05ms)
	Summary:
		Imports: total=1372 (actual=1372, local cache=0, cache server=0)
		Asset DB Process Time: managed=133 ms, native=17239 ms
		Asset DB Callback time: managed=295 ms, native=26066 ms
		Scripting: domain reloads=1, domain reload time=2726 ms, compile time=67521 ms, other=38 ms
		Project Asset Count: scripts=535, non-scripts=837
		Asset File Changes: new=3594, changed=3594, moved=0, deleted=0
		Scan Filter Count: 0
	InvokePackagesCallback: 25161.637ms
	ApplyChangesToAssetFolders: 1.561ms
	Scan: 12177.925ms
	Collect global state as custom dependencies: 13.339ms
	OnSourceAssetsModified: 14.339ms
	CategorizeScriptCompilationAssets: 20.741ms
	ProcessAssetsWithTransientArtifactChanges: 41.629ms
	CategorizeAssets: 19.111ms
	CompileScripts: 67520.887ms
	ImportOutOfDateAssets: 4855.946ms (863.650ms without children)
		ImportManagerImport: 3980.859ms (354.104ms without children)
			UpdateCategorizedAssets: 4.699ms
		UnloadImportedAssets: 0.477ms
		ReloadImportedAssets: 0.399ms
		EnsureUptoDateAssetsAreRegisteredWithGuidPM: 0.347ms
		ImportSchedulerStart: 10.607ms
	PostProcessAllAssets: 1241.369ms
		ShaderAssetModifiedCallback 503.006ms
		AssemblyValidation.PostprocessAllAssets 30.555ms
		PostProcessCallbackCreateDeferredMaterials 17.288ms
		VersionControlSettings.HiddenFilePostprocess 15.204ms
		LocalizationDatabase.AssetDatabasePostprocessCallback 6.744ms
		RaytracingShaderImportPostprocess 6.549ms
		ComputeShaderImportPostprocess 6.284ms
		SpeedTreeImporter.PostprocessAllAssets 4.780ms
		BlockShaderImporter.PostprocessAllAssets 2.011ms
		XRBuildSystem.XRAssetImported 1.527ms
		VCAutoAddAssetPostprocess 0.889ms
		MonoPostProcessAllAssets: 287.827ms
			StyleCatalogPostProcessor.OnPostprocessAllAssets 123.428ms
			AssetPostprocessor.OnPostprocessAllAssets 40.704ms
			AssetChangedListener.OnPostprocessAllAssets 27.794ms
			RetainedModeAssetPostprocessor.OnPostprocessAllAssets 25.851ms
			TextAssetPostProcessor.OnPostprocessAllAssets 18.862ms
			WindowAssetPostprocessingWatcher.OnPostprocessAllAssets 12.703ms
			BuilderAssetPostprocessor.OnPostprocessAllAssets 8.552ms
			SpeedTree9Postprocessor.OnPostprocessAllAssets 3.418ms
			EditModeScopePostprocessor.OnPostprocessAllAssets 1.198ms
			ArtifactBrowserPostProcessor.OnPostprocessAllAssets 0.559ms
			UVCSAssetPostprocessor.OnPostprocessAllAssets 0.457ms
			AssetEvents.OnPostprocessAllAssets 0.436ms
			ThemePostprocessor.OnPostprocessAllAssets 0.426ms
			TMPro_TexturePostProcessor.OnPostprocessAllAssets 0.413ms
			AudioMixerPostprocessor.OnPostprocessAllAssets 0.390ms
			ReferencedClipsPostProcessor.OnPostprocessAllAssets 0.379ms
			SpeedTreePostProcessor.OnPostprocessAllAssets 0.356ms
			SamplePostprocessor.OnPostprocessAllAssets 0.320ms
			AssetDatabaseCallbacks.OnPostprocessAllAssets 0.247ms
			TerrainToolbarOverlayPostProcessor.OnPostprocessAllAssets 0.241ms
			ConfigAssetsTracker.OnPostprocessAllAssets 0.200ms
			ScenarioDriftAssetsTracker.OnPostprocessAllAssets 0.171ms
			AssetReloadNotifier.OnPostprocessAllAssets 0.141ms
			SyncVS.PostprocessSyncProject 0.133ms
			RenderPipelineGlobalSettingsPostprocessor.OnPostprocessAllAssets 0.120ms
			AudioContainerPostProcessor.OnPostprocessAllAssets 0.106ms
	PostAssetChangesProfiler: 5.179ms
	GatherAllCurrentPrimaryImportResultRevisions: 0.122ms
	UnloadStreamsBegin: 2.494ms
	PersistCurrentRevisions: 1.766ms
	UnloadStreamsEnd: 0.061ms
	GenerateScriptTypeHashes: 0.752ms
	GenerateScriptTypeSerializationHashes: 1.623ms
	Untracked: 2904.469ms

Application.AssetDatabase Initial Refresh End
Scanning for USB devices : 4.697ms
Initializing Unity extensions:
[MODES] ModeService[none].Initialize
[MODES] ModeService[none].LoadModes
[MODES] Loading mode Default (0) for mode-current-id-Heart Simulations
Unloading 36 Unused Serialized files (Serialized files now loaded: 0)
Loaded scene 'Assets/Scenes/SampleScene.unity'
	Deserialize:            7.364 ms
	Integration:            19.458 ms
	Integration of assets:  0.003 ms
	Thread Wait Time:       0.092 ms
	Total Operation Time:   26.918 ms
Unloading 2307 unused Assets / (2.4 MB). Loaded Objects now: 3449.
Memory consumption went from 317.8 MB to 315.4 MB.
Total: 9.048400 ms (FindLiveObjects: 0.544500 ms CreateObjectMapping: 0.264000 ms MarkObjects: 6.933000 ms  DeleteObjects: 1.097800 ms)

[LAYOUT] About to load UserSettings\Layouts\default-2022.dwlt, keepMainWindow=False
Loading style catalogs (8)
	StyleSheets/Extensions/base/common.uss
	UIPackageResources/StyleSheets/Default/Variables/Public/common.uss
	StyleSheets/Northstar/common.uss
	StyleSheets/Extensions/fonts/inter.uss
	StyleSheets/Extensions/base/dark.uss
	UIPackageResources/StyleSheets/Default/Northstar/Palette/dark.uss
	Packages/com.unity.timeline/Editor/StyleSheets/Extensions/dark.uss
	Packages/com.unity.timeline/Editor/StyleSheets/Extensions/common.uss
[LAYOUT] About to save layout C:\Users\aj200\Documents\GitHub\My-Projects\Completed Projects\Heart Simulations Main\UserSettings\Layouts\default-6000.dwlt
[LAYOUT] About to save layout C:/Users/aj200/AppData/Roaming/Unity/Editor-5.x/Preferences\Layouts\current\default-6000.dwlt
[MODES] ModeService[default].InitializeCurrentMode
[MODES] ModeService[default].RaiseModeChanged(default, default)
This project uses Input Manager, which is marked for deprecation. To manage input in your project, use the <a href="https://docs.unity3d.com/Packages/com.unity.inputsystem@latest">Input System package</a> instead.
<RI> Initializing input.
<RI> Input initialized.
[Project] Loading completed in 141.695 seconds
	Project init time: 				139.129 seconds
		Template init time: 		0.000 seconds
		Package Manager init time: 		1.064 seconds
		Asset Database init time: 		21.249 seconds
		Global illumination init time: 	0.002 seconds
		Assemblies load time: 			1.966 seconds
		Unity extensions init time: 	0.004 seconds
		Asset Database refresh time: 	114.022 seconds
	Scene opening time: 			1.809 seconds
##utp:{"type":"ProjectInfo","version":2,"phase":"Immediate","time":1790868295376,"processId":25328,"projectLoad":141.69544670000002,"projectInit":139.1287153,"templateInit":0.0,"packageManagerInit":1.06376,"assetDatabaseInit":21.248602,"globalIlluminationInit":0.002361,"assembliesLoad":1.9660198,"unityExtensionsInit":0.003562,"assetDatabaseRefresh":114.0216828,"sceneOpening":1.8093606}
##utp:{"type":"EditorInfo","version":2,"phase":"Immediate","time":1790868295376,"processId":25328,"editorVersion":"6000.6.4f1 (12bfff696524)","branch":"6000.6/staging","buildType":"Release","platform":"Windows"}
Launched and connected shader compiler UnityShaderCompiler.exe after 0.09 seconds
Launched and connected shader compiler UnityShaderCompiler.exe after 0.06 seconds
Launched and connected shader compiler UnityShaderCompiler.exe after 0.04 seconds
Launched and connected shader compiler UnityShaderCompiler.exe after 0.01 seconds
Launched and connected shader compiler UnityShaderCompiler.exe after 0.02 seconds
[Licensing::Client] Successfully resolved entitlement details
[MODES] ModeService[default].LoadModes
[Licensing::Client] Successfully resolved entitlement details
[Licensing::Client] Successfully resolved entitlement details
Created GICache directory at C:/Users/aj200/AppData/LocalLow/Unity/Caches/GiCache. Took: 0.040s, timestamps: [143.493 - 143.533]
[Licensing::Client] Successfully resolved entitlement details
[Licensing::Client] Successfully resolved entitlement details
[Licensing::Client] Successfully updated the access token
[Licensing::Module] Successfully updated access token: "U8pGh4b8"... (expires: 2026-10-01T16:56:10Z)
[Licensing::Client] Successfully resolved entitlement details
[Licensing::Client] Successfully resolved entitlement details
[Licensing::Client] Successfully resolved entitlement details
[Licensing::Client] Successfully resolved entitlement details
[Licensing::Client] Successfully resolved entitlement details
[Licensing::Client] Successfully resolved entitlement details
[Licensing::Client] Successfully resolved entitlement details
[Licensing::Client] Successfully resolved entitlement details
[Licensing::Client] Successfully resolved entitlement details
Worker ready: AssetImportWorkerHW0 0
TrimDiskCacheJob: Current cache size 2mb
Start Indexing on Editor startup
[Indexing] Starting Initial Indexing for Assets
Asset Pipeline Refresh (id=0ba50468f52696f4f9410012bb9aefd6): Total: 0.032 seconds - Initiated by RefreshV2(AllowForceSynchronousImport)
Starting new worker id: 1 with log in C:/Users/aj200/Documents/GitHub/My-Projects/Completed Projects/Heart Simulations Main/Logs/AssetImportWorkerHW1.log
[Worker0] Imported GUID: d7093db72592417cb57b7bd64a17ecff - Path: Packages/com.unity.collab-proxy/Editor/Execute.cs - Importer: ScriptedImporter/UnityEditor.QuickSearchModule:UnityEditor.Search:ASIAI0B -> (ImportResultId: 'e1142a7922d5b5ff5ec03ddb1867b724') in 0.1126854 seconds
[Worker0] Imported GUID: 7b85d37b2f076804f8b93f821d6ff88e - Path: Packages/com.unity.collab-proxy/Editor/SwitchUVCSPlugin.cs - Importer: ScriptedImporter/UnityEditor.QuickSearchModule:UnityEditor.Search:ASIAI0B -> (ImportResultId: '7f2418d62ca50b0bf1d36280504a21df') in 0.0077082 seconds
[Worker0] Imported GUID: b797ab877d324fafbfb2f81daee694ea - Path: Packages/com.unity.collab-proxy/Editor/StackTraceChecker.cs - Importer: ScriptedImporter/UnityEditor.QuickSearchModule:UnityEditor.Search:ASIAI0B -> (ImportResultId: '8070d9a882cae91de916c16f38e887bb') in 0.0038352 seconds
[Worker0] Imported GUID: cd17bd02643083b43bac72747b7641ff - Path: Packages/com.unity.collab-proxy/Editor/IncomingChanges.cs - Importer: ScriptedImporter/UnityEditor.QuickSearchModule:UnityEditor.Search:ASIAI0B -> (ImportResultId: 'e1dccc3b3d8cdbcdef46e270a4f9aa31') in 0.0061746 seconds
[Worker0] Imported GUID: 9992dc81c20fee24ebb8bebf7151dc87 - Path: Assets/Scripts/MovementController.cs - Importer: ScriptedImporter/UnityEditor.QuickSearchModule:UnityEditor.Search:ASIAI0B -> (ImportResultId: '841200701b752187fd01d905d5367f44') in 0.0041646 seconds
[Worker0] Imported GUID: f818f7f561ed8cb4ab77a992a62bf752 - Path: Assets/Object Files/middle_rotator.obj - Importer: ScriptedImporter/UnityEditor.QuickSearchModule:UnityEditor.Search:ASIAI0B -> (ImportResultId: 'e5c706555d0113bb8da0f1bc1a2cb6c1') in 0.0729878 seconds
[Worker0] Imported GUID: 9fc0d4010bbf28b4594072e72b8655ab - Path: Assets/Scenes/SampleScene.unity - Importer: ScriptedImporter/UnityEditor.QuickSearchModule:UnityEditor.Search:ASIAI0B -> (ImportResultId: '62ebf468046e3db528dd5c600d0371ce') in 0.0095518 seconds
[Worker0] Imported GUID: b3cc7c6cc64c9da4aa7777221a2fdb04 - Path: Assets/Scripts/FluidFlowControlMark1.cs - Importer: ScriptedImporter/UnityEditor.QuickSearchModule:UnityEditor.Search:ASIAI0B -> (ImportResultId: 'c005f64c8f70cf57c12a75a981274d8f') in 0.0049916 seconds
[Worker0] Imported GUID: 339ab94297b6ceb4da9223a1504a917d - Path: Packages/com.unity.collab-proxy/Editor/ProjectPackages.cs - Importer: ScriptedImporter/UnityEditor.QuickSearchModule:UnityEditor.Search:ASIAI0B -> (ImportResultId: '8fea5dba00f525d42322c8dd3295241e') in 0.0060572 seconds
[Worker0] Imported GUID: 4af85446b06bf694a966f280918beb31 - Path: Packages/com.unity.collab-proxy/Editor/GetRelativePath.cs - Importer: ScriptedImporter/UnityEditor.QuickSearchModule:UnityEditor.Search:ASIAI0B -> (ImportResultId: 'd80b2ea6c36e01fb7a3e26e2b1593121') in 0.0030579 seconds
[Worker0] Imported GUID: e7dc580933b555942b2f89a14ca659f1 - Path: Packages/com.unity.collab-proxy/Editor/IntSetting.cs - Importer: ScriptedImporter/UnityEditor.QuickSearchModule:UnityEditor.Search:ASIAI0B -> (ImportResultId: '10cb236b09385d529c2848c7600294e8') in 0.0032856 seconds
[Worker0] Imported GUID: fd38ef4911274f9987bb1282281fa3df - Path: Packages/com.unity.collab-proxy/Editor/LaunchPackageManager.cs - Importer: ScriptedImporter/UnityEditor.QuickSearchModule:UnityEditor.Search:ASIAI0B -> (ImportResultId: '6ea8d841511e77f3fd64a256bb2ebde1') in 0.0023627 seconds
[Worker0] Imported GUID: 193169bf9ce845319ec19a5beb1f3afb - Path: Packages/com.unity.collab-proxy/Editor/RecommendToEnableManualCheckout.cs - Importer: ScriptedImporter/UnityEditor.QuickSearchModule:UnityEditor.Search:ASIAI0B -> (ImportResultId: 'e163e2d4f077e4ba832474b57141838e') in 0.002608 seconds
[Worker0] Imported GUID: 52a2c019761d4f74ea3dbdaa0d889673 - Path: Packages/com.unity.collab-proxy/LICENSE.md - Importer: ScriptedImporter/UnityEditor.QuickSearchModule:UnityEditor.Search:ASIAI0B -> (ImportResultId: 'cf024d46b0e375bd3fa566d1929125eb') in 0.0039928 seconds
[Worker0] Imported GUID: c6e45a18db8ba0c4bac4302519563160 - Path: Assets/Object Files/inner_prop.obj - Importer: ScriptedImporter/UnityEditor.QuickSearchModule:UnityEditor.Search:ASIAI0B -> (ImportResultId: '1c4468e613a24ea99af6231ca912914b') in 0.0124457 seconds
[Worker0] Imported GUID: 992a191c265ec3f4e8fa985779ab2f76 - Path: Assets/Materials/Static 1.mat - Importer: ScriptedImporter/UnityEditor.QuickSearchModule:UnityEditor.Search:ASIAI0B -> (ImportResultId: '97b968e54d8d6986bab06face6d83259') in 0.0036153 seconds
[Worker0] Imported GUID: 3977627601eb80f448d6271dad4d1a65 - Path: Assets/Scripts/FluidFlowControlMark2.cs - Importer: ScriptedImporter/UnityEditor.QuickSearchModule:UnityEditor.Search:ASIAI0B -> (ImportResultId: '5e42d41a036bdd003fd04782e3d4b6ea') in 0.002788 seconds
[Worker0] Imported GUID: d840e39b62104a49b973d5503477c555 - Path: Packages/com.unity.collab-proxy/Editor/OrganizationsInformation.cs - Importer: ScriptedImporter/UnityEditor.QuickSearchModule:UnityEditor.Search:ASIAI0B -> (ImportResultId: 'a7da81f5046f38d089c6a4cfe1968b3a') in 0.0029715 seconds
[Worker0] Imported GUID: 8a3376d1fd65e3c4f994c7b3ac83b7d4 - Path: Assets/Object Files/curvedarrow.mtl - Importer: ScriptedImporter/UnityEditor.QuickSearchModule:UnityEditor.Search:ASIAI0B -> (ImportResultId: 'f5d9ffd993e5ce7145a6571f0aeb9fd0') in 0.002624 seconds
[Worker0] Imported GUID: 5be77ef41db4cc24a82cd1eca7456b5a - Path: Packages/com.unity.collab-proxy/Editor/BoolSetting.cs - Importer: ScriptedImporter/UnityEditor.QuickSearchModule:UnityEditor.Search:ASIAI0B -> (ImportResultId: 'ae4a2076cbc071c4c8b707055a5e9d1c') in 0.0021859 seconds
[Worker0] Imported GUID: f204d8bec93966a4fb716fe7bc4ae621 - Path: Assets/Materials/Disappearing.mat - Importer: ScriptedImporter/UnityEditor.QuickSearchModule:UnityEditor.Search:ASIAI0B -> (ImportResultId: '4325635ea2d85c6bd0a37dcbc623b385') in 0.0298638 seconds
[Worker0] Imported GUID: 1e089ef91cc04ecda860ed0dda02a46f - Path: Packages/com.unity.collab-proxy/Editor/QueryVisualElementsExtensions.cs - Importer: ScriptedImporter/UnityEditor.QuickSearchModule:UnityEditor.Search:ASIAI0B -> (ImportResultId: 'e3e2f445fd161a98d276c4b63392af3d') in 0.0019046 seconds
[Worker0] Imported GUID: 62f3dfc0e6c35b5468690a2caadabd67 - Path: Assets/Object Files/inner_prop_2.obj - Importer: ScriptedImporter/UnityEditor.QuickSearchModule:UnityEditor.Search:ASIAI0B -> (ImportResultId: '14c289096f4ff7def717eedd89fb03d2') in 0.0065203 seconds
[Worker0] Imported GUID: c8dffd89292ea0f418f81e3b1745d2f2 - Path: Assets/Object Files/outershell.obj - Importer: ScriptedImporter/UnityEditor.QuickSearchModule:UnityEditor.Search:ASIAI0B -> (ImportResultId: '8a552745f5ad7f1af09a53aa3671f92d') in 0.0076483 seconds
[Worker0] Imported GUID: 90dbb4fc650a813418f092bcd7ec5335 - Path: Assets/Object Files/inner_rotor_gate_actuator_2.obj - Importer: ScriptedImporter/UnityEditor.QuickSearchModule:UnityEditor.Search:ASIAI0B -> (ImportResultId: '34b86c315664dc7bf3d7fc0900969b7c') in 0.0071383 seconds
[Worker0] Imported GUID: d34814c3809c4b6a9d1514a2ec97f38b - Path: Packages/com.unity.collab-proxy/Editor/AppDomainHandler.cs - Importer: ScriptedImporter/UnityEditor.QuickSearchModule:UnityEditor.Search:ASIAI0B -> (ImportResultId: '38802ed28fb1ec2659505be7dbeb8938') in 0.001898 seconds
[Worker0] Imported GUID: 699b33b09648b5641b12384ac691546d - Path: Packages/com.unity.collab-proxy/Editor/FindWorkspace.cs - Importer: ScriptedImporter/UnityEditor.QuickSearchModule:UnityEditor.Search:ASIAI0B -> (ImportResultId: 'bd3f5eb6dcceaa8039121823c651bac3') in 0.0020236 seconds
[Worker0] Imported GUID: c10740cd62ccaf54c8880da0a3f4d10f - Path: Packages/com.unity.collab-proxy/README.md - Importer: ScriptedImporter/UnityEditor.QuickSearchModule:UnityEditor.Search:ASIAI0B -> (ImportResultId: '9fc36ab0c5d6d6a01f3368664a9a4097') in 0.0018165 seconds
[Worker0] Imported GUID: d50ac3212a7ff5a4795bf609a2a20350 - Path: Packages/com.unity.collab-proxy/Editor/AssemblyInfo.cs - Importer: ScriptedImporter/UnityEditor.QuickSearchModule:UnityEditor.Search:ASIAI0B -> (ImportResultId: '89b8eb2837346c253ea857352b8ba7a8') in 0.0018011 seconds
[Worker0] Imported GUID: f9e2075b3f1c9944ba6b54ed3ce57725 - Path: Assets/Object Files/pressure_gate.obj - Importer: ScriptedImporter/UnityEditor.QuickSearchModule:UnityEditor.Search:ASIAI0B -> (ImportResultId: 'd50ce78c6dd2edbbe05e5d5db5900a8b') in 0.0069313 seconds
[Worker0] Imported GUID: f6aa8eca9e9e84840b73620eb177ea9e - Path: Packages/com.unity.collab-proxy/Editor/CheckWorkspaceTreeNodeStatus.cs - Importer: ScriptedImporter/UnityEditor.QuickSearchModule:UnityEditor.Search:ASIAI0B -> (ImportResultId: 'e357ce4778cd359e0ef6a0719e597f43') in 0.0019596 seconds
[Worker0] Imported GUID: 47777d81697d65f45befb6ccd55b2324 - Path: Packages/com.unity.collab-proxy/CHANGELOG.md - Importer: ScriptedImporter/UnityEditor.QuickSearchModule:UnityEditor.Search:ASIAI0B -> (ImportResultId: 'ea619687401d87bb9accd3dab2a14f46') in 0.002726 seconds
[Worker0] Imported GUID: b43c91410e1046b58c07a72471ccfd85 - Path: Packages/com.unity.collab-proxy/Editor/HierarchyExtensions.cs - Importer: ScriptedImporter/UnityEditor.QuickSearchModule:UnityEditor.Search:ASIAI0B -> (ImportResultId: 'ac3089edc0747bfce9a37da13653e74e') in 0.0019766 seconds
[Worker0] Imported GUID: e9f330bda50102f42b158cce26acf088 - Path: Assets/Scripts/TimedStaticGateController.cs - Importer: ScriptedImporter/UnityEditor.QuickSearchModule:UnityEditor.Search:ASIAI0B -> (ImportResultId: '9a7022d2c6834047eb6a714b42d3ddf3') in 0.0031266 seconds
[Worker0] Imported GUID: addeb37e40c540f7be592c1e8198b190 - Path: Packages/com.unity.collab-proxy/Editor/SideBarTreeView.cs - Importer: ScriptedImporter/UnityEditor.QuickSearchModule:UnityEditor.Search:ASIAI0B -> (ImportResultId: 'a02f559ceed6180b7036bdf59d079ebc') in 0.0021465 seconds
[Worker0] Imported GUID: 7546f4c75e0ff9c4ca523022a5ef9f2c - Path: Assets/Materials/Rubber.mat - Importer: ScriptedImporter/UnityEditor.QuickSearchModule:UnityEditor.Search:ASIAI0B -> (ImportResultId: '6be189bc4a44f642a1e32f31bf2fdd49') in 0.0027457 seconds
[Worker0] Imported GUID: 8e956137d866cfc4797b1830930ed57e - Path: Packages/com.unity.collab-proxy/Editor/ExternalLink.cs - Importer: ScriptedImporter/UnityEditor.QuickSearchModule:UnityEditor.Search:ASIAI0B -> (ImportResultId: '8e86b3a2204e607020265ed4d771fe11') in 0.0024389 seconds
[Worker0] Imported GUID: 50503d5b64dbddc48a0bcba68901b3d6 - Path: Packages/com.unity.collab-proxy/Editor/ApplicationDataPath.cs - Importer: ScriptedImporter/UnityEditor.QuickSearchModule:UnityEditor.Search:ASIAI0B -> (ImportResultId: 'e25ba0f44dec7e3a4110c521b5b0c9f5') in 0.0019457 seconds
[Worker0] Imported GUID: e78446e55e042e548977432a40b22061 - Path: Assets/Object Files/inner_prop_3.obj - Importer: ScriptedImporter/UnityEditor.QuickSearchModule:UnityEditor.Search:ASIAI0B -> (ImportResultId: 'aac5700b37c61710124d0e0502ad5f49') in 0.0071538 seconds
[Worker0] Imported GUID: f032fd1e0068a2642abd4fe8e1fd4241 - Path: Packages/com.unity.collab-proxy/Editor/EnumExtensions.cs - Importer: ScriptedImporter/UnityEditor.QuickSearchModule:UnityEditor.Search:ASIAI0B -> (ImportResultId: '5d3f650951a90ef7423abfb57299edd4') in 0.0025336 seconds
[Worker0] Imported GUID: bdf09b5d19f85d94fa59ae59cc055361 - Path: Assets/Scripts/DynamicGateController.cs - Importer: ScriptedImporter/UnityEditor.QuickSearchModule:UnityEditor.Search:ASIAI0B -> (ImportResultId: '482e375cc46c54c94441a0bef0d87c71') in 0.0022121 seconds
[Worker0] Imported GUID: 8c0d4be4ea44a684d957cde781ecb6cc - Path: Packages/com.unity.collab-proxy/Editor/MetaPath.cs - Importer: ScriptedImporter/UnityEditor.QuickSearchModule:UnityEditor.Search:ASIAI0B -> (ImportResultId: '3697eed4d381a105712c5fd93cab5830') in 0.0025423 seconds
[Worker0] Imported GUID: 4d013c2d5d94b6a4ab3c29d536b4494b - Path: Assets/Materials/Moving.mat - Importer: ScriptedImporter/UnityEditor.QuickSearchModule:UnityEditor.Search:ASIAI0B -> (ImportResultId: 'd7f9bb92f730466d4debd96840a2dab9') in 0.002876 seconds
[Worker0] Imported GUID: e3bfff3d5d6e69a48923d33d67a1f29b - Path: Assets/Scripts/Rotate.cs - Importer: ScriptedImporter/UnityEditor.QuickSearchModule:UnityEditor.Search:ASIAI0B -> (ImportResultId: 'ec511a08b8e402da4cb7ca03792e122d') in 0.0018351 seconds
[Worker0] Imported GUID: 14c7ad7d838cc1d4691f5d9ca504f0ac - Path: Packages/com.unity.collab-proxy/Editor/DrawGuiModeSwitcher.cs - Importer: ScriptedImporter/UnityEditor.QuickSearchModule:UnityEditor.Search:ASIAI0B -> (ImportResultId: '84b5f4e94624a40c83f303c7a6761a42') in 0.0018855 seconds
[Worker0] Imported GUID: a840d4787ba856c4dbaf61207189b00c - Path: Packages/com.unity.collab-proxy/Editor/AutoRefresh.cs - Importer: ScriptedImporter/UnityEditor.QuickSearchModule:UnityEditor.Search:ASIAI0B -> (ImportResultId: '9050d0d761f3e02d19c32ab1ed75f264') in 0.0018766 seconds
[Worker0] Imported GUID: 4d56de0c1ce671a4bb95fe9b9abe4fa5 - Path: Packages/com.unity.collab-proxy/Editor/PackageEntryPoint.cs - Importer: ScriptedImporter/UnityEditor.QuickSearchModule:UnityEditor.Search:ASIAI0B -> (ImportResultId: '46d001c84f8a04cca36f90a983c2c677') in 0.0018302 seconds
[Worker0] Imported GUID: 3c31e5ca582e9934d8de877e83cc82d1 - Path: Assets/Object Files/outershell2.obj - Importer: ScriptedImporter/UnityEditor.QuickSearchModule:UnityEditor.Search:ASIAI0B -> (ImportResultId: '913da888316a984ef0f0883b8270bbb3') in 0.0081059 seconds
[Worker0] Imported GUID: dfbb9a55dd116a349a3ffb33ec0e8bc1 - Path: Assets/Import STLs.py - Importer: ScriptedImporter/UnityEditor.QuickSearchModule:UnityEditor.Search:ASIAI0B -> (ImportResultId: 'da6fb79bd5a112b3738bd6c2d1e361e3') in 0.0018123 seconds
[Worker0] Imported GUID: cf7c1a153f50c6548bfff5dfd2ef5dff - Path: Packages/com.unity.collab-proxy/Editor/SwitchModeConfirmationDialog.cs - Importer: ScriptedImporter/UnityEditor.QuickSearchModule:UnityEditor.Search:ASIAI0B -> (ImportResultId: 'f28c8fe62897c99f21d1a91600af5c2f') in 0.0019763 seconds
[Worker0] Imported GUID: fe12b28ac0e678845a95108d2a9d73ad - Path: Assets/Object Files/arrow.obj - Importer: ScriptedImporter/UnityEditor.QuickSearchModule:UnityEditor.Search:ASIAI0B -> (ImportResultId: 'b388eb8337a906b837b564ee2c31c771') in 0.00595 seconds
[Worker0] Imported GUID: e8b13064517f28443ac41883eb559c8f - Path: Packages/com.unity.collab-proxy/Editor/BuildGetEventExtraInfoFunction.cs - Importer: ScriptedImporter/UnityEditor.QuickSearchModule:UnityEditor.Search:ASIAI0B -> (ImportResultId: '1c1d92aa25fa72532944bbb4face13fa') in 0.002331 seconds
[Worker0] Imported GUID: 608f66b5adac272459273ddaf3e4db5d - Path: Packages/com.unity.collab-proxy/Editor/PlasticApp.cs - Importer: ScriptedImporter/UnityEditor.QuickSearchModule:UnityEditor.Search:ASIAI0B -> (ImportResultId: '1535b314ff1eb6cd6c10a8e395de5a52') in 0.0022058 seconds
[Worker0] Imported GUID: 40b02fbc78a116c40aba0c0e5ba99f28 - Path: Assets/Object Files/inner_rotor_gate_actuator.obj - Importer: ScriptedImporter/UnityEditor.QuickSearchModule:UnityEditor.Search:ASIAI0B -> (ImportResultId: '0a5234259724fbe8b76cf10257653793') in 0.0060127 seconds
[Worker0] Imported GUID: 3c8f589085c4790418b7096f72a84e28 - Path: Assets/Materials/TransparentMoving.mat - Importer: ScriptedImporter/UnityEditor.QuickSearchModule:UnityEditor.Search:ASIAI0B -> (ImportResultId: '7b45cd238d1c6972309a62390cb73de2') in 0.0027993 seconds
[Worker0] Imported GUID: 9bff32140d1498a4a9f6f18b09e8959c - Path: Packages/com.unity.collab-proxy/Third Party Notices.md - Importer: ScriptedImporter/UnityEditor.QuickSearchModule:UnityEditor.Search:ASIAI0B -> (ImportResultId: 'eeffa80dff256927ced1f6c1f3ad611b') in 0.0020902 seconds
[Worker0] Imported GUID: bd39562f217cb3241bb918041fca97ca - Path: Assets/Materials/Fluid Flow Arrow.mat - Importer: ScriptedImporter/UnityEditor.QuickSearchModule:UnityEditor.Search:ASIAI0B -> (ImportResultId: '8b40bb1a81a82edba951f0bf33a4f786') in 0.0030335 seconds
[Worker0] Imported GUID: 743fda8c4b219c8429fb5a77ede1c879 - Path: Packages/com.unity.collab-proxy/package.json - Importer: ScriptedImporter/UnityEditor.QuickSearchModule:UnityEditor.Search:ASIAI0B -> (ImportResultId: '914c8aa368d39287ce19803fa635606f') in 0.0018292 seconds
[Worker0] Imported GUID: cb3c9f5ba9ced5e4b99de1b3dbd68d09 - Path: Packages/com.unity.collab-proxy/ValidationConfig.json - Importer: ScriptedImporter/UnityEditor.QuickSearchModule:UnityEditor.Search:ASIAI0B -> (ImportResultId: 'f9dfece7bd7a8c6cc6e0792ee2c269be') in 0.0016278 seconds
[Worker0] Imported GUID: 40771e457c113c441b7ec6c975584675 - Path: Packages/com.unity.collab-proxy/Editor/PackageInfo.cs - Importer: ScriptedImporter/UnityEditor.QuickSearchModule:UnityEditor.Search:ASIAI0B -> (ImportResultId: 'fc0f6295108d5a141354f19dd6d34f4f') in 0.0027475 seconds
[Worker0] Imported GUID: 67faf1dbc537b5c45af0decc418cc96c - Path: Assets/Object Files/curvedarrow.obj - Importer: ScriptedImporter/UnityEditor.QuickSearchModule:UnityEditor.Search:ASIAI0B -> (ImportResultId: '042a399a2be4a92792520fe7d81e84d9') in 0.0065292 seconds
[Worker0] Imported GUID: d7ab4771a00b0cc4ab99301fc356de49 - Path: Packages/com.unity.collab-proxy/Editor/ProjectLoadedCounter.cs - Importer: ScriptedImporter/UnityEditor.QuickSearchModule:UnityEditor.Search:ASIAI0B -> (ImportResultId: '70ada7d7e569348b40fce75975ec8e20') in 0.0018306 seconds
[Worker0] Imported GUID: 149e37d5faf2b2a4099fb209bbd38113 - Path: Packages/com.unity.collab-proxy/Editor/ParentWindow.cs - Importer: ScriptedImporter/UnityEditor.QuickSearchModule:UnityEditor.Search:ASIAI0B -> (ImportResultId: '055ccf8256756a49f460d84092498b8d') in 0.0018183 seconds
[Worker0] Imported GUID: 8ec5f72da9ad13643add3dfe7558299e - Path: Assets/Materials/Static 2.mat - Importer: ScriptedImporter/UnityEditor.QuickSearchModule:UnityEditor.Search:ASIAI0B -> (ImportResultId: 'b03d18c0f5192b5545df71329f197199') in 0.0032952 seconds
[Worker0] Imported GUID: 9874d2fcd73d40b6940619e9cd482ad4 - Path: Packages/com.unity.collab-proxy/Editor/AssetMenu/ProjectViewCloudDriveAssetMenu.cs - Importer: ScriptedImporter/UnityEditor.QuickSearchModule:UnityEditor.Search:ASIAI0B -> (ImportResultId: '8dc5afadf368409fe6db415dabe5a3e4') in 0.0019568 seconds
[Worker0] Imported GUID: 628bc1ed591aa164ab9124ac22e02d9a - Path: Packages/com.unity.collab-proxy/Editor/Configuration/ChannelCertificateUiImpl.cs - Importer: ScriptedImporter/UnityEditor.QuickSearchModule:UnityEditor.Search:ASIAI0B -> (ImportResultId: '14a556ab808f7e9ad067a8bd700b58bb') in 0.0019567 seconds
[Worker0] Imported GUID: 30e9a0b4c58f24512803e160e0216686 - Path: Packages/com.unity.collab-proxy/Editor/WorkspaceWindow.cs - Importer: ScriptedImporter/UnityEditor.QuickSearchModule:UnityEditor.Search:ASIAI0B -> (ImportResultId: '4ae48079f4be5ca524d5f115a4da39b8') in 0.0024295 seconds
[Worker0] Imported GUID: 0871efd99e5c46ed90fdb02d5e69df2d - Path: Packages/com.unity.collab-proxy/Editor/UnityObjectInstance.cs - Importer: ScriptedImporter/UnityEditor.QuickSearchModule:UnityEditor.Search:ASIAI0B -> (ImportResultId: 'f9f63bf171dbc85e9dab5879bdebf0cd') in 0.0021492 seconds
[Worker0] Imported GUID: c50ac3c60fd045b38f5449bb43db257d - Path: Packages/com.unity.collab-proxy/Editor/AssetMenu/HierarchyViewAssetMenu.cs - Importer: ScriptedImporter/UnityEditor.QuickSearchModule:UnityEditor.Search:ASIAI0B -> (ImportResultId: 'e658baadba55976eeede7dd0b524af70') in 0.0019015 seconds
[Worker0] Imported GUID: f7ff74c84c0f48718770726c160f6689 - Path: Packages/com.unity.collab-proxy/Editor/XxHash128HashingAlgorithm.cs - Importer: ScriptedImporter/UnityEditor.QuickSearchModule:UnityEditor.Search:ASIAI0B -> (ImportResultId: '2de81c64605a7c0719fd5c4384c17d15') in 0.0018494 seconds
[Worker0] Imported GUID: bdab12da216948e2a24b90b910e519c0 - Path: Packages/com.unity.collab-proxy/Editor/CloudDrive/WindowStatusBar.cs - Importer: ScriptedImporter/UnityEditor.QuickSearchModule:UnityEditor.Search:ASIAI0B -> (ImportResultId: '3a5b81c84767a3e0f12c8999206d8410') in 0.0020446 seconds
[Worker0] Imported GUID: 12c73b1c758dc2d43adb107dadd988da - Path: Packages/com.unity.collab-proxy/Editor/UVCSPluginIsEnabledPreference.cs - Importer: ScriptedImporter/UnityEditor.QuickSearchModule:UnityEditor.Search:ASIAI0B -> (ImportResultId: '932a9e2966240a0cd9c245e7815d346f') in 0.0021864 seconds
[Worker0] Imported GUID: b8a49294ba135a2408fd1b26bcda6f97 - Path: Packages/com.unity.collab-proxy/Editor/AssetMenu/ProjectViewAssetSelection.cs - Importer: ScriptedImporter/UnityEditor.QuickSearchModule:UnityEditor.Search:ASIAI0B -> (ImportResultId: 'eab73974822ab5573408187e35b3f295') in 0.0027573 seconds
[Worker0] Imported GUID: ca17c170df6db5042b70adc65fbe770c - Path: Packages/com.unity.collab-proxy/Editor/UVCSMenuItem.cs - Importer: ScriptedImporter/UnityEditor.QuickSearchModule:UnityEditor.Search:ASIAI0B -> (ImportResultId: '5390023f7643b4ed06d2033e4e2d6ec9') in 0.0026199 seconds
[Worker0] Imported GUID: 86522126cf0ce4a37aeac702343411cc - Path: Packages/com.unity.collab-proxy/Editor/CodeEditor/TextEditorOptions.cs - Importer: ScriptedImporter/UnityEditor.QuickSearchModule:UnityEditor.Search:ASIAI0B -> (ImportResultId: 'ec72259e81e5f21e1aae70be2995d152') in 0.0016658 seconds
[Worker0] Imported GUID: 61e6de2fad294475faa26356ebfb7a4d - Path: Packages/com.unity.collab-proxy/Editor/CodeEditor/TextEditorColors.cs - Importer: ScriptedImporter/UnityEditor.QuickSearchModule:UnityEditor.Search:ASIAI0B -> (ImportResultId: '1250ca8b8b7ca87bb18de6878ce02518') in 0.0018187 seconds
[Worker0] Imported GUID: 68f2f2587930106408dd3b00fb4974ff - Path: Packages/com.unity.collab-proxy/Editor/AssetOverlays/DrawHierarchyOverlay.cs - Importer: ScriptedImporter/UnityEditor.QuickSearchModule:UnityEditor.Search:ASIAI0B -> (ImportResultId: 'adf7fb3f99546929d71b2ae72fb993fb') in 0.0017097 seconds
[Worker0] Imported GUID: e0ca5f7f9ce171a44a14d09d62ee6c8e - Path: Packages/com.unity.collab-proxy/Editor/CloudDrive/CloudDriveMenuItem.cs - Importer: ScriptedImporter/UnityEditor.QuickSearchModule:UnityEditor.Search:ASIAI0B -> (ImportResultId: '594b256ea01c35827416167033a2bf6b') in 0.002669 seconds
[Worker0] Imported GUID: 1686ac2e1d109ed43bf2dec74fed784f - Path: Packages/com.unity.collab-proxy/Editor/AssetMenu/AssetsSelection.cs - Importer: ScriptedImporter/UnityEditor.QuickSearchModule:UnityEditor.Search:ASIAI0B -> (ImportResultId: 'b826d3a8298368723a0cec2e7891dd60') in 0.0016856 seconds
[Worker0] Imported GUID: 7d9221bc32738c5498b01916d61a39b9 - Path: Packages/com.unity.collab-proxy/Editor/CodeEditor/Keyboard.cs - Importer: ScriptedImporter/UnityEditor.QuickSearchModule:UnityEditor.Search:ASIAI0B -> (ImportResultId: 'ca06f29ff99a668782716041b7ec5939') in 0.0020238 seconds
[Worker0] Imported GUID: 6629f1bb292b749a18b5fff7994c8b19 - Path: Packages/com.unity.collab-proxy/Editor/UVCSWindow.cs - Importer: ScriptedImporter/UnityEditor.QuickSearchModule:UnityEditor.Search:ASIAI0B -> (ImportResultId: '0207a31861300a44a20f2a22f24dcf3e') in 0.0024717 seconds
[Worker0] Imported GUID: 83e93885de2840b5818ef68a76f7ebfc - Path: Packages/com.unity.collab-proxy/Editor/Api/UnityVersionControlApi.cs - Importer: ScriptedImporter/UnityEditor.QuickSearchModule:UnityEditor.Search:ASIAI0B -> (ImportResultId: '7c37f25c129e37bcff5cce55b0de1660') in 0.0028426 seconds
[Worker0] Imported GUID: 19397b4b199145c5bd9ee8c1c7d5938d - Path: Packages/com.unity.collab-proxy/Editor/AssetMenu/HierarchyViewAssetSelection.cs - Importer: ScriptedImporter/UnityEditor.QuickSearchModule:UnityEditor.Search:ASIAI0B -> (ImportResultId: '857914726f7140ae8ca5b4b6af8e42fc') in 0.0018651 seconds
[Worker0] Imported GUID: 3358a79a3123eed4baff54da855492e6 - Path: Packages/com.unity.collab-proxy/Editor/CloudDrive/GetProposedOrganizationProject.cs - Importer: ScriptedImporter/UnityEditor.QuickSearchModule:UnityEditor.Search:ASIAI0B -> (ImportResultId: 'f33801cf80891f0ccb8eca09265f7479') in 0.0017446 seconds
[Worker0] Imported GUID: 7f1a149716724cc38b048572976de769 - Path: Packages/com.unity.collab-proxy/Editor/CodeEditor/ICodeEditorSettingsChangeListener.cs - Importer: ScriptedImporter/UnityEditor.QuickSearchModule:UnityEditor.Search:ASIAI0B -> (ImportResultId: '4c2cdc32f1ba762e7304438e1f2aa48b') in 0.0017121 seconds
[Worker0] Imported GUID: 9019d1f6d4a14cb49a269dbffb6ea011 - Path: Packages/com.unity.collab-proxy/Editor/UVCSConnectionMonitor.cs - Importer: ScriptedImporter/UnityEditor.QuickSearchModule:UnityEditor.Search:ASIAI0B -> (ImportResultId: '64d2600852ffc2fd16cc21eb74fdd534') in 0.0021674 seconds
[Worker0] Imported GUID: 91f74d588534bef42ac4b919a2ece84a - Path: Packages/com.unity.collab-proxy/Editor/AssetsUtils/LoadAsset.cs - Importer: ScriptedImporter/UnityEditor.QuickSearchModule:UnityEditor.Search:ASIAI0B -> (ImportResultId: 'ef115ee7e3cacf9d79f0bf70d6abad0b') in 0.0018996 seconds
[Worker0] Imported GUID: 2c8b452bcd72d8248a3297ff656f0a7a - Path: Packages/com.unity.collab-proxy/Editor/AssetMenu/AssetUVCSOperations.cs - Importer: ScriptedImporter/UnityEditor.QuickSearchModule:UnityEditor.Search:ASIAI0B -> (ImportResultId: '75a4483faca2a11ea5207885c131d191') in 0.0022314 seconds
[Worker0] Imported GUID: e34298b6d08a46c4191e87726f21c0e5 - Path: Packages/com.unity.collab-proxy/Editor/CloudDrive/CloudDrivePlugin.cs - Importer: ScriptedImporter/UnityEditor.QuickSearchModule:UnityEditor.Search:ASIAI0B -> (ImportResultId: '1bdaa7c4c6d8ecc705521b728cc5a7ea') in 0.0018138 seconds
[Worker0] Imported GUID: 062535eac3e5dd1409b6a50b0d043e2c - Path: Packages/com.unity.collab-proxy/Editor/AssetOverlays/AssetStatus.cs - Importer: ScriptedImporter/UnityEditor.QuickSearchModule:UnityEditor.Search:ASIAI0B -> (ImportResultId: '90514e97f4d4503a82c269b227d2d2f1') in 0.0018005 seconds
[Worker0] Imported GUID: 6cad902920d2d0e448b4a307b199d8fd - Path: Packages/com.unity.collab-proxy/Editor/AssetsUtils/ProjectPath.cs - Importer: ScriptedImporter/UnityEditor.QuickSearchModule:UnityEditor.Search:ASIAI0B -> (ImportResultId: 'dc7b34ed7a7df71343d802615f717dd6') in 0.0018641 seconds
[Worker0] Imported GUID: 0314dccd274f6d14b9aed2d661164330 - Path: Packages/com.unity.collab-proxy/Editor/TestingPreference.cs - Importer: ScriptedImporter/UnityEditor.QuickSearchModule:UnityEditor.Search:ASIAI0B -> (ImportResultId: '7ee9cef5e9225dc4a8789a6e0b0a7c28') in 0.0018765 seconds
[Worker0] Imported GUID: 4064021de8c73d44f9d4a0f99d80d5b0 - Path: Packages/com.unity.collab-proxy/Editor/CloudDrive/CloudDriveWindow.cs - Importer: ScriptedImporter/UnityEditor.QuickSearchModule:UnityEditor.Search:ASIAI0B -> (ImportResultId: '933bb10ea594e180186369017c7f3f41') in 0.002199 seconds
[Worker0] Imported GUID: 7aad121cec1867b4493b3b31bc5c8a26 - Path: Packages/com.unity.collab-proxy/Editor/VCSBuiltInPlugin.cs - Importer: ScriptedImporter/UnityEditor.QuickSearchModule:UnityEditor.Search:ASIAI0B -> (ImportResultId: '1a6fe4b4312c194c1ed2ba5078c73e3b') in 0.0019291 seconds
[Worker0] Imported GUID: 896223e567b01c747b4726ef429e31ea - Path: Packages/com.unity.collab-proxy/Editor/ViewSwitcher.cs - Importer: ScriptedImporter/UnityEditor.QuickSearchModule:UnityEditor.Search:ASIAI0B -> (ImportResultId: '84d05791b9b850e6a3c3b5a51aaaf213') in 0.0028169 seconds
[Worker0] Imported GUID: 2d63e236b259c9b4c8c5175cb624721f - Path: Packages/com.unity.collab-proxy/Editor/WaitForPendingOperations.cs - Importer: ScriptedImporter/UnityEditor.QuickSearchModule:UnityEditor.Search:ASIAI0B -> (ImportResultId: '00008fbad66ee3f13e94e2365a6c407b') in 0.0020309 seconds
[Worker0] Imported GUID: 861c52e49f0f474caaeb9f2254cecea3 - Path: Packages/com.unity.collab-proxy/Editor/UnityPlasticDllVersion.cs - Importer: ScriptedImporter/UnityEditor.QuickSearchModule:UnityEditor.Search:ASIAI0B -> (ImportResultId: 'e06b7b9691a4648a55c92e15cfc0ca83') in 0.0017405 seconds
[Worker0] Imported GUID: 4b84427fd7ace4b4cb623ef8a46124ed - Path: Packages/com.unity.collab-proxy/Editor/Unity.PlasticSCM.Editor.asmdef - Importer: ScriptedImporter/UnityEditor.QuickSearchModule:UnityEditor.Search:ASIAI0B -> (ImportResultId: 'd2ae683f5f75d7ee9dae81fe57877c83') in 0.0021544 seconds
[Worker0] Imported GUID: c456fa791a741a045a8a99ee73af2ae6 - Path: Packages/com.unity.collab-proxy/Editor/AssetMenu/AssetMenuOperations.cs - Importer: ScriptedImporter/UnityEditor.QuickSearchModule:UnityEditor.Search:ASIAI0B -> (ImportResultId: 'f1424f507bd959cf3cca30b568680dfd') in 0.0022697 seconds
[Worker0] Imported GUID: 1dc96db8ece508c4696f7e89c2cd11e3 - Path: Packages/com.unity.collab-proxy/Editor/UnityConfigurationChecker.cs - Importer: ScriptedImporter/UnityEditor.QuickSearchModule:UnityEditor.Search:ASIAI0B -> (ImportResultId: 'cb50e4f1e0caadf985fcc195de2154d1') in 0.0018403 seconds
[Worker0] Imported GUID: 1a494b476833467f9df3a23e8804595b - Path: Packages/com.unity.collab-proxy/Editor/Assistant/Unity.PlasticSCM.Editor.Assistant.asmdef - Importer: ScriptedImporter/UnityEditor.QuickSearchModule:UnityEditor.Search:ASIAI0B -> (ImportResultId: '0063b57206981c01cdbc4eee653b28af') in 0.0034386 seconds
[Worker0] Imported GUID: 802adf99bdbb1a3439a0a09ae5664192 - Path: Packages/com.unity.collab-proxy/Editor/AssetsUtils/SaveAssets.cs - Importer: ScriptedImporter/UnityEditor.QuickSearchModule:UnityEditor.Search:ASIAI0B -> (ImportResultId: '704dadf37debdd868d3257fd07ca0aa0') in 0.0024341 seconds
[Worker0] Imported GUID: a92f7c4434405984a811b4e7c316594e - Path: Packages/com.unity.collab-proxy/Editor/AssetOverlays/DrawAssetOverlayIcon.cs - Importer: ScriptedImporter/UnityEditor.QuickSearchModule:UnityEditor.Search:ASIAI0B -> (ImportResultId: '763be40eaf3a38145c3dc3547a4d8f8c') in 0.0021053 seconds
[Worker0] Imported GUID: 408f89d90a01494cbef838c7d21449a9 - Path: Packages/com.unity.collab-proxy/Editor/AssetOverlays/AssetOverlay.cs - Importer: ScriptedImporter/UnityEditor.QuickSearchModule:UnityEditor.Search:ASIAI0B -> (ImportResultId: 'dbcb3117b66fa39199932076303d1b70') in 0.0022304 seconds
[Worker0] Imported GUID: 10217cf897d5d554f959f089ba9d38d2 - Path: Packages/com.unity.collab-proxy/Editor/CodeEditor/TextEditorComponent.cs - Importer: ScriptedImporter/UnityEditor.QuickSearchModule:UnityEditor.Search:ASIAI0B -> (ImportResultId: '562e784c3332918b90c96232e17d651f') in 0.0034241 seconds
[Worker0] Imported GUID: 1acfe7cc6c5909f4a954500ea46f9123 - Path: Packages/com.unity.collab-proxy/Editor/CodeEditor/TextViewPosition.cs - Importer: ScriptedImporter/UnityEditor.QuickSearchModule:UnityEditor.Search:ASIAI0B -> (ImportResultId: '5fd015800f923137d1c47483fcd1fe7d') in 0.0038503 seconds
[Worker0] Imported GUID: c46424c57c6462945b14ac0c95281406 - Path: Packages/com.unity.collab-proxy/Editor/Configuration/CredentialsDialog.cs - Importer: ScriptedImporter/UnityEditor.QuickSearchModule:UnityEditor.Search:ASIAI0B -> (ImportResultId: '63690b0d493556d50e5e52e1d489c227') in 0.0022708 seconds
[Worker0] Imported GUID: 3ca37c23169aa469dbf15a7acb988d05 - Path: Packages/com.unity.collab-proxy/Editor/Assistant/AssemblyInfo.cs - Importer: ScriptedImporter/UnityEditor.QuickSearchModule:UnityEditor.Search:ASIAI0B -> (ImportResultId: '5493ecaec6700eea6e67afec25224665') in 0.0019818 seconds
[Worker0] Imported GUID: f32f865aa8b3e3341be18107db54b5cb - Path: Packages/com.unity.collab-proxy/Editor/UVCSToolbarButtonIsShownPreference.cs - Importer: ScriptedImporter/UnityEditor.QuickSearchModule:UnityEditor.Search:ASIAI0B -> (ImportResultId: '8d4ad92242028cc5192ca634f0af2fa8') in 0.0022688 seconds
[Worker0] Imported GUID: 06527df79395b4dcc9e013234ed80bad - Path: Packages/com.unity.collab-proxy/Editor/Api/UnityVersionControlUiApi.cs - Importer: ScriptedImporter/UnityEditor.QuickSearchModule:UnityEditor.Search:ASIAI0B -> (ImportResultId: 'c9c28cb1ffd77deca9e99fb959e385b8') in 0.0020782 seconds
[Worker0] Imported GUID: b4eb3fe08d1dc86419dee5ddcc40baae - Path: Packages/com.unity.collab-proxy/Editor/AssetMenu/AssetFilesFilterPatternsMenuBuilder.cs - Importer: ScriptedImporter/UnityEditor.QuickSearchModule:UnityEditor.Search:ASIAI0B -> (ImportResultId: '97f7a6eccd47076a9d7d5bad62fd38c6') in 0.005804 seconds
[Worker0] Imported GUID: 4a1d41c16a2a049f389fd9cb47230775 - Path: Packages/com.unity.collab-proxy/Editor/CodeEditor/TextEditor.cs - Importer: ScriptedImporter/UnityEditor.QuickSearchModule:UnityEditor.Search:ASIAI0B -> (ImportResultId: '7f762b1c1c5c3ba3be5d76eb0921310c') in 0.0037871 seconds
[Worker0] Imported GUID: 7c21251ff4b7d844292a388e81e47e59 - Path: Packages/com.unity.collab-proxy/Editor/Configuration/AutoConfig.cs - Importer: ScriptedImporter/UnityEditor.QuickSearchModule:UnityEditor.Search:ASIAI0B -> (ImportResultId: 'aa69cd1dd5af77e2294013b82f098cc5') in 0.0027127 seconds
[Worker0] Imported GUID: d2a9f8ad3405465db8e62d36f2686b68 - Path: Packages/com.unity.collab-proxy/Editor/AssetMenu/AssetCopyPathOperation.cs - Importer: ScriptedImporter/UnityEditor.QuickSearchModule:UnityEditor.Search:ASIAI0B -> (ImportResultId: '24f249274b9a8b0a3cfe81fdf18b87e2') in 0.0023556 seconds
[Worker0] Imported GUID: d30dfeb72257204458e1e8e1576b84ba - Path: Packages/com.unity.collab-proxy/Editor/AssetOverlays/DrawProjectOverlay.cs - Importer: ScriptedImporter/UnityEditor.QuickSearchModule:UnityEditor.Search:ASIAI0B -> (ImportResultId: '620badc15f0c26377bfa5975a569ffb3') in 0.0023658 seconds
[Worker0] Imported GUID: e9e00039daba468c8a0dbcffa3506c1d - Path: Packages/com.unity.collab-proxy/Editor/VisualElementExtensions.cs - Importer: ScriptedImporter/UnityEditor.QuickSearchModule:UnityEditor.Search:ASIAI0B -> (ImportResultId: 'd99988ce8d64bbd2de5ac6343323cf0a') in 0.0037911 seconds
[Worker0] Imported GUID: a077a49d9db9de74f827f0568f6e65c2 - Path: Packages/com.unity.collab-proxy/Editor/AssetsUtils/AssetsPath.cs - Importer: ScriptedImporter/UnityEditor.QuickSearchModule:UnityEditor.Search:ASIAI0B -> (ImportResultId: '637c1190d7bf2a274b0f43b9cf0d2eb1') in 0.0021804 seconds
[Worker0] Imported GUID: 2b3223ee740687445a7e4bc793fa2aae - Path: Packages/com.unity.collab-proxy/Editor/Configuration/ConfigurePartialWorkspace.cs - Importer: ScriptedImporter/UnityEditor.QuickSearchModule:UnityEditor.Search:ASIAI0B -> (ImportResultId: 'd2d82eecbbc49822e7d75e32c257633c') in 0.002296 seconds
[Worker0] Imported GUID: d9369fa547ca81b4fafa42a3e74c1b7a - Path: Packages/com.unity.collab-proxy/Editor/AssetsUtils/GetSelectedPaths.cs - Importer: ScriptedImporter/UnityEditor.QuickSearchModule:UnityEditor.Search:ASIAI0B -> (ImportResultId: '6a435fe157d9fb187e1dbf54dd4004cd') in 0.002182 seconds
[Worker0] Imported GUID: edf8d7a4bab748b4a77c198d33394e58 - Path: Packages/com.unity.collab-proxy/Editor/Configuration/ClientConfiguration.cs - Importer: ScriptedImporter/UnityEditor.QuickSearchModule:UnityEditor.Search:ASIAI0B -> (ImportResultId: 'e3bc9135a36edfc499063c62b1008acb') in 0.0026061 seconds
[Worker0] Imported GUID: 7c8a8e3e4456f9149905cf2c80aa41a9 - Path: Packages/com.unity.collab-proxy/Editor/AssetMenu/ProjectViewUVCSAssetMenu.cs - Importer: ScriptedImporter/UnityEditor.QuickSearchModule:UnityEditor.Search:ASIAI0B -> (ImportResultId: '2b1c29decf4a576c42f28e9f617f001b') in 0.0023917 seconds
[Worker0] Imported GUID: aebdb56b44622b2468b014e27e5e28e5 - Path: Packages/com.unity.collab-proxy/Editor/UVCSPlugin.cs - Importer: ScriptedImporter/UnityEditor.QuickSearchModule:UnityEditor.Search:ASIAI0B -> (ImportResultId: '17b3cc95065d174fd0dd5167cebc13ec') in 0.0027876 seconds
[Worker0] Imported GUID: 7495e44f1cb132745a310485807e68f6 - Path: Packages/com.unity.collab-proxy/Editor/AssetsUtils/RefreshAsset.cs - Importer: ScriptedImporter/UnityEditor.QuickSearchModule:UnityEditor.Search:ASIAI0B -> (ImportResultId: 'e90ba6ae7fca71d9b567a085cb5cd741') in 0.0028101 seconds
[Worker0] Imported GUID: 14df2a8f74d04d89a24fbbad8cf2037b - Path: Packages/com.unity.collab-proxy/Editor/CloudDrive/RefreshAsset.cs - Importer: ScriptedImporter/UnityEditor.QuickSearchModule:UnityEditor.Search:ASIAI0B -> (ImportResultId: 'a9ac3d1762b90aa02242570a357de7d9') in 0.0020505 seconds
[Worker0] Imported GUID: 9203e3f44c0ecfd42953709384a56c4d - Path: Packages/com.unity.collab-proxy/Editor/AssetsUtils/RepaintEditor.cs - Importer: ScriptedImporter/UnityEditor.QuickSearchModule:UnityEditor.Search:ASIAI0B -> (ImportResultId: '3d476195783a9aabb04212053e3198c3') in 0.0019324 seconds
[Worker0] Imported GUID: ea0c99d9630e5ca40ba541545beec9b8 - Path: Packages/com.unity.collab-proxy/Editor/UVCSNotification.cs - Importer: ScriptedImporter/UnityEditor.QuickSearchModule:UnityEditor.Search:ASIAI0B -> (ImportResultId: 'eec46987f1d1bae05a0da07d27b6b6c7') in 0.0023776 seconds
[Worker0] Imported GUID: 69c93fadaeb340eca663fdeb3ba79614 - Path: Packages/com.unity.collab-proxy/Editor/CodeEditor/ScrollBarVisibility.cs - Importer: ScriptedImporter/UnityEditor.QuickSearchModule:UnityEditor.Search:ASIAI0B -> (ImportResultId: '0715bfe83875c3ca0f71e4d4197bd475') in 0.0025391 seconds
[Worker0] Imported GUID: ad736c857532f410a8814a8d5dd96a84 - Path: Packages/com.unity.collab-proxy/Editor/CodeEditor/SearchPanelLocalization.cs - Importer: ScriptedImporter/UnityEditor.QuickSearchModule:UnityEditor.Search:ASIAI0B -> (ImportResultId: 'c19171ce8088da61fff2389ed237f3e8') in 0.0025775 seconds
[Worker0] Imported GUID: 68d5bb402c52edc48b494a59b8971758 - Path: Packages/com.unity.collab-proxy/Editor/Configuration/EncryptionConfigurationDialog.cs - Importer: ScriptedImporter/UnityEditor.QuickSearchModule:UnityEditor.Search:ASIAI0B -> (ImportResultId: 'd9a1a4bf643b4349dbddf37d40c8444a') in 0.0019911 seconds
[Worker0] Imported GUID: a863d083557069b458628045916c1724 - Path: Packages/com.unity.collab-proxy/Editor/Headless/HeadlessGluonViewHost.cs - Importer: ScriptedImporter/UnityEditor.QuickSearchModule:UnityEditor.Search:ASIAI0B -> (ImportResultId: '38c2689766b72023d0eb6949d0f12586') in 0.0026075 seconds
[Worker0] Imported GUID: 3d2304fd911974785b2dd0bcde004980 - Path: Packages/com.unity.collab-proxy/Editor/Diff/RefreshAssetsPanel.cs - Importer: ScriptedImporter/UnityEditor.QuickSearchModule:UnityEditor.Search:ASIAI0B -> (ImportResultId: 'ae222b4b63e573c237cac03d4ef3ed5e') in 0.0044621 seconds
[Worker0] Imported GUID: d8da5f578b092c047880b2897f1adf08 - Path: Packages/com.unity.collab-proxy/Editor/Headless/HeadlessGluonUpdateReport.cs - Importer: ScriptedImporter/UnityEditor.QuickSearchModule:UnityEditor.Search:ASIAI0B -> (ImportResultId: '732a6f285475d079f16266ec9723b917') in 0.0022447 seconds
[Worker0] Imported GUID: 537d6b35c9cc8bd42a656dfc8cb64948 - Path: Packages/com.unity.collab-proxy/Editor/Tool/AuthToken.cs - Importer: ScriptedImporter/UnityEditor.QuickSearchModule:UnityEditor.Search:ASIAI0B -> (ImportResultId: 'c303c6b3cfa393a2264f6b63a9c17164') in 0.0048615 seconds
[Worker0] Imported GUID: f957d659be9dee74fb0f993b67b2d044 - Path: Packages/com.unity.collab-proxy/Editor/Headless/HeadlessProgressControls.cs - Importer: ScriptedImporter/UnityEditor.QuickSearchModule:UnityEditor.Search:ASIAI0B -> (ImportResultId: '56fecf1ca306bb841927ff243693e6e3') in 0.0028578 seconds
[Worker0] Imported GUID: ea76fa5a629244fa9ae3a8d3224aef02 - Path: Packages/com.unity.collab-proxy/Editor/Gluon/ShelvedChangesNotification.cs - Importer: ScriptedImporter/UnityEditor.QuickSearchModule:UnityEditor.Search:ASIAI0B -> (ImportResultId: '846679d51c12c935055205d04d6e6608') in 0.0056155 seconds
[Worker0] Imported GUID: ce652d891ad5ed540b0d6e474d00130c - Path: Packages/com.unity.collab-proxy/Editor/Developer/UpdateProgress.cs - Importer: ScriptedImporter/UnityEditor.QuickSearchModule:UnityEditor.Search:ASIAI0B -> (ImportResultId: '0a33fb67682b0841b627c0b33701f4d2') in 0.0039372 seconds
[Worker0] Imported GUID: c24d342672367b243aff1910ea83a56d - Path: Packages/com.unity.collab-proxy/Editor/Entities/Unity.PlasticSCM.Editor.Entities.asmdef - Importer: ScriptedImporter/UnityEditor.QuickSearchModule:UnityEditor.Search:ASIAI0B -> (ImportResultId: '0c6df203d913744b9ca71b9b90443302') in 0.0039042 seconds
[Worker0] Imported GUID: e5854d1a1c573e040afdbb54103decf3 - Path: Packages/com.unity.collab-proxy/Editor/Headless/HeadlessViewSwitcher.cs - Importer: ScriptedImporter/UnityEditor.QuickSearchModule:UnityEditor.Search:ASIAI0B -> (ImportResultId: '6d13cddb040ad732e5715bcb1f1e2eac') in 0.0027479 seconds
[Worker0] Imported GUID: d7826644a043a9b4cb6b1f06c937cad7 - Path: Packages/com.unity.collab-proxy/Editor/Headless/HeadlessUpdateProgress.cs - Importer: ScriptedImporter/UnityEditor.QuickSearchModule:UnityEditor.Search:ASIAI0B -> (ImportResultId: '68c31bf4cdcb4380c738f0a2fa3be4cc') in 0.0025911 seconds
[Worker0] Imported GUID: c64851962d9c48068897eb736be4bed1 - Path: Packages/com.unity.collab-proxy/Editor/Settings/ShelveAndSwitchOptionsFoldout.cs - Importer: ScriptedImporter/UnityEditor.QuickSearchModule:UnityEditor.Search:ASIAI0B -> (ImportResultId: 'a99cace30d6df59a868fbbc9ba64145d') in 0.0026711 seconds
[Worker0] Imported GUID: cc9b578c680471e41965738c85cbabbf - Path: Packages/com.unity.collab-proxy/Editor/Developer/IncomingChangesNotification.cs - Importer: ScriptedImporter/UnityEditor.QuickSearchModule:UnityEditor.Search:ASIAI0B -> (ImportResultId: 'aa32a0ee0bbc1e0e427468f108a87069') in 0.0022595 seconds
[Worker0] Imported GUID: 50d82b3e371b7cc42abc2999039b19cb - Path: Packages/com.unity.collab-proxy/Editor/Configuration/CredentialsUIImpl.cs - Importer: ScriptedImporter/UnityEditor.QuickSearchModule:UnityEditor.Search:ASIAI0B -> (ImportResultId: 'aa5a7eb2cdf0677b63fa2ff5ce00febf') in 0.0025058 seconds
[Worker0] Imported GUID: 4f6e4f3809c687045b21461609e2f78b - Path: Packages/com.unity.collab-proxy/Editor/Configuration/MissingEncryptionPasswordPromptHandler.cs - Importer: ScriptedImporter/UnityEditor.QuickSearchModule:UnityEditor.Search:ASIAI0B -> (ImportResultId: 'f136158d33da300c42690b2f1077e071') in 0.0023999 seconds
[Worker0] Imported GUID: f1b80531a496e644abedd795c21274cb - Path: Packages/com.unity.collab-proxy/Editor/Developer/ProgressOperationHandler.cs - Importer: ScriptedImporter/UnityEditor.QuickSearchModule:UnityEditor.Search:ASIAI0B -> (ImportResultId: 'a62b4df311abdd8b68ac7af2d10c576d') in 0.0028647 seconds
[Worker0] Imported GUID: a7785ffd4a2444038c73d694d2bf3a80 - Path: Packages/com.unity.collab-proxy/Editor/Entities/GetSubScenePathFromInstance.cs - Importer: ScriptedImporter/UnityEditor.QuickSearchModule:UnityEditor.Search:ASIAI0B -> (ImportResultId: 'db57764ed626f3a641a8f7da20b71019') in 0.0020239 seconds
[Worker0] Imported GUID: 7a0528634c1324f47b7e2e59266dfa4c - Path: Packages/com.unity.collab-proxy/Editor/Developer/CheckinProgress.cs - Importer: ScriptedImporter/UnityEditor.QuickSearchModule:UnityEditor.Search:ASIAI0B -> (ImportResultId: '403858533bac2a2d1b843d231ff5c8fb') in 0.0024334 seconds
[Worker0] Imported GUID: d1c8ba8f08844ab3ad8c0ef45536941e - Path: Packages/com.unity.collab-proxy/Editor/Hashing/NonCryptographicHashAlgorithm.cs - Importer: ScriptedImporter/UnityEditor.QuickSearchModule:UnityEditor.Search:ASIAI0B -> (ImportResultId: '2d6a0aef516cbdfda8e429b7b726f87d') in 0.0025446 seconds
[Worker0] Imported GUID: 2dae17e8419667e46a2a476dd2cd18e0 - Path: Packages/com.unity.collab-proxy/Editor/StatusBar/WindowStatusBar.cs - Importer: ScriptedImporter/UnityEditor.QuickSearchModule:UnityEditor.Search:ASIAI0B -> (ImportResultId: '921c892cb109cdcd3255e92f55c4aa72') in 0.0041548 seconds
[Worker0] Imported GUID: 05c0641719e74f058e7530b150336e82 - Path: Packages/com.unity.collab-proxy/Editor/Settings/OtherOptionsFoldout.cs - Importer: ScriptedImporter/UnityEditor.QuickSearchModule:UnityEditor.Search:ASIAI0B -> (ImportResultId: '9b8c212475b2b2483b95724b8b7672f1') in 0.0032877 seconds
[Worker0] Imported GUID: f25df29da91c45449ada5f3da8cf20ea - Path: Packages/com.unity.collab-proxy/Editor/Tool/IsExeAvailable.cs - Importer: ScriptedImporter/UnityEditor.QuickSearchModule:UnityEditor.Search:ASIAI0B -> (ImportResultId: '807b7bcb3f68a36873771660df31fd4b') in 0.0025348 seconds
[Worker0] Imported GUID: 3c1571ec0b185dc428a1df774086a310 - Path: Packages/com.unity.collab-proxy/Editor/Headless/HeadlessUpdateReport.cs - Importer: ScriptedImporter/UnityEditor.QuickSearchModule:UnityEditor.Search:ASIAI0B -> (ImportResultId: '6276f82aa945f216802c14336b7d6a87') in 0.0025339 seconds
[Worker0] Imported GUID: 1b0473213bc885840bb309ebce32b6fb - Path: Packages/com.unity.collab-proxy/Editor/Headless/HeadlessMergeViewLauncher.cs - Importer: ScriptedImporter/UnityEditor.QuickSearchModule:UnityEditor.Search:ASIAI0B -> (ImportResultId: '333b583651ff1348bcaff811f83d73ec') in 0.0020664 seconds
[Worker0] Imported GUID: 0a4d51d508394143b7023452d44f5a6a - Path: Packages/com.unity.collab-proxy/Editor/Headless/HeadlessRefreshView.cs - Importer: ScriptedImporter/UnityEditor.QuickSearchModule:UnityEditor.Search:ASIAI0B -> (ImportResultId: 'f0e956aea6a46925416b7aa63095630e') in 0.0029008 seconds
[Worker0] Imported GUID: 9731678ff16392a4d822454ca1052818 - Path: Packages/com.unity.collab-proxy/Editor/Settings/OpenUVCSProjectSettings.cs - Importer: ScriptedImporter/UnityEditor.QuickSearchModule:UnityEditor.Search:ASIAI0B -> (ImportResultId: '3f801894ffc5516115a5f1cf868bf57c') in 0.0018897 seconds
[Worker0] Imported GUID: 94a5d27698bed3d42beabebcedbf1f23 - Path: Packages/com.unity.collab-proxy/Editor/Hub/ProcessHubCommand.cs - Importer: ScriptedImporter/UnityEditor.QuickSearchModule:UnityEditor.Search:ASIAI0B -> (ImportResultId: 'e15df1daa8e8aff9673075662b80e346') in 0.0022254 seconds
[Worker0] Imported GUID: 28ce2dedf734c7c4e8ad114c00173d65 - Path: Packages/com.unity.collab-proxy/Editor/Inspector/DrawInspectorOperations.cs - Importer: ScriptedImporter/UnityEditor.QuickSearchModule:UnityEditor.Search:ASIAI0B -> (ImportResultId: '7a6f3273ad763072167f7d8740ce88ae') in 0.002559 seconds
[Worker0] Imported GUID: c00693f5365e54a4eb5f9ac96da13749 - Path: Packages/com.unity.collab-proxy/Editor/Headless/HeadlessWorkspaceStatusChangeListener.cs - Importer: ScriptedImporter/UnityEditor.QuickSearchModule:UnityEditor.Search:ASIAI0B -> (ImportResultId: '0c88faea302419a4d1691040563ec0ad') in 0.0022318 seconds
[Worker0] Imported GUID: 332442c8f4f7b1943bb9e12fc97356e4 - Path: Packages/com.unity.collab-proxy/Editor/Configuration/WriteLogConfiguration.cs - Importer: ScriptedImporter/UnityEditor.QuickSearchModule:UnityEditor.Search:ASIAI0B -> (ImportResultId: '42ce68fccb31149659cc6d37faf4c65d') in 0.0044112 seconds
[Worker0] Imported GUID: dc0cbec450c3bd54eb12276dcfdc27d3 - Path: Packages/com.unity.collab-proxy/Editor/Developer/GenericProgress.cs - Importer: ScriptedImporter/UnityEditor.QuickSearchModule:UnityEditor.Search:ASIAI0B -> (ImportResultId: 'c414e7a46172b2630a11215478dc4595') in 0.0134086 seconds
[Worker0] Imported GUID: db6cbe7586694d6fb3c944d67973d313 - Path: Packages/com.unity.collab-proxy/Editor/Developer/ShelvedChangesNotification.cs - Importer: ScriptedImporter/UnityEditor.QuickSearchModule:UnityEditor.Search:ASIAI0B -> (ImportResultId: '1381e0800232068675c8efbdfee651e5') in 0.0021101 seconds
[Worker0] Imported GUID: fd582245e61fe1f4dba625a9ba7ec139 - Path: Packages/com.unity.collab-proxy/Editor/Headless/HeadlessWorkspaceWindow.cs - Importer: ScriptedImporter/UnityEditor.QuickSearchModule:UnityEditor.Search:ASIAI0B -> (ImportResultId: '0eac97ad34a83b7122051ee65f0c6e9f') in 0.0036475 seconds
[Worker0] Imported GUID: bc5c1fa3d4519114cb21f3fedfe6039d - Path: Packages/com.unity.collab-proxy/Editor/Tool/BringWindowToFront.cs - Importer: ScriptedImporter/UnityEditor.QuickSearchModule:UnityEditor.Search:ASIAI0B -> (ImportResultId: 'c50e2ce1235c33a6bcae950cd3e18db3') in 0.0019479 seconds
[Worker0] Imported GUID: 201d30422af8ea34193a59b4254b8663 - Path: Packages/com.unity.collab-proxy/Editor/Gluon/CheckinProgress.cs - Importer: ScriptedImporter/UnityEditor.QuickSearchModule:UnityEditor.Search:ASIAI0B -> (ImportResultId: '0368a4b4fe7043a635cf7306b576a70c') in 0.0027612 seconds
[Worker0] Imported GUID: ee776820547bd654980004e8471df8e3 - Path: Packages/com.unity.collab-proxy/Editor/Configuration/ToolConfig.cs - Importer: ScriptedImporter/UnityEditor.QuickSearchModule:UnityEditor.Search:ASIAI0B -> (ImportResultId: 'b41430c349205b0f25ef4ffd15f7f049') in 0.0024886 seconds
[Worker0] Imported GUID: 9bef80072d106be4ea36de88adc0e985 - Path: Packages/com.unity.collab-proxy/Editor/Inspector/InspectorAssetSelection.cs - Importer: ScriptedImporter/UnityEditor.QuickSearchModule:UnityEditor.Search:ASIAI0B -> (ImportResultId: 'bebec75acfbed97e90fb53b0716e3f6c') in 0.0017791 seconds
[Worker0] Imported GUID: 8642afe1b2639478e91ff46ccf3145d3 - Path: Packages/com.unity.collab-proxy/Editor/Hashing/XxHashShared.cs - Importer: ScriptedImporter/UnityEditor.QuickSearchModule:UnityEditor.Search:ASIAI0B -> (ImportResultId: 'ae13d99cc238026fd3cce521c57aa6fb') in 0.0062897 seconds
[Worker0] Imported GUID: 1c9b352f456640c9925a381f736ecb5d - Path: Packages/com.unity.collab-proxy/Editor/Settings/DiffAndMergeOptionsFoldout.cs - Importer: ScriptedImporter/UnityEditor.QuickSearchModule:UnityEditor.Search:ASIAI0B -> (ImportResultId: 'fa7c8b1d409d6a3f0de4d301099e395f') in 0.0022023 seconds
[Worker0] Imported GUID: 4646098fa06b7764b843d936862b4d71 - Path: Packages/com.unity.collab-proxy/Editor/Settings/PendingChangesOptionsFoldout.cs - Importer: ScriptedImporter/UnityEditor.QuickSearchModule:UnityEditor.Search:ASIAI0B -> (ImportResultId: '15a832c3bf7806ffa25941315d06ca2f') in 0.0022224 seconds
[Worker0] Imported GUID: e6c29999aff44b79938d04786d7b9373 - Path: Packages/com.unity.collab-proxy/Editor/Diff/AssetType.cs - Importer: ScriptedImporter/UnityEditor.QuickSearchModule:UnityEditor.Search:ASIAI0B -> (ImportResultId: 'dd4c3c168d0b362311c6d228adc34efd') in 0.0022918 seconds
[Worker0] Imported GUID: c13239fbea1666a42b26691afcd91e63 - Path: Packages/com.unity.collab-proxy/Editor/Gluon/UpdateProgress.cs - Importer: ScriptedImporter/UnityEditor.QuickSearchModule:UnityEditor.Search:ASIAI0B -> (ImportResultId: '5b6fc8921e0e961f0ab1678f79ca98f9') in 0.0017218 seconds
[Worker0] Imported GUID: fe6ad6eb139a49f4a02d9794e934bd9c - Path: Packages/com.unity.collab-proxy/Editor/Entities/HierarchyExtensions.cs - Importer: ScriptedImporter/UnityEditor.QuickSearchModule:UnityEditor.Search:ASIAI0B -> (ImportResultId: 'da51b6434263bcd720b75071ce9ae677') in 0.0019637 seconds
[Worker0] Imported GUID: 4675673a75b20a14da0806d155b5680c - Path: Packages/com.unity.collab-proxy/Editor/Hub/CommandLineArguments.cs - Importer: ScriptedImporter/UnityEditor.QuickSearchModule:UnityEditor.Search:ASIAI0B -> (ImportResultId: '120930474be297ff498e41678441493d') in 0.0023443 seconds
[Worker0] Imported GUID: 82c390af6cf64e9aaa35f2cfe24178a7 - Path: Packages/com.unity.collab-proxy/Editor/Diff/UnityBigFileChecker.cs - Importer: ScriptedImporter/UnityEditor.QuickSearchModule:UnityEditor.Search:ASIAI0B -> (ImportResultId: 'a19c541ca16c6d1719ba00b6be3cd41b') in 0.0028287 seconds
[Worker0] Imported GUID: f6b5d170f39144847822c10b478f25e5 - Path: Packages/com.unity.collab-proxy/Editor/Hub/ParseArguments.cs - Importer: ScriptedImporter/UnityEditor.QuickSearchModule:UnityEditor.Search:ASIAI0B -> (ImportResultId: '008e0ef597c1cb49bda6d5b72217882f') in 0.0022961 seconds
[Worker0] Imported GUID: f1969c6a4a44a474983058896f48d9f5 - Path: Packages/com.unity.collab-proxy/Editor/Configuration/SSOCredentialsDialog.cs - Importer: ScriptedImporter/UnityEditor.QuickSearchModule:UnityEditor.Search:ASIAI0B -> (ImportResultId: '66e45e130b4d394f44437975d3c0ee8a') in 0.0023122 seconds
[Worker0] Imported GUID: 08c46e1f56d34c62ba9e0107516e21db - Path: Packages/com.unity.collab-proxy/Editor/Diff/UnityDiffWindow.cs - Importer: ScriptedImporter/UnityEditor.QuickSearchModule:UnityEditor.Search:ASIAI0B -> (ImportResultId: 'f41bdb6fc6bc1adada220d2f11752e5d') in 0.0029055 seconds
[Worker0] Imported GUID: f8fb5a27b8554a74b8c566355a3c50f9 - Path: Packages/com.unity.collab-proxy/Editor/StatusBar/NotificationBar.cs - Importer: ScriptedImporter/UnityEditor.QuickSearchModule:UnityEditor.Search:ASIAI0B -> (ImportResultId: '6c5579f459fa0e87dd3d256a03c6ae9d') in 0.0027214 seconds
[Worker0] Imported GUID: d097a5d507694ba7ac97bc9a9f2942e3 - Path: Packages/com.unity.collab-proxy/Editor/Settings/UVCSProjectSettingsProvider.cs - Importer: ScriptedImporter/UnityEditor.QuickSearchModule:UnityEditor.Search:ASIAI0B -> (ImportResultId: 'e2b18889919a97f3129016c40ddb026d') in 0.0025431 seconds
[Worker0] Imported GUID: 27cd9a46f12b440d8a4e4a0524330db8 - Path: Packages/com.unity.collab-proxy/Editor/Headless/HeadlessHistoryViewLauncher.cs - Importer: ScriptedImporter/UnityEditor.QuickSearchModule:UnityEditor.Search:ASIAI0B -> (ImportResultId: '0d84787827e3f0a28d7cf102a81b174f') in 0.0035658 seconds
[Worker0] Imported GUID: ece87ac87e134800b8fcec1a55ec6e9f - Path: Packages/com.unity.collab-proxy/Editor/Diff/SaveChangeInfo.cs - Importer: ScriptedImporter/UnityEditor.QuickSearchModule:UnityEditor.Search:ASIAI0B -> (ImportResultId: '0cfd24f587254ecd3b4943ee0da2192a') in 0.0029764 seconds
[Worker0] Imported GUID: 204b6e52ab6164e478f852a359e0c0c0 - Path: Packages/com.unity.collab-proxy/Editor/SceneView/DrawSceneOperations.cs - Importer: ScriptedImporter/UnityEditor.QuickSearchModule:UnityEditor.Search:ASIAI0B -> (ImportResultId: '61d27444ad8fc3019661debabbf52e94') in 0.0058945 seconds
[Worker0] Imported GUID: 09b199e86de5d1944ab9106ca2c11f75 - Path: Packages/com.unity.collab-proxy/Editor/Gluon/ProgressOperationHandler.cs - Importer: ScriptedImporter/UnityEditor.QuickSearchModule:UnityEditor.Search:ASIAI0B -> (ImportResultId: 'ad1d929965fb98aea484965463951b77') in 0.0021982 seconds
[Worker0] Imported GUID: 318741862274d44d7a9e24a21a14fd8d - Path: Packages/com.unity.collab-proxy/Editor/Hashing/XxHash128.cs - Importer: ScriptedImporter/UnityEditor.QuickSearchModule:UnityEditor.Search:ASIAI0B -> (ImportResultId: 'c8ff11d8baacebd393704ff4574bbb90') in 0.0019182 seconds
[Worker0] Imported GUID: cdd5bec613c44cd3b5fcd57177754bb9 - Path: Packages/com.unity.collab-proxy/Editor/Tool/IsExeVersion.cs - Importer: ScriptedImporter/UnityEditor.QuickSearchModule:UnityEditor.Search:ASIAI0B -> (ImportResultId: '4376a5775e28bd9043c2f3ebbb3ee1c6') in 0.002184 seconds
[Worker0] Imported GUID: 26e3da9604f1418d8da4a0b39108d6e7 - Path: Packages/com.unity.collab-proxy/Editor/Diff/DiffMessagePanel.cs - Importer: ScriptedImporter/UnityEditor.QuickSearchModule:UnityEditor.Search:ASIAI0B -> (ImportResultId: '502e14202ec1a85141355f56be73c77d') in 0.0022119 seconds
[Worker0] Imported GUID: d9f7fbcfec44541f38ad555a93fad564 - Path: Packages/com.unity.collab-proxy/Editor/Hashing/XxHash64.cs - Importer: ScriptedImporter/UnityEditor.QuickSearchModule:UnityEditor.Search:ASIAI0B -> (ImportResultId: '3a0aea09d01bfe746fd7dbcfa70b40eb') in 0.0026527 seconds
[Worker0] Imported GUID: 9b17ac8ceb35dc74fbf646862e01a782 - Path: Packages/com.unity.collab-proxy/Editor/Gluon/IncomingChangesNotification.cs - Importer: ScriptedImporter/UnityEditor.QuickSearchModule:UnityEditor.Search:ASIAI0B -> (ImportResultId: '1f41caa8e6b31240a084e6b2dc9d8ae2') in 0.0028704 seconds
[Worker0] Imported GUID: 2e0d1d689c88f76448cad390443d7ba3 - Path: Packages/com.unity.collab-proxy/Editor/Tool/FindTool.cs - Importer: ScriptedImporter/UnityEditor.QuickSearchModule:UnityEditor.Search:ASIAI0B -> (ImportResultId: '5d018a7a4ec2b5a16a6f7b44a057a31b') in 0.0030814 seconds
[Worker0] Imported GUID: 22904cb954eb4a2e9bcae493741b96e6 - Path: Packages/com.unity.collab-proxy/Editor/Diff/DiffTextViewBuilder.cs - Importer: ScriptedImporter/UnityEditor.QuickSearchModule:UnityEditor.Search:ASIAI0B -> (ImportResultId: '4ed059388869eb375e96f0c3a0493d16') in 0.001945 seconds
[Worker0] Imported GUID: f111698d5aafb61479afc143e389a014 - Path: Packages/com.unity.collab-proxy/Editor/Headless/HeadlessGluonUpdateProgress.cs - Importer: ScriptedImporter/UnityEditor.QuickSearchModule:UnityEditor.Search:ASIAI0B -> (ImportResultId: '6a36736f472d75578ca57b0bc6900c49') in 0.0020975 seconds
[Worker0] Imported GUID: 2225873219944bac82cbf7bb0a2b5153 - Path: Packages/com.unity.collab-proxy/Editor/Diff/DiffMergeColorThemeSetter.cs - Importer: ScriptedImporter/UnityEditor.QuickSearchModule:UnityEditor.Search:ASIAI0B -> (ImportResultId: '0f6d5073b032e81c57cf3821ed21507f') in 0.0021499 seconds
[Worker0] Imported GUID: fe8d056c7f649402c8690ade1bc20eb5 - Path: Packages/com.unity.collab-proxy/Editor/Diff/EditedTextBlockMarker.cs - Importer: ScriptedImporter/UnityEditor.QuickSearchModule:UnityEditor.Search:ASIAI0B -> (ImportResultId: 'b9183d4111ef7864249fc321d207f111') in 0.0027084 seconds
[Worker0] Imported GUID: a4431274b9694af98cec7d089835c6a4 - Path: Packages/com.unity.collab-proxy/Editor/Topbar/TopbarButtons.cs - Importer: ScriptedImporter/UnityEditor.QuickSearchModule:UnityEditor.Search:ASIAI0B -> (ImportResultId: '783e0c249741bcd0daf238616cfb1e4f') in 0.0022788 seconds
[Worker0] Imported GUID: 01023c055f6f08e408b78d36d5f7a803 - Path: Packages/com.unity.collab-proxy/Editor/UI/HandleMenuItem.cs - Importer: ScriptedImporter/UnityEditor.QuickSearchModule:UnityEditor.Search:ASIAI0B -> (ImportResultId: 'bafe4289bd731d31bd8fcf1c4736fd9a') in 0.0031091 seconds
[Worker0] Imported GUID: 3c3253f17b35cd14ab618b470fb0e52a - Path: Packages/com.unity.collab-proxy/Editor/UI/DrawActionToolbar.cs - Importer: ScriptedImporter/UnityEditor.QuickSearchModule:UnityEditor.Search:ASIAI0B -> (ImportResultId: '8c539bc366c93dcd231a238916fac14d') in 0.0021737 seconds
[Worker0] Imported GUID: c60feb8f0f5f57c4393eae9a43529616 - Path: Packages/com.unity.collab-proxy/Editor/UI/UnityConstants.cs - Importer: ScriptedImporter/UnityEditor.QuickSearchModule:UnityEditor.Search:ASIAI0B -> (ImportResultId: '88731b62ed1ead26c1d4a89b6c2239f1') in 0.0040796 seconds
[Worker0] Imported GUID: e4830608cb1ca7f4289f521d7578de88 - Path: Packages/com.unity.collab-proxy/Editor/UI/GetOverlayRect.cs - Importer: ScriptedImporter/UnityEditor.QuickSearchModule:UnityEditor.Search:ASIAI0B -> (ImportResultId: 'c3be6fcc5c1314bf49bf501914fa80de') in 0.0029083 seconds
[Worker0] Imported GUID: 84ce5571ebc476e45b6c9bc6644599c2 - Path: Packages/com.unity.collab-proxy/Editor/UI/EditorWindowFocus.cs - Importer: ScriptedImporter/UnityEditor.QuickSearchModule:UnityEditor.Search:ASIAI0B -> (ImportResultId: '1b1632faec5d6472e2feea1bbd53729d') in 0.0029117 seconds
[Worker0] Imported GUID: 023009af66be2da4d84bf23700528308 - Path: Packages/com.unity.collab-proxy/Editor/UI/UnityEvents.cs - Importer: ScriptedImporter/UnityEditor.QuickSearchModule:UnityEditor.Search:ASIAI0B -> (ImportResultId: 'ce886c068619d17bee7084e07ceef9fc') in 0.0032352 seconds
[Worker0] Imported GUID: d765c78b18a58b14a986b34841ae9c52 - Path: Packages/com.unity.collab-proxy/Editor/UI/Images.cs - Importer: ScriptedImporter/UnityEditor.QuickSearchModule:UnityEditor.Search:ASIAI0B -> (ImportResultId: 'fab8e7d9bbabd6b7ede85142a4a19bff') in 0.0020553 seconds
[Worker0] Imported GUID: 75e502da07ff345528edbecd094b5cb5 - Path: Packages/com.unity.collab-proxy/Editor/UI/DelayedActionBySecondsRunner.cs - Importer: ScriptedImporter/UnityEditor.QuickSearchModule:UnityEditor.Search:ASIAI0B -> (ImportResultId: 'cb5cc20c104f8da07170f5869fc2e69e') in 0.0033062 seconds
[Worker0] Imported GUID: c08cfcfc4c2c46c46940ed103538acae - Path: Packages/com.unity.collab-proxy/Editor/UI/DrawActionButton.cs - Importer: ScriptedImporter/UnityEditor.QuickSearchModule:UnityEditor.Search:ASIAI0B -> (ImportResultId: 'e66339229a4d815c8390b17e24b2b7ff') in 0.0050642 seconds
[Worker0] Imported GUID: 0f222cc01be81b842b1333c92fb7355c - Path: Packages/com.unity.collab-proxy/Editor/UI/DrawUserIcon.cs - Importer: ScriptedImporter/UnityEditor.QuickSearchModule:UnityEditor.Search:ASIAI0B -> (ImportResultId: 'cfd127dd34b6f71fde29523fa0eba25b') in 0.0023666 seconds
[Worker0] Imported GUID: 2bdca37e8ede38949a186765fa1eefc6 - Path: Packages/com.unity.collab-proxy/Editor/UI/ShowWindow.cs - Importer: ScriptedImporter/UnityEditor.QuickSearchModule:UnityEditor.Search:ASIAI0B -> (ImportResultId: '924beefa437b3b10dfb95a842d7a5bf5') in 0.0059669 seconds
[Worker0] Imported GUID: ddfa6de84251ce4448a66bad9e7d326e - Path: Packages/com.unity.collab-proxy/Editor/UI/DrawSplitter.cs - Importer: ScriptedImporter/UnityEditor.QuickSearchModule:UnityEditor.Search:ASIAI0B -> (ImportResultId: '9fb3906c7815aed35d7113b26c0c8169') in 0.0033519 seconds
[Worker0] Imported GUID: d2e4782a922433041be291edaf12421a - Path: Packages/com.unity.collab-proxy/Editor/UI/DropDownTextField.cs - Importer: ScriptedImporter/UnityEditor.QuickSearchModule:UnityEditor.Search:ASIAI0B -> (ImportResultId: 'b0d78d2e304b792289c0e0a36580cb6a') in 0.0651979 seconds
[Worker0] Imported GUID: d09e9a1cd2c8d457790c3c2161996c59 - Path: Packages/com.unity.collab-proxy/Editor/UI/EditorWindowHost.cs - Importer: ScriptedImporter/UnityEditor.QuickSearchModule:UnityEditor.Search:ASIAI0B -> (ImportResultId: '076bc82ff10a7ab56345b50d88a1a520') in 0.003804 seconds
[Worker0] Imported GUID: ccc33cdb0ce54f878e30b674fe635381 - Path: Packages/com.unity.collab-proxy/Editor/UI/RectExtensions.cs - Importer: ScriptedImporter/UnityEditor.QuickSearchModule:UnityEditor.Search:ASIAI0B -> (ImportResultId: '9adad984a254ecbf39b18cae21033f0c') in 0.0060478 seconds
[Worker0] Imported GUID: 5474cb78511de04459cac50d50b9d9e0 - Path: Packages/com.unity.collab-proxy/Editor/UI/DrawSearchField.cs - Importer: ScriptedImporter/UnityEditor.QuickSearchModule:UnityEditor.Search:ASIAI0B -> (ImportResultId: 'fdd854ba540e2e5318bd807ba1f3d74e') in 0.009248 seconds
[Worker0] Imported GUID: ccc9f105224248edbf0b807faa2bcba9 - Path: Packages/com.unity.collab-proxy/Editor/UI/AttributeColor.cs - Importer: ScriptedImporter/UnityEditor.QuickSearchModule:UnityEditor.Search:ASIAI0B -> (ImportResultId: 'b85369f0a0dccd5ea1b00196d2bae6c3') in 0.0025755 seconds
[Worker0] Imported GUID: 7b405b01c6be83742bc000fb416b4dbf - Path: Packages/com.unity.collab-proxy/Editor/Tool/LaunchInstaller.cs - Importer: ScriptedImporter/UnityEditor.QuickSearchModule:UnityEditor.Search:ASIAI0B -> (ImportResultId: 'effff2a69112f02260a79b5472f7e689') in 0.0068737 seconds
[Worker0] Imported GUID: e436e24eba68eff48b3fb264ad0ab953 - Path: Packages/com.unity.collab-proxy/Editor/UI/EditorProgressControls.cs - Importer: ScriptedImporter/UnityEditor.QuickSearchModule:UnityEditor.Search:ASIAI0B -> (ImportResultId: '60cabec55888b1474a3c0b8b24e8282a') in 0.0107847 seconds
[Worker0] Imported GUID: eaa3325968035499991b3b1d1b89a348 - Path: Packages/com.unity.collab-proxy/Editor/UI/CalcTextSize.cs - Importer: ScriptedImporter/UnityEditor.QuickSearchModule:UnityEditor.Search:ASIAI0B -> (ImportResultId: 'f10c47821758a3b4e546e122f9fc7d24') in 0.0022957 seconds
[Worker0] Imported GUID: de396a7891b8b7f4f9649c3ccee67421 - Path: Packages/com.unity.collab-proxy/Editor/UI/EnumPopupSetting.cs - Importer: ScriptedImporter/UnityEditor.QuickSearchModule:UnityEditor.Search:ASIAI0B -> (ImportResultId: '47e3123b7895598e2d91721c34109830') in 0.002936 seconds
[Worker0] Imported GUID: 61c9e0bcd840dcb4f907e8cc9b89772a - Path: Packages/com.unity.collab-proxy/Editor/UI/GUIContentNotification.cs - Importer: ScriptedImporter/UnityEditor.QuickSearchModule:UnityEditor.Search:ASIAI0B -> (ImportResultId: 'b14b2c0a18fef0e2664e2998780a75d0') in 0.0020893 seconds
[Worker0] Imported GUID: de4aea75bc204d14cb432cf1708548f1 - Path: Packages/com.unity.collab-proxy/Editor/UI/EditorDispatcher.cs - Importer: ScriptedImporter/UnityEditor.QuickSearchModule:UnityEditor.Search:ASIAI0B -> (ImportResultId: 'e44bf92ef75bb9f4e3bb16d5dc231e7f') in 0.0053509 seconds
[Worker0] Imported GUID: de6e8913aefd69d4ca90a7216d225d3a - Path: Packages/com.unity.collab-proxy/Editor/Tool/ToolConstants.cs - Importer: ScriptedImporter/UnityEditor.QuickSearchModule:UnityEditor.Search:ASIAI0B -> (ImportResultId: 'bcba813a5c584413075eb1b9b1d06546') in 0.011525 seconds
[Worker0] Imported GUID: ba319c71501487041bda92a854e8435e - Path: Packages/com.unity.collab-proxy/Editor/UI/ResponseType.cs - Importer: ScriptedImporter/UnityEditor.QuickSearchModule:UnityEditor.Search:ASIAI0B -> (ImportResultId: '33e112f18cc0640aaf3b0ed549f6964b') in 0.0022139 seconds
[Worker0] Imported GUID: 245d2c4b912b39a4784287979ea8cfd9 - Path: Packages/com.unity.collab-proxy/Editor/UI/EditorProgressBar.cs - Importer: ScriptedImporter/UnityEditor.QuickSearchModule:UnityEditor.Search:ASIAI0B -> (ImportResultId: '68817ec7e12283b4a107ef426299035f') in 0.0019156 seconds
[Worker0] Imported GUID: f79c84772bc81844fb9e662249f1e400 - Path: Packages/com.unity.collab-proxy/Editor/UI/CheckUnityException.cs - Importer: ScriptedImporter/UnityEditor.QuickSearchModule:UnityEditor.Search:ASIAI0B -> (ImportResultId: 'ead389e1729d6f49a49c505b3fb246b0') in 0.0024553 seconds
[Worker0] Imported GUID: 04d3d047cf80496fa3fb23c00962ad18 - Path: Packages/com.unity.collab-proxy/Editor/UI/Fonts.cs - Importer: ScriptedImporter/UnityEditor.QuickSearchModule:UnityEditor.Search:ASIAI0B -> (ImportResultId: '09c6b6ca5dd84502235520964d962c2b') in 0.0017164 seconds
[Worker0] Imported GUID: 65c9d93f86da86b41a712d92e8f03dc2 - Path: Packages/com.unity.collab-proxy/Editor/UI/GetPlasticShortcut.cs - Importer: ScriptedImporter/UnityEditor.QuickSearchModule:UnityEditor.Search:ASIAI0B -> (ImportResultId: '1c479fafe914b70a7cfa0611bff2c0e4') in 0.0018045 seconds
[Worker0] Imported GUID: e26dd2ea146011948b8e7518465ea71a - Path: Packages/com.unity.collab-proxy/Editor/UI/DialogWithCheckBox_Legacy.cs - Importer: ScriptedImporter/UnityEditor.QuickSearchModule:UnityEditor.Search:ASIAI0B -> (ImportResultId: '60213528387b57814ee686c2e359e470') in 0.0018761 seconds
[Worker0] Imported GUID: 8b6dfd14d4f1481994014ade2c68e7b9 - Path: Packages/com.unity.collab-proxy/Editor/UI/ColorFromText.cs - Importer: ScriptedImporter/UnityEditor.QuickSearchModule:UnityEditor.Search:ASIAI0B -> (ImportResultId: '51ac02170ea986beef478d391fc54d63') in 0.0017911 seconds
[Worker0] Imported GUID: c0fb4867bb584f229fb38202476e0ce5 - Path: Packages/com.unity.collab-proxy/Editor/Topbar/Breadcrumb.cs - Importer: ScriptedImporter/UnityEditor.QuickSearchModule:UnityEditor.Search:ASIAI0B -> (ImportResultId: 'b1f262d63f0a84c0f2faa25b67a77ae3') in 0.0018362 seconds
[Worker0] Imported GUID: 30c4cfa3209d4a44480017a19ec5b3b8 - Path: Packages/com.unity.collab-proxy/Editor/UI/DrawActionHelpBox.cs - Importer: ScriptedImporter/UnityEditor.QuickSearchModule:UnityEditor.Search:ASIAI0B -> (ImportResultId: '8139c91a58468a28a0f393239b7de53c') in 0.0019334 seconds
[Worker0] Imported GUID: bf4c80d864854f97a4b2f1dcad326904 - Path: Packages/com.unity.collab-proxy/Editor/UI/DialogWithCheckBox.cs - Importer: ScriptedImporter/UnityEditor.QuickSearchModule:UnityEditor.Search:ASIAI0B -> (ImportResultId: '0e7ef012af82a448c7b878ad72f3f860') in 0.0025221 seconds
[Worker0] Imported GUID: a2fdee6cdf66471f83f828b59955ed70 - Path: Packages/com.unity.collab-proxy/Editor/UI/AvatarColor.cs - Importer: ScriptedImporter/UnityEditor.QuickSearchModule:UnityEditor.Search:ASIAI0B -> (ImportResultId: '6eaca1e264850a769eb9fe9dd23f4b9f') in 0.0018052 seconds
[Worker0] Imported GUID: 1ea55c972a804304b2c7212f93c6bc4e - Path: Packages/com.unity.collab-proxy/Editor/UI/OverlayProgress.cs - Importer: ScriptedImporter/UnityEditor.QuickSearchModule:UnityEditor.Search:ASIAI0B -> (ImportResultId: 'c82095775b5ba6b4d5d69bd40b793bd8') in 0.0019674 seconds
[Worker0] Imported GUID: 5eeef8c7e006fbe49ab66c960691f11e - Path: Packages/com.unity.collab-proxy/Editor/UI/MeasureMaxWidth.cs - Importer: ScriptedImporter/UnityEditor.QuickSearchModule:UnityEditor.Search:ASIAI0B -> (ImportResultId: '3a39b25f20f13aa9798635d750a9c542') in 0.0018134 seconds
[Worker0] Imported GUID: 3a4d828da4d125740924da08b5fbe1cb - Path: Packages/com.unity.collab-proxy/Editor/UI/GuiEnabled.cs - Importer: ScriptedImporter/UnityEditor.QuickSearchModule:UnityEditor.Search:ASIAI0B -> (ImportResultId: '5e76aeabcd2172ba88050d68a03aff6d') in 0.0018122 seconds
[Worker0] Imported GUID: b3b18600c13f447a90bf04fc2a6dc2d5 - Path: Packages/com.unity.collab-proxy/Editor/UI/SplitterSettings.cs - Importer: ScriptedImporter/UnityEditor.QuickSearchModule:UnityEditor.Search:ASIAI0B -> (ImportResultId: '5ccaa16e5827aae6e94f91dee7c927c0') in 0.0018842 seconds
[Worker0] Imported GUID: e269ac752b6af4e40bc8fbf471ece79b - Path: Packages/com.unity.collab-proxy/Editor/UI/InputTextDialog.cs - Importer: ScriptedImporter/UnityEditor.QuickSearchModule:UnityEditor.Search:ASIAI0B -> (ImportResultId: 'cd385c63f6232c9d90ea31ff4efe570f') in 0.0026448 seconds
[Worker0] Imported GUID: 25e3b426e5be4f64db3f9184fd625379 - Path: Packages/com.unity.collab-proxy/Editor/UI/CloseWindowIfOpened.cs - Importer: ScriptedImporter/UnityEditor.QuickSearchModule:UnityEditor.Search:ASIAI0B -> (ImportResultId: 'bdd9bd3218df0d29451e1ef80b3c41a6') in 0.0023633 seconds
[Worker0] Imported GUID: 70d26390057f4174a01f658c74482272 - Path: Packages/com.unity.collab-proxy/Editor/Topbar/Topbar.cs - Importer: ScriptedImporter/UnityEditor.QuickSearchModule:UnityEditor.Search:ASIAI0B -> (ImportResultId: 'e19ae04609a8556f578c78dcb60853b9') in 0.0019422 seconds
[Worker0] Imported GUID: f8b61564d80f4d16b3bf68e8dfe87c89 - Path: Packages/com.unity.collab-proxy/Editor/Tool/PlasticExeLauncher.cs - Importer: ScriptedImporter/UnityEditor.QuickSearchModule:UnityEditor.Search:ASIAI0B -> (ImportResultId: 'a66400666ef55e46769c560ad218abbf') in 0.0018218 seconds
[Worker0] Imported GUID: 54390afd4066b724d9a802ff75bed13b - Path: Packages/com.unity.collab-proxy/Editor/UI/DrawTextBlockWithLink.cs - Importer: ScriptedImporter/UnityEditor.QuickSearchModule:UnityEditor.Search:ASIAI0B -> (ImportResultId: 'd95dea553f717213a3f4c513e7157b4f') in 0.0019197 seconds
[Worker0] Imported GUID: 2bd4f044bfa05a14ebd7f4e6dcd0fb74 - Path: Packages/com.unity.collab-proxy/Editor/UI/INotificationContent.cs - Importer: ScriptedImporter/UnityEditor.QuickSearchModule:UnityEditor.Search:ASIAI0B -> (ImportResultId: '50d28fa6442d4604b1827ebfd1068ee4') in 0.0017605 seconds
[Worker0] Imported GUID: 97b51e80cfabfe341958267f3d6c2ed6 - Path: Packages/com.unity.collab-proxy/Editor/UI/EntryBuilder.cs - Importer: ScriptedImporter/UnityEditor.QuickSearchModule:UnityEditor.Search:ASIAI0B -> (ImportResultId: '1ce95621817a9f8d1c89f54786d37ce2') in 0.0017317 seconds
[Worker0] Imported GUID: 70bf1fe1bcd44b64b43910da6487eab4 - Path: Packages/com.unity.collab-proxy/Editor/UI/DrawStaticElement.cs - Importer: ScriptedImporter/UnityEditor.QuickSearchModule:UnityEditor.Search:ASIAI0B -> (ImportResultId: 'd65771be452df99be7cf293c407dcee3') in 0.0022349 seconds
[Worker0] Imported GUID: 0e1e2d80d9c79b042ab42fdf0b5c0b65 - Path: Packages/com.unity.collab-proxy/Editor/UI/EditorVersion.cs - Importer: ScriptedImporter/UnityEditor.QuickSearchModule:UnityEditor.Search:ASIAI0B -> (ImportResultId: '498f4a8e022de9204f067fd07ea91f45') in 0.0019317 seconds
[Worker0] Imported GUID: ac908610ab768459d9be962750408b43 - Path: Packages/com.unity.collab-proxy/Editor/UI/PlasticDialog.cs - Importer: ScriptedImporter/UnityEditor.QuickSearchModule:UnityEditor.Search:ASIAI0B -> (ImportResultId: '86237f2cc3aa0467116d2d85e2603d8c') in 0.0019597 seconds
[Worker0] Imported GUID: 9c41da65bf0c4ef2bcf303f406d8e2c8 - Path: Packages/com.unity.collab-proxy/Editor/Topbar/NotificationsArea.cs - Importer: ScriptedImporter/UnityEditor.QuickSearchModule:UnityEditor.Search:ASIAI0B -> (ImportResultId: '0a42060300cbcc474441b5c89f287e92') in 0.0030184 seconds
[Worker0] Imported GUID: 923089d9a5486b545bfc5f70e781d4e1 - Path: Packages/com.unity.collab-proxy/Editor/UI/SortOrderComparer.cs - Importer: ScriptedImporter/UnityEditor.QuickSearchModule:UnityEditor.Search:ASIAI0B -> (ImportResultId: '616a4a1c7b9b8fd074cda176475519c4') in 0.0023873 seconds
[Worker0] Imported GUID: 3320b7341e4731842a6fd50ae97c96f5 - Path: Packages/com.unity.collab-proxy/Editor/UI/GetWindowIfOpened.cs - Importer: ScriptedImporter/UnityEditor.QuickSearchModule:UnityEditor.Search:ASIAI0B -> (ImportResultId: 'd5fd4d4787d41339eab7e59ca3adc476') in 0.0037841 seconds
[Worker0] Imported GUID: a6d05b29e607e62478df26227566e1b9 - Path: Packages/com.unity.collab-proxy/Editor/Tool/LaunchTool.cs - Importer: ScriptedImporter/UnityEditor.QuickSearchModule:UnityEditor.Search:ASIAI0B -> (ImportResultId: '178eec0020c1e9262c0b6aef36450c18') in 0.0028906 seconds
[Worker0] Imported GUID: 701a688f3cb0245579bf46b63d0b7134 - Path: Packages/com.unity.collab-proxy/Editor/UI/RunModal.cs - Importer: ScriptedImporter/UnityEditor.QuickSearchModule:UnityEditor.Search:ASIAI0B -> (ImportResultId: 'e79d52c11ce10d314f7af91a0e4455b7') in 0.0031919 seconds
[Worker0] Imported GUID: ad0c4895dbf7aeb459c1d136884a7998 - Path: Packages/com.unity.collab-proxy/Editor/UI/UnityMenuItem.cs - Importer: ScriptedImporter/UnityEditor.QuickSearchModule:UnityEditor.Search:ASIAI0B -> (ImportResultId: '41dd92fdb935e7ce2f03d6402bdb4c06') in 0.0028493 seconds
[Worker0] Imported GUID: 278463514ca704271b228ad4ddc32e6b - Path: Packages/com.unity.collab-proxy/Editor/UI/ThreadWaiterRegistry.cs - Importer: ScriptedImporter/UnityEditor.QuickSearchModule:UnityEditor.Search:ASIAI0B -> (ImportResultId: 'd71247b4cb6a950ae9a4479160a891fa') in 0.0031623 seconds
[Worker0] Imported GUID: c0faad526f5548c1a53c288b045580b0 - Path: Packages/com.unity.collab-proxy/Editor/UI/DelayedActionByFramesRunner.cs - Importer: ScriptedImporter/UnityEditor.QuickSearchModule:UnityEditor.Search:ASIAI0B -> (ImportResultId: '274a269f68c4fe87e7a890a4e56e91c9') in 0.0029018 seconds
[Worker0] Imported GUID: 0f5401cd5ff8fc4409bf9540072b14bc - Path: Packages/com.unity.collab-proxy/Editor/UI/FindEditorWindow.cs - Importer: ScriptedImporter/UnityEditor.QuickSearchModule:UnityEditor.Search:ASIAI0B -> (ImportResultId: '8618f97f4d8503d8f32c7c0e2ff993b6') in 0.0026275 seconds
[Worker0] Imported GUID: 6dbc54b503a79034d9c544e39451fd10 - Path: Packages/com.unity.collab-proxy/Editor/UI/GUIActionRunner.cs - Importer: ScriptedImporter/UnityEditor.QuickSearchModule:UnityEditor.Search:ASIAI0B -> (ImportResultId: '9b8259bd60963cc7181872a1a765d1b7') in 0.0022696 seconds
[Worker0] Imported GUID: 3a6fba741cdd5fb4982a73a4d791754f - Path: Packages/com.unity.collab-proxy/Editor/UI/DockEditorWindow.cs - Importer: ScriptedImporter/UnityEditor.QuickSearchModule:UnityEditor.Search:ASIAI0B -> (ImportResultId: '0bf16343e673b1e1287687d16fe5bca2') in 0.0018044 seconds
[Worker0] Imported GUID: eda42d85846dab04a81db79ea2ab5e12 - Path: Packages/com.unity.collab-proxy/Editor/UI/DrawCopyableLabel.cs - Importer: ScriptedImporter/UnityEditor.QuickSearchModule:UnityEditor.Search:ASIAI0B -> (ImportResultId: '4705172f5d321e20c5a18ab7402a0e76') in 0.0019264 seconds
[Worker0] Imported GUID: 640fd06dff6f43498693eeda77683e6e - Path: Packages/com.unity.collab-proxy/Editor/UI/DrawActionButtonWithMenu.cs - Importer: ScriptedImporter/UnityEditor.QuickSearchModule:UnityEditor.Search:ASIAI0B -> (ImportResultId: 'b8ed2189c465ea43618950c30109485b') in 0.0027368 seconds
[Worker0] Imported GUID: 9c549b85e316e2d4ea9265d63a17e401 - Path: Packages/com.unity.collab-proxy/Editor/UI/ScreenResolution.cs - Importer: ScriptedImporter/UnityEditor.QuickSearchModule:UnityEditor.Search:ASIAI0B -> (ImportResultId: 'e4863c7a782c6fd0f5cb2a38df7222bc') in 0.0020272 seconds
[Worker0] Imported GUID: af5dbec545ddf41e7b15fef8a3cfb75b - Path: Packages/com.unity.collab-proxy/Editor/Assets/Images/ArrowCaretRight.png - Importer: ScriptedImporter/UnityEditor.QuickSearchModule:UnityEditor.Search:ASIAI0B -> (ImportResultId: '7ffd8359c36ef664577012cab95bf612') in 0.0838081 seconds
[Worker0] Imported GUID: e86abcad326bbd44a9f3c0516899ce75 - Path: Packages/com.unity.collab-proxy/Editor/WebApi/ErrorResponse.cs - Importer: ScriptedImporter/UnityEditor.QuickSearchModule:UnityEditor.Search:ASIAI0B -> (ImportResultId: 'a80c64486fb9018fae25b9d09040abee') in 0.0021634 seconds
[Worker0] Imported GUID: da54c27b153842f8b52711ef467ad986 - Path: Packages/com.unity.collab-proxy/Editor/Views/ApplyShelveWithConflictsQuestionerBuilder.cs - Importer: ScriptedImporter/UnityEditor.QuickSearchModule:UnityEditor.Search:ASIAI0B -> (ImportResultId: 'd6b068dfc361cef1c17f55fb984aec91') in 0.0024551 seconds
[Worker0] Imported GUID: 2f0909bef14cc58438d6fcea85ba8555 - Path: Packages/com.unity.collab-proxy/Lib/Editor/zlib64Plastic.dll - Importer: ScriptedImporter/UnityEditor.QuickSearchModule:UnityEditor.Search:ASIAI0B -> (ImportResultId: '75ba63d5ed643608e2f997d62c254c39') in 0.0060848 seconds
[Worker0] Imported GUID: 3313b144884b41f4a86de6fda5eed953 - Path: Packages/com.unity.collab-proxy/Lib/Editor/liblz4Plastic.dylib - Importer: ScriptedImporter/UnityEditor.QuickSearchModule:UnityEditor.Search:ASIAI0B -> (ImportResultId: '8d8b6e10736669f36d8a4e448ee89b85') in 0.0027193 seconds
[Worker0] Imported GUID: b3e01e80c420d4ac9a425a6abf8c99ec - Path: Packages/com.unity.collab-proxy/Editor/Assets/Images/d_ArrowCaretLeft@2x.png - Importer: ScriptedImporter/UnityEditor.QuickSearchModule:UnityEditor.Search:ASIAI0B -> (ImportResultId: 'b8e7dae013a263263c037ea89b192498') in 0.0273531 seconds
[Worker0] Imported GUID: 9229ae5dbc38f488d921156ff75869e9 - Path: Packages/com.unity.collab-proxy/Editor/Assets/Fonts/Cascadia.ttf - Importer: ScriptedImporter/UnityEditor.QuickSearchModule:UnityEditor.Search:ASIAI0B -> (ImportResultId: 'b3df2c793cfade08da19501f0f238d4a') in 0.0256886 seconds
[Worker0] Imported GUID: 953c29d2e0dece647a64940343c91547 - Path: Packages/com.unity.collab-proxy/Editor/AssetOverlays/Cache/LockStatusCache.cs - Importer: ScriptedImporter/UnityEditor.QuickSearchModule:UnityEditor.Search:ASIAI0B -> (ImportResultId: '86f28cf021808a140ec18b5d22db4cb6') in 0.0160804 seconds
[Worker0] Imported GUID: 074a5a5f34697b64c9b36dc09f6f7c32 - Path: Packages/com.unity.collab-proxy/Lib/Editor/lz4x64Plastic.dll - Importer: ScriptedImporter/UnityEditor.QuickSearchModule:UnityEditor.Search:ASIAI0B -> (ImportResultId: '98cbfed3648cbd4d3abd850e391e3405') in 0.0043011 seconds
[Worker0] Imported GUID: 3943479b9e27741a78451950ae5841f6 - Path: Packages/com.unity.collab-proxy/Editor/Assets/Images/d_ArrowCaretRight@2x.png - Importer: ScriptedImporter/UnityEditor.QuickSearchModule:UnityEditor.Search:ASIAI0B -> (ImportResultId: '9a7eb019864b009a9807461cec763afa') in 0.0084097 seconds
[Worker0] Imported GUID: c44a2ac668da0a04d9e567739215b2eb - Path: Packages/com.unity.collab-proxy/Editor/AssetMenu/Dialogs/CheckinDialogOperations.cs - Importer: ScriptedImporter/UnityEditor.QuickSearchModule:UnityEditor.Search:ASIAI0B -> (ImportResultId: '7c642eb6b522550afdd9ba7e7cc63653') in 0.0026439 seconds
[Worker0] Imported GUID: 9e60047ccc6b8422193b170d51796ed2 - Path: Packages/com.unity.collab-proxy/Editor/Assets/Images/ArrowCaretLeft@2x.png - Importer: ScriptedImporter/UnityEditor.QuickSearchModule:UnityEditor.Search:ASIAI0B -> (ImportResultId: 'ff1e4f6175ac464d02155e080d96c91c') in 0.006325 seconds
[Worker0] Imported GUID: 660c279d5b14417c81d49ee4152e99a7 - Path: Packages/com.unity.collab-proxy/Editor/UnityInternals/UnityInternalsInjector.cs - Importer: ScriptedImporter/UnityEditor.QuickSearchModule:UnityEditor.Search:ASIAI0B -> (ImportResultId: 'cce0132e7f8b403f468602f325e0547b') in 0.0040205 seconds
[Worker0] Imported GUID: ddf2e76e8a1f88f46ae1e42277850b48 - Path: Packages/com.unity.collab-proxy/Editor/Assets/Images/buttonssosigninemail@2x.png - Importer: ScriptedImporter/UnityEditor.QuickSearchModule:UnityEditor.Search:ASIAI0B -> (ImportResultId: '8702477cbea9af32725b2dcff6dc85c2') in 0.0064219 seconds
[Worker0] Imported GUID: 83e946775d0516c4aba77860a60ed6e6 - Path: Packages/com.unity.collab-proxy/Editor/UI/UnityThreadWaiter.cs - Importer: ScriptedImporter/UnityEditor.QuickSearchModule:UnityEditor.Search:ASIAI0B -> (ImportResultId: '4c4109129f0086eb5568f2caf65c5b0a') in 0.0020763 seconds
[Worker0] Imported GUID: 5717b3e29bf6a2b48be2cf9d0707c505 - Path: Packages/com.unity.collab-proxy/Editor/UVCSToolbar/UVCSToolbar.cs - Importer: ScriptedImporter/UnityEditor.QuickSearchModule:UnityEditor.Search:ASIAI0B -> (ImportResultId: '7b4ec490f9e58b61d5a8ce8dec657711') in 0.0020312 seconds
[Worker0] Imported GUID: d1c46ccb760d06146a24b7e265e19566 - Path: Packages/com.unity.collab-proxy/Editor/WebApi/CredentialsResponse.cs - Importer: ScriptedImporter/UnityEditor.QuickSearchModule:UnityEditor.Search:ASIAI0B -> (ImportResultId: 'd2e8e808f39c21ea45b0a2c5ebe320db') in 0.0029932 seconds
[Worker0] Imported GUID: 792f2bf6e6d57db4f93253a322673bc7 - Path: Packages/com.unity.collab-proxy/Editor/UVCSToolbar/ToolbarController.cs - Importer: ScriptedImporter/UnityEditor.QuickSearchModule:UnityEditor.Search:ASIAI0B -> (ImportResultId: '66f1896a56e8d2a050dda13696ea83a5') in 0.0017986 seconds
[Worker0] Imported GUID: be2e0deab40f1478a99038fcbc19219d - Path: Packages/com.unity.collab-proxy/Editor/Assets/Images/ArrowCaretRight@2x.png - Importer: ScriptedImporter/UnityEditor.QuickSearchModule:UnityEditor.Search:ASIAI0B -> (ImportResultId: '525c0a678cef7813477a97d785352c95') in 0.0059421 seconds
[Worker0] Imported GUID: ee8ce5cd9c0883f4182b5cfd43cfd7fe - Path: Packages/com.unity.collab-proxy/Editor/Assets/Images/buttonssosigninunity@2x.png - Importer: ScriptedImporter/UnityEditor.QuickSearchModule:UnityEditor.Search:ASIAI0B -> (ImportResultId: '2df388dbba8582a5647c76b87f940bdb') in 0.006288 seconds
[Worker0] Imported GUID: a55fcf87e0ee4d5a83d10fab9c9407fe - Path: Packages/com.unity.collab-proxy/Editor/Views/SelectNewCodeReviewBehavior.cs - Importer: ScriptedImporter/UnityEditor.QuickSearchModule:UnityEditor.Search:ASIAI0B -> (ImportResultId: '1c17decd016a9a51d84b219d594b9a3b') in 0.0023203 seconds
[Worker0] Imported GUID: 90a94ffd2947aab4d9da12dee0175a7a - Path: Packages/com.unity.collab-proxy/Editor/UI/UnityPlasticTimer.cs - Importer: ScriptedImporter/UnityEditor.QuickSearchModule:UnityEditor.Search:ASIAI0B -> (ImportResultId: '9e57000fc7ab9c8c633726968d7a5d3f') in 0.0020003 seconds
[Worker0] Imported GUID: 9c963b5d17c74314eb7105e71377cdb8 - Path: Packages/com.unity.collab-proxy/Editor/AssetOverlays/Cache/BuildPathDictionary.cs - Importer: ScriptedImporter/UnityEditor.QuickSearchModule:UnityEditor.Search:ASIAI0B -> (ImportResultId: '24377ea4dfaf270a8d7d5aa077d9baac') in 0.0020454 seconds
[Worker0] Imported GUID: 08dbb8d51633f2f4bab9912fbce3e247 - Path: Packages/com.unity.collab-proxy/Editor/Views/DownloadPlasticExeDialog.cs - Importer: ScriptedImporter/UnityEditor.QuickSearchModule:UnityEditor.Search:ASIAI0B -> (ImportResultId: '84d817dbf781cf4cde42071c9de91551') in 0.0029109 seconds
[Worker0] Imported GUID: 992242bf8b23e574bbc95a128844c481 - Path: Packages/com.unity.collab-proxy/Lib/Editor/FileSystemWatcherLicense.txt - Importer: ScriptedImporter/UnityEditor.QuickSearchModule:UnityEditor.Search:ASIAI0B -> (ImportResultId: '847de4a50a76f5abf5cf14b15b81873a') in 0.0020926 seconds
[Worker0] Imported GUID: 09fca212d621e844a8a0f11a9ac6c1bc - Path: Packages/com.unity.collab-proxy/Editor/Assets/Images/d_buttonhome.png - Importer: ScriptedImporter/UnityEditor.QuickSearchModule:UnityEditor.Search:ASIAI0B -> (ImportResultId: '5d98fc53f678a42e86638b19ceb74dd5') in 0.0071898 seconds
[Worker0] Imported GUID: 956deaef7c041ed4abe7a5a3690c28bc - Path: Packages/com.unity.collab-proxy/Editor/Assets/Images/buttonhome@2x.png - Importer: ScriptedImporter/UnityEditor.QuickSearchModule:UnityEditor.Search:ASIAI0B -> (ImportResultId: 'b67caea68533ff352dbffdc0d92bf1b3') in 0.0064948 seconds
[Worker0] Imported GUID: c8d9f1a2b3e4f5a6b7c8d9e0f1a2b3c4 - Path: Packages/com.unity.collab-proxy/Editor/AssetMenu/Dialogs/AddToCloudDriveDialog.cs - Importer: ScriptedImporter/UnityEditor.QuickSearchModule:UnityEditor.Search:ASIAI0B -> (ImportResultId: 'd6ff74c2c33644643703d70188215782') in 0.0019566 seconds
[Worker0] Imported GUID: 4932f8b3d8c26804bb16dc5cb5b766ce - Path: Packages/com.unity.collab-proxy/Editor/WebApi/TokenExchangeResponse.cs - Importer: ScriptedImporter/UnityEditor.QuickSearchModule:UnityEditor.Search:ASIAI0B -> (ImportResultId: 'b9044b6564dd5c02220aedde8e290a29') in 0.0017857 seconds
[Worker0] Imported GUID: 363c1190d7979084c84a0421cedb3a51 - Path: Packages/com.unity.collab-proxy/Editor/WebApi/CurrentUserAdminCheckResponse.cs - Importer: ScriptedImporter/UnityEditor.QuickSearchModule:UnityEditor.Search:ASIAI0B -> (ImportResultId: '0e9fae9b9cd27b935baede2d29c05e92') in 0.0020671 seconds
[Worker0] Imported GUID: e60bdd1e4f6314d2382f323172110798 - Path: Packages/com.unity.collab-proxy/Lib/Editor/log4netPlastic.dll - Importer: ScriptedImporter/UnityEditor.QuickSearchModule:UnityEditor.Search:ASIAI0B -> (ImportResultId: 'cc4ddfc99da96140b2801edae8634585') in 0.0021284 seconds
[Worker0] Imported GUID: db9d246046f68df409cf1f58ea3dcc68 - Path: Packages/com.unity.collab-proxy/Editor/_Deprecated/PlasticPlugin.cs - Importer: ScriptedImporter/UnityEditor.QuickSearchModule:UnityEditor.Search:ASIAI0B -> (ImportResultId: '8498645f3fe6b6aaef82604e89a72108') in 0.0019327 seconds
[Worker0] Imported GUID: e09919744ef75bc4eaa3181b195375bd - Path: Packages/com.unity.collab-proxy/Editor/UnityInternals/UVCSToolbarBoostrap.cs - Importer: ScriptedImporter/UnityEditor.QuickSearchModule:UnityEditor.Search:ASIAI0B -> (ImportResultId: '063b7a290ec96a20367593cb31154868') in 0.0019633 seconds
[Worker0] Imported GUID: f9161c6c9e06dc445ada3ee16d991f90 - Path: Packages/com.unity.collab-proxy/Editor/Assets/Images/buttonssosigninunity.png - Importer: ScriptedImporter/UnityEditor.QuickSearchModule:UnityEditor.Search:ASIAI0B -> (ImportResultId: 'b2e66a80da97686024d6628355ca8c19') in 0.006043 seconds
[Worker0] Imported GUID: f5eff45d4f0cc5e478e6724c378098eb - Path: Packages/com.unity.collab-proxy/Editor/Views/FileSystemOperation.cs - Importer: ScriptedImporter/UnityEditor.QuickSearchModule:UnityEditor.Search:ASIAI0B -> (ImportResultId: '6640257fe24dba839be3084fb44b6182') in 0.0028586 seconds
[Worker0] Imported GUID: 3389e142c33d23546a31fc469443a2c3 - Path: Packages/com.unity.collab-proxy/Editor/Views/ConfirmContinueWithPendingChangesDialog.cs - Importer: ScriptedImporter/UnityEditor.QuickSearchModule:UnityEditor.Search:ASIAI0B -> (ImportResultId: '60c8ed2057595a5c253ec39b231202a6') in 0.0018335 seconds
[Worker0] Imported GUID: 0a3ad267026374439be70d4b4cd3d4f7 - Path: Packages/com.unity.collab-proxy/Editor/UI/UnityStyles.cs - Importer: ScriptedImporter/UnityEditor.QuickSearchModule:UnityEditor.Search:ASIAI0B -> (ImportResultId: '4461a381eb11148e521472549d87b15e') in 0.0018171 seconds
[Worker0] Imported GUID: a9acb575a60d7e045ad7fadd3e3e137d - Path: Packages/com.unity.collab-proxy/Editor/AssetOverlays/Cache/RemoteStatusCache.cs - Importer: ScriptedImporter/UnityEditor.QuickSearchModule:UnityEditor.Search:ASIAI0B -> (ImportResultId: 'c1a00467fd3c4ed92cdd0723901fac4b') in 0.0029157 seconds
[Worker0] Imported GUID: e57a1c5d3e1c8844eb3893fed51c9727 - Path: Packages/com.unity.collab-proxy/Editor/WebApi/WebRestApiClient.cs - Importer: ScriptedImporter/UnityEditor.QuickSearchModule:UnityEditor.Search:ASIAI0B -> (ImportResultId: '3fba88efbec7b9239a1194b590f583a9') in 0.0018338 seconds
[Worker0] Imported GUID: 8b1d1407c22e5844698f18df6a9f1781 - Path: Packages/com.unity.collab-proxy/Editor/_Deprecated/CollabPlugin.cs - Importer: ScriptedImporter/UnityEditor.QuickSearchModule:UnityEditor.Search:ASIAI0B -> (ImportResultId: '4ef5497f18eff38a882190b5a6092cae') in 0.0018726 seconds
[Worker0] Imported GUID: 6483fd05e8bf42a47aee5e11dbf6db8a - Path: Packages/com.unity.collab-proxy/Editor/Views/LaunchDiffOperations.cs - Importer: ScriptedImporter/UnityEditor.QuickSearchModule:UnityEditor.Search:ASIAI0B -> (ImportResultId: 'd141887d5982c33f77277d571c0b950b') in 0.0016694 seconds
[Worker0] Imported GUID: dda6504e0e7d670488e2fee625f7da02 - Path: Packages/com.unity.collab-proxy/Editor/Assets/Images/buttonhome.png - Importer: ScriptedImporter/UnityEditor.QuickSearchModule:UnityEditor.Search:ASIAI0B -> (ImportResultId: '2aad4c9595c1f0262dd5ddbd759f0442') in 0.0054156 seconds
[Worker0] Imported GUID: f09eae8c0ea04254b90c5386a034a225 - Path: Packages/com.unity.collab-proxy/Editor/Assets/Images/buttonssosigningoogle.png - Importer: ScriptedImporter/UnityEditor.QuickSearchModule:UnityEditor.Search:ASIAI0B -> (ImportResultId: 'ba0308629b8b063e2d63d94a7026b8b1') in 0.0062753 seconds
[Worker0] Imported GUID: 17b36165d09634a48bf5a0e4bb27f4bd - Path: Packages/com.unity.collab-proxy/Editor/UnityInternals/Unity.CollabProxy.Editor.asmdef - Importer: ScriptedImporter/UnityEditor.QuickSearchModule:UnityEditor.Search:ASIAI0B -> (ImportResultId: 'ebdacc7d182db77369cca1e8475a99c9') in 0.0022623 seconds
[Worker0] Imported GUID: e2c5ee46f6b0148afbe40d935c70faee - Path: Packages/com.unity.collab-proxy/Editor/Assets/Images/d_ArrowCaretLeft.png - Importer: ScriptedImporter/UnityEditor.QuickSearchModule:UnityEditor.Search:ASIAI0B -> (ImportResultId: 'e3370e45905b12eea3c1d90121ca7960') in 0.0057086 seconds
[Worker0] Imported GUID: 1c16a099b53fd4712b2d4cdb8fecd9f8 - Path: Packages/com.unity.collab-proxy/Editor/Assets/Images/ArrowCaretLeft.png - Importer: ScriptedImporter/UnityEditor.QuickSearchModule:UnityEditor.Search:ASIAI0B -> (ImportResultId: '5a23fc7a1925deaf366d2567b8247def') in 0.0085219 seconds
[Worker0] Imported GUID: 3a4d62c64067bca4cbbd6f7fcad2e190 - Path: Packages/com.unity.collab-proxy/Editor/Views/DateFilter.cs - Importer: ScriptedImporter/UnityEditor.QuickSearchModule:UnityEditor.Search:ASIAI0B -> (ImportResultId: 'b780b0df938cfca86fcb8026eaa523b1') in 0.0017741 seconds
[Worker0] Imported GUID: ee61022c90cce0b49bb0e459b11ec2ee - Path: Packages/com.unity.collab-proxy/Editor/UI/UnityPlasticGuiMessage.cs - Importer: ScriptedImporter/UnityEditor.QuickSearchModule:UnityEditor.Search:ASIAI0B -> (ImportResultId: 'adff5e07ecfe79e91d629dc4f3eed5c2') in 0.0017005 seconds
[Worker0] Imported GUID: 63860c9f5f91cbb4ea813deafa1327a0 - Path: Packages/com.unity.collab-proxy/Editor/WebApi/SubscriptionDetailsResponse.cs - Importer: ScriptedImporter/UnityEditor.QuickSearchModule:UnityEditor.Search:ASIAI0B -> (ImportResultId: 'a770c201e3e0f2c2c90c8456f840f086') in 0.0021149 seconds
[Worker0] Imported GUID: 3f227b28cf424364489edd67fce697bc - Path: Packages/com.unity.collab-proxy/Editor/AssetOverlays/Cache/AssetStatusCache.cs - Importer: ScriptedImporter/UnityEditor.QuickSearchModule:UnityEditor.Search:ASIAI0B -> (ImportResultId: '40812c65632e4ef170698a00912ae881') in 0.0018497 seconds
[Worker0] Imported GUID: 421fea03dd9d4ac089ca279ee87c573b - Path: Packages/com.unity.collab-proxy/Editor/Views/EnableSwitchAndShelveFeatureDialog.cs - Importer: ScriptedImporter/UnityEditor.QuickSearchModule:UnityEditor.Search:ASIAI0B -> (ImportResultId: 'b3f7903f5c265641f00ba6106142bf20') in 0.0017366 seconds
[Worker0] Imported GUID: 678db227e4ffec949980d309c0532b08 - Path: Packages/com.unity.collab-proxy/Editor/AssetMenu/Dialogs/CheckinDialog.cs - Importer: ScriptedImporter/UnityEditor.QuickSearchModule:UnityEditor.Search:ASIAI0B -> (ImportResultId: 'e40a585c7c5c09e6b7984ee4132c054e') in 0.0019244 seconds
[Worker0] Imported GUID: f4d4cddc7d40e49e18d2253e661465b2 - Path: Packages/com.unity.collab-proxy/Editor/Assets/Images/d_ArrowCaretRight.png - Importer: ScriptedImporter/UnityEditor.QuickSearchModule:UnityEditor.Search:ASIAI0B -> (ImportResultId: 'a28f180d833ffaae5c30584b835d66d9') in 0.0054432 seconds
[Worker0] Imported GUID: d24e7e0b75e1a244bb9687d6fd4315ef - Path: Packages/com.unity.collab-proxy/Editor/Assets/Images/buttonssosigninemail.png - Importer: ScriptedImporter/UnityEditor.QuickSearchModule:UnityEditor.Search:ASIAI0B -> (ImportResultId: 'da9c0d41e7e291c524520993f00ec535') in 0.0078936 seconds
[Worker0] Imported GUID: 9e56b150f059e654b911faff982eacf8 - Path: Packages/com.unity.collab-proxy/Editor/_Deprecated/README.md - Importer: ScriptedImporter/UnityEditor.QuickSearchModule:UnityEditor.Search:ASIAI0B -> (ImportResultId: 'feda17245936a5b3607c96941dd6ced0') in 0.002189 seconds
[Worker0] Imported GUID: 8a6ec1abdba94827a2f174dae33832d2 - Path: Packages/com.unity.collab-proxy/Editor/Views/ShelvePendingChangesDialog.cs - Importer: ScriptedImporter/UnityEditor.QuickSearchModule:UnityEditor.Search:ASIAI0B -> (ImportResultId: 'c0dffc892bf2a13e4e7e2647bc12f1a4') in 0.0019415 seconds
[Worker0] Imported GUID: 217d1c918b0005940b43c6099bbad952 - Path: Packages/com.unity.collab-proxy/Editor/UnityInternals/UVCSToolbarBoostrap_Legacy.cs - Importer: ScriptedImporter/UnityEditor.QuickSearchModule:UnityEditor.Search:ASIAI0B -> (ImportResultId: '4a126d57f6d372a15805cd0b58843c52') in 0.0039226 seconds
[Worker0] Imported GUID: f3cad5fee9fee5945b13e7e3518afb1b - Path: Packages/com.unity.collab-proxy/Lib/Editor/Unity.Plastic.Antlr3.Runtime.dll - Importer: ScriptedImporter/UnityEditor.QuickSearchModule:UnityEditor.Search:ASIAI0B -> (ImportResultId: '54a17194bf9736de882da3f67be4468c') in 0.005357 seconds
[Worker0] Imported GUID: 1b769279d1324508b645aea1a29bae8c - Path: Packages/com.unity.collab-proxy/Editor/UnityInternals/UVCSToolbarButton_Legacy.cs - Importer: ScriptedImporter/UnityEditor.QuickSearchModule:UnityEditor.Search:ASIAI0B -> (ImportResultId: '460b204323e1c0a24cb128b3e2b5968c') in 0.0021447 seconds
[Worker0] Imported GUID: a4362cb806af7495c834c5267b90e574 - Path: Packages/com.unity.collab-proxy/Lib/Editor/unityplastic.dll - Importer: ScriptedImporter/UnityEditor.QuickSearchModule:UnityEditor.Search:ASIAI0B -> (ImportResultId: '9a78de2e84839fc3ab6e95c305d0b15c') in 0.0027953 seconds
[Worker0] Imported GUID: 226459a134855504d841db6b61519d2b - Path: Packages/com.unity.collab-proxy/Editor/AssetOverlays/Cache/LocalStatusCache.cs - Importer: ScriptedImporter/UnityEditor.QuickSearchModule:UnityEditor.Search:ASIAI0B -> (ImportResultId: '7ba237f22e418a58a62b2d86778f1119') in 0.0024571 seconds
[Worker0] Imported GUID: e5fb93667cf08524f94b12181dbe3546 - Path: Packages/com.unity.collab-proxy/Lib/Editor/Unity.Plastic.Newtonsoft.Json.dll - Importer: ScriptedImporter/UnityEditor.QuickSearchModule:UnityEditor.Search:ASIAI0B -> (ImportResultId: '4abf51c097ff6fe046518a7cee3453d8') in 0.0027614 seconds
[Worker0] Imported GUID: 5bbb26813ae33c64d8937661111fb3c6 - Path: Packages/com.unity.collab-proxy/Editor/UVCSToolbar/UVCSToolbarButtonData.cs - Importer: ScriptedImporter/UnityEditor.QuickSearchModule:UnityEditor.Search:ASIAI0B -> (ImportResultId: 'e3a8a9fd963acccc7dab4e8c66dddabb') in 0.0024508 seconds
[Worker0] Imported GUID: 2ab28149ef514131a59b505412f5bb87 - Path: Packages/com.unity.collab-proxy/Editor/Views/SummaryTextArea.cs - Importer: ScriptedImporter/UnityEditor.QuickSearchModule:UnityEditor.Search:ASIAI0B -> (ImportResultId: '338b67b201272c10695a3a24f42c5968') in 0.001918 seconds
[Worker0] Imported GUID: 3086d66a563317b40a20a20da2c64ac0 - Path: Packages/com.unity.collab-proxy/Editor/Assets/Images/d_buttonssosigninemail.png - Importer: ScriptedImporter/UnityEditor.QuickSearchModule:UnityEditor.Search:ASIAI0B -> (ImportResultId: 'f195ae4b0a77a48ab8a2ecc23be00f32') in 0.0058511 seconds
[Worker0] Imported GUID: 144aa74618b85974a9a50f612c2fa8fd - Path: Packages/com.unity.collab-proxy/Editor/Assets/Images/d_buttonssosigninemail@2x.png - Importer: ScriptedImporter/UnityEditor.QuickSearchModule:UnityEditor.Search:ASIAI0B -> (ImportResultId: '4b993f87b83d069c019a84c38606def7') in 0.0065833 seconds
[Worker0] Imported GUID: 3f65802f2a170a145bd30ab3801b8d80 - Path: Packages/com.unity.collab-proxy/Editor/Assets/Images/d_iconclipboard.png - Importer: ScriptedImporter/UnityEditor.QuickSearchModule:UnityEditor.Search:ASIAI0B -> (ImportResultId: 'af5981e8ae4e3bb1a621cb59b0f5aeaf') in 0.0083514 seconds
[Worker0] Imported GUID: b76c20add7d3d4f79afcbafeaa12e974 - Path: Packages/com.unity.collab-proxy/Editor/Assets/Images/d_iconchangesets@2x.png - Importer: ScriptedImporter/UnityEditor.QuickSearchModule:UnityEditor.Search:ASIAI0B -> (ImportResultId: 'c8bcb54e0d120b4c2961569821408041') in 0.0084904 seconds
[Worker0] Imported GUID: c115023c6a2060d4da6a7684bd40c5c0 - Path: Packages/com.unity.collab-proxy/Editor/Assets/Images/d_iconclipboard@2x.png - Importer: ScriptedImporter/UnityEditor.QuickSearchModule:UnityEditor.Search:ASIAI0B -> (ImportResultId: 'd6be86e4d4b717ab49a2c4aa8c118b15') in 0.0059131 seconds
[Worker0] Imported GUID: 874d8401331ede14087e8d8d486ddda6 - Path: Packages/com.unity.collab-proxy/Editor/Assets/Images/d_iconbranches@2x.png - Importer: ScriptedImporter/UnityEditor.QuickSearchModule:UnityEditor.Search:ASIAI0B -> (ImportResultId: '32c0738118594389788b4a9205a3ef01') in 0.0059821 seconds
[Worker0] Imported GUID: 612c5e166a121e3449dad067fbdc37a4 - Path: Packages/com.unity.collab-proxy/Editor/Assets/Images/d_iconbranches.png - Importer: ScriptedImporter/UnityEditor.QuickSearchModule:UnityEditor.Search:ASIAI0B -> (ImportResultId: 'e34a35f797ce8fa48186ad12dc79106c') in 0.008468 seconds
[Worker0] Imported GUID: 3de8a0634e55df8499c88204001cb0dd - Path: Packages/com.unity.collab-proxy/Editor/Assets/Images/d_icondeletedremoteoverlay.png - Importer: ScriptedImporter/UnityEditor.QuickSearchModule:UnityEditor.Search:ASIAI0B -> (ImportResultId: 'c394f0f7fc0532b2b487df08d93723df') in 0.0062261 seconds
[Worker0] Imported GUID: 3cf8ae89579fd29479f4269d09600e16 - Path: Packages/com.unity.collab-proxy/Editor/Assets/Images/d_iconinfobellnotification@2x.png - Importer: ScriptedImporter/UnityEditor.QuickSearchModule:UnityEditor.Search:ASIAI0B -> (ImportResultId: '27447d8ee015b2577bc5c2164eb268d1') in 0.0059906 seconds
[Worker0] Imported GUID: 056ee72c467a4e24d87541d42839ca72 - Path: Packages/com.unity.collab-proxy/Editor/Assets/Images/d_iconconflictresolvedoverlay.png - Importer: ScriptedImporter/UnityEditor.QuickSearchModule:UnityEditor.Search:ASIAI0B -> (ImportResultId: 'ccafdc3f938b57f84bbb049253006825') in 0.0085238 seconds
[Worker0] Imported GUID: a3ced8f7044b9de4787602a9e9b20ea7 - Path: Packages/com.unity.collab-proxy/Editor/Assets/Images/d_iconconflictedoverlay@2x.png - Importer: ScriptedImporter/UnityEditor.QuickSearchModule:UnityEditor.Search:ASIAI0B -> (ImportResultId: 'c8c5e08cba0c6aa1906ad02c3992bb3b') in 0.0062834 seconds
[Worker0] Imported GUID: 8b32b34c806b4de4cb7f04b3344b6966 - Path: Packages/com.unity.collab-proxy/Editor/Assets/Images/d_iconclouddriveview.png - Importer: ScriptedImporter/UnityEditor.QuickSearchModule:UnityEditor.Search:ASIAI0B -> (ImportResultId: '0950762c44292ad764d0eda90373f4e1') in 0.0069922 seconds
[Worker0] Imported GUID: 2cfbf6619eb047545a425e8a31732c83 - Path: Packages/com.unity.collab-proxy/Editor/Assets/Images/d_icondeletedremoteoverlay@2x.png - Importer: ScriptedImporter/UnityEditor.QuickSearchModule:UnityEditor.Search:ASIAI0B -> (ImportResultId: '4d792f452377ca585f09853d19c6f081') in 0.0066105 seconds
[Worker0] Imported GUID: c41381829109cd84786a392ea6e3db60 - Path: Packages/com.unity.collab-proxy/Editor/Assets/Images/d_iconadd@2x.png - Importer: ScriptedImporter/UnityEditor.QuickSearchModule:UnityEditor.Search:ASIAI0B -> (ImportResultId: 'caef99f1df496b887f89f655a3810875') in 0.0056664 seconds
[Worker0] Imported GUID: bb1928aff4fd4cf44af1f629dc14ef9b - Path: Packages/com.unity.collab-proxy/Editor/Assets/Images/d_iconcheckedoutlocaloverlay.png - Importer: ScriptedImporter/UnityEditor.QuickSearchModule:UnityEditor.Search:ASIAI0B -> (ImportResultId: 'fd98308897bb9fc85ad8bff2f3ee07bc') in 0.0054908 seconds
[Worker0] Imported GUID: 4a231ba0e81e63849a8f985c228e8acd - Path: Packages/com.unity.collab-proxy/Editor/Assets/Images/d_iconconflictresolvedoverlay@2x.png - Importer: ScriptedImporter/UnityEditor.QuickSearchModule:UnityEditor.Search:ASIAI0B -> (ImportResultId: 'fd1a315a5f1bfc2203ef97e2d6c4de75') in 0.0064001 seconds
[Worker0] Imported GUID: 4d122458f85ea4e1d9e853cfb7539f46 - Path: Packages/com.unity.collab-proxy/Editor/Assets/Images/d_iconarrowdown.png - Importer: ScriptedImporter/UnityEditor.QuickSearchModule:UnityEditor.Search:ASIAI0B -> (ImportResultId: 'd166601a91e2c077d2d044ac69f29496') in 0.0057831 seconds
[Worker0] Imported GUID: f94d06b5a7fc94387a1a212b8dc9b2a5 - Path: Packages/com.unity.collab-proxy/Editor/Assets/Images/d_iconfirst@2x.png - Importer: ScriptedImporter/UnityEditor.QuickSearchModule:UnityEditor.Search:ASIAI0B -> (ImportResultId: '5b41b4ba9e5a423c0a1c709029d828d7') in 0.0060374 seconds
[Worker0] Imported GUID: 4aa6f152b3bc842a6b793662d8374cf1 - Path: Packages/com.unity.collab-proxy/Editor/Assets/Images/d_iconfirst.png - Importer: ScriptedImporter/UnityEditor.QuickSearchModule:UnityEditor.Search:ASIAI0B -> (ImportResultId: '1bedbeec309f14d8f6189ef2c0aa1c05') in 0.0061501 seconds
[Worker0] Imported GUID: 3094096a150921c409ef35579f2ada0f - Path: Packages/com.unity.collab-proxy/Editor/Assets/Images/d_iconinviteusers.png - Importer: ScriptedImporter/UnityEditor.QuickSearchModule:UnityEditor.Search:ASIAI0B -> (ImportResultId: '62cd1b85b6db2834421dbb488a203bdc') in 0.0077583 seconds
[Worker0] Imported GUID: b6f88350c63b24a4abdb197bf2e86d7a - Path: Packages/com.unity.collab-proxy/Editor/Assets/Images/d_buttonhome@2x.png - Importer: ScriptedImporter/UnityEditor.QuickSearchModule:UnityEditor.Search:ASIAI0B -> (ImportResultId: '106f291a8b1adcf44561efb7cd409547') in 0.0060035 seconds
[Worker0] Imported GUID: b0e7ed213bccf484e89c4261a7e16f66 - Path: Packages/com.unity.collab-proxy/Editor/Assets/Images/d_iconedit.png - Importer: ScriptedImporter/UnityEditor.QuickSearchModule:UnityEditor.Search:ASIAI0B -> (ImportResultId: '534768b6c2397b3315a803eed1c6dc09') in 0.0070146 seconds
[Worker0] Imported GUID: 59eedc7f076ac5749993ec0e94b87af3 - Path: Packages/com.unity.collab-proxy/Editor/Assets/Images/d_iconclouddriveview@2x.png - Importer: ScriptedImporter/UnityEditor.QuickSearchModule:UnityEditor.Search:ASIAI0B -> (ImportResultId: 'bf69aa2757945d9bef0fe7ae44d57501') in 0.0070522 seconds
[Worker0] Imported GUID: 267a89f787a621e4290fbff7a5442750 - Path: Packages/com.unity.collab-proxy/Editor/Assets/Images/d_iconbranch@2x.png - Importer: ScriptedImporter/UnityEditor.QuickSearchModule:UnityEditor.Search:ASIAI0B -> (ImportResultId: 'e9d9fb7f07413d86bb54776510f60f08') in 0.0068059 seconds
[Worker0] Imported GUID: eb5eaf673b49645f88e72f5122b40988 - Path: Packages/com.unity.collab-proxy/Editor/Assets/Images/d_iconarrowdown@2x.png - Importer: ScriptedImporter/UnityEditor.QuickSearchModule:UnityEditor.Search:ASIAI0B -> (ImportResultId: 'b43a2b2c9b510433ca4d51cfe5d7c297') in 0.0068137 seconds
[Worker0] Imported GUID: 7843fb01e5ee34be0a20027af3edab78 - Path: Packages/com.unity.collab-proxy/Editor/Assets/Images/d_iconheckmark.png - Importer: ScriptedImporter/UnityEditor.QuickSearchModule:UnityEditor.Search:ASIAI0B -> (ImportResultId: 'a8b7ad56474d7a9b3966f6b8e2215554') in 0.0057875 seconds
[Worker0] Imported GUID: d44f9c7a4044e1845b5b3627ba32fb10 - Path: Packages/com.unity.collab-proxy/Editor/Assets/Images/d_iconbrex.png - Importer: ScriptedImporter/UnityEditor.QuickSearchModule:UnityEditor.Search:ASIAI0B -> (ImportResultId: '5021639406a90613c3a1a879e4d70c61') in 0.0075302 seconds
[Worker0] Imported GUID: d616c78aaf225437199c9ac8c4f2197b - Path: Packages/com.unity.collab-proxy/Editor/Assets/Images/d_exclusionrule.png - Importer: ScriptedImporter/UnityEditor.QuickSearchModule:UnityEditor.Search:ASIAI0B -> (ImportResultId: '780c0b1c02490c4a96e0f3a89508d6ce') in 0.0058681 seconds
[Worker0] Imported GUID: 4da274d970a82a943ae3979e7833f3dd - Path: Packages/com.unity.collab-proxy/Editor/Assets/Images/d_icondeletedlocaloverlay.png - Importer: ScriptedImporter/UnityEditor.QuickSearchModule:UnityEditor.Search:ASIAI0B -> (ImportResultId: '596b444ce778dc904b15a5125facce8b') in 0.0059809 seconds
[Worker0] Imported GUID: 864f64164beae6141b39879e1b6f4031 - Path: Packages/com.unity.collab-proxy/Editor/Assets/Images/d_iconadd.png - Importer: ScriptedImporter/UnityEditor.QuickSearchModule:UnityEditor.Search:ASIAI0B -> (ImportResultId: '69966ac8c7b9d408b483af0608911609') in 0.0058714 seconds
[Worker0] Imported GUID: 0a02e43184c7e9c4c9c59b601100b705 - Path: Packages/com.unity.collab-proxy/Editor/Assets/Images/d_iconcurrentbranch.png - Importer: ScriptedImporter/UnityEditor.QuickSearchModule:UnityEditor.Search:ASIAI0B -> (ImportResultId: '5839902a41cc02d750271c5b515b1be9') in 0.0073081 seconds
[Worker0] Imported GUID: 9aebd705574f9e642aef1e5f59b3e4d8 - Path: Packages/com.unity.collab-proxy/Editor/Assets/Images/d_iconemptygravatar.png - Importer: ScriptedImporter/UnityEditor.QuickSearchModule:UnityEditor.Search:ASIAI0B -> (ImportResultId: '1ae545bc99f8eeedc23743c6d0932b9e') in 0.0062322 seconds
[Worker0] Imported GUID: 92b204cca46037444ab18ba6701f86f7 - Path: Packages/com.unity.collab-proxy/Editor/Assets/Images/d_icondeletedlocaloverlay@2x.png - Importer: ScriptedImporter/UnityEditor.QuickSearchModule:UnityEditor.Search:ASIAI0B -> (ImportResultId: 'dbe6274bcb5e280d3ad4bf1cab4a6524') in 0.0051255 seconds
[Worker0] Imported GUID: 49deb65084c2f495d8ee4d010ad486c2 - Path: Packages/com.unity.collab-proxy/Editor/Assets/Images/d_icondiff.png - Importer: ScriptedImporter/UnityEditor.QuickSearchModule:UnityEditor.Search:ASIAI0B -> (ImportResultId: 'c9349a582adf48d6f30dbeeec5012176') in 0.0061327 seconds
[Worker0] Imported GUID: 02800fb9cff14da47a04572790384d8b - Path: Packages/com.unity.collab-proxy/Editor/Assets/Images/d_iconaddedlocal@2x.png - Importer: ScriptedImporter/UnityEditor.QuickSearchModule:UnityEditor.Search:ASIAI0B -> (ImportResultId: '1cab5a28e757ec7920ac31793794af13') in 0.0072505 seconds
[Worker0] Imported GUID: 65f0e363b74cf5845ab8c3fbc14f39ac - Path: Packages/com.unity.collab-proxy/Editor/Assets/Images/d_iconconflicted@2x.png - Importer: ScriptedImporter/UnityEditor.QuickSearchModule:UnityEditor.Search:ASIAI0B -> (ImportResultId: '93cdcec23c1d07ff15273e5dfc6b6bd3') in 0.005257 seconds
[Worker0] Imported GUID: ec597fbbebec64e4f8725c31ce52fdb7 - Path: Packages/com.unity.collab-proxy/Editor/Assets/Images/d_hideversioncontrol.png - Importer: ScriptedImporter/UnityEditor.QuickSearchModule:UnityEditor.Search:ASIAI0B -> (ImportResultId: 'd8dbf8a1199e6ed5ed5bf43bbda2f2ea') in 0.0065015 seconds
[Worker0] Imported GUID: 0ac55f9f886d827408c102bdf33c5ff7 - Path: Packages/com.unity.collab-proxy/Editor/Assets/Images/d_iconemptygravatar@2x.png - Importer: ScriptedImporter/UnityEditor.QuickSearchModule:UnityEditor.Search:ASIAI0B -> (ImportResultId: '247b37f3812ae8f41b94eb9d2bccf9f0') in 0.0050607 seconds
[Worker0] Imported GUID: 23e66f7264c74424889342127f229577 - Path: Packages/com.unity.collab-proxy/Editor/Assets/Images/d_icondeletedremote.png - Importer: ScriptedImporter/UnityEditor.QuickSearchModule:UnityEditor.Search:ASIAI0B -> (ImportResultId: '64ce23644e92f981de6fda9410b7e9cf') in 0.0050048 seconds
[Worker0] Imported GUID: 8d98ab6168c3e91439339f1908b8fe97 - Path: Packages/com.unity.collab-proxy/Editor/Assets/Images/d_iconcheckedoutlocaloverlay@2x.png - Importer: ScriptedImporter/UnityEditor.QuickSearchModule:UnityEditor.Search:ASIAI0B -> (ImportResultId: 'd9171c9a6cbd81c33ac34bd2f5d6e972') in 0.0065049 seconds
[Worker0] Imported GUID: 9b76c79563c3a274aa48b0dbdf009693 - Path: Packages/com.unity.collab-proxy/Editor/Assets/Images/d_iconbrex@2x.png - Importer: ScriptedImporter/UnityEditor.QuickSearchModule:UnityEditor.Search:ASIAI0B -> (ImportResultId: '01a6b1f755b08195889c62e896b61e47') in 0.0056117 seconds
[Worker0] Imported GUID: f38e832edef3ab648bcc2ab5dfa2906d - Path: Packages/com.unity.collab-proxy/Editor/Assets/Images/d_iconinfobellnotification.png - Importer: ScriptedImporter/UnityEditor.QuickSearchModule:UnityEditor.Search:ASIAI0B -> (ImportResultId: 'ecca2292292850b9d8d4b3eb88e8c0b1') in 0.0061244 seconds
[Worker0] Imported GUID: 78de972b7bcb2424e8560a8c310a6d10 - Path: Packages/com.unity.collab-proxy/Editor/Assets/Images/d_exclusionrule@2x.png - Importer: ScriptedImporter/UnityEditor.QuickSearchModule:UnityEditor.Search:ASIAI0B -> (ImportResultId: '64fa9893f1e6e126e440211001edd767') in 0.0060769 seconds
[Worker0] Imported GUID: f6ea7eb320af940f6ade67ef3befef89 - Path: Packages/com.unity.collab-proxy/Editor/Assets/Images/d_iconincomingchangesview.png - Importer: ScriptedImporter/UnityEditor.QuickSearchModule:UnityEditor.Search:ASIAI0B -> (ImportResultId: '6dddd89bb388a7a4eb5195ee22c380bc') in 0.0072671 seconds
[Worker0] Imported GUID: 881798b77426a8f47b533dcc4767e9e5 - Path: Packages/com.unity.collab-proxy/Editor/Assets/Images/d_iconconflicted.png - Importer: ScriptedImporter/UnityEditor.QuickSearchModule:UnityEditor.Search:ASIAI0B -> (ImportResultId: '2723dfd1279465680e7b0eeceffa584c') in 0.0052788 seconds
[Worker0] Imported GUID: 079f562959995344baea4cd40a9ecea6 - Path: Packages/com.unity.collab-proxy/Editor/Assets/Images/d_iconignoredoverlay@2x.png - Importer: ScriptedImporter/UnityEditor.QuickSearchModule:UnityEditor.Search:ASIAI0B -> (ImportResultId: 'a09a0c41b2c3313c600c4b95499223a2') in 0.0070691 seconds
[Worker0] Imported GUID: a36e66e044a5fd94ca570351917c6bda - Path: Packages/com.unity.collab-proxy/Editor/Assets/Images/d_iconedit@2x.png - Importer: ScriptedImporter/UnityEditor.QuickSearchModule:UnityEditor.Search:ASIAI0B -> (ImportResultId: '2d3b6ad0f74492ec91e27f13199a1617') in 0.005839 seconds
[Worker0] Imported GUID: 0c6a2a64ca9f9c946a7dbbd1674cf5bd - Path: Packages/com.unity.collab-proxy/Editor/Assets/Images/d_iconaddedlocal.png - Importer: ScriptedImporter/UnityEditor.QuickSearchModule:UnityEditor.Search:ASIAI0B -> (ImportResultId: 'f667f379df08b8b8cdf1c56df1f64017') in 0.0067278 seconds
[Worker0] Imported GUID: 43fe0cd0da17e47fc9e56f08a2415f65 - Path: Packages/com.unity.collab-proxy/Editor/Assets/Images/d_iconincomingchangesview@2x.png - Importer: ScriptedImporter/UnityEditor.QuickSearchModule:UnityEditor.Search:ASIAI0B -> (ImportResultId: '090d7261f395c64de0f7486a613666a4') in 0.0059122 seconds
[Worker0] Imported GUID: 73d124bf77e463c45942d14136745d9f - Path: Packages/com.unity.collab-proxy/Editor/Assets/Images/d_iconaddedoverlay.png - Importer: ScriptedImporter/UnityEditor.QuickSearchModule:UnityEditor.Search:ASIAI0B -> (ImportResultId: '469bcd63db068a8af538835c16104f34') in 0.0052192 seconds
[Worker0] Imported GUID: 4da398eacd0c045bebf576a9f11339b0 - Path: Packages/com.unity.collab-proxy/Editor/Assets/Images/d_iconchangesets.png - Importer: ScriptedImporter/UnityEditor.QuickSearchModule:UnityEditor.Search:ASIAI0B -> (ImportResultId: 'f31449e1eac9403aa06395785d6b0249') in 0.0069417 seconds
[Worker0] Imported GUID: 428f6dbb540e04806b5f7de85468b51a - Path: Packages/com.unity.collab-proxy/Editor/Assets/Images/d_icondiff@2x.png - Importer: ScriptedImporter/UnityEditor.QuickSearchModule:UnityEditor.Search:ASIAI0B -> (ImportResultId: 'b5c4de43882a0ea945fa6383ded7d1b8') in 0.0057785 seconds
[Worker0] Imported GUID: 5de67bf0a3c601f4bab93b4fd3314ab1 - Path: Packages/com.unity.collab-proxy/Editor/Assets/Images/d_hideversioncontrol@2x.png - Importer: ScriptedImporter/UnityEditor.QuickSearchModule:UnityEditor.Search:ASIAI0B -> (ImportResultId: 'e3abdba00d6669176678b27bf103ff81') in 0.0073056 seconds
[Worker0] Imported GUID: c1516142c0a669b42aecce30a3459017 - Path: Packages/com.unity.collab-proxy/Editor/Assets/Images/d_iconbranch.png - Importer: ScriptedImporter/UnityEditor.QuickSearchModule:UnityEditor.Search:ASIAI0B -> (ImportResultId: 'fedbc8d17dabb436f54ad49b9fee5762') in 0.005649 seconds
[Worker0] Imported GUID: a892bcc7ae1871447926b3c44d158763 - Path: Packages/com.unity.collab-proxy/Editor/Assets/Images/d_iconconflictedoverlay.png - Importer: ScriptedImporter/UnityEditor.QuickSearchModule:UnityEditor.Search:ASIAI0B -> (ImportResultId: '1b85dc711e60b6ce082334ec69c9f528') in 0.0050148 seconds
[Worker0] Imported GUID: c48b8bcda45b63442a7a7c7244c84635 - Path: Packages/com.unity.collab-proxy/Editor/Assets/Images/d_iconcurrentbranch@2x.png - Importer: ScriptedImporter/UnityEditor.QuickSearchModule:UnityEditor.Search:ASIAI0B -> (ImportResultId: 'e3f4e6e56a508cfb4552e2c2387acbbc') in 0.0067498 seconds
[Worker0] Imported GUID: 6768dd39d3740af429fb2d88f53390c2 - Path: Packages/com.unity.collab-proxy/Editor/Assets/Images/d_iconignoredoverlay.png - Importer: ScriptedImporter/UnityEditor.QuickSearchModule:UnityEditor.Search:ASIAI0B -> (ImportResultId: '42512272fa7ecfc3f4789fbcf3cb8085') in 0.0073703 seconds
[Worker0] Imported GUID: 0525793900d728a42936791a8a6de63b - Path: Packages/com.unity.collab-proxy/Editor/Assets/Images/d_iconclosebutton@2x.png - Importer: ScriptedImporter/UnityEditor.QuickSearchModule:UnityEditor.Search:ASIAI0B -> (ImportResultId: '65eb014ffed829da29728bc5209309b8') in 0.0071816 seconds
[Worker0] Imported GUID: 8219bbb48767b46e7b1588dad7f021aa - Path: Packages/com.unity.collab-proxy/Editor/Assets/Images/d_iconhistory.png - Importer: ScriptedImporter/UnityEditor.QuickSearchModule:UnityEditor.Search:ASIAI0B -> (ImportResultId: 'edeb0447acffef1ae8bee77f19693317') in 0.0064184 seconds
[Worker0] Imported GUID: 50d1ea51731fa43db9ce0ec4fe5f0b07 - Path: Packages/com.unity.collab-proxy/Editor/Assets/Images/d_iconhistory@2x.png - Importer: ScriptedImporter/UnityEditor.QuickSearchModule:UnityEditor.Search:ASIAI0B -> (ImportResultId: 'f94137ba264a5bfa1d51041b8c28bc72') in 0.0080532 seconds
[Worker0] Imported GUID: a6fbd5a181bc51e42a61a73fe8d727c8 - Path: Packages/com.unity.collab-proxy/Editor/Assets/Images/d_iconaddedoverlay@2x.png - Importer: ScriptedImporter/UnityEditor.QuickSearchModule:UnityEditor.Search:ASIAI0B -> (ImportResultId: 'ece8887987671e3349e7b6b3455796ac') in 0.0063497 seconds
[Worker0] Imported GUID: 626b9cddb29049e4cac50cd87b419945 - Path: Packages/com.unity.collab-proxy/Editor/Assets/Images/d_icondeletedremote@2x.png - Importer: ScriptedImporter/UnityEditor.QuickSearchModule:UnityEditor.Search:ASIAI0B -> (ImportResultId: '35dff449dd653df38c8e06a960755946') in 0.0187359 seconds
[Worker0] Imported GUID: 9cadde7a0d5f9024ab3f2cd5f6a740d6 - Path: Packages/com.unity.collab-proxy/Editor/Assets/Images/d_iconclosebutton.png - Importer: ScriptedImporter/UnityEditor.QuickSearchModule:UnityEditor.Search:ASIAI0B -> (ImportResultId: 'db3f6b47fb4bd1fc481f490aafdd3ca1') in 0.0057333 seconds
[Worker0] Imported GUID: 3ac1672d8b4664bf3a3a5844d0be8a85 - Path: Packages/com.unity.collab-proxy/Editor/Assets/Images/d_iconcheckmark@2x.png - Importer: ScriptedImporter/UnityEditor.QuickSearchModule:UnityEditor.Search:ASIAI0B -> (ImportResultId: 'c381294c0dc65425cc4d04a70c4ba7fc') in 0.0065354 seconds
[Worker0] Imported GUID: 05ba7199286b24c6ca7441e2c454f5c3 - Path: Packages/com.unity.collab-proxy/Editor/Assets/Images/d_inclusionrule.png - Importer: ScriptedImporter/UnityEditor.QuickSearchModule:UnityEditor.Search:ASIAI0B -> (ImportResultId: '49159791886482e506916d7d6b0ba21f') in 0.0073711 seconds
[Worker0] Imported GUID: 4d7e6e570e9d65a4c9a994783a0652e2 - Path: Packages/com.unity.collab-proxy/Editor/Assets/Images/d_iconoutofsyncoverlay@2x.png - Importer: ScriptedImporter/UnityEditor.QuickSearchModule:UnityEditor.Search:ASIAI0B -> (ImportResultId: 'b91c27ef50d229eb30f7dfb5c111db5a') in 0.0069725 seconds
[Worker0] Imported GUID: eb56188e070e442c4b93b8856b5c1ab0 - Path: Packages/com.unity.collab-proxy/Editor/Assets/Images/d_iconprivateoverlay@2x.png - Importer: ScriptedImporter/UnityEditor.QuickSearchModule:UnityEditor.Search:ASIAI0B -> (ImportResultId: '755707a6f003aa68ff68b20350b6f9d1') in 0.0074623 seconds
[Worker0] Imported GUID: 5787fe7d2b4da4b75a337e07cb5e1062 - Path: Packages/com.unity.collab-proxy/Editor/Assets/Images/d_iconoriginalsize.png - Importer: ScriptedImporter/UnityEditor.QuickSearchModule:UnityEditor.Search:ASIAI0B -> (ImportResultId: 'df4b104de0c5a4cc65e18b2567a0d775') in 0.0068788 seconds
[Worker0] Imported GUID: ba2e8a5b6413ebc46b4f580903cb911d - Path: Packages/com.unity.collab-proxy/Editor/Assets/Images/d_iconlockretained.png - Importer: ScriptedImporter/UnityEditor.QuickSearchModule:UnityEditor.Search:ASIAI0B -> (ImportResultId: '3755e1a7c3f28e2af200fcd801229727') in 0.0075361 seconds
[Worker0] Imported GUID: e64bde76852ee8247b40b50ef8880632 - Path: Packages/com.unity.collab-proxy/Editor/Assets/Images/d_iconplasticnotifypendingchanges.png - Importer: ScriptedImporter/UnityEditor.QuickSearchModule:UnityEditor.Search:ASIAI0B -> (ImportResultId: '16e6a0a9f1592764ba877d0a773e06db') in 0.0175357 seconds
[Worker0] Imported GUID: e1e64e28e7631534d8408668bcb82502 - Path: Packages/com.unity.collab-proxy/Editor/Assets/Images/d_iconlabel.png - Importer: ScriptedImporter/UnityEditor.QuickSearchModule:UnityEditor.Search:ASIAI0B -> (ImportResultId: '0507b305dd011d909bbabdcba990ee10') in 0.0103204 seconds
[Worker0] Imported GUID: 39ea418026f63417da6b3e259222f850 - Path: Packages/com.unity.collab-proxy/Editor/Assets/Images/d_iconoriginalsize@2x.png - Importer: ScriptedImporter/UnityEditor.QuickSearchModule:UnityEditor.Search:ASIAI0B -> (ImportResultId: '616478c706efcfbaaacfc9b005ca748f') in 0.0081954 seconds
[Worker0] Imported GUID: 2b9bf8ec5d54fe249ac9e20979ccd42c - Path: Packages/com.unity.collab-proxy/Editor/Assets/Images/d_iconinviteusers@2x.png - Importer: ScriptedImporter/UnityEditor.QuickSearchModule:UnityEditor.Search:ASIAI0B -> (ImportResultId: '8b5f4cdbd88a7d2baf1f78183cd3e901') in 0.0304017 seconds
[Worker0] Imported GUID: 1046ed65e6aaffb4391378f6d08d6c14 - Path: Packages/com.unity.collab-proxy/Editor/Assets/Images/d_iconlockedremoteoverlay.png - Importer: ScriptedImporter/UnityEditor.QuickSearchModule:UnityEditor.Search:ASIAI0B -> (ImportResultId: 'caf50ae1765e15a74096de3212dfed2b') in 0.0171059 seconds
[Worker0] Imported GUID: f31d2c855644aad4cb2030bce12859f6 - Path: Packages/com.unity.collab-proxy/Editor/Assets/Images/d_iconplasticnotifyincoming.png - Importer: ScriptedImporter/UnityEditor.QuickSearchModule:UnityEditor.Search:ASIAI0B -> (ImportResultId: '9693241f8d385ad3794e4795f928dc9e') in 0.0104516 seconds
[Worker0] Imported GUID: f0c047e73e3b41341822a9e31da81877 - Path: Packages/com.unity.collab-proxy/Editor/Assets/Images/d_iconplasticnotifypendingchanges@2x.png - Importer: ScriptedImporter/UnityEditor.QuickSearchModule:UnityEditor.Search:ASIAI0B -> (ImportResultId: '9103f5455b60e43c7407175f3af532f5') in 0.0073534 seconds
[Worker0] Imported GUID: 4aa4898734bfdbc4dbd410de4141e533 - Path: Packages/com.unity.collab-proxy/Editor/Assets/Images/d_iconpendingchanges.png - Importer: ScriptedImporter/UnityEditor.QuickSearchModule:UnityEditor.Search:ASIAI0B -> (ImportResultId: 'a8041fed0126695e7eac812b325a59fa') in 0.008843 seconds
[Worker0] Imported GUID: 1dc16508006061742a802767b556accc - Path: Packages/com.unity.collab-proxy/Editor/Assets/Images/d_iconpackageupdateavailable.png - Importer: ScriptedImporter/UnityEditor.QuickSearchModule:UnityEditor.Search:ASIAI0B -> (ImportResultId: '73bf59d9aad1b5e7847d41bafa5180b2') in 0.0081048 seconds
[Worker0] Imported GUID: ce435fe40bff4da41aadc577ebfb27d7 - Path: Packages/com.unity.collab-proxy/Editor/Assets/Images/d_iconlabel@2x.png - Importer: ScriptedImporter/UnityEditor.QuickSearchModule:UnityEditor.Search:ASIAI0B -> (ImportResultId: '78cde41b43354f0c556d588c8d3bd0dd') in 0.0104273 seconds
[Worker0] Imported GUID: d58e94bfb1bac774dbb8ca9c2597ef2e - Path: Packages/com.unity.collab-proxy/Editor/Assets/Images/d_loading.png - Importer: ScriptedImporter/UnityEditor.QuickSearchModule:UnityEditor.Search:ASIAI0B -> (ImportResultId: '6e1d99c2ae2c3fcf02cae3a83388015d') in 0.0084028 seconds
[Worker0] Imported GUID: 4a4dfcc81b0e1214fbbd0003c8ab4070 - Path: Packages/com.unity.collab-proxy/Editor/Assets/Images/d_iconrepository.png - Importer: ScriptedImporter/UnityEditor.QuickSearchModule:UnityEditor.Search:ASIAI0B -> (ImportResultId: '5da7a63b2ba6cba2ffb52be3107d884d') in 0.0083455 seconds
[Worker0] Imported GUID: 54024d7bafa404eb39097aa14df8a5cb - Path: Packages/com.unity.collab-proxy/Editor/Assets/Images/d_iconplasticnotifypendingchangesandincoming@2x.png - Importer: ScriptedImporter/UnityEditor.QuickSearchModule:UnityEditor.Search:ASIAI0B -> (ImportResultId: '36bf9c4ff77f7976277de2f817bb44ee') in 0.0081206 seconds
[Worker0] Imported GUID: 691dc543ff5b9ca44bf846657ba04161 - Path: Packages/com.unity.collab-proxy/Editor/Assets/Images/d_iconundo.png - Importer: ScriptedImporter/UnityEditor.QuickSearchModule:UnityEditor.Search:ASIAI0B -> (ImportResultId: 'cb431e49cd166b091985a9075b4d4703') in 0.0189452 seconds
[Worker0] Imported GUID: 9264df9de832d7f4bb90a1d0c31d8343 - Path: Packages/com.unity.collab-proxy/Editor/Assets/Images/d_iconshelve@2x.png - Importer: ScriptedImporter/UnityEditor.QuickSearchModule:UnityEditor.Search:ASIAI0B -> (ImportResultId: 'a0859231e146836b30c598cbbfb0edd1') in 0.0102364 seconds
[Worker0] Imported GUID: 6d6088174bb906b49ad8428526ee337b - Path: Packages/com.unity.collab-proxy/Editor/Assets/Images/d_iconundo@2x.png - Importer: ScriptedImporter/UnityEditor.QuickSearchModule:UnityEditor.Search:ASIAI0B -> (ImportResultId: '2cdc44b3dd410f974a49c7dcf714a768') in 0.0057592 seconds
[Worker0] Imported GUID: 3cf3224ba1fae41148f493488b5ac83e - Path: Packages/com.unity.collab-proxy/Editor/Assets/Images/d_iconnext@2x.png - Importer: ScriptedImporter/UnityEditor.QuickSearchModule:UnityEditor.Search:ASIAI0B -> (ImportResultId: '350dd1fc664aa6f647a9aa43c67d2c99') in 0.0064786 seconds
[Worker0] Imported GUID: 0e80bd0b4a8196f46acf73711b9505ec - Path: Packages/com.unity.collab-proxy/Editor/Assets/Images/d_iconoutofsync.png - Importer: ScriptedImporter/UnityEditor.QuickSearchModule:UnityEditor.Search:ASIAI0B -> (ImportResultId: 'fa606f184d0a9caf9cdb6c8b262ba04c') in 0.0061514 seconds
[Worker0] Imported GUID: 55747841a2e3b47dab36dc8d5e0dc4df - Path: Packages/com.unity.collab-proxy/Editor/Assets/Images/d_iconlock@2x.png - Importer: ScriptedImporter/UnityEditor.QuickSearchModule:UnityEditor.Search:ASIAI0B -> (ImportResultId: '43446e70c27bd475968b0ac5873b4c39') in 0.0072247 seconds
[Worker0] Imported GUID: c34cd61ed96ff9a40a54e159467c5155 - Path: Packages/com.unity.collab-proxy/Editor/Assets/Images/d_iconretainedoverlay@2x.png - Importer: ScriptedImporter/UnityEditor.QuickSearchModule:UnityEditor.Search:ASIAI0B -> (ImportResultId: '2f9b2c3c689a5127e692c6c73e8dda05') in 0.0062424 seconds
[Worker0] Imported GUID: 73d87bc3a27171144985c68fbbd54380 - Path: Packages/com.unity.collab-proxy/Editor/Assets/Images/d_iconzoomin@2x.png - Importer: ScriptedImporter/UnityEditor.QuickSearchModule:UnityEditor.Search:ASIAI0B -> (ImportResultId: 'bc38a13edc0b02b1ec292ecba46f7e72') in 0.0056798 seconds
[Worker0] Imported GUID: 3168140d6f409d0448447f18568d9482 - Path: Packages/com.unity.collab-proxy/Editor/Assets/Images/d_iconplasticview@2x.png - Importer: ScriptedImporter/UnityEditor.QuickSearchModule:UnityEditor.Search:ASIAI0B -> (ImportResultId: 'ef77d18bdc0a1d0b9a9e3122fd097e54') in 0.006233 seconds
[Worker0] Imported GUID: 5bc0112babc1a49bdbd1f6e5d9c13c7b - Path: Packages/com.unity.collab-proxy/Editor/Assets/Images/d_iconmergeview@2x.png - Importer: ScriptedImporter/UnityEditor.QuickSearchModule:UnityEditor.Search:ASIAI0B -> (ImportResultId: '37fbb8639b52034a3be19dc8feee480d') in 0.0069291 seconds
[Worker0] Imported GUID: 292bae633fda01e41b8847fad37495c2 - Path: Packages/com.unity.collab-proxy/Editor/Assets/Images/d_iconshelve.png - Importer: ScriptedImporter/UnityEditor.QuickSearchModule:UnityEditor.Search:ASIAI0B -> (ImportResultId: '2c8e0f352ec50c675e438967e22437f4') in 0.0057752 seconds
[Worker0] Imported GUID: 43735cb4df8a4aa49b379e83bd9d77b8 - Path: Packages/com.unity.collab-proxy/Editor/Assets/Images/d_iconzoomout.png - Importer: ScriptedImporter/UnityEditor.QuickSearchModule:UnityEditor.Search:ASIAI0B -> (ImportResultId: '2f2a8c5b59f73bc159d3301d0c2f822b') in 0.0070396 seconds
[Worker0] Imported GUID: 19b06b801c204604290761788cf6e125 - Path: Packages/com.unity.collab-proxy/Editor/Assets/Images/d_iconpackageupdateavailable@2x.png - Importer: ScriptedImporter/UnityEditor.QuickSearchModule:UnityEditor.Search:ASIAI0B -> (ImportResultId: '0d7c9dde8dccc065c7c6c5e479f58eef') in 0.0074136 seconds
[Worker0] Imported GUID: 11d4f7dd8fc834c8e92cab84d5137828 - Path: Packages/com.unity.collab-proxy/Editor/Assets/Images/d_iconpendingchangesview.png - Importer: ScriptedImporter/UnityEditor.QuickSearchModule:UnityEditor.Search:ASIAI0B -> (ImportResultId: 'ae855dc2971d1d05d0eecf371f0dce23') in 0.0092597 seconds
[Worker0] Imported GUID: 277242a6729244ec1915c31e00f364a3 - Path: Packages/com.unity.collab-proxy/Editor/Assets/Images/d_iconprev.png - Importer: ScriptedImporter/UnityEditor.QuickSearchModule:UnityEditor.Search:ASIAI0B -> (ImportResultId: '0b737db61a7a0f0faba6d6e90895ae54') in 0.0068822 seconds
[Worker0] Imported GUID: 2bb4e96f5d0b02c468932d665a015c54 - Path: Packages/com.unity.collab-proxy/Editor/Assets/Images/d_iconlockedremoteoverlay@2x.png - Importer: ScriptedImporter/UnityEditor.QuickSearchModule:UnityEditor.Search:ASIAI0B -> (ImportResultId: '9a231f099af6d3ecbbd2418d740e1c32') in 0.0055867 seconds
[Worker0] Imported GUID: aa56ed15cc1254489866c414e4d3c7ba - Path: Packages/com.unity.collab-proxy/Editor/Assets/Images/d_iconmovedoverlay.png - Importer: ScriptedImporter/UnityEditor.QuickSearchModule:UnityEditor.Search:ASIAI0B -> (ImportResultId: '86c00f79a13c158e34029464253116a6') in 0.00622 seconds
[Worker0] Imported GUID: 320a7c2756434dc43b9ecca2585168b2 - Path: Packages/com.unity.collab-proxy/Editor/Assets/Images/d_iconzoomout@2x.png - Importer: ScriptedImporter/UnityEditor.QuickSearchModule:UnityEditor.Search:ASIAI0B -> (ImportResultId: 'b8f5ea76bd6c22a42566d93fd206d076') in 0.0063919 seconds
[Worker0] Imported GUID: 68587391d99444fd2a157ca65484dee2 - Path: Packages/com.unity.collab-proxy/Editor/Assets/Images/d_iconprev@2x.png - Importer: ScriptedImporter/UnityEditor.QuickSearchModule:UnityEditor.Search:ASIAI0B -> (ImportResultId: '9dbf6d2858b9bfe7ee95bcfede677d2e') in 0.0059364 seconds
[Worker0] Imported GUID: f180c6addffab449cb6897ba994abec5 - Path: Packages/com.unity.collab-proxy/Editor/Assets/Images/d_iconplasticnotifypendingchangesandincoming.png - Importer: ScriptedImporter/UnityEditor.QuickSearchModule:UnityEditor.Search:ASIAI0B -> (ImportResultId: 'f37c041509174d7e554359afb07b035e') in 0.0072315 seconds
[Worker0] Imported GUID: 7ee48c5fba4919649a8a6094cbead669 - Path: Packages/com.unity.collab-proxy/Editor/Assets/Images/d_loading@2x.png - Importer: ScriptedImporter/UnityEditor.QuickSearchModule:UnityEditor.Search:ASIAI0B -> (ImportResultId: '91116812629149804bf48165f805f19e') in 0.0048835 seconds
[Worker0] Imported GUID: 23743f0c0ed1e6546808a5d645c2a6a5 - Path: Packages/com.unity.collab-proxy/Editor/Assets/Images/d_iconplasticnotifyconflict@2x.png - Importer: ScriptedImporter/UnityEditor.QuickSearchModule:UnityEditor.Search:ASIAI0B -> (ImportResultId: '6d9b5a717242dc6a54c5a93277536ea8') in 0.0094887 seconds
[Worker0] Imported GUID: d83d26a46db2b504fbcfa6f2aae590b6 - Path: Packages/com.unity.collab-proxy/Editor/Assets/Images/d_iconretainedoverlay.png - Importer: ScriptedImporter/UnityEditor.QuickSearchModule:UnityEditor.Search:ASIAI0B -> (ImportResultId: '7bf459ea4a8a0ffdbd4e3034f9863590') in 0.0064957 seconds
[Worker0] Imported GUID: fb519413feea947a6a64d10369922196 - Path: Packages/com.unity.collab-proxy/Editor/Assets/Images/d_iconzoomtofit@2x.png - Importer: ScriptedImporter/UnityEditor.QuickSearchModule:UnityEditor.Search:ASIAI0B -> (ImportResultId: 'f373942f321acba49a24a36a6bcdb9f5') in 0.0104985 seconds
[Worker0] Imported GUID: 9b17bb516dcde4f24a6183d3f09501e4 - Path: Packages/com.unity.collab-proxy/Editor/Assets/Images/d_iconzoomtofit.png - Importer: ScriptedImporter/UnityEditor.QuickSearchModule:UnityEditor.Search:ASIAI0B -> (ImportResultId: '912ef7ae42e0aa774978a1e6f3f26abc') in 0.0121537 seconds
[Worker0] Imported GUID: c5fc116b3271b5947808130b2212cd60 - Path: Packages/com.unity.collab-proxy/Editor/Assets/Images/d_iconplasticnotifyincoming@2x.png - Importer: ScriptedImporter/UnityEditor.QuickSearchModule:UnityEditor.Search:ASIAI0B -> (ImportResultId: '530b302ad789e3e522c6eb6cb03cc61c') in 0.0063929 seconds
[Worker0] Imported GUID: 5544f39aea350784ba1dd4ecc285b777 - Path: Packages/com.unity.collab-proxy/Editor/Assets/Images/d_iconzoomin.png - Importer: ScriptedImporter/UnityEditor.QuickSearchModule:UnityEditor.Search:ASIAI0B -> (ImportResultId: 'fac60d19c80dc5744be8ef6dd0d8eabd') in 0.0092955 seconds
[Worker0] Imported GUID: bcc1ec3ffeb1c46f7abd19daa3e05f49 - Path: Packages/com.unity.collab-proxy/Editor/Assets/Images/d_inclusionrule@2x.png - Importer: ScriptedImporter/UnityEditor.QuickSearchModule:UnityEditor.Search:ASIAI0B -> (ImportResultId: '26b2cb92786db24c355e2c7f54d3fa98') in 0.0079444 seconds
[Worker0] Imported GUID: 92b8c447daf4d4b41a0ec148d1091261 - Path: Packages/com.unity.collab-proxy/Editor/Assets/Images/d_refresh.png - Importer: ScriptedImporter/UnityEditor.QuickSearchModule:UnityEditor.Search:ASIAI0B -> (ImportResultId: '2c9a047a6cd3375f21694e92f0ad5f13') in 0.0055435 seconds
[Worker0] Imported GUID: 519d97e745e55f041b609f3666cbc037 - Path: Packages/com.unity.collab-proxy/Editor/Assets/Images/d_iconplasticview.png - Importer: ScriptedImporter/UnityEditor.QuickSearchModule:UnityEditor.Search:ASIAI0B -> (ImportResultId: '314d694c6672ab2c72f1f8d570b8fca4') in 0.0053492 seconds
[Worker0] Imported GUID: 998e4aae0494244578bee3771d57801c - Path: Packages/com.unity.collab-proxy/Editor/Assets/Images/d_iconmergeview.png - Importer: ScriptedImporter/UnityEditor.QuickSearchModule:UnityEditor.Search:ASIAI0B -> (ImportResultId: '2fbf1ca0d47703ca548ca27eb974266b') in 0.0118766 seconds
[Worker0] Imported GUID: 4a652ffb5816840768619c35903cb1fa - Path: Packages/com.unity.collab-proxy/Editor/Assets/Images/d_iconprivateoverlay.png - Importer: ScriptedImporter/UnityEditor.QuickSearchModule:UnityEditor.Search:ASIAI0B -> (ImportResultId: 'd52603d69099532b78747be2142c476e') in 0.0085129 seconds
[Worker0] Imported GUID: ae53a7884da90e94eb5dfeab594b746c - Path: Packages/com.unity.collab-proxy/Editor/Assets/Images/d_iconlockedlocaloverlay@2x.png - Importer: ScriptedImporter/UnityEditor.QuickSearchModule:UnityEditor.Search:ASIAI0B -> (ImportResultId: '76881f636033206a3b837b7a8a4e1db2') in 0.0060608 seconds
[Worker0] Imported GUID: 20647d71003f8e34685b1972b30dbd2b - Path: Packages/com.unity.collab-proxy/Editor/Assets/Images/d_iconlockretained@2x.png - Importer: ScriptedImporter/UnityEditor.QuickSearchModule:UnityEditor.Search:ASIAI0B -> (ImportResultId: 'd0fac79954146180c2e13eb70b9ec4b2') in 0.007096 seconds
[Worker0] Imported GUID: dc633de6e6e7415448c7568418239a9d - Path: Packages/com.unity.collab-proxy/Editor/Assets/Images/d_iconoutofsyncoverlay.png - Importer: ScriptedImporter/UnityEditor.QuickSearchModule:UnityEditor.Search:ASIAI0B -> (ImportResultId: '5eafdcd72936224e939ee52634df42b6') in 0.0057333 seconds
[Worker0] Imported GUID: a9cec377658c44e5ba06fde05976bee6 - Path: Packages/com.unity.collab-proxy/Editor/Assets/Images/d_iconlast.png - Importer: ScriptedImporter/UnityEditor.QuickSearchModule:UnityEditor.Search:ASIAI0B -> (ImportResultId: '7655f654e4273a01122f827d20bc515b') in 0.0063212 seconds
[Worker0] Imported GUID: 450a5bff12481484c862ad1ab592a858 - Path: Packages/com.unity.collab-proxy/Editor/Assets/Images/d_iconnext.png - Importer: ScriptedImporter/UnityEditor.QuickSearchModule:UnityEditor.Search:ASIAI0B -> (ImportResultId: 'c41ae28c23f051970585c792d165a17e') in 0.0072396 seconds
[Worker0] Imported GUID: 71c45f80bffdb9145ad2c456254c862e - Path: Packages/com.unity.collab-proxy/Editor/Assets/Images/d_iconlockedlocaloverlay.png - Importer: ScriptedImporter/UnityEditor.QuickSearchModule:UnityEditor.Search:ASIAI0B -> (ImportResultId: '545627648aba5bfa70dee0ef165bc643') in 0.0053454 seconds
[Worker0] Imported GUID: f7adc828ed70a485db62c459bdf09525 - Path: Packages/com.unity.collab-proxy/Editor/Assets/Images/d_iconlock.png - Importer: ScriptedImporter/UnityEditor.QuickSearchModule:UnityEditor.Search:ASIAI0B -> (ImportResultId: '23e2dc23a4b648ccd3466364b099a90b') in 0.0064577 seconds
[Worker0] Imported GUID: 68302c8c48e3cee4aad72dbbf7894781 - Path: Packages/com.unity.collab-proxy/Editor/Assets/Images/d_iconpendingchanges@2x.png - Importer: ScriptedImporter/UnityEditor.QuickSearchModule:UnityEditor.Search:ASIAI0B -> (ImportResultId: '201980bab916fe0b668b051a3fb66b0a') in 0.0059183 seconds
[Worker0] Imported GUID: f82dfc5fc3c5a8f4080a3550427019c8 - Path: Packages/com.unity.collab-proxy/Editor/Assets/Images/d_iconoutofsync@2x.png - Importer: ScriptedImporter/UnityEditor.QuickSearchModule:UnityEditor.Search:ASIAI0B -> (ImportResultId: '9483c76daaf4b0b95bae0b2b05e8a739') in 0.0053964 seconds
[Worker0] Imported GUID: 16e2437bc79d04055b65b968f4eba9c0 - Path: Packages/com.unity.collab-proxy/Editor/Assets/Images/d_iconpendingchangesview@2x.png - Importer: ScriptedImporter/UnityEditor.QuickSearchModule:UnityEditor.Search:ASIAI0B -> (ImportResultId: '1561fbccbf855e6ffe235e5809230be7') in 0.0080372 seconds
[Worker0] Imported GUID: 36564eb85f1bdf2409df96325231cb6c - Path: Packages/com.unity.collab-proxy/Editor/Assets/Images/d_iconrepository@2x.png - Importer: ScriptedImporter/UnityEditor.QuickSearchModule:UnityEditor.Search:ASIAI0B -> (ImportResultId: '69063f18a7236ad96156ddeaf128f930') in 0.0068716 seconds
[Worker0] Imported GUID: 229e2995d63f84938880b35fec07c4b2 - Path: Packages/com.unity.collab-proxy/Editor/Assets/Images/d_iconlast@2x.png - Importer: ScriptedImporter/UnityEditor.QuickSearchModule:UnityEditor.Search:ASIAI0B -> (ImportResultId: '46b5392f1fddcb2a87b4eecbb0b09c22') in 0.0054919 seconds
[Worker0] Imported GUID: 51582ae5ea51fa14996791a550f89473 - Path: Packages/com.unity.collab-proxy/Editor/Assets/Images/d_iconplasticnotifyconflict.png - Importer: ScriptedImporter/UnityEditor.QuickSearchModule:UnityEditor.Search:ASIAI0B -> (ImportResultId: 'e4e8c6dbb85c42d2407b8d73e1ebac3f') in 0.0057692 seconds
[Worker0] Imported GUID: e27bb56b83f03421880673ee2b951102 - Path: Packages/com.unity.collab-proxy/Editor/Assets/Images/d_iconmovedoverlay@2x.png - Importer: ScriptedImporter/UnityEditor.QuickSearchModule:UnityEditor.Search:ASIAI0B -> (ImportResultId: 'd1ab555ff42eacafee78d17400b81316') in 0.0078467 seconds
[Worker0] Imported GUID: 3999034958d54364da380a8839a11050 - Path: Packages/com.unity.collab-proxy/Editor/Assets/Images/iconcheckedoutlocaloverlay@2x.png - Importer: ScriptedImporter/UnityEditor.QuickSearchModule:UnityEditor.Search:ASIAI0B -> (ImportResultId: 'ea4ea4f41f6dfc59ee1c6f06921473f5') in 0.0090691 seconds
[Worker0] Imported GUID: 897c3a3f5c4038345a7143573bbb4a40 - Path: Packages/com.unity.collab-proxy/Editor/Assets/Images/d_step2.png - Importer: ScriptedImporter/UnityEditor.QuickSearchModule:UnityEditor.Search:ASIAI0B -> (ImportResultId: '275548617438dc2d387d1e1e69ef09ab') in 0.0048808 seconds
[Worker0] Imported GUID: ab97695f01bc84c4b93e8440531417e7 - Path: Packages/com.unity.collab-proxy/Editor/Assets/Images/iconbrex@2x.png - Importer: ScriptedImporter/UnityEditor.QuickSearchModule:UnityEditor.Search:ASIAI0B -> (ImportResultId: '39c1d523f63301a5d33d97f6c7b9805e') in 0.0054796 seconds
[Worker0] Imported GUID: 752ba7759bdbd45c59b7e7df302ea223 - Path: Packages/com.unity.collab-proxy/Editor/Assets/Images/iconarrowdown@2x.png - Importer: ScriptedImporter/UnityEditor.QuickSearchModule:UnityEditor.Search:ASIAI0B -> (ImportResultId: '900d2c2d98d9b6baa46af80c1cd165b4') in 0.0060186 seconds
[Worker0] Imported GUID: 59d17703fae374169bc28ce046728590 - Path: Packages/com.unity.collab-proxy/Editor/Assets/Images/iconchangesets@2x.png - Importer: ScriptedImporter/UnityEditor.QuickSearchModule:UnityEditor.Search:ASIAI0B -> (ImportResultId: '7de0291416650ae531c24ba66addade7') in 0.0055602 seconds
[Worker0] Imported GUID: 0ff35d4ec6d381941bdbe1fb4b6dbceb - Path: Packages/com.unity.collab-proxy/Editor/Assets/Images/iconclipboard@2x.png - Importer: ScriptedImporter/UnityEditor.QuickSearchModule:UnityEditor.Search:ASIAI0B -> (ImportResultId: '174c19ea3e398ca85dbd4b77d05ace5e') in 0.0085393 seconds
[Worker0] Imported GUID: 074c5a73ef68b42feb9b39c318715bc8 - Path: Packages/com.unity.collab-proxy/Editor/Assets/Images/d_RGBAAll.png - Importer: ScriptedImporter/UnityEditor.QuickSearchModule:UnityEditor.Search:ASIAI0B -> (ImportResultId: 'cf6cfca6078e1c748ac2b5a8688040ad') in 0.0055538 seconds
[Worker0] Imported GUID: 46930b20180b59e46b73494adf53abbb - Path: Packages/com.unity.collab-proxy/Editor/Assets/Images/d_step3.png - Importer: ScriptedImporter/UnityEditor.QuickSearchModule:UnityEditor.Search:ASIAI0B -> (ImportResultId: 'd19c8d139998394f5ab3876d5a513bbd') in 0.0053964 seconds
[Worker0] Imported GUID: 602b72d4617c3694aa94419fc1b68e04 - Path: Packages/com.unity.collab-proxy/Editor/Assets/Images/d_refresh@2x.png - Importer: ScriptedImporter/UnityEditor.QuickSearchModule:UnityEditor.Search:ASIAI0B -> (ImportResultId: '1b34b132b3cb83267674ceab50bda214') in 0.0049728 seconds
[Worker0] Imported GUID: d452c24a7410847ddac09d8ef2fbad23 - Path: Packages/com.unity.collab-proxy/Editor/Assets/Images/d_RGBABlue@2x.png - Importer: ScriptedImporter/UnityEditor.QuickSearchModule:UnityEditor.Search:ASIAI0B -> (ImportResultId: '1ef6efd74bc55b3872b48e331ae77ca5') in 0.0067796 seconds
[Worker0] Imported GUID: f95f697d66d238446b1ab717def09945 - Path: Packages/com.unity.collab-proxy/Editor/Assets/Images/iconconflicted@2x.png - Importer: ScriptedImporter/UnityEditor.QuickSearchModule:UnityEditor.Search:ASIAI0B -> (ImportResultId: '41b20dbd2367382f05e898d8f9d4f080') in 0.005181 seconds
[Worker0] Imported GUID: b85a4b2ec6433d04895612d791edc260 - Path: Packages/com.unity.collab-proxy/Editor/Assets/Images/icondeletedremote.png - Importer: ScriptedImporter/UnityEditor.QuickSearchModule:UnityEditor.Search:ASIAI0B -> (ImportResultId: '0d6315de3bf4b66cf7b2a9c8d85153a9') in 0.0054264 seconds
[Worker0] Imported GUID: ead32eef98d0a664fb5b025c4bf013d4 - Path: Packages/com.unity.collab-proxy/Editor/Assets/Images/iconcurrentbranch@2x.png - Importer: ScriptedImporter/UnityEditor.QuickSearchModule:UnityEditor.Search:ASIAI0B -> (ImportResultId: 'c3849fe2f07efcf8914f1e8d23d50f7d') in 0.005982 seconds
[Worker0] Imported GUID: 6a9d211bea1bc4a429d86cbb2d0b0a3e - Path: Packages/com.unity.collab-proxy/Editor/Assets/Images/d_secondarytabclosehover.png - Importer: ScriptedImporter/UnityEditor.QuickSearchModule:UnityEditor.Search:ASIAI0B -> (ImportResultId: 'b3f8fe0fa85821fba1a6ba78b12c49a8') in 0.0051446 seconds
[Worker0] Imported GUID: 0a08fa9ec51507e488400cee024073a7 - Path: Packages/com.unity.collab-proxy/Editor/Assets/Images/hideversioncontrol.png - Importer: ScriptedImporter/UnityEditor.QuickSearchModule:UnityEditor.Search:ASIAI0B -> (ImportResultId: '7c31f9381b7a1575de330644e0ba3aa4') in 0.0072445 seconds
[Worker0] Imported GUID: 6975ee4c1f40caf4da8dd733ee2cfeaf - Path: Packages/com.unity.collab-proxy/Editor/Assets/Images/d_secondarytabclose.png - Importer: ScriptedImporter/UnityEditor.QuickSearchModule:UnityEditor.Search:ASIAI0B -> (ImportResultId: 'bc21a1d3af99081a4a3e0d8c265c0f72') in 0.0052141 seconds
[Worker0] Imported GUID: 259fe6e49c74eb143a9fc88f6bd3f050 - Path: Packages/com.unity.collab-proxy/Editor/Assets/Images/iconclouddriveview@2x.png - Importer: ScriptedImporter/UnityEditor.QuickSearchModule:UnityEditor.Search:ASIAI0B -> (ImportResultId: '3c4a3026dee55dd04983a5df08bc6eb6') in 0.0061676 seconds
[Worker0] Imported GUID: be423a54b981d38428de82ad12534629 - Path: Packages/com.unity.collab-proxy/Editor/Assets/Images/d_stepok.png - Importer: ScriptedImporter/UnityEditor.QuickSearchModule:UnityEditor.Search:ASIAI0B -> (ImportResultId: 'ebf191c64114c4b3ddf0e94e4d69c00f') in 0.0081151 seconds
[Worker0] Imported GUID: fbfdd7d489e0bd54f946ebc8e19db8bd - Path: Packages/com.unity.collab-proxy/Editor/Assets/Images/hideversioncontrol@2x.png - Importer: ScriptedImporter/UnityEditor.QuickSearchModule:UnityEditor.Search:ASIAI0B -> (ImportResultId: 'baf1150a9c4a3e1f1bf5c91157a73d78') in 0.011199 seconds
[Worker0] Imported GUID: 092347b12f348a6439e85218cd291ea2 - Path: Packages/com.unity.collab-proxy/Editor/Assets/Images/icondeletedremoteoverlay.png - Importer: ScriptedImporter/UnityEditor.QuickSearchModule:UnityEditor.Search:ASIAI0B -> (ImportResultId: '41064943c7bfb6df30676e5050562525') in 0.0110788 seconds
[Worker0] Imported GUID: cdb88fdb0cf46b244a667edaff21c7df - Path: Packages/com.unity.collab-proxy/Editor/Assets/Images/d_step2@2x.png - Importer: ScriptedImporter/UnityEditor.QuickSearchModule:UnityEditor.Search:ASIAI0B -> (ImportResultId: '74cacc9c9a7cc9c2cf0e494752d2c8b4') in 0.007001 seconds
[Worker0] Imported GUID: c9ed6d6ea2f9657409bfa068d4846139 - Path: Packages/com.unity.collab-proxy/Editor/Assets/Images/d_step3@2x.png - Importer: ScriptedImporter/UnityEditor.QuickSearchModule:UnityEditor.Search:ASIAI0B -> (ImportResultId: '59a6a6422afe9cc0d382cd5ab37204ce') in 0.007967 seconds
[Worker0] Imported GUID: 3494dc956dfd7174abc07060940a2848 - Path: Packages/com.unity.collab-proxy/Editor/Assets/Images/d_stepok@2x.png - Importer: ScriptedImporter/UnityEditor.QuickSearchModule:UnityEditor.Search:ASIAI0B -> (ImportResultId: '49cc57c48b1f95b2bf2fde2a9f953d76') in 0.0056185 seconds
[Worker0] Imported GUID: a6219d44b6fc910449f7c3fee45db5c5 - Path: Packages/com.unity.collab-proxy/Editor/Assets/Images/iconbranches.png - Importer: ScriptedImporter/UnityEditor.QuickSearchModule:UnityEditor.Search:ASIAI0B -> (ImportResultId: '7c94255239128df9244c70466635f83a') in 0.0064364 seconds
[Worker0] Imported GUID: a3e491f99ea3ad74f8731ca93e84c497 - Path: Packages/com.unity.collab-proxy/Editor/Assets/Images/icondeletedlocaloverlay@2x.png - Importer: ScriptedImporter/UnityEditor.QuickSearchModule:UnityEditor.Search:ASIAI0B -> (ImportResultId: '22bd092d41a7af0fbf353ce09e7a9bfc') in 0.0059052 seconds
[Worker0] Imported GUID: a57d0bc93481bd844af3c2236db044f2 - Path: Packages/com.unity.collab-proxy/Editor/Assets/Images/iconaddedoverlay.png - Importer: ScriptedImporter/UnityEditor.QuickSearchModule:UnityEditor.Search:ASIAI0B -> (ImportResultId: 'fe7c0fcf4465a612acfae368fae52cb7') in 0.005779 seconds
[Worker0] Imported GUID: efa87fc6a7693ac48844726c5391e3ab - Path: Packages/com.unity.collab-proxy/Editor/Assets/Images/iconadd@2x.png - Importer: ScriptedImporter/UnityEditor.QuickSearchModule:UnityEditor.Search:ASIAI0B -> (ImportResultId: 'cb1479911e3c5bccc87eadeac6521f23') in 0.0064351 seconds
[Worker0] Imported GUID: cd221d2235472c94491e607ae42942dd - Path: Packages/com.unity.collab-proxy/Editor/Assets/Images/icondeletedlocaloverlay.png - Importer: ScriptedImporter/UnityEditor.QuickSearchModule:UnityEditor.Search:ASIAI0B -> (ImportResultId: '654f9b718ecc6108777587292254e081') in 0.0062698 seconds
[Worker0] Imported GUID: 229870d327005574fb840c2dd8050ec6 - Path: Packages/com.unity.collab-proxy/Editor/Assets/Images/iconclouddriveview.png - Importer: ScriptedImporter/UnityEditor.QuickSearchModule:UnityEditor.Search:ASIAI0B -> (ImportResultId: '899e38be0a675dc45779289e5426d9e4') in 0.0076124 seconds
[Worker0] Imported GUID: 87480bc179519ff4da25283c61c2573b - Path: Packages/com.unity.collab-proxy/Editor/Assets/Images/iconbrex.png - Importer: ScriptedImporter/UnityEditor.QuickSearchModule:UnityEditor.Search:ASIAI0B -> (ImportResultId: 'd7c4305b6c59b6fcefd2fdd51b059e62') in 0.0065717 seconds
[Worker0] Imported GUID: 309b1d5a294fd6c43ae9cf77656c1852 - Path: Packages/com.unity.collab-proxy/Editor/Assets/Images/iconconflictresolvedoverlay@2x.png - Importer: ScriptedImporter/UnityEditor.QuickSearchModule:UnityEditor.Search:ASIAI0B -> (ImportResultId: 'bb21566097da20c6932800cbff7bc66b') in 0.00562 seconds
[Worker0] Imported GUID: e45389a8a97044d4caf408f252370632 - Path: Packages/com.unity.collab-proxy/Editor/Assets/Images/iconbranches@2x.png - Importer: ScriptedImporter/UnityEditor.QuickSearchModule:UnityEditor.Search:ASIAI0B -> (ImportResultId: '621e9c7fb10f7e49d33c2b05b062c456') in 0.0056491 seconds
[Worker0] Imported GUID: 13527793884104b46b7446fd7464c3ed - Path: Packages/com.unity.collab-proxy/Editor/Assets/Images/iconclosebutton.png - Importer: ScriptedImporter/UnityEditor.QuickSearchModule:UnityEditor.Search:ASIAI0B -> (ImportResultId: '077ddef9e9172566d9d487f08bcaf383') in 0.0052372 seconds
[Worker0] Imported GUID: 14e91e4835bce49a0b49a84da2532484 - Path: Packages/com.unity.collab-proxy/Editor/Assets/Images/d_RGBABlue.png - Importer: ScriptedImporter/UnityEditor.QuickSearchModule:UnityEditor.Search:ASIAI0B -> (ImportResultId: 'e38fe7e0e3b0b1d9c94d8d7c09bd0c13') in 0.0078517 seconds
[Worker0] Imported GUID: 425970578f3342a43b40545d1ac8a25d - Path: Packages/com.unity.collab-proxy/Editor/Assets/Images/iconbranch@2x.png - Importer: ScriptedImporter/UnityEditor.QuickSearchModule:UnityEditor.Search:ASIAI0B -> (ImportResultId: '0cf9879423e28a045b8dc6af2b12b1bc') in 0.0056302 seconds
[Worker0] Imported GUID: 9a1ab8af8c446204e989a90f18305caf - Path: Packages/com.unity.collab-proxy/Editor/Assets/Images/iconaddedlocal.png - Importer: ScriptedImporter/UnityEditor.QuickSearchModule:UnityEditor.Search:ASIAI0B -> (ImportResultId: '31b82a1cb20074fae639a4aa45472e45') in 0.0051952 seconds
[Worker0] Imported GUID: 38236a82ff44aaa4b972248479d5f970 - Path: Packages/com.unity.collab-proxy/Editor/Assets/Images/d_step1.png - Importer: ScriptedImporter/UnityEditor.QuickSearchModule:UnityEditor.Search:ASIAI0B -> (ImportResultId: '87d8018e82674c4e4939732668205d04') in 0.0062058 seconds
[Worker0] Imported GUID: 1318ab8bf649dcf43b922511fa5e155b - Path: Packages/com.unity.collab-proxy/Editor/Assets/Images/iconconflictresolvedoverlay.png - Importer: ScriptedImporter/UnityEditor.QuickSearchModule:UnityEditor.Search:ASIAI0B -> (ImportResultId: 'be50cd73975f4cb82cb7e3960679f87c') in 0.0076791 seconds
[Worker0] Imported GUID: 6f11428fb25804d439c7d1c42803828a - Path: Packages/com.unity.collab-proxy/Editor/Assets/Images/iconarrowdown.png - Importer: ScriptedImporter/UnityEditor.QuickSearchModule:UnityEditor.Search:ASIAI0B -> (ImportResultId: '3bc21fbffd8d570c11eb20ca1c3bebc7') in 0.0061108 seconds
[Worker0] Imported GUID: d1c88f142eee55b4eb2b2cfd7b3624ce - Path: Packages/com.unity.collab-proxy/Editor/Assets/Images/iconconflicted.png - Importer: ScriptedImporter/UnityEditor.QuickSearchModule:UnityEditor.Search:ASIAI0B -> (ImportResultId: '3f5d8fe2f88b6afa67ed8b5934306272') in 0.0051691 seconds
[Worker0] Imported GUID: fea4bd4d5cc294ea59798fa81207b6d9 - Path: Packages/com.unity.collab-proxy/Editor/Assets/Images/iconclosebutton@2x.png - Importer: ScriptedImporter/UnityEditor.QuickSearchModule:UnityEditor.Search:ASIAI0B -> (ImportResultId: 'e4080522ca5fbcb3118d595dbbc22a29') in 0.0075822 seconds
[Worker0] Imported GUID: 7f8cc7cc9d461433f943c59487385f04 - Path: Packages/com.unity.collab-proxy/Editor/Assets/Images/d_RGBAGreen.png - Importer: ScriptedImporter/UnityEditor.QuickSearchModule:UnityEditor.Search:ASIAI0B -> (ImportResultId: 'ee9969e5da0465b1bf242a9375cb5378') in 0.0055668 seconds
[Worker0] Imported GUID: 02102e2fc09aa45bf8be0a509170d07f - Path: Packages/com.unity.collab-proxy/Editor/Assets/Images/d_RGBAlpha@2x.png - Importer: ScriptedImporter/UnityEditor.QuickSearchModule:UnityEditor.Search:ASIAI0B -> (ImportResultId: 'aaa4d4193d6c7757d33f0e45ef92e7f7') in 0.0121908 seconds
[Worker0] Imported GUID: 9aa4348290784b2468144a97eb15d8d7 - Path: Packages/com.unity.collab-proxy/Editor/Assets/Images/d_secondarytabclosehover@2x.png - Importer: ScriptedImporter/UnityEditor.QuickSearchModule:UnityEditor.Search:ASIAI0B -> (ImportResultId: 'cf6977d533c2905717206469b584fdbe') in 0.0052584 seconds
[Worker0] Imported GUID: df8c4eeadc2f24a3c8d1c1bad53d1cae - Path: Packages/com.unity.collab-proxy/Editor/Assets/Images/d_RGBARed@2x.png - Importer: ScriptedImporter/UnityEditor.QuickSearchModule:UnityEditor.Search:ASIAI0B -> (ImportResultId: 'c8ab9eb4a43c0eeccb418e929497c818') in 0.0087739 seconds
[Worker0] Imported GUID: d30af1e364af1fc48be2ff2dcb0d4724 - Path: Packages/com.unity.collab-proxy/Editor/Assets/Images/iconcurrentbranch.png - Importer: ScriptedImporter/UnityEditor.QuickSearchModule:UnityEditor.Search:ASIAI0B -> (ImportResultId: '01cdd97e4409caf9ea5c9cc305cccb09') in 0.0090161 seconds
[Worker0] Imported GUID: c8a69ecdf54ac8e4b873466605de27ff - Path: Packages/com.unity.collab-proxy/Editor/Assets/Images/d_step1@2x.png - Importer: ScriptedImporter/UnityEditor.QuickSearchModule:UnityEditor.Search:ASIAI0B -> (ImportResultId: 'a81f77bb030e71c27b6558916caacece') in 0.0151088 seconds
Worker ready: AssetImportWorkerHW1 1
[Worker0] Imported GUID: fb6daef73b4fc4a12b9cbd4fb0fc4d0d - Path: Packages/com.unity.collab-proxy/Editor/Assets/Images/d_RGBAGreen@2x.png - Importer: ScriptedImporter/UnityEditor.QuickSearchModule:UnityEditor.Search:ASIAI0B -> (ImportResultId: '01384b5b5aba78cc5ef32cdefad2a01f') in 0.0071735 seconds
[Worker0] Imported GUID: eb591dd22aae343468cc4dd017c550d0 - Path: Packages/com.unity.collab-proxy/Editor/Assets/Images/iconcheckedoutlocaloverlay.png - Importer: ScriptedImporter/UnityEditor.QuickSearchModule:UnityEditor.Search:ASIAI0B -> (ImportResultId: '8c598e63bcf80034f33daeb3cbf2fbe7') in 0.008804 seconds
[Worker0] Imported GUID: 70e3ce8ad01f39248a3ea97a35bcf238 - Path: Packages/com.unity.collab-proxy/Editor/Assets/Images/icondeletedremote@2x.png - Importer: ScriptedImporter/UnityEditor.QuickSearchModule:UnityEditor.Search:ASIAI0B -> (ImportResultId: '5e9ea21a4c642a252fc4c0c08885a1ec') in 0.0067951 seconds
[Worker0] Imported GUID: 155b8a0cbfb7948baab0167cb548c0f6 - Path: Packages/com.unity.collab-proxy/Editor/Assets/Images/iconcheckmark@2x.png - Importer: ScriptedImporter/UnityEditor.QuickSearchModule:UnityEditor.Search:ASIAI0B -> (ImportResultId: '591d817ee7c0b9911d2af67e0ac23089') in 0.0068133 seconds
[Worker0] Imported GUID: a67b58d6cddcd4345b1e001340de5a76 - Path: Packages/com.unity.collab-proxy/Editor/Assets/Images/iconaddedlocal@2x.png - Importer: ScriptedImporter/UnityEditor.QuickSearchModule:UnityEditor.Search:ASIAI0B -> (ImportResultId: 'db27e5f09459bec2622ea8225667b145') in 0.0066228 seconds
[Worker0] Imported GUID: 1d3607c28f2ac434d8e003c4934b2a3b - Path: Packages/com.unity.collab-proxy/Editor/Assets/Images/d_RGBAlpha.png - Importer: ScriptedImporter/UnityEditor.QuickSearchModule:UnityEditor.Search:ASIAI0B -> (ImportResultId: '6469f2af2429bf95e449a39996865f34') in 0.0059178 seconds
[Worker0] Imported GUID: c5d82e0b4fbcf42539ceffc642e631ce - Path: Packages/com.unity.collab-proxy/Editor/Assets/Images/iconchangesets.png - Importer: ScriptedImporter/UnityEditor.QuickSearchModule:UnityEditor.Search:ASIAI0B -> (ImportResultId: '88295f30a3c39ba37aa4e16f072f8c87') in 0.0052455 seconds
[Worker0] Imported GUID: 8d91317e8f7610f41a30fcb9c0d99196 - Path: Packages/com.unity.collab-proxy/Editor/Assets/Images/iconclipboard.png - Importer: ScriptedImporter/UnityEditor.QuickSearchModule:UnityEditor.Search:ASIAI0B -> (ImportResultId: '351f03e53a13fb544de2e41e650b6bf9') in 0.0052567 seconds
[Worker0] Imported GUID: cc036907824004dbfa9a0420b439ac67 - Path: Packages/com.unity.collab-proxy/Editor/Assets/Images/d_RGBARed.png - Importer: ScriptedImporter/UnityEditor.QuickSearchModule:UnityEditor.Search:ASIAI0B -> (ImportResultId: '9dd36dab79daed2605fb2a0616332afd') in 0.0063317 seconds
[Worker0] Imported GUID: 5679a74364f6b4440ab7e7aed55cd95e - Path: Packages/com.unity.collab-proxy/Editor/Assets/Images/iconconflictedoverlay@2x.png - Importer: ScriptedImporter/UnityEditor.QuickSearchModule:UnityEditor.Search:ASIAI0B -> (ImportResultId: '6eca7bb0939abafa64c50898adb9e7bc') in 0.0048127 seconds
[Worker0] Imported GUID: 639dd667694184004a6f47c95ff5594b - Path: Packages/com.unity.collab-proxy/Editor/Assets/Images/d_RGBAAll@2x.png - Importer: ScriptedImporter/UnityEditor.QuickSearchModule:UnityEditor.Search:ASIAI0B -> (ImportResultId: 'cbbbf87ccc0af56b7d5889a3392a8c7c') in 0.0059774 seconds
[Worker0] Imported GUID: 8ebb93c64d7a141569a153a9d4fe9ae2 - Path: Packages/com.unity.collab-proxy/Editor/Assets/Images/exclusionrule.png - Importer: ScriptedImporter/UnityEditor.QuickSearchModule:UnityEditor.Search:ASIAI0B -> (ImportResultId: '46a7f72793584a6da34a995611acd46c') in 0.0056677 seconds
[Worker0] Imported GUID: 4c635bf514a064e8d9688218d937fe77 - Path: Packages/com.unity.collab-proxy/Editor/Assets/Images/exclusionrule@2x.png - Importer: ScriptedImporter/UnityEditor.QuickSearchModule:UnityEditor.Search:ASIAI0B -> (ImportResultId: '9eeab0f1c2073bdf07c1732b1126cc84') in 0.005439 seconds
[Worker0] Imported GUID: 503a763cc33a6854c86d736c5dd2515c - Path: Packages/com.unity.collab-proxy/Editor/Assets/Images/iconconflictedoverlay.png - Importer: ScriptedImporter/UnityEditor.QuickSearchModule:UnityEditor.Search:ASIAI0B -> (ImportResultId: '72c7fc6befc8f4d03c738a818ea80b9b') in 0.0081282 seconds
[Worker0] Imported GUID: 981b1c6358520f245a69c070270eca96 - Path: Packages/com.unity.collab-proxy/Editor/Assets/Images/iconbranch.png - Importer: ScriptedImporter/UnityEditor.QuickSearchModule:UnityEditor.Search:ASIAI0B -> (ImportResultId: 'bc9dad18caacd176eccaff6466f9fc7c') in 0.0052704 seconds
[Worker0] Imported GUID: 74ef721fef79c44489d4e3edb0ab0c01 - Path: Packages/com.unity.collab-proxy/Editor/Assets/Images/iconaddedoverlay@2x.png - Importer: ScriptedImporter/UnityEditor.QuickSearchModule:UnityEditor.Search:ASIAI0B -> (ImportResultId: '8bb0a0bcab7d0fd5335ebb0d6f3ebe2a') in 0.0052706 seconds
[Worker0] Imported GUID: 99d1cf315f771ae48ab6f41c99a8d7cb - Path: Packages/com.unity.collab-proxy/Editor/Assets/Images/iconadd.png - Importer: ScriptedImporter/UnityEditor.QuickSearchModule:UnityEditor.Search:ASIAI0B -> (ImportResultId: '6f913ef75a07e22ee44fa506145f29e1') in 0.0063195 seconds
[Worker0] Imported GUID: c7bee029a895b44cfb249d7cd63d13af - Path: Packages/com.unity.collab-proxy/Editor/Assets/Images/iconmovedoverlay@2x.png - Importer: ScriptedImporter/UnityEditor.QuickSearchModule:UnityEditor.Search:ASIAI0B -> (ImportResultId: 'bb11501d777bd99b88774b0ad237572c') in 0.0081376 seconds
[Worker0] Imported GUID: 76a05d2ec901a8b49a064fe0b0674ba7 - Path: Packages/com.unity.collab-proxy/Editor/Assets/Images/iconpendingchanges.png - Importer: ScriptedImporter/UnityEditor.QuickSearchModule:UnityEditor.Search:ASIAI0B -> (ImportResultId: '35c852e587a1f61e3e0252c9caf1a791') in 0.0087687 seconds
[Worker0] Imported GUID: 4cffcba66879d7a4a9da8554709e9825 - Path: Packages/com.unity.collab-proxy/Editor/Assets/Images/iconlockedremoteoverlay.png - Importer: ScriptedImporter/UnityEditor.QuickSearchModule:UnityEditor.Search:ASIAI0B -> (ImportResultId: 'a8d7cf94d50fb3c9829316ca290721c8') in 0.0075953 seconds
[Worker0] Imported GUID: 42540fa3b3cef1340bebdf077d0e2030 - Path: Packages/com.unity.collab-proxy/Editor/Assets/Images/iconlabel.png - Importer: ScriptedImporter/UnityEditor.QuickSearchModule:UnityEditor.Search:ASIAI0B -> (ImportResultId: '1b7783d011e8553ae14be9afd8b5c473') in 0.0072008 seconds
[Worker0] Imported GUID: d5c3277b1dbad9448b46c2ec87a2cef8 - Path: Packages/com.unity.collab-proxy/Editor/Assets/Images/icondeletedremoteoverlay@2x.png - Importer: ScriptedImporter/UnityEditor.QuickSearchModule:UnityEditor.Search:ASIAI0B -> (ImportResultId: '78c1d072b00e39db82b2e34f155548c5') in 0.0082366 seconds
[Worker0] Imported GUID: 010782d013661414a9aa675a9fbcceab - Path: Packages/com.unity.collab-proxy/Editor/Assets/Images/iconnext.png - Importer: ScriptedImporter/UnityEditor.QuickSearchModule:UnityEditor.Search:ASIAI0B -> (ImportResultId: 'a910b64994dfc5e17fdd0be9eb990abb') in 0.0085949 seconds
[Worker0] Imported GUID: 232fe04bebe5e904bb0568e685bd32a6 - Path: Packages/com.unity.collab-proxy/Editor/Assets/Images/iconpendingchanges@2x.png - Importer: ScriptedImporter/UnityEditor.QuickSearchModule:UnityEditor.Search:ASIAI0B -> (ImportResultId: '0c9e7d0625bfa31e3ec68037ef66baa7') in 0.0061134 seconds
[Worker0] Imported GUID: bac66973cba57b842965eb95154fba7e - Path: Packages/com.unity.collab-proxy/Editor/Assets/Images/iconlockretained.png - Importer: ScriptedImporter/UnityEditor.QuickSearchModule:UnityEditor.Search:ASIAI0B -> (ImportResultId: '86e0fdf73bbc3b1535fdafdbff36bbb0') in 0.0057346 seconds
[Worker0] Imported GUID: 569cb7c654ca242978cdc7428c2881a3 - Path: Packages/com.unity.collab-proxy/Editor/Assets/Images/iconmergeview.png - Importer: ScriptedImporter/UnityEditor.QuickSearchModule:UnityEditor.Search:ASIAI0B -> (ImportResultId: 'c8dc6ae1450294d832c22438c6b10acf') in 0.0057276 seconds
[Worker0] Imported GUID: 636d03a8834e3ed4cac3a1cb4b82deaf - Path: Packages/com.unity.collab-proxy/Editor/Assets/Images/iconoutofsync.png - Importer: ScriptedImporter/UnityEditor.QuickSearchModule:UnityEditor.Search:ASIAI0B -> (ImportResultId: '6b34f73ca44e2e8865235b8c50e13013') in 0.0075123 seconds
[Worker0] Imported GUID: 52a825037e457964f9c91a99d4522f14 - Path: Packages/com.unity.collab-proxy/Editor/Assets/Images/iconignoredoverlay.png - Importer: ScriptedImporter/UnityEditor.QuickSearchModule:UnityEditor.Search:ASIAI0B -> (ImportResultId: '6b7017129c4d771c6c9bca998ff6fb55') in 0.0062907 seconds
[Worker0] Imported GUID: 830164d71b9d60c40b606822b957d10b - Path: Packages/com.unity.collab-proxy/Editor/Assets/Images/iconinfobellnotification@2x.png - Importer: ScriptedImporter/UnityEditor.QuickSearchModule:UnityEditor.Search:ASIAI0B -> (ImportResultId: '8e7f033b3d34c4ab28557f3551a1d4be') in 0.0068103 seconds
[Worker0] Imported GUID: ca92e845b7b4b41da8e081ca8c0ed3b8 - Path: Packages/com.unity.collab-proxy/Editor/Assets/Images/iconmergeview@2x.png - Importer: ScriptedImporter/UnityEditor.QuickSearchModule:UnityEditor.Search:ASIAI0B -> (ImportResultId: 'd33590be1af03766ece4b05f14c3d24b') in 0.0057214 seconds
[Worker0] Imported GUID: e9cc02852345307449379a9a877679da - Path: Packages/com.unity.collab-proxy/Editor/Assets/Images/iconpackageupdateavailable.png - Importer: ScriptedImporter/UnityEditor.QuickSearchModule:UnityEditor.Search:ASIAI0B -> (ImportResultId: '2b271feb9859c3bab9058b6735dd6bab') in 0.006019 seconds
[Worker0] Imported GUID: 67e680da36c60e245ab0176daa656da5 - Path: Packages/com.unity.collab-proxy/Editor/Assets/Images/iconpackageupdateavailable@2x.png - Importer: ScriptedImporter/UnityEditor.QuickSearchModule:UnityEditor.Search:ASIAI0B -> (ImportResultId: '53c3e03ef97cd38bd6b72a3ca5104e67') in 0.0067888 seconds
[Worker0] Imported GUID: b43651fb085b38445ade3f9de3ab0636 - Path: Packages/com.unity.collab-proxy/Editor/Assets/Images/iconinviteusers@2x.png - Importer: ScriptedImporter/UnityEditor.QuickSearchModule:UnityEditor.Search:ASIAI0B -> (ImportResultId: 'a080e8eca39063eedbb0de8f4f1e77bb') in 0.0059707 seconds
[Worker0] Imported GUID: 4999348b6ce1c4d5fa3854f4e16dad48 - Path: Packages/com.unity.collab-proxy/Editor/Assets/Images/iconlast.png - Importer: ScriptedImporter/UnityEditor.QuickSearchModule:UnityEditor.Search:ASIAI0B -> (ImportResultId: 'e7eb2b7c9e5f9803d7770d76e8fc8865') in 0.005682 seconds
[Worker0] Imported GUID: d937bd39ca592471b942d16ee8094535 - Path: Packages/com.unity.collab-proxy/Editor/Assets/Images/iconprev@2x.png - Importer: ScriptedImporter/UnityEditor.QuickSearchModule:UnityEditor.Search:ASIAI0B -> (ImportResultId: 'c2d1b288540a252c266ab8a0fbe2767e') in 0.005797 seconds
[Worker0] Imported GUID: da545229eea36164d8b8cba2f75a1143 - Path: Packages/com.unity.collab-proxy/Editor/Assets/Images/iconemptygravatar@2x.png - Importer: ScriptedImporter/UnityEditor.QuickSearchModule:UnityEditor.Search:ASIAI0B -> (ImportResultId: '9201e58990e3b8a5558f3a81f190b6e0') in 0.0065429 seconds
[Worker0] Imported GUID: 40e23f4f2fddc724db517c63f4d8990d - Path: Packages/com.unity.collab-proxy/Editor/Assets/Images/iconinviteusers.png - Importer: ScriptedImporter/UnityEditor.QuickSearchModule:UnityEditor.Search:ASIAI0B -> (ImportResultId: 'b7936cc20334ff69d4e58c5991e8e3bf') in 0.0057697 seconds
[Worker0] Imported GUID: 0e3e607c04fbd4d4090157ea31abb634 - Path: Packages/com.unity.collab-proxy/Editor/Assets/Images/iconedit@2x.png - Importer: ScriptedImporter/UnityEditor.QuickSearchModule:UnityEditor.Search:ASIAI0B -> (ImportResultId: '1e2ec92fcbdfc067e42fd0afa4891217') in 0.0069036 seconds
[Worker0] Imported GUID: 6d3f95684dd634b18aa9ab45b3e06cfd - Path: Packages/com.unity.collab-proxy/Editor/Assets/Images/iconlock.png - Importer: ScriptedImporter/UnityEditor.QuickSearchModule:UnityEditor.Search:ASIAI0B -> (ImportResultId: 'b8ced9ebed016f8c181d6b6578ab4f68') in 0.0059878 seconds
[Worker0] Imported GUID: ba96945b6a1b743579931a87e98041fe - Path: Packages/com.unity.collab-proxy/Editor/Assets/Images/iconlock@2x.png - Importer: ScriptedImporter/UnityEditor.QuickSearchModule:UnityEditor.Search:ASIAI0B -> (ImportResultId: '1673fe558b73dd3903a16712819636d5') in 0.006193 seconds
[Worker0] Imported GUID: 034d3052cb4a54f028bf55f9f9115d3c - Path: Packages/com.unity.collab-proxy/Editor/Assets/Images/iconpendingchangesview.png - Importer: ScriptedImporter/UnityEditor.QuickSearchModule:UnityEditor.Search:ASIAI0B -> (ImportResultId: '976ee930744d4640a7625d447c693f16') in 0.0074193 seconds
[Worker0] Imported GUID: f42a69ee6b34c4a8eb57e17686d6ab67 - Path: Packages/com.unity.collab-proxy/Editor/Assets/Images/iconhistory.png - Importer: ScriptedImporter/UnityEditor.QuickSearchModule:UnityEditor.Search:ASIAI0B -> (ImportResultId: '0e2ebfa65dee6e62f3d66f8505d9e3a8') in 0.0055662 seconds
[Worker0] Imported GUID: 92f52bf261791408fb5ad445ce645efb - Path: Packages/com.unity.collab-proxy/Editor/Assets/Images/icondiff@2x.png - Importer: ScriptedImporter/UnityEditor.QuickSearchModule:UnityEditor.Search:ASIAI0B -> (ImportResultId: '70126cf09f0b5952cf4d7f4d8f8aec03') in 0.0063433 seconds
[Worker0] Imported GUID: d63fb8a8a3f06407e8e712a29a3499c0 - Path: Packages/com.unity.collab-proxy/Editor/Assets/Images/iconmovedoverlay.png - Importer: ScriptedImporter/UnityEditor.QuickSearchModule:UnityEditor.Search:ASIAI0B -> (ImportResultId: '6bb1e05665d82082dbdc3c196f3dca0d') in 0.0055279 seconds
[Worker0] Imported GUID: 6e0a54826ffc3ee46b0aa3e1c1575a69 - Path: Packages/com.unity.collab-proxy/Editor/Assets/Images/iconplasticnotifyconflict@2x.png - Importer: ScriptedImporter/UnityEditor.QuickSearchModule:UnityEditor.Search:ASIAI0B -> (ImportResultId: '38b05882942ad55bddaf25d5a14b1482') in 0.0054249 seconds
[Worker0] Imported GUID: 940b9d1a2dc73495da39c6d329f2b3a0 - Path: Packages/com.unity.collab-proxy/Editor/Assets/Images/iconnext@2x.png - Importer: ScriptedImporter/UnityEditor.QuickSearchModule:UnityEditor.Search:ASIAI0B -> (ImportResultId: '5a87819721fcacfe1976cfbfc556b513') in 0.0064007 seconds
[Worker0] Imported GUID: 96967b3953faf48f6885b45aed76490f - Path: Packages/com.unity.collab-proxy/Editor/Assets/Images/iconplasticnotifypendingchangesandincoming.png - Importer: ScriptedImporter/UnityEditor.QuickSearchModule:UnityEditor.Search:ASIAI0B -> (ImportResultId: '5460cdaf377ddd351ac0eb7513c5d028') in 0.0053652 seconds
[Worker0] Imported GUID: a916ed6819efd014588f58e3cfc48196 - Path: Packages/com.unity.collab-proxy/Editor/Assets/Images/iconplasticnotifyconflict.png - Importer: ScriptedImporter/UnityEditor.QuickSearchModule:UnityEditor.Search:ASIAI0B -> (ImportResultId: '58df7c4929f40050f941c9d6f5c2fc6a') in 0.0058328 seconds
[Worker0] Imported GUID: c677bcd9111fb4514aa1a56844e9006f - Path: Packages/com.unity.collab-proxy/Editor/Assets/Images/iconincomingchangesview.png - Importer: ScriptedImporter/UnityEditor.QuickSearchModule:UnityEditor.Search:ASIAI0B -> (ImportResultId: '05910e75c43ee25e9774aa7b1ebc9ed6') in 0.0055083 seconds
[Worker0] Imported GUID: 91976e8b9ce0f0341838727acd55621c - Path: Packages/com.unity.collab-proxy/Editor/Assets/Images/iconemptygravatar.png - Importer: ScriptedImporter/UnityEditor.QuickSearchModule:UnityEditor.Search:ASIAI0B -> (ImportResultId: '9dde6a7bfb96198fdd1e13795a45b17f') in 0.0077291 seconds
[Worker0] Imported GUID: 58f6d5934224b4bb0a67d67e45a6654b - Path: Packages/com.unity.collab-proxy/Editor/Assets/Images/iconpendingchangesview@2x.png - Importer: ScriptedImporter/UnityEditor.QuickSearchModule:UnityEditor.Search:ASIAI0B -> (ImportResultId: 'b2bbe888bf162edb321ea1c9661efb22') in 0.005723 seconds
[Worker0] Imported GUID: 08c1bc2a008284ed6987b801a480e64a - Path: Packages/com.unity.collab-proxy/Editor/Assets/Images/iconhistory@2x.png - Importer: ScriptedImporter/UnityEditor.QuickSearchModule:UnityEditor.Search:ASIAI0B -> (ImportResultId: 'edc6619455d6545428f8445091e1ffc3') in 0.0058035 seconds
[Worker0] Imported GUID: 28080b664b5d94db885a04224cf2967c - Path: Packages/com.unity.collab-proxy/Editor/Assets/Images/iconoriginalsize@2x.png - Importer: ScriptedImporter/UnityEditor.QuickSearchModule:UnityEditor.Search:ASIAI0B -> (ImportResultId: 'f38c9875669920820602c2ec4ca2e276') in 0.0055677 seconds
[Worker0] Imported GUID: e4517bb2f521d99439ec9981a44a87ec - Path: Packages/com.unity.collab-proxy/Editor/Assets/Images/iconoutofsyncoverlay.png - Importer: ScriptedImporter/UnityEditor.QuickSearchModule:UnityEditor.Search:ASIAI0B -> (ImportResultId: '228fa452736f12872c4711b843ad23e5') in 0.0057481 seconds
[Worker0] Imported GUID: eb1c900f0d4a3ee42a9a49630bf88a12 - Path: Packages/com.unity.collab-proxy/Editor/Assets/Images/iconplasticnotifypendingchanges@2x.png - Importer: ScriptedImporter/UnityEditor.QuickSearchModule:UnityEditor.Search:ASIAI0B -> (ImportResultId: '850003dd724fcdc7e0824a9b9b71f985') in 0.0067247 seconds
[Worker0] Imported GUID: 1844d3d99090a0b43b60a5f1ff821467 - Path: Packages/com.unity.collab-proxy/Editor/Assets/Images/iconlockretained@2x.png - Importer: ScriptedImporter/UnityEditor.QuickSearchModule:UnityEditor.Search:ASIAI0B -> (ImportResultId: '090c83b32b414a442ce14e4f216a18ab') in 0.0056531 seconds
[Worker0] Imported GUID: c8396bd7e257d6b4b8d1d72fdb7a2684 - Path: Packages/com.unity.collab-proxy/Editor/Assets/Images/iconlabel@2x.png - Importer: ScriptedImporter/UnityEditor.QuickSearchModule:UnityEditor.Search:ASIAI0B -> (ImportResultId: '50efed1d9a8abba97d0424123daa8049') in 0.005476 seconds
[Worker0] Imported GUID: 8c6487f945627471fb8a5adb32901fe8 - Path: Packages/com.unity.collab-proxy/Editor/Assets/Images/iconfirst@2x.png - Importer: ScriptedImporter/UnityEditor.QuickSearchModule:UnityEditor.Search:ASIAI0B -> (ImportResultId: 'eb7d83fbd0374babdca1f85dbd5c378b') in 0.0054456 seconds
[Worker0] Imported GUID: dcb2ee37925b97e438ae244996d81a55 - Path: Packages/com.unity.collab-proxy/Editor/Assets/Images/iconplasticview.png - Importer: ScriptedImporter/UnityEditor.QuickSearchModule:UnityEditor.Search:ASIAI0B -> (ImportResultId: 'd991f25ef3867ab5567f1ff180b18093') in 0.0057054 seconds
[Worker0] Imported GUID: 1463dc66197dc49609f516a8540465f0 - Path: Packages/com.unity.collab-proxy/Editor/Assets/Images/iconoriginalsize.png - Importer: ScriptedImporter/UnityEditor.QuickSearchModule:UnityEditor.Search:ASIAI0B -> (ImportResultId: '6342eb477d67c6d5efeba1082cd17303') in 0.0058735 seconds
[Worker0] Imported GUID: b528c1b33a65cf94ea74f830b54c9acb - Path: Packages/com.unity.collab-proxy/Editor/Assets/Images/iconlockedlocaloverlay@2x.png - Importer: ScriptedImporter/UnityEditor.QuickSearchModule:UnityEditor.Search:ASIAI0B -> (ImportResultId: 'b19a0b9fbfc035e5d291b3ff683eedd1') in 0.0052999 seconds
[Worker0] Imported GUID: ced976fb9a7ad40a59f3e4f458c96080 - Path: Packages/com.unity.collab-proxy/Editor/Assets/Images/icondiff.png - Importer: ScriptedImporter/UnityEditor.QuickSearchModule:UnityEditor.Search:ASIAI0B -> (ImportResultId: '64401f6b58fc3ac3a52116f3f16d7ef3') in 0.0080387 seconds
[Worker0] Imported GUID: d80583d4126ca4f74bd2c5e97e49f70d - Path: Packages/com.unity.collab-proxy/Editor/Assets/Images/iconfirst.png - Importer: ScriptedImporter/UnityEditor.QuickSearchModule:UnityEditor.Search:ASIAI0B -> (ImportResultId: 'bb11b2df6b314e097a9ea4b800c8153e') in 0.0079516 seconds
[Worker0] Imported GUID: f73a7d8758d7be04588b15637d94b5a8 - Path: Packages/com.unity.collab-proxy/Editor/Assets/Images/iconlockedremoteoverlay@2x.png - Importer: ScriptedImporter/UnityEditor.QuickSearchModule:UnityEditor.Search:ASIAI0B -> (ImportResultId: 'a9efb99d07bd07985cabcbe04444f7c4') in 0.0073954 seconds
[Worker0] Imported GUID: 2f46ec0fe83ef4781ae320b04343d69b - Path: Packages/com.unity.collab-proxy/Editor/Assets/Images/iconheckmark.png - Importer: ScriptedImporter/UnityEditor.QuickSearchModule:UnityEditor.Search:ASIAI0B -> (ImportResultId: 'a291711b11d8fb135dda3a7d04e4b297') in 0.0081398 seconds
[Worker0] Imported GUID: 42d4aab7d8dc3481eb811bb48a8c8485 - Path: Packages/com.unity.collab-proxy/Editor/Assets/Images/iconprev.png - Importer: ScriptedImporter/UnityEditor.QuickSearchModule:UnityEditor.Search:ASIAI0B -> (ImportResultId: '743b5c7841421f25e51d9d76e91a5519') in 0.0058746 seconds
[Worker0] Imported GUID: fcbeb36f6ab89fb498ccbbc3bc2ef51c - Path: Packages/com.unity.collab-proxy/Editor/Assets/Images/iconignoredoverlay@2x.png - Importer: ScriptedImporter/UnityEditor.QuickSearchModule:UnityEditor.Search:ASIAI0B -> (ImportResultId: '1e06a7732ffcf0e1f82e45f612e429bf') in 0.005145 seconds
[Worker0] Imported GUID: 9a9269fb6330f4ae1964f9eb1c203537 - Path: Packages/com.unity.collab-proxy/Editor/Assets/Images/iconplasticnotifypendingchangesandincoming@2x.png - Importer: ScriptedImporter/UnityEditor.QuickSearchModule:UnityEditor.Search:ASIAI0B -> (ImportResultId: '83e904097056a190dd34bddaee8dba21') in 0.0058931 seconds
[Worker0] Imported GUID: 120bf54dff785a0429b068b814e9c12a - Path: Packages/com.unity.collab-proxy/Editor/Assets/Images/iconmergelink.png - Importer: ScriptedImporter/UnityEditor.QuickSearchModule:UnityEditor.Search:ASIAI0B -> (ImportResultId: '226697c9bc8b1cb715a9356456ef5ec0') in 0.0047109 seconds
[Worker0] Imported GUID: ae869fe6797f4454cbbf417d87ff637c - Path: Packages/com.unity.collab-proxy/Editor/Assets/Images/iconplasticnotifyincoming@2x.png - Importer: ScriptedImporter/UnityEditor.QuickSearchModule:UnityEditor.Search:ASIAI0B -> (ImportResultId: '39f82a580ae832d9f91a75012065a9b4') in 0.0044606 seconds
[Worker0] Imported GUID: b6073d723b6ef3f429aa7e1d0f3db44f - Path: Packages/com.unity.collab-proxy/Editor/Assets/Images/iconlockedlocaloverlay.png - Importer: ScriptedImporter/UnityEditor.QuickSearchModule:UnityEditor.Search:ASIAI0B -> (ImportResultId: '74b2658b5dbc882a5f3bfc03d5769ee3') in 0.0050319 seconds
[Worker0] Imported GUID: d7094718bdac022428dd29244922d06b - Path: Packages/com.unity.collab-proxy/Editor/Assets/Images/iconoutofsync@2x.png - Importer: ScriptedImporter/UnityEditor.QuickSearchModule:UnityEditor.Search:ASIAI0B -> (ImportResultId: 'dc150dac05c0d2697ae51b7c2ef52fce') in 0.0055907 seconds
[Worker0] Imported GUID: 3cbf8d5b4d364724baa11fed1344d029 - Path: Packages/com.unity.collab-proxy/Editor/Assets/Images/iconedit.png - Importer: ScriptedImporter/UnityEditor.QuickSearchModule:UnityEditor.Search:ASIAI0B -> (ImportResultId: 'ac7d2f90bc4f34bb758eb058349932d2') in 0.0052662 seconds
[Worker0] Imported GUID: 94fe868620119564f9474f40cd6145aa - Path: Packages/com.unity.collab-proxy/Editor/Assets/Images/iconpressedclosebutton.png - Importer: ScriptedImporter/UnityEditor.QuickSearchModule:UnityEditor.Search:ASIAI0B -> (ImportResultId: '2b594f14841ccfbfbf9b44b73c1fcc54') in 0.0046824 seconds
[Worker0] Imported GUID: 97a4e2b6ae08b1140a5ba9e22953e029 - Path: Packages/com.unity.collab-proxy/Editor/Assets/Images/iconplasticview@2x.png - Importer: ScriptedImporter/UnityEditor.QuickSearchModule:UnityEditor.Search:ASIAI0B -> (ImportResultId: '0320a98afe5de0bd5fd04ac7fbe98cfa') in 0.0050123 seconds
[Worker0] Imported GUID: 1e6c9635b80f973488d8335a081c905f - Path: Packages/com.unity.collab-proxy/Editor/Assets/Images/iconplasticnotifyincoming.png - Importer: ScriptedImporter/UnityEditor.QuickSearchModule:UnityEditor.Search:ASIAI0B -> (ImportResultId: 'e21631f4ff976c2ae5be18f12db87ff6') in 0.0068939 seconds
[Worker0] Imported GUID: f3e2797165e71b443bae6264899b89d6 - Path: Packages/com.unity.collab-proxy/Editor/Assets/Images/iconplasticnotifypendingchanges.png - Importer: ScriptedImporter/UnityEditor.QuickSearchModule:UnityEditor.Search:ASIAI0B -> (ImportResultId: '6992b8e18dfbb37cdc54e3fed6385c74') in 0.0054877 seconds
[Worker0] Imported GUID: 3728580c149181a44b359e89f6edacae - Path: Packages/com.unity.collab-proxy/Editor/Assets/Images/iconoutofsyncoverlay@2x.png - Importer: ScriptedImporter/UnityEditor.QuickSearchModule:UnityEditor.Search:ASIAI0B -> (ImportResultId: '6e5741dbd287089a38e6b176c23ca831') in 0.004619 seconds
[Worker0] Imported GUID: ca9343b72095cb846be99d76d069dfc0 - Path: Packages/com.unity.collab-proxy/Editor/Assets/Images/iconinfobellnotification.png - Importer: ScriptedImporter/UnityEditor.QuickSearchModule:UnityEditor.Search:ASIAI0B -> (ImportResultId: 'a52f1edfdca72ad225a16bbac5e34940') in 0.0054818 seconds
[Worker0] Imported GUID: b8263c2f8ead9485180cfeaa9bde0999 - Path: Packages/com.unity.collab-proxy/Editor/Assets/Images/iconincomingchangesview@2x.png - Importer: ScriptedImporter/UnityEditor.QuickSearchModule:UnityEditor.Search:ASIAI0B -> (ImportResultId: '596ff7f0c305a853f830a1f8f3beb872') in 0.0059287 seconds
[Worker0] Imported GUID: d69b2503b822f4c3a95386e4bc0c8668 - Path: Packages/com.unity.collab-proxy/Editor/Assets/Images/iconprivateoverlay.png - Importer: ScriptedImporter/UnityEditor.QuickSearchModule:UnityEditor.Search:ASIAI0B -> (ImportResultId: '135d8019da573daf457c7cb1e603b037') in 0.0069627 seconds
MonoPathRemapper: Attempts to remap: 19411; Successful remaps: 8150
Serialized file version minimum: 22, current 23
[LAYOUT] About to save layout C:\Users\aj200\Documents\GitHub\My-Projects\Completed Projects\Heart Simulations Main\UserSettings\Layouts\default-6000.dwlt
[LAYOUT] About to save layout C:/Users/aj200/AppData/Roaming/Unity/Editor-5.x/Preferences\Layouts\current\default-6000.dwlt
[Physics::Module] Cleanup current backend.
[Physics::Module] Id: 0xf2b8ea05
Input System module state changed to: ShutdownInProgress.
Input Polling Thread exited.
Input System module state changed to: Shutdown.
[Licensing::IpcConnector] LicenseClient-aj200-6000.6.4-notifications channel disconnected successfully.
[Licensing::IpcConnector] LicenseClient-aj200-6000.6.4 channel disconnected successfully.
Lingering sessions upon destruction of worker manager
Unity Data Store service was successfully shut down
UDS shutting down local client system
Shut down UDS service system complete
AcceleratorClientConnectionCallback - disconnected - :0
Cleanup mono
CodeReloadManager destroyed
abort_threads: Failed aborting id: 00000000000066D8, mono_thread_manage will ignore it

abort_threads: Failed aborting id: 00000000000048EC, mono_thread_manage will ignore it

abort_threads: Failed aborting id: 00000000000066D8, mono_thread_manage will ignore it

abort_threads: Failed aborting id: 00000000000048EC, mono_thread_manage will ignore it

debugger-agent: Unable to listen on 3912
VBCSCompilerPreWarmer: requested VBCSCompiler shutdown
Checking for leaked weakptr:
  Found no leaked weakptrs.
[Package Manager] Server process was shutdown
##utp:{"type":"MemoryLeaks","version":2,"phase":"Immediate","time":1790868338577,"processId":25328,"allocatedMemory":14223950,"memoryLabels":[{"Default":198780},{"Permanent":15516},{"NewDelete":70961},{"Thread":4102360},{"Manager":31485},{"VertexData":8},{"Geometry":816},{"Texture":24},{"Shader":855163},{"Material":132},{"GfxDevice":55968},{"Animation":952},{"Audio":984},{"Font":71841},{"FreeType":5894},{"FontEngine":736},{"Physics":1970},{"Physics2D":16},{"Serialization":17368},{"Input":42840},{"JobScheduler":256},{"TextLib":14806},{"Mono":48},{"ScriptingNativeRuntime":1270528},{"BaseObject":144112},{"Resource":1444},{"Renderer":2504},{"Transform":4685},{"File":7389},{"WebCam":616},{"Culling":32},{"Terrain":11442},{"Wind":24},{"STL":40},{"String":1056492},{"StaticString":3808},{"Utility":2673880},{"Curl":48},{"PoolAlloc":2168},{"AI":80},{"TypeTree":14869},{"ScriptManager":12656},{"CodeReload":448},{"RuntimeInitializeOnLoadManager":64},{"Sprites":102},{"SpriteAtlas":120},{"GI":7816},{"Director":8296},{"CloudService":65472},{"WebRequest":552},{"VR":49650},{"SceneManager":608},{"Video":208},{"LazyScriptCache":32},{"Camera":3297},{"Secure":265},{"Image":65536},{"SerializationCache":9256},{"APIUpdating":10320},{"Subsystems":336},{"VirtualTexturing":57888},{"StaticSafetyDebugInfo":278528},{"Analytics":592},{"Hierarchy":1188},{"UIElements":40},{"CoreStats":14456},{"Identifiers":7152},{"Gui":267717},{"EditorUtility":284941},{"VersionControl":8},{"Undo":931},{"AssetDatabase":2338172},{"AssetImporter":40},{"EditorGi":328},{"UnityConnect":36913},{"Upm":1988},{"UpmDiagnostics":8},{"AssetCompliance":96},{"DrivenProperties":72},{"LocalIPC":211},{"ProfilerEditor":9746},{"CoreBusinessMetrics":3600},{"Windowing":456},{"Licensing":696},{"AssetReference":32},{"IPCStream":32}]}
